-- MySQL dump 10.13  Distrib 8.0.31, for Win64 (x86_64)
--
-- Host: localhost    Database: filtro_jwt
-- ------------------------------------------------------
-- Server version	8.0.31

/*!40101 SET @OLD_CHARACTER_SET_CLIENT=@@CHARACTER_SET_CLIENT */;
/*!40101 SET @OLD_CHARACTER_SET_RESULTS=@@CHARACTER_SET_RESULTS */;
/*!40101 SET @OLD_COLLATION_CONNECTION=@@COLLATION_CONNECTION */;
/*!50503 SET NAMES utf8 */;
/*!40103 SET @OLD_TIME_ZONE=@@TIME_ZONE */;
/*!40103 SET TIME_ZONE='+00:00' */;
/*!40014 SET @OLD_UNIQUE_CHECKS=@@UNIQUE_CHECKS, UNIQUE_CHECKS=0 */;
/*!40014 SET @OLD_FOREIGN_KEY_CHECKS=@@FOREIGN_KEY_CHECKS, FOREIGN_KEY_CHECKS=0 */;
/*!40101 SET @OLD_SQL_MODE=@@SQL_MODE, SQL_MODE='NO_AUTO_VALUE_ON_ZERO' */;
/*!40111 SET @OLD_SQL_NOTES=@@SQL_NOTES, SQL_NOTES=0 */;

--
-- Table structure for table `brand`
--

DROP TABLE IF EXISTS `brand`;
/*!40101 SET @saved_cs_client     = @@character_set_client */;
/*!50503 SET character_set_client = utf8mb4 */;
CREATE TABLE `brand` (
  `id` int NOT NULL AUTO_INCREMENT,
  `name` varchar(255) DEFAULT NULL,
  `description` varchar(9999) DEFAULT NULL,
  `status` int DEFAULT NULL,
  PRIMARY KEY (`id`)
) ENGINE=InnoDB AUTO_INCREMENT=5 DEFAULT CHARSET=utf8mb4 COLLATE=utf8mb4_0900_ai_ci;
/*!40101 SET character_set_client = @saved_cs_client */;

--
-- Dumping data for table `brand`
--

LOCK TABLES `brand` WRITE;
/*!40000 ALTER TABLE `brand` DISABLE KEYS */;
INSERT INTO `brand` VALUES (1,'Artic Fox','Thương hiệu Arctic Fox Cold Brew là nhà máy sản xuất cà phê cold brew với máy móc công nghệ hiện đại nhất tại Việt Nam hiện nay. Cùng với đó là đội ngũ chuyên gia về cà phê luôn tìm kiếm nguồn cà phê nguyên liệu cao cấp nhất và đạt chuẩn cà phê specialty. Arctic Fox Cold Brew hiện hoạt động tại Thái Lan, Việt Nam và Malaysia.',1),(2,'Green Bean Intertrade','Loạt cà phê nhân xanh được trồng khép kín, trải dài từ các nước ĐNA cho tới khu vực Trung-Nam Mỹ và các nước Châu Phi',1),(3,'KACC','Mặt hàng cà phê dược nhập chủ yếu từ Khánh An Coffee Company',1),(4,'Stupiducks','Các mặt hàng về cà phê được công ty Stupiducks nhập về',1);
/*!40000 ALTER TABLE `brand` ENABLE KEYS */;
UNLOCK TABLES;

--
-- Table structure for table `cart`
--

DROP TABLE IF EXISTS `cart`;
/*!40101 SET @saved_cs_client     = @@character_set_client */;
/*!50503 SET character_set_client = utf8mb4 */;
CREATE TABLE `cart` (
  `id` int NOT NULL AUTO_INCREMENT,
  `user_id` int DEFAULT NULL,
  `created_at` datetime DEFAULT NULL,
  `updated_at` datetime DEFAULT NULL,
  `total` int DEFAULT '0',
  `status` bit(1) DEFAULT NULL,
  PRIMARY KEY (`id`),
  KEY `FK_Cart_User_idx` (`user_id`),
  CONSTRAINT `FK_Cart_User` FOREIGN KEY (`user_id`) REFERENCES `user` (`id`) ON DELETE CASCADE ON UPDATE CASCADE
) ENGINE=InnoDB AUTO_INCREMENT=117 DEFAULT CHARSET=utf8mb4 COLLATE=utf8mb4_0900_ai_ci;
/*!40101 SET character_set_client = @saved_cs_client */;

--
-- Dumping data for table `cart`
--

LOCK TABLES `cart` WRITE;
/*!40000 ALTER TABLE `cart` DISABLE KEYS */;
INSERT INTO `cart` VALUES (1,44,'2023-10-29 21:21:18','2023-10-31 20:23:04',2480000,_binary '\0'),(2,19,'2023-10-29 22:02:21','2023-10-31 12:27:46',1375000,_binary ''),(4,22,'2023-10-29 22:28:50','2023-10-29 22:28:53',0,_binary ''),(7,20,'2023-11-03 22:41:51','2023-11-07 22:12:31',230000,_binary '\0'),(8,21,'2023-11-07 12:48:59','2023-11-10 12:50:35',700000,_binary '\0'),(10,21,'2023-11-11 17:39:17','2023-11-11 20:34:33',1110000,_binary '\0'),(11,21,'2023-11-11 20:34:55','2023-11-11 20:36:38',1680000,_binary '\0'),(12,21,'2023-11-11 20:37:04','2023-11-14 14:27:00',620000,_binary '\0'),(13,20,'2023-11-11 20:38:35','2023-11-13 15:10:15',3840000,_binary '\0'),(14,18,'2023-11-12 14:18:15','2023-11-12 14:18:21',800000,_binary '\0'),(15,18,'2023-11-12 14:19:00','2023-11-12 14:21:19',620000,_binary '\0'),(16,18,'2023-11-12 14:21:32','2023-11-12 14:24:49',160000,_binary '\0'),(17,18,'2023-11-12 14:30:13','2023-11-12 14:32:39',170000,_binary '\0'),(18,18,'2023-11-12 14:34:02','2023-11-12 14:34:13',640000,_binary '\0'),(19,18,'2023-11-12 14:34:23','2023-11-12 14:40:42',405000,_binary '\0'),(20,18,'2023-11-12 14:40:57','2023-11-12 14:44:22',230000,_binary '\0'),(21,18,'2023-11-12 14:44:35','2023-11-12 14:46:31',325000,_binary '\0'),(22,18,'2023-11-12 14:46:48','2023-11-12 14:49:51',455000,_binary '\0'),(23,18,'2023-11-12 14:50:08','2023-11-12 14:55:13',810000,_binary '\0'),(24,18,'2023-11-12 15:08:34','2023-11-12 15:08:51',325000,_binary '\0'),(25,18,'2023-11-12 15:09:01','2023-11-12 15:35:37',160000,_binary '\0'),(26,18,'2023-11-12 15:36:42','2023-11-13 08:34:41',640000,_binary '\0'),(27,18,'2023-11-13 08:35:06','2023-11-13 08:56:48',1350000,_binary '\0'),(28,18,'2023-11-13 08:57:04','2023-11-13 08:58:13',165000,_binary '\0'),(29,18,'2023-11-13 08:58:29','2023-11-13 09:01:29',325000,_binary '\0'),(30,18,'2023-11-13 09:01:49','2023-11-13 10:10:37',160000,_binary '\0'),(31,18,'2023-11-13 10:10:51','2023-11-13 10:12:16',650000,_binary '\0'),(32,18,'2023-11-13 10:12:46','2023-11-13 10:18:33',205000,_binary '\0'),(33,18,'2023-11-13 10:18:54','2023-11-13 10:21:46',260000,_binary '\0'),(34,18,'2023-11-13 10:22:00','2023-11-13 10:26:20',190000,_binary '\0'),(35,18,'2023-11-13 10:26:34','2023-11-13 10:31:17',410000,_binary '\0'),(36,18,'2023-11-13 10:31:32','2023-11-13 10:34:06',735000,_binary '\0'),(37,18,'2023-11-13 10:34:22','2023-11-13 10:41:26',230000,_binary '\0'),(38,18,'2023-11-13 10:41:42','2023-11-13 10:49:34',1350000,_binary '\0'),(39,18,'2023-11-13 10:49:49','2023-11-13 10:53:16',230000,_binary '\0'),(40,18,'2023-11-13 10:53:36','2023-11-13 13:08:39',205000,_binary '\0'),(41,18,'2023-11-13 13:09:04','2023-11-13 13:14:43',1350000,_binary '\0'),(42,18,'2023-11-13 13:14:57','2023-11-13 13:38:31',895000,_binary '\0'),(43,18,'2023-11-13 13:38:51','2023-11-13 13:42:59',170000,_binary '\0'),(44,18,'2023-11-13 13:43:13','2023-11-13 13:47:58',325000,_binary '\0'),(45,18,'2023-11-13 13:48:14','2023-11-13 13:50:45',1350000,_binary '\0'),(46,18,'2023-11-13 13:51:01','2023-11-13 13:53:27',160000,_binary '\0'),(47,18,'2023-11-13 13:53:42','2023-11-13 13:59:46',490000,_binary '\0'),(48,18,'2023-11-13 13:59:57','2023-11-13 14:12:47',230000,_binary '\0'),(49,18,'2023-11-13 14:12:59','2023-11-13 14:25:14',260000,_binary '\0'),(50,18,'2023-11-13 14:26:18','2023-11-13 14:32:54',260000,_binary '\0'),(51,18,'2023-11-13 14:33:14','2023-11-13 14:57:47',325000,_binary '\0'),(52,18,'2023-11-13 14:58:16','2023-11-13 15:01:34',230000,_binary '\0'),(53,18,'2023-11-13 15:02:00','2023-11-17 11:40:40',620000,_binary '\0'),(54,20,'2023-11-13 15:10:32','2023-11-13 15:41:57',160000,_binary '\0'),(55,20,'2023-11-13 15:42:50','2023-11-13 15:44:22',165000,_binary '\0'),(56,20,'2023-11-13 15:45:02','2023-11-13 15:58:10',160000,_binary '\0'),(57,20,'2023-11-13 15:58:27','2023-11-13 16:10:15',250000,_binary '\0'),(58,20,'2023-11-13 16:10:31',NULL,0,_binary '\0'),(59,20,'2023-11-13 16:10:59','2023-11-13 16:15:04',205000,_binary '\0'),(60,20,'2023-11-13 16:15:21','2023-11-13 16:26:49',410000,_binary '\0'),(61,20,'2023-11-13 16:27:03','2023-11-13 16:36:28',160000,_binary '\0'),(62,20,'2023-11-13 16:36:45','2023-11-13 16:43:42',90000,_binary '\0'),(63,20,'2023-11-13 16:43:58','2023-11-13 19:51:28',230000,_binary '\0'),(64,20,'2023-11-13 19:51:37','2023-11-13 20:01:36',170000,_binary '\0'),(65,20,'2023-11-13 20:01:43','2023-11-13 20:05:52',325000,_binary '\0'),(66,20,'2023-11-13 20:06:00','2023-11-13 20:15:42',205000,_binary '\0'),(67,20,'2023-11-13 20:15:51','2023-11-13 20:25:48',410000,_binary '\0'),(68,20,'2023-11-13 20:25:57','2023-11-13 20:27:08',230000,_binary '\0'),(69,20,'2023-11-13 20:27:18','2023-11-13 20:29:00',250000,_binary '\0'),(70,20,'2023-11-13 20:29:08','2023-11-14 09:57:19',230000,_binary ''),(71,21,'2023-11-14 14:27:21','2023-11-14 21:12:16',160000,_binary '\0'),(72,21,'2023-11-14 21:21:05','2023-11-14 22:18:30',190000,_binary '\0'),(73,21,'2023-11-14 22:19:07','2023-11-14 22:26:55',410000,_binary '\0'),(74,21,'2023-11-14 22:27:09','2023-11-14 22:32:11',410000,_binary '\0'),(75,21,'2023-11-14 22:32:23','2023-11-15 08:59:59',620000,_binary '\0'),(76,21,'2023-11-15 09:00:26','2023-11-15 09:16:39',325000,_binary '\0'),(77,21,'2023-11-15 09:16:57','2023-11-15 10:32:32',260000,_binary '\0'),(78,21,'2023-11-15 10:34:07','2023-11-15 10:34:14',170000,_binary '\0'),(79,21,'2023-11-15 10:34:56','2023-11-15 10:42:54',190000,_binary '\0'),(80,21,'2023-11-15 10:43:44','2023-11-15 14:08:11',230000,_binary '\0'),(81,21,'2023-11-15 14:08:38','2023-11-15 14:14:48',190000,_binary '\0'),(82,21,'2023-11-15 14:15:11','2023-11-15 14:21:15',165000,_binary '\0'),(83,21,'2023-11-15 14:21:54','2023-11-15 14:28:31',410000,_binary '\0'),(84,21,'2023-11-15 14:29:02','2023-11-15 14:37:23',675000,_binary '\0'),(85,21,'2023-11-15 14:37:51','2023-11-15 14:57:56',80000,_binary '\0'),(86,21,'2023-11-15 14:58:19','2023-11-15 15:06:53',325000,_binary '\0'),(87,21,'2023-11-15 15:07:13','2023-11-15 15:16:27',160000,_binary '\0'),(88,21,'2023-11-15 15:16:50','2023-11-15 15:18:22',200000,_binary '\0'),(89,21,'2023-11-15 15:18:42','2023-11-15 15:20:05',1280000,_binary '\0'),(90,21,'2023-11-15 15:20:29','2023-11-15 15:24:10',170000,_binary '\0'),(91,21,'2023-11-15 15:24:36','2023-11-15 15:28:44',410000,_binary '\0'),(92,21,'2023-11-15 15:29:07','2023-11-15 15:31:44',235000,_binary '\0'),(93,21,'2023-11-15 15:32:03','2023-11-15 15:34:45',80000,_binary '\0'),(94,21,'2023-11-15 15:35:06','2023-11-15 15:47:24',115000,_binary '\0'),(95,21,'2023-11-15 15:47:53','2023-11-16 13:24:39',230000,_binary '\0'),(96,21,'2023-11-16 13:24:59','2023-11-16 13:26:15',170000,_binary '\0'),(97,21,'2023-11-16 13:26:30','2023-11-16 13:28:50',90000,_binary '\0'),(98,21,'2023-11-16 13:28:59','2023-11-16 13:32:25',165000,_binary '\0'),(99,21,'2023-11-16 13:32:38','2023-11-16 16:14:20',230000,_binary '\0'),(100,21,'2023-11-16 16:14:36','2023-11-17 11:25:16',230000,_binary '\0'),(101,21,'2023-11-17 11:25:26','2023-11-28 21:02:48',705000,_binary '\0'),(102,18,'2023-11-17 11:40:52','2023-11-17 12:12:16',170000,_binary '\0'),(103,18,'2023-11-17 12:12:27','2023-11-17 12:13:47',1350000,_binary '\0'),(104,18,'2023-11-17 12:13:56','2023-11-17 12:16:44',160000,_binary '\0'),(105,18,'2023-11-17 12:16:52','2023-11-17 12:17:59',205000,_binary '\0'),(106,18,'2023-11-17 12:18:16','2023-11-17 12:19:05',410000,_binary '\0'),(107,18,'2023-11-17 12:19:15','2023-11-17 12:20:47',325000,_binary '\0'),(108,18,'2023-11-17 12:20:57','2023-11-17 13:58:13',165000,_binary '\0'),(109,18,'2023-11-17 13:58:31','2023-11-17 14:06:47',410000,_binary '\0'),(110,18,'2023-11-17 15:06:35','2023-11-17 15:12:21',325000,_binary '\0'),(111,18,'2023-11-17 15:13:45','2023-11-17 15:45:00',3610000,_binary '\0'),(112,18,'2023-11-17 15:45:49','2023-11-17 20:21:35',250000,_binary '\0'),(113,18,'2023-11-17 20:21:48','2023-11-17 20:30:37',190000,_binary '\0'),(114,18,'2023-11-17 20:30:46',NULL,0,_binary ''),(115,21,'2023-11-29 20:33:54',NULL,0,_binary ''),(116,44,'2023-12-03 21:18:45',NULL,0,_binary '');
/*!40000 ALTER TABLE `cart` ENABLE KEYS */;
UNLOCK TABLES;

--
-- Table structure for table `cart_item`
--

DROP TABLE IF EXISTS `cart_item`;
/*!40101 SET @saved_cs_client     = @@character_set_client */;
/*!50503 SET character_set_client = utf8mb4 */;
CREATE TABLE `cart_item` (
  `id` int NOT NULL AUTO_INCREMENT,
  `cart_id` int DEFAULT NULL,
  `product_detail_id` int DEFAULT NULL,
  `quantity` int DEFAULT NULL,
  `price` int DEFAULT NULL,
  `total` varchar(45) DEFAULT '0',
  `purchase_date` datetime DEFAULT NULL,
  PRIMARY KEY (`id`),
  KEY `FK_CI_Cart_idx` (`cart_id`),
  KEY `FK_CI_Product_idx` (`product_detail_id`),
  CONSTRAINT `FK_CI_Cart` FOREIGN KEY (`cart_id`) REFERENCES `cart` (`id`) ON DELETE CASCADE ON UPDATE CASCADE,
  CONSTRAINT `FK_CI_Product` FOREIGN KEY (`product_detail_id`) REFERENCES `product_detail` (`id`) ON DELETE SET NULL ON UPDATE CASCADE
) ENGINE=InnoDB AUTO_INCREMENT=280 DEFAULT CHARSET=utf8mb4 COLLATE=utf8mb4_0900_ai_ci;
/*!40101 SET character_set_client = @saved_cs_client */;

--
-- Dumping data for table `cart_item`
--

LOCK TABLES `cart_item` WRITE;
/*!40000 ALTER TABLE `cart_item` DISABLE KEYS */;
INSERT INTO `cart_item` VALUES (10,4,73,1,65000,'0','2023-10-29 22:28:50'),(11,4,70,1,115000,'0','2023-10-29 22:28:52'),(12,4,66,1,65000,'0','2023-10-29 22:28:52'),(13,4,62,1,80000,'0','2023-10-29 22:28:52'),(14,4,58,1,80000,'0','2023-10-29 22:28:53'),(23,1,23,4,620000,'2480000','2023-10-31 20:23:04'),(148,8,50,1,370000,'370000','2023-11-07 21:59:08'),(149,7,10,1,230000,'230000','2023-11-07 22:12:31'),(150,8,1,1,160000,'160000','2023-11-10 12:50:33'),(151,8,5,1,170000,'170000','2023-11-10 12:50:34'),(153,10,8,1,260000,'260000','2023-11-11 20:34:32'),(154,10,16,1,230000,'230000','2023-11-11 20:34:32'),(155,10,23,1,620000,'620000','2023-11-11 20:34:33'),(156,11,46,2,165000,'330000','2023-11-11 20:36:30'),(157,11,43,2,190000,'380000','2023-11-11 20:36:34'),(158,11,49,2,205000,'410000','2023-11-11 20:36:38'),(159,14,16,1,230000,'230000','2023-11-12 14:18:19'),(160,14,14,1,410000,'410000','2023-11-12 14:18:20'),(161,14,18,1,160000,'160000','2023-11-12 14:18:21'),(162,15,46,1,165000,'165000','2023-11-12 14:21:19'),(163,15,49,1,205000,'205000','2023-11-12 14:21:19'),(164,15,52,1,250000,'250000','2023-11-12 14:21:19'),(165,16,1,1,160000,'160000','2023-11-12 14:24:49'),(166,17,5,1,170000,'170000','2023-11-12 14:32:39'),(167,18,14,1,410000,'410000','2023-11-12 14:34:12'),(168,18,16,1,230000,'230000','2023-11-12 14:34:13'),(169,19,33,1,235000,'235000','2023-11-12 14:40:42'),(170,19,31,1,170000,'170000','2023-11-12 14:40:42'),(171,20,16,1,230000,'230000','2023-11-12 14:44:22'),(172,21,12,1,325000,'325000','2023-11-12 14:46:31'),(173,22,49,1,205000,'205000','2023-11-12 14:49:50'),(174,22,52,1,250000,'250000','2023-11-12 14:49:51'),(175,23,38,1,810000,'810000','2023-11-12 14:55:13'),(176,24,12,1,325000,'325000','2023-11-12 15:08:51'),(178,25,1,1,160000,'160000','2023-11-12 15:35:37'),(179,26,14,1,410000,'410000','2023-11-13 08:34:40'),(180,26,16,1,230000,'230000','2023-11-13 08:34:41'),(181,27,3,1,1350000,'1350000','2023-11-13 08:56:48'),(182,28,46,1,165000,'165000','2023-11-13 08:58:13'),(183,29,12,1,325000,'325000','2023-11-13 09:01:29'),(184,30,18,1,160000,'160000','2023-11-13 10:10:37'),(185,31,28,1,650000,'650000','2023-11-13 10:12:16'),(186,32,49,1,205000,'205000','2023-11-13 10:18:33'),(187,33,8,1,260000,'260000','2023-11-13 10:21:46'),(188,34,43,1,190000,'190000','2023-11-13 10:26:20'),(189,35,14,1,410000,'410000','2023-11-13 10:31:17'),(190,36,14,1,410000,'410000','2023-11-13 10:34:05'),(191,36,12,1,325000,'325000','2023-11-13 10:34:06'),(192,37,16,1,230000,'230000','2023-11-13 10:41:26'),(193,38,3,1,1350000,'1350000','2023-11-13 10:49:34'),(194,39,16,1,230000,'230000','2023-11-13 10:53:16'),(195,40,49,1,205000,'205000','2023-11-13 13:08:39'),(196,41,3,1,1350000,'1350000','2023-11-13 13:14:43'),(197,42,12,1,325000,'325000','2023-11-13 13:38:27'),(198,42,14,1,410000,'410000','2023-11-13 13:38:28'),(199,42,18,1,160000,'160000','2023-11-13 13:38:31'),(200,43,5,1,170000,'170000','2023-11-13 13:42:59'),(201,44,12,1,325000,'325000','2023-11-13 13:47:58'),(202,45,3,1,1350000,'1350000','2023-11-13 13:50:45'),(203,46,1,1,160000,'160000','2023-11-13 13:53:27'),(204,47,8,1,260000,'260000','2023-11-13 13:59:44'),(205,47,10,1,230000,'230000','2023-11-13 13:59:46'),(206,48,10,1,230000,'230000','2023-11-13 14:12:47'),(207,49,8,1,260000,'260000','2023-11-13 14:25:14'),(208,50,8,1,260000,'260000','2023-11-13 14:32:54'),(209,51,12,1,325000,'325000','2023-11-13 14:57:47'),(210,52,10,1,230000,'230000','2023-11-13 15:01:34'),(211,13,24,3,1280000,'3840000','2023-11-13 15:10:15'),(212,54,1,1,160000,'160000','2023-11-13 15:41:57'),(213,55,46,1,165000,'165000','2023-11-13 15:44:22'),(214,56,1,1,160000,'160000','2023-11-13 15:58:10'),(215,57,52,1,250000,'250000','2023-11-13 16:10:15'),(216,59,49,1,205000,'205000','2023-11-13 16:15:04'),(217,60,14,1,410000,'410000','2023-11-13 16:26:49'),(218,61,1,1,160000,'160000','2023-11-13 16:36:28'),(219,62,21,1,90000,'90000','2023-11-13 16:43:42'),(220,63,16,1,230000,'230000','2023-11-13 19:51:28'),(221,64,5,1,170000,'170000','2023-11-13 20:01:36'),(222,65,12,1,325000,'325000','2023-11-13 20:05:52'),(223,66,49,1,205000,'205000','2023-11-13 20:15:42'),(224,67,14,1,410000,'410000','2023-11-13 20:25:48'),(225,68,16,1,230000,'230000','2023-11-13 20:27:08'),(226,69,52,1,250000,'250000','2023-11-13 20:29:00'),(227,70,16,1,230000,'230000','2023-11-14 09:57:19'),(228,12,23,1,620000,'620000','2023-11-14 14:27:00'),(229,71,18,1,160000,'160000','2023-11-14 21:12:16'),(230,72,43,1,190000,'190000','2023-11-14 22:18:30'),(231,73,14,1,410000,'410000','2023-11-14 22:26:55'),(232,74,14,1,410000,'410000','2023-11-14 22:32:11'),(233,75,23,1,620000,'620000','2023-11-15 08:59:59'),(234,76,12,1,325000,'325000','2023-11-15 09:16:39'),(235,77,8,1,260000,'260000','2023-11-15 10:32:32'),(236,78,5,1,170000,'170000','2023-11-15 10:34:14'),(237,79,43,1,190000,'190000','2023-11-15 10:42:54'),(238,80,16,1,230000,'230000','2023-11-15 14:08:11'),(239,81,43,1,190000,'190000','2023-11-15 14:14:48'),(240,82,46,1,165000,'165000','2023-11-15 14:21:14'),(241,83,14,1,410000,'410000','2023-11-15 14:28:31'),(242,84,13,1,675000,'675000','2023-11-15 14:37:23'),(243,85,62,1,80000,'80000','2023-11-15 14:57:56'),(244,86,12,1,325000,'325000','2023-11-15 15:06:53'),(245,87,18,1,160000,'160000','2023-11-15 15:16:27'),(246,88,80,1,200000,'200000','2023-11-15 15:18:22'),(247,89,24,1,1280000,'1280000','2023-11-15 15:20:05'),(248,90,5,1,170000,'170000','2023-11-15 15:24:10'),(249,91,14,1,410000,'410000','2023-11-15 15:28:44'),(250,92,33,1,235000,'235000','2023-11-15 15:31:44'),(251,93,58,1,80000,'80000','2023-11-15 15:34:45'),(252,94,70,1,115000,'115000','2023-11-15 15:47:24'),(253,95,16,1,230000,'230000','2023-11-16 13:24:39'),(254,96,5,1,170000,'170000','2023-11-16 13:26:15'),(255,97,21,1,90000,'90000','2023-11-16 13:28:50'),(256,98,46,1,165000,'165000','2023-11-16 13:32:25'),(257,99,16,1,230000,'230000','2023-11-16 16:14:20'),(258,100,16,1,230000,'230000','2023-11-17 11:25:16'),(259,53,23,1,620000,'620000','2023-11-17 11:40:40'),(260,102,5,1,170000,'170000','2023-11-17 12:12:16'),(261,103,3,1,1350000,'1350000','2023-11-17 12:13:47'),(262,104,1,1,160000,'160000','2023-11-17 12:16:44'),(263,105,49,1,205000,'205000','2023-11-17 12:17:59'),(264,106,14,1,410000,'410000','2023-11-17 12:19:05'),(265,107,12,1,325000,'325000','2023-11-17 12:20:46'),(266,108,46,1,165000,'165000','2023-11-17 13:58:13'),(267,109,14,1,410000,'410000','2023-11-17 14:06:47'),(268,110,12,1,325000,'325000','2023-11-17 15:12:21'),(274,111,16,5,230000,'1150000','2023-11-17 15:45:00'),(275,111,14,6,410000,'2460000','2023-11-17 15:45:00'),(276,112,52,1,250000,'250000','2023-11-17 20:21:35'),(277,113,43,1,190000,'190000','2023-11-17 20:30:37'),(278,101,14,1,410000,'410000','2023-11-28 16:08:25'),(279,101,69,1,295000,'295000','2023-11-28 21:02:48');
/*!40000 ALTER TABLE `cart_item` ENABLE KEYS */;
UNLOCK TABLES;

--
-- Table structure for table `category`
--

DROP TABLE IF EXISTS `category`;
/*!40101 SET @saved_cs_client     = @@character_set_client */;
/*!50503 SET character_set_client = utf8mb4 */;
CREATE TABLE `category` (
  `id` int NOT NULL AUTO_INCREMENT,
  `name` varchar(255) DEFAULT NULL,
  `status` bit(1) DEFAULT NULL,
  PRIMARY KEY (`id`),
  UNIQUE KEY `name_UNIQUE` (`name`)
) ENGINE=InnoDB AUTO_INCREMENT=29 DEFAULT CHARSET=utf8mb4 COLLATE=utf8mb4_0900_ai_ci;
/*!40101 SET character_set_client = @saved_cs_client */;

--
-- Dumping data for table `category`
--

LOCK TABLES `category` WRITE;
/*!40000 ALTER TABLE `category` DISABLE KEYS */;
INSERT INTO `category` VALUES (1,'Cà phê bột',_binary ''),(2,'Cà phê hạt đã rang',_binary ''),(3,'Cà phê hạt nén',_binary ''),(4,'Cà phê đóng chai',_binary '');
/*!40000 ALTER TABLE `category` ENABLE KEYS */;
UNLOCK TABLES;

--
-- Table structure for table `employee`
--

DROP TABLE IF EXISTS `employee`;
/*!40101 SET @saved_cs_client     = @@character_set_client */;
/*!50503 SET character_set_client = utf8mb4 */;
CREATE TABLE `employee` (
  `id` int NOT NULL AUTO_INCREMENT,
  `start_on` date DEFAULT NULL,
  `user_id` int DEFAULT NULL,
  PRIMARY KEY (`id`),
  KEY `FK_Emp_User_idx` (`user_id`),
  CONSTRAINT `FK_Emp_User` FOREIGN KEY (`user_id`) REFERENCES `user` (`id`) ON DELETE CASCADE ON UPDATE CASCADE
) ENGINE=InnoDB AUTO_INCREMENT=13 DEFAULT CHARSET=utf8mb4 COLLATE=utf8mb4_0900_ai_ci;
/*!40101 SET character_set_client = @saved_cs_client */;

--
-- Dumping data for table `employee`
--

LOCK TABLES `employee` WRITE;
/*!40000 ALTER TABLE `employee` DISABLE KEYS */;
INSERT INTO `employee` VALUES (1,NULL,20),(2,'2021-10-15',24),(7,'2023-09-14',34),(8,NULL,38),(9,'2022-07-22',39),(10,'2023-09-05',40),(11,NULL,19),(12,NULL,25);
/*!40000 ALTER TABLE `employee` ENABLE KEYS */;
UNLOCK TABLES;

--
-- Table structure for table `flavor`
--

DROP TABLE IF EXISTS `flavor`;
/*!40101 SET @saved_cs_client     = @@character_set_client */;
/*!50503 SET character_set_client = utf8mb4 */;
CREATE TABLE `flavor` (
  `id` int NOT NULL AUTO_INCREMENT,
  `name` varchar(225) DEFAULT NULL,
  `description` varchar(255) DEFAULT NULL,
  `status` bit(1) DEFAULT NULL,
  PRIMARY KEY (`id`),
  UNIQUE KEY `name_UNIQUE` (`name`)
) ENGINE=InnoDB AUTO_INCREMENT=10 DEFAULT CHARSET=utf8mb4 COLLATE=utf8mb4_0900_ai_ci;
/*!40101 SET character_set_client = @saved_cs_client */;

--
-- Dumping data for table `flavor`
--

LOCK TABLES `flavor` WRITE;
/*!40000 ALTER TABLE `flavor` DISABLE KEYS */;
INSERT INTO `flavor` VALUES (1,'Trái cây','Hương vị trái cây nhiệt đới',_binary ''),(2,'Kem socola','Hương thơm kem sô cô la',_binary ''),(3,'Trái mơ','Hương thơm mùi quả mơ',_binary ''),(5,'Rượu nho','Hương thơm mùi rượu rum nho',_binary ''),(6,'Trung tính','Hương vị cân bằng, vừa ngọt vừa chua nhẹ',_binary ''),(7,'Whiskey','Hương thơm nhẹ mùi rượu tây Whiskey',_binary ''),(8,'Củ quả','Hương vị thơm nhẹ của mùi củ quả',_binary ''),(9,'Hỗn hợp','Hương vị được tổng hòa từ nhiều thành phần có kết cấu mềm mượt, thơm hương hoa,  mọng nước với hậu vị ngọt ngào kéo dài và  mượt mà siêu sạch.',_binary '');
/*!40000 ALTER TABLE `flavor` ENABLE KEYS */;
UNLOCK TABLES;

--
-- Table structure for table `invoice`
--

DROP TABLE IF EXISTS `invoice`;
/*!40101 SET @saved_cs_client     = @@character_set_client */;
/*!50503 SET character_set_client = utf8mb4 */;
CREATE TABLE `invoice` (
  `id` int NOT NULL AUTO_INCREMENT,
  `user_id` int DEFAULT NULL,
  `invoice_date` datetime DEFAULT NULL,
  `total` int DEFAULT NULL,
  PRIMARY KEY (`id`),
  KEY `FK_Invoice_User_idx` (`user_id`),
  CONSTRAINT `FK_Invoice_User` FOREIGN KEY (`user_id`) REFERENCES `user` (`id`) ON DELETE CASCADE ON UPDATE CASCADE
) ENGINE=InnoDB DEFAULT CHARSET=utf8mb4 COLLATE=utf8mb4_0900_ai_ci;
/*!40101 SET character_set_client = @saved_cs_client */;

--
-- Dumping data for table `invoice`
--

LOCK TABLES `invoice` WRITE;
/*!40000 ALTER TABLE `invoice` DISABLE KEYS */;
/*!40000 ALTER TABLE `invoice` ENABLE KEYS */;
UNLOCK TABLES;

--
-- Table structure for table `order`
--

DROP TABLE IF EXISTS `order`;
/*!40101 SET @saved_cs_client     = @@character_set_client */;
/*!50503 SET character_set_client = utf8mb4 */;
CREATE TABLE `order` (
  `id` int NOT NULL AUTO_INCREMENT,
  `order_code` varchar(255) DEFAULT NULL,
  `user_id` int DEFAULT NULL,
  `full_name` varchar(255) DEFAULT NULL,
  `email` varchar(255) DEFAULT NULL,
  `phone` varchar(45) DEFAULT NULL,
  `address` varchar(255) DEFAULT NULL,
  `province` varchar(255) DEFAULT NULL,
  `district` varchar(255) DEFAULT NULL,
  `ward` varchar(255) DEFAULT NULL,
  `payment_method` varchar(45) DEFAULT NULL,
  `shipping_method_id` int DEFAULT NULL,
  `shipping_fee` int DEFAULT NULL,
  `notes` varchar(999) DEFAULT NULL,
  `total` int DEFAULT NULL,
  `order_date` datetime DEFAULT NULL,
  `status` varchar(255) DEFAULT NULL,
  PRIMARY KEY (`id`),
  KEY `FK_Order_User_idx` (`user_id`),
  KEY `FK_Order_ShippingMethod_idx` (`shipping_method_id`),
  CONSTRAINT `FK_Order_ShippingMethod` FOREIGN KEY (`shipping_method_id`) REFERENCES `shipping_method` (`id`) ON DELETE SET NULL ON UPDATE CASCADE,
  CONSTRAINT `FK_Order_User` FOREIGN KEY (`user_id`) REFERENCES `user` (`id`) ON DELETE CASCADE ON UPDATE CASCADE
) ENGINE=InnoDB AUTO_INCREMENT=107 DEFAULT CHARSET=utf8mb4 COLLATE=utf8mb4_0900_ai_ci;
/*!40101 SET character_set_client = @saved_cs_client */;

--
-- Dumping data for table `order`
--

LOCK TABLES `order` WRITE;
/*!40000 ALTER TABLE `order` DISABLE KEYS */;
INSERT INTO `order` VALUES (1,NULL,21,'gia phu','test1@gmail.com','123345345','ASSSSS','Tỉnh Hoà Bình','Huyện Kim Bôi','Xã Tú Sơn','COD',NULL,NULL,'',735000,'2023-11-11 17:39:17','CANCELED'),(2,NULL,21,'gia phu','test1@gmail.com','123123123','abc xyz','Tỉnh Hoà Bình','Huyện Kim Bôi','Xã Tú Sơn','COD',NULL,NULL,'zxczxczx',1145000,'2023-11-11 20:34:55','PENDING'),(3,NULL,21,'gia phu','test1@gmail.com','12312321','zxcxzcxz','Tỉnh Hoà Bình','Huyện Kim Bôi','Xã Tú Sơn','COD',NULL,NULL,'vcxvcxvxc',1730000,'2023-11-11 20:37:04','PENDING'),(4,NULL,20,'gia phu','management@gmail.com','1231232131','AAAAAAAASSS','Tỉnh Quảng Ngãi','Huyện Ba Tơ','Xã Ba Thành','COD',NULL,NULL,'',280000,'2023-11-11 20:38:35','PENDING'),(5,NULL,18,'gia phu','testing@gmail.com','12312321321','zxcxzfcz','Tỉnh Hải Dương','Huyện Ninh Giang','Xã Tân Hương','COD',NULL,NULL,'',850000,'2023-11-12 14:19:00','PENDING'),(6,NULL,18,'gia phu','testing@gmail.com','12312321321','zxcxzfcz','Tỉnh Hải Dương','Huyện Ninh Giang','Xã Tân Hương','MOMO',NULL,NULL,'',655000,'2023-11-12 14:21:32','PENDING'),(7,NULL,18,'gia phu','testing@gmail.com','12312321321','zxcxzfcz','Tỉnh Hải Dương','Huyện Ninh Giang','Xã Tân Hương','MOMO',NULL,NULL,'',195000,'2023-11-12 14:25:03','PENDING'),(8,NULL,18,'gia phu','testing@gmail.com','12312321321','zxcxzfcz','Tỉnh Hải Dương','Huyện Ninh Giang','Xã Tân Hương','MOMO',NULL,NULL,'',205000,'2023-11-12 14:32:55','PENDING'),(9,NULL,18,'gia phu','testing@gmail.com','12312321321','zxcxzfcz','Tỉnh Hải Dương','Huyện Ninh Giang','Xã Tân Hương','COD',NULL,NULL,'',690000,'2023-11-12 14:34:23','PENDING'),(10,NULL,18,'gia phu','testing@gmail.com','12312321321','zxcxzfcz','Tỉnh Hải Dương','Huyện Ninh Giang','Xã Tân Hương','MOMO',NULL,NULL,'',440000,'2023-11-12 14:40:57','PENDING'),(11,NULL,18,'gia phu','testing@gmail.com','12312321321','zxcxzfcz','Tỉnh Hải Dương','Huyện Ninh Giang','Xã Tân Hương','MOMO',NULL,NULL,'',280000,'2023-11-12 14:44:35','PENDING'),(12,NULL,18,'gia phu','testing@gmail.com','12312321321','zxcxzfcz','Tỉnh Hải Dương','Huyện Ninh Giang','Xã Tân Hương','MOMO',NULL,NULL,'',375000,'2023-11-12 14:46:48','PENDING'),(13,NULL,18,'gia phu','testing@gmail.com','12312321321','zxcxzfcz','Tỉnh Hải Dương','Huyện Ninh Giang','Xã Tân Hương','MOMO',NULL,NULL,'',505000,'2023-11-12 14:50:08','PENDING'),(14,NULL,18,'gia phu','testing@gmail.com','12312321321','zxcxzfcz','Tỉnh Hải Dương','Huyện Ninh Giang','Xã Tân Hương','MOMO',NULL,NULL,'',860000,'2023-11-12 14:55:23','PENDING'),(15,NULL,18,'gia phu','testing@gmail.com','12312321321','zxcxzfcz','Tỉnh Hải Dương','Huyện Ninh Giang','Xã Tân Hương','MOMO',NULL,NULL,'',375000,'2023-11-12 15:09:00','PENDING'),(16,NULL,18,'gia phu','testing@gmail.com','12312321321','zxcxzfcz','Tỉnh Hải Dương','Huyện Ninh Giang','Xã Tân Hương','MOMO',NULL,NULL,'',195000,'2023-11-12 15:36:42','PENDING'),(17,'u2ZlFFkRjC',18,'gia phu','testing@gmail.com','12312321321','zxcxzfcz','Tỉnh Hải Dương','Huyện Ninh Giang','Xã Tân Hương','MOMO',NULL,NULL,'',675000,'2023-11-13 08:35:06','PENDING'),(18,'5Psr3wnzzA',18,'gia phu','testing@gmail.com','12312321321','zxcxzfcz','Tỉnh Hải Dương','Huyện Ninh Giang','Xã Tân Hương','MOMO',NULL,NULL,'',1400000,'2023-11-13 08:57:03','PENDING'),(19,'vF4bPdmygr',18,'gia phu','testing@gmail.com','12312321321','zxcxzfcz','Tỉnh Hải Dương','Huyện Ninh Giang','Xã Tân Hương','MOMO',NULL,NULL,'',200000,'2023-11-13 08:58:29','PENDING'),(20,'GG9LCHRwgN',18,'gia phu','testing@gmail.com','12312321321','zxcxzfcz','Tỉnh Hải Dương','Huyện Ninh Giang','Xã Tân Hương','MOMO',NULL,NULL,'',375000,'2023-11-13 09:01:49','PENDING'),(21,'Nd84VeAGAU',18,'gia phu','testing@gmail.com','12312321321','zxcxzfcz','Tỉnh Hải Dương','Huyện Ninh Giang','Xã Tân Hương','MOMO',NULL,NULL,'',210000,'2023-11-13 10:10:51','PENDING'),(22,'PJUvHNsCjn',18,'gia phu','testing@gmail.com','12312321321','zxcxzfcz','Tỉnh Hải Dương','Huyện Ninh Giang','Xã Tân Hương','MOMO',NULL,NULL,'',700000,'2023-11-13 10:12:46','PENDING'),(23,'owtJdHrIgc',18,'gia phu','testing@gmail.com','12312321321','zxcxzfcz','Tỉnh Hải Dương','Huyện Ninh Giang','Xã Tân Hương','MOMO',NULL,NULL,'',255000,'2023-11-13 10:18:53','PENDING'),(24,'996f9IYOfD',18,'gia phu','testing@gmail.com','12312321321','zxcxzfcz','Tỉnh Hải Dương','Huyện Ninh Giang','Xã Tân Hương','MOMO',NULL,NULL,'',310000,'2023-11-13 10:21:59','PENDING'),(25,'FVwoZg3r7H',18,'gia phu','testing@gmail.com','12312321321','zxcxzfcz','Tỉnh Hải Dương','Huyện Ninh Giang','Xã Tân Hương','MOMO',NULL,NULL,'',240000,'2023-11-13 10:26:34','PENDING'),(26,'JJJQIpemHm',18,'gia phu','testing@gmail.com','12312321321','zxcxzfcz','Tỉnh Hải Dương','Huyện Ninh Giang','Xã Tân Hương','MOMO',NULL,NULL,'',460000,'2023-11-13 10:31:32','PENDING'),(27,'CxudHrQ7Fg',18,'gia phu','testing@gmail.com','12312321321','zxcxzfcz','Tỉnh Hải Dương','Huyện Ninh Giang','Xã Tân Hương','MOMO',NULL,NULL,'',785000,'2023-11-13 10:34:22','PENDING'),(28,'gZJvUims2z',18,'gia phu','testing@gmail.com','12312321321','zxcxzfcz','Tỉnh Hải Dương','Huyện Ninh Giang','Xã Tân Hương','MOMO',NULL,NULL,'',280000,'2023-11-13 10:41:41','PENDING'),(29,'eG8js0Ppg5',18,'gia phu','testing@gmail.com','12312321321','zxcxzfcz','Tỉnh Hải Dương','Huyện Ninh Giang','Xã Tân Hương','MOMO',NULL,NULL,'',1400000,'2023-11-13 10:49:49','PENDING'),(30,'4tolEn77W1',18,'gia phu','testing@gmail.com','12312321321','zxcxzfcz','Tỉnh Hải Dương','Huyện Ninh Giang','Xã Tân Hương','MOMO',NULL,NULL,'',265000,'2023-11-13 10:53:35','PENDING'),(31,'axKLy5WWbu',18,'gia phu','testing@gmail.com','12312321321','zxcxzfcz','Tỉnh Hải Dương','Huyện Ninh Giang','Xã Tân Hương','MOMO',NULL,NULL,'',255000,'2023-11-13 13:09:03','PENDING'),(32,'6KlCkbyz0C',18,'gia phu','testing@gmail.com','12312321321','zxcxzfcz','Tỉnh Hải Dương','Huyện Ninh Giang','Xã Tân Hương','MOMO',NULL,NULL,'',1400000,'2023-11-13 13:14:57','PENDING'),(33,'9TJQ4CxHtw',18,'gia phu','testing@gmail.com','12312321321','zxcxzfcz','Tỉnh Hải Dương','Huyện Ninh Giang','Xã Tân Hương','MOMO',NULL,NULL,'',945000,'2023-11-13 13:38:51','PENDING'),(34,'6xuRHA89MX',18,'gia phu','testing@gmail.com','12312321321','zxcxzfcz','Tỉnh Hải Dương','Huyện Ninh Giang','Xã Tân Hương','MOMO',NULL,NULL,'',220000,'2023-11-13 13:43:13','PENDING'),(35,'gfbqskmlji',18,'gia phu','testing@gmail.com','12312321321','zxcxzfcz','Tỉnh Hải Dương','Huyện Ninh Giang','Xã Tân Hương','MOMO',NULL,NULL,'',375000,'2023-11-13 13:48:14','PENDING'),(36,'KoonPP99M4',18,'gia phu','testing@gmail.com','12312321321','zxcxzfcz','Tỉnh Hải Dương','Huyện Ninh Giang','Xã Tân Hương','MOMO',NULL,NULL,'',1400000,'2023-11-13 13:51:01','PENDING'),(37,'v6ck162eY8',18,'gia phu','testing@gmail.com','12312321321','zxcxzfcz','Tỉnh Hải Dương','Huyện Ninh Giang','Xã Tân Hương','MOMO',NULL,NULL,'',210000,'2023-11-13 13:53:42','PENDING'),(38,'vd9dxmqGl4',18,'gia phu','testing@gmail.com','12312321321','zxcxzfcz','Tỉnh Hải Dương','Huyện Ninh Giang','Xã Tân Hương','MOMO',NULL,NULL,'',540000,'2023-11-13 13:59:57','PENDING'),(39,'SXNaJgBRz0',18,'gia phu','testing@gmail.com','12312321321','zxcxzfcz','Tỉnh Hải Dương','Huyện Ninh Giang','Xã Tân Hương','MOMO',NULL,NULL,'',280000,'2023-11-13 14:12:58','PENDING'),(40,'qLFFxfoEL2',18,'gia phu','testing@gmail.com','12312321321','zxcxzfcz','Tỉnh Hải Dương','Huyện Ninh Giang','Xã Tân Hương','MOMO',NULL,NULL,'',310000,'2023-11-13 14:26:18','PENDING'),(41,'3yZY8taoG6',18,'gia phu','testing@gmail.com','12312321321','zxcxzfcz','Tỉnh Hải Dương','Huyện Ninh Giang','Xã Tân Hương','MOMO',NULL,NULL,'',310000,'2023-11-13 14:33:14','PENDING'),(42,'XTSG9qmfEV',18,'gia phu','testing@gmail.com','12312321321','zxcxzfcz','Tỉnh Hải Dương','Huyện Ninh Giang','Xã Tân Hương','MOMO',NULL,NULL,'',375000,'2023-11-13 14:58:15','PENDING'),(43,'JDf3pHgcNl',18,'gia phu','testing@gmail.com','12312321321','zxcxzfcz','Tỉnh Hải Dương','Huyện Ninh Giang','Xã Tân Hương','MOMO',NULL,NULL,'',280000,'2023-11-13 15:02:00','PENDING'),(44,'tb1GoT0iqV',20,'gia phu','management@gmail.com','1231232131','AAAAAAAASSS','Tỉnh Quảng Ngãi','Huyện Ba Tơ','Xã Ba Thành','MOMO',NULL,NULL,'',3890000,'2023-11-13 15:10:32','PENDING'),(45,'6RbTvK3G9e',20,'gia phu','management@gmail.com','1231232131','AAAAAAAASSS','Tỉnh Quảng Ngãi','Huyện Ba Tơ','Xã Ba Thành','MOMO',NULL,NULL,'',210000,'2023-11-13 15:42:49','PENDING'),(46,'2JlwMwux93',20,'gia phu','management@gmail.com','1231232131','AAAAAAAASSS','Tỉnh Quảng Ngãi','Huyện Ba Tơ','Xã Ba Thành','MOMO',NULL,NULL,'',215000,'2023-11-13 15:45:02','PENDING'),(47,'49txwi8TvC',20,'gia phu','management@gmail.com','1231232131','AAAAAAAASSS','Tỉnh Quảng Ngãi','Huyện Ba Tơ','Xã Ba Thành','MOMO',NULL,NULL,'',210000,'2023-11-13 15:58:27','PENDING'),(48,'L9wHMsqM58',20,'gia phu','management@gmail.com','1231232131','AAAAAAAASSS','Tỉnh Quảng Ngãi','Huyện Ba Tơ','Xã Ba Thành','MOMO',NULL,NULL,'',300000,'2023-11-13 16:10:31','PENDING'),(49,'ay0GxZRqwO',20,'gia phu','management@gmail.com','1231232131','AAAAAAAASSS','Tỉnh Quảng Ngãi','Huyện Ba Tơ','Xã Ba Thành','MOMO',NULL,NULL,'',300000,'2023-11-13 16:10:31','PENDING'),(50,'jTFRJVqY5L',20,'gia phu','management@gmail.com','1231232131','AAAAAAAASSS','Tỉnh Quảng Ngãi','Huyện Ba Tơ','Xã Ba Thành','MOMO',NULL,NULL,'',255000,'2023-11-13 16:15:19','PENDING'),(51,'6aRbGdylfx',20,'gia phu','management@gmail.com','1231232131','AAAAAAAASSS','Tỉnh Quảng Ngãi','Huyện Ba Tơ','Xã Ba Thành','MOMO',NULL,NULL,'',460000,'2023-11-13 16:27:03','PENDING'),(52,'kiWfW9kebO',20,'gia phu','management@gmail.com','1231232131','AAAAAAAASSS','Tỉnh Quảng Ngãi','Huyện Ba Tơ','Xã Ba Thành','MOMO',NULL,NULL,'',210000,'2023-11-13 16:36:45','PENDING'),(53,'MyWhY8Itkx',20,'gia phu','management@gmail.com','1231232131','AAAAAAAASSS','Tỉnh Quảng Ngãi','Huyện Ba Tơ','Xã Ba Thành','MOMO',NULL,NULL,'',140000,'2023-11-13 16:43:58','PENDING'),(54,'rRjjuJDBYD',20,'gia phu','management@gmail.com','1231232131','AAAAAAAASSS','Tỉnh Quảng Ngãi','Huyện Ba Tơ','Xã Ba Thành','MOMO',NULL,NULL,'',280000,'2023-11-13 19:51:37','PENDING'),(55,'OLJRfGrAKj',20,'gia phu','management@gmail.com','1231232131','AAAAAAAASSS','Tỉnh Quảng Ngãi','Huyện Ba Tơ','Xã Ba Thành','MOMO',NULL,NULL,'',220000,'2023-11-13 20:01:43','PENDING'),(56,'ZVjLvV1tCG',20,'gia phu','management@gmail.com','1231232131','AAAAAAAASSS','Tỉnh Quảng Ngãi','Huyện Ba Tơ','Xã Ba Thành','MOMO',NULL,NULL,'',375000,'2023-11-13 20:06:00','PENDING'),(57,'MyuAbH9r91',20,'gia phu','management@gmail.com','1231232131','AAAAAAAASSS','Tỉnh Quảng Ngãi','Huyện Ba Tơ','Xã Ba Thành','MOMO',NULL,NULL,'',255000,'2023-11-13 20:15:51','PENDING'),(58,'dkgeNsbh7j',20,'gia phu','management@gmail.com','1231232131','AAAAAAAASSS','Tỉnh Quảng Ngãi','Huyện Ba Tơ','Xã Ba Thành','MOMO',NULL,NULL,'',460000,'2023-11-13 20:25:56','PENDING'),(59,'tp9FxAXZJ3',20,'gia phu','management@gmail.com','1231232131','AAAAAAAASSS','Tỉnh Quảng Ngãi','Huyện Ba Tơ','Xã Ba Thành','MOMO',NULL,NULL,'',280000,'2023-11-13 20:27:17','PENDING'),(60,'iaKtDaiAAA',20,'gia phu','management@gmail.com','1231232131','AAAAAAAASSS','Tỉnh Quảng Ngãi','Huyện Ba Tơ','Xã Ba Thành','MOMO',NULL,NULL,'',300000,'2023-11-13 20:29:07','PENDING'),(61,'2uD1amHvRL',21,'gia phu','test1@gmail.com','123456685','ABCXYZ','Tỉnh Hoà Bình','Huyện Kim Bôi','Xã Tú Sơn','MOMO',NULL,NULL,'zxczxczxcxz',670000,'2023-11-14 14:27:21','PENDING'),(62,'9L3hngAnK8',21,'gia phu','test1@gmail.com','123213','2312312312','Tỉnh Hoà Bình','Huyện Kim Bôi','Xã Tú Sơn','VNPAY',NULL,NULL,'zxcxzcxzczx',210000,'2023-11-14 21:21:05','PENDING'),(63,'SP98osGujP',21,'gia phu','test1@gmail.com','12321321','1232132132132','Tỉnh Hoà Bình','Huyện Kim Bôi','Xã Tú Sơn','VNPAY',NULL,NULL,'',240000,'2023-11-14 22:19:07','PENDING'),(64,'urschBeVBN',21,'gia phu','test1@gmail.com','123123','123123','Tỉnh Hoà Bình','Huyện Kim Bôi','Xã Tú Sơn','VNPAY',NULL,NULL,'12312321',460000,'2023-11-14 22:27:09','PENDING'),(65,'XZXXGVthSv',21,'gia phu','test1@gmail.com','123213','12321321312','Tỉnh Hoà Bình','Huyện Kim Bôi','Xã Tú Sơn','VNPAY',NULL,NULL,'',460000,'2023-11-14 22:32:23','PENDING'),(66,'zZOVUtJWoj',21,'gia phu','test1@gmail.com','1331212312','12312321321','Tỉnh Hoà Bình','Huyện Kim Bôi','Xã Tú Sơn','VNPAY',NULL,NULL,'',670000,'2023-11-15 09:00:26','PENDING'),(67,'tyhm6wOaPj',21,'gia phu','test1@gmail.com','13213123','1232132131','Tỉnh Hoà Bình','Huyện Kim Bôi','Xã Tú Sơn','VNPAY',NULL,NULL,'',375000,'2023-11-15 09:16:57','PENDING'),(68,'GfBD9EqENs',21,'gia phu','test1@gmail.com','1232132112321','12321321','Tỉnh Hoà Bình','Huyện Kim Bôi','Xã Tú Sơn','VNPAY',NULL,NULL,'',310000,'2023-11-15 10:32:58','PENDING'),(69,'MiVuWuiTac',21,'gia phu','test1@gmail.com','123213','123123','Tỉnh Hoà Bình','Huyện Kim Bôi','Xã Tú Sơn','VNPAY',NULL,NULL,'',220000,'2023-11-15 10:34:56','PAID_VNPAY'),(70,'aebLXiU2EW',21,'gia phu','test1@gmail.com','123432','12312','Tỉnh Hoà Bình','Huyện Kim Bôi','Xã Tú Sơn','VNPAY',NULL,NULL,'',240000,'2023-11-15 10:43:44','FAILED'),(71,'Qh9lXS3Na0',21,'gia phu','test1@gmail.com','12312321','12312321','Tỉnh Hoà Bình','Huyện Kim Bôi','Xã Tú Sơn','MOMO',NULL,NULL,'',280000,'2023-11-15 14:08:37','PENDING'),(72,'TjxPeH9M2g',21,'gia phu','test1@gmail.com','asdas','123123','Tỉnh Hoà Bình','Huyện Kim Bôi','Xã Tú Sơn','MOMO',NULL,NULL,'',240000,'2023-11-15 14:15:11','PENDING'),(73,'9aQKa7yiCX',21,'gia phu','test1@gmail.com','1231231','xzxxzx','Tỉnh Hoà Bình','Huyện Kim Bôi','Xã Tú Sơn','MOMO',NULL,NULL,'',215000,'2023-11-15 14:21:53','PENDING'),(74,'D4eWgfKixx',21,'gia phu','test1@gmail.com','123123','asdas','Tỉnh Hoà Bình','Huyện Kim Bôi','Xã Tú Sơn','MOMO',NULL,NULL,'',460000,'2023-11-15 14:29:02','PENDING'),(75,'TNsKqnMvii',21,'gia phu','test1@gmail.com','12313213','12312312','Tỉnh Hoà Bình','Huyện Kim Bôi','Xã Tú Sơn','MOMO',NULL,NULL,'',725000,'2023-11-15 14:37:50','PENDING'),(76,'0M7fiz3SrF',21,'gia phu','test1@gmail.com','2313123','xcz','Tỉnh Hoà Bình','Huyện Kim Bôi','Xã Tú Sơn','MOMO',NULL,NULL,'',130000,'2023-11-15 14:58:19','PENDING'),(77,'e7PVuof9yc',21,'gia phu','test1@gmail.com','123213','123123','Tỉnh Hoà Bình','Huyện Kim Bôi','Xã Tú Sơn','MOMO',NULL,NULL,'',375000,'2023-11-15 15:07:12','PENDING'),(78,'tgsN0gesbE',21,'gia phu','test1@gmail.com','123123','12321','Tỉnh Hoà Bình','Huyện Kim Bôi','Xã Tú Sơn','MOMO',NULL,NULL,'',195000,'2023-11-15 15:16:50','PENDING'),(79,'LSSskGgCNZ',21,'gia phu','test1@gmail.com','132123','zxcxcz','Tỉnh Hoà Bình','Huyện Kim Bôi','Xã Tú Sơn','MOMO',NULL,NULL,'',250000,'2023-11-15 15:18:42','PENDING'),(80,'z6BWj2ytqg',21,'gia phu','test1@gmail.com','123123','123','Tỉnh Hoà Bình','Huyện Kim Bôi','Xã Tú Sơn','MOMO',NULL,NULL,'',1315000,'2023-11-15 15:20:28','PENDING'),(81,'VY9bzgfL0p',21,'gia phu','test1@gmail.com','123123123','sadasdasd','Tỉnh Hoà Bình','Huyện Kim Bôi','Xã Tú Sơn','MOMO',NULL,NULL,'',220000,'2023-11-15 15:24:35','PENDING'),(82,'k1qL2PhvyK',21,'gia phu','test1@gmail.com','12321','12312','Tỉnh Hoà Bình','Huyện Kim Bôi','Xã Tú Sơn','MOMO',NULL,NULL,'',460000,'2023-11-15 15:29:07','PENDING'),(83,'UplR3Zp2nr',21,'gia phu','test1@gmail.com','12321','1232132','Tỉnh Hoà Bình','Huyện Kim Bôi','Xã Tú Sơn','MOMO',NULL,NULL,'',270000,'2023-11-15 15:32:03','PENDING'),(84,'6DaSPRvdzz',21,'gia phu','test1@gmail.com','31231','123213','Tỉnh Hoà Bình','Huyện Kim Bôi','Xã Tú Sơn','MOMO',NULL,NULL,'',130000,'2023-11-15 15:35:06','PENDING'),(85,'X4LyW4xUdF',21,'gia phu','test1@gmail.com','123','123','Tỉnh Hoà Bình','Huyện Kim Bôi','Xã Tú Sơn','MOMO',NULL,NULL,'',165000,'2023-11-15 15:47:52','PENDING'),(86,'Rr4ZUxnpX0',21,'gia phu','test1@gmail.com','1231','13123','Tỉnh Hoà Bình','Huyện Kim Bôi','Xã Tú Sơn','MOMO',NULL,NULL,'zxczx',280000,'2023-11-16 13:24:58','CONFIRMED'),(87,'l4rNP4K7Lm',21,'gia phu','test1@gmail.com','312312','12313','Tỉnh Hoà Bình','Huyện Kim Bôi','Xã Tú Sơn','MOMO',NULL,NULL,'',220000,'2023-11-16 13:26:30','CANCELED'),(88,'dEqCmAlLdR',21,'gia phu','test1@gmail.com','123123','12312312','Tỉnh Hoà Bình','Huyện Kim Bôi','Xã Tú Sơn','VNPAY',NULL,NULL,'',140000,'2023-11-16 13:28:59','PENDING'),(89,'g3fUIKS9Us',21,'gia phu','test1@gmail.com','123123','132123213','Tỉnh Hoà Bình','Huyện Kim Bôi','Xã Tú Sơn','VNPAY',NULL,NULL,'',200000,'2023-11-16 13:32:38','CANCELED'),(90,'m7yVB7V6Kw',21,'gia phu','test1@gmail.com','123','123','Tỉnh Hoà Bình','Huyện Kim Bôi','Xã Tú Sơn','MOMO',NULL,NULL,'',265000,'2023-11-16 16:14:36','CANCELED'),(91,'WGPnPwFZUi',21,'gia phu','test1@gmail.com','12','12','Tỉnh Hoà Bình','Huyện Kim Bôi','Xã Tú Sơn','COD',NULL,NULL,'12',280000,'2023-11-17 11:25:26','PENDING'),(92,'VCE8tTJ1Re',18,'gia phu','testing@gmail.com','12312321321','zxcxzfcz','Tỉnh Hải Dương','Huyện Ninh Giang','Xã Tân Hương','COD',NULL,NULL,'',670000,'2023-11-17 11:40:52','PENDING'),(93,'64MII2yf3G',18,'gia phu','testing@gmail.com','12312321321','zxcxzfcz','Tỉnh Hải Dương','Huyện Ninh Giang','Xã Tân Hương','COD',NULL,NULL,'',205000,'2023-11-17 12:12:27','PENDING'),(94,'n8N13X4LUS',18,'gia phu','testing@gmail.com','12312321321','zxcxzfcz','Tỉnh Hải Dương','Huyện Ninh Giang','Xã Tân Hương','COD',NULL,NULL,'',1400000,'2023-11-17 12:13:56','PENDING'),(95,'gzqVIKaKw9',18,'gia phu','testing@gmail.com','12312321321','zxcxzfcz','Tỉnh Hải Dương','Huyện Ninh Giang','Xã Tân Hương','COD',NULL,NULL,'',210000,'2023-11-17 12:16:52','PENDING'),(96,'UHi7szNRIF',18,'gia phu','testing@gmail.com','12312321321','zxcxzfcz','Tỉnh Hải Dương','Huyện Ninh Giang','Xã Tân Hương','COD',NULL,NULL,'',255000,'2023-11-17 12:18:16','PENDING'),(97,'x3qlWmyiU3',18,'gia phu','testing@gmail.com','12312321321','zxcxzfcz','Tỉnh Hải Dương','Huyện Ninh Giang','Xã Tân Hương','COD',NULL,NULL,'',460000,'2023-11-17 12:19:15','PENDING'),(98,'aQ6wgdeRDj',18,'gia phu','testing@gmail.com','12312321321','zxcxzfcz','Tỉnh Hải Dương','Huyện Ninh Giang','Xã Tân Hương','COD',NULL,NULL,'',375000,'2023-11-17 12:20:57','PENDING'),(99,'lPtkAqeOqY',18,'gia phu','testing@gmail.com','12312321321','zxcxzfcz','Tỉnh Hải Dương','Huyện Ninh Giang','Xã Tân Hương','COD',NULL,NULL,'',215000,'2023-11-17 13:58:31','PENDING'),(100,'VnMlgIcMzu',18,'gia phu','testing@gmail.com','12312321321','zxcxzfcz','Tỉnh Hải Dương','Huyện Ninh Giang','Xã Tân Hương','COD',1,NULL,'',410000,'2023-11-17 15:06:35','CONFIRMED'),(101,'MlBd6yJNvg',18,'gia phu','testing@gmail.com','12312321321','zxcxzfcz','Tỉnh Hải Dương','Huyện Ninh Giang','Xã Tân Hương','MOMO',1,NULL,'',325000,'2023-11-17 15:13:45','CONFIRMED'),(102,'Z6N9FtMW13',18,'gia phu','testing@gmail.com','12312321321','zxcxzfcz','Tỉnh Hải Dương','Huyện Ninh Giang','Xã Tân Hương','MOMO',3,NULL,'',3660000,'2023-11-17 15:45:48','CONFIRMED'),(103,'ZNjTBc55Nv',18,'gia phu','testing@gmail.com','12312321321','zxcxzfcz','Tỉnh Hải Dương','Huyện Ninh Giang','Xã Tân Hương','VNPAY',3,NULL,'',300000,'2023-11-17 20:21:48','CONFIRMED'),(104,'7qyQSqKJZt',18,'gia phu','testing@gmail.com','12312321321','zxcxzfcz','Tỉnh Hải Dương','Huyện Ninh Giang','Xã Tân Hương','VNPAY',3,NULL,'',240000,'2023-11-17 20:30:46','CONFIRMED'),(105,'WynQHTA1aE',21,'gia phu','test1@gmail.com','1234','1234','Tỉnh Vĩnh Long','Huyện Vũng Liêm','Xã Trung Chánh','COD',3,79000,'',754000,'2023-11-29 20:33:54','CONFIRMED'),(106,'KCHrqR3BE1',44,'NCT Air','phutv1990@gmail.com','072185452','2331','Thành phố Hà Nội','Quận Long Biên','Phường Việt Hưng','COD',3,60000,'',2510000,'2023-12-03 21:18:44','CANCELED');
/*!40000 ALTER TABLE `order` ENABLE KEYS */;
UNLOCK TABLES;

--
-- Table structure for table `order_detail`
--

DROP TABLE IF EXISTS `order_detail`;
/*!40101 SET @saved_cs_client     = @@character_set_client */;
/*!50503 SET character_set_client = utf8mb4 */;
CREATE TABLE `order_detail` (
  `id` int NOT NULL AUTO_INCREMENT,
  `order_id` int DEFAULT NULL,
  `product_detail_id` int DEFAULT NULL,
  `quantity` int DEFAULT NULL,
  `price` int DEFAULT NULL,
  `total` int DEFAULT NULL,
  `order_date` datetime DEFAULT NULL,
  PRIMARY KEY (`id`),
  KEY `FK_OI_Order_idx` (`order_id`),
  KEY `FK_OI_ProductDetail_idx` (`product_detail_id`),
  CONSTRAINT `FK_OI_Order` FOREIGN KEY (`order_id`) REFERENCES `order` (`id`) ON DELETE CASCADE ON UPDATE CASCADE,
  CONSTRAINT `FK_OI_ProductDetail` FOREIGN KEY (`product_detail_id`) REFERENCES `product_detail` (`id`) ON DELETE SET NULL ON UPDATE CASCADE
) ENGINE=InnoDB AUTO_INCREMENT=130 DEFAULT CHARSET=utf8mb4 COLLATE=utf8mb4_0900_ai_ci;
/*!40101 SET character_set_client = @saved_cs_client */;

--
-- Dumping data for table `order_detail`
--

LOCK TABLES `order_detail` WRITE;
/*!40000 ALTER TABLE `order_detail` DISABLE KEYS */;
INSERT INTO `order_detail` VALUES (5,1,50,1,370000,370000,'2023-11-11 17:39:17'),(6,1,1,1,160000,160000,'2023-11-11 17:39:17'),(7,1,5,1,170000,170000,'2023-11-11 17:39:17'),(8,2,8,1,260000,260000,'2023-11-11 20:34:55'),(9,2,16,1,230000,230000,'2023-11-11 20:34:55'),(10,2,23,1,620000,620000,'2023-11-11 20:34:55'),(11,3,46,2,165000,330000,'2023-11-11 20:37:04'),(12,3,43,2,190000,380000,'2023-11-11 20:37:04'),(13,3,49,2,205000,410000,'2023-11-11 20:37:04'),(14,4,10,1,230000,230000,'2023-11-11 20:38:35'),(15,5,16,1,230000,230000,'2023-11-12 14:19:00'),(16,5,14,1,410000,410000,'2023-11-12 14:19:00'),(17,5,18,1,160000,160000,'2023-11-12 14:19:00'),(18,6,46,1,165000,165000,'2023-11-12 14:21:32'),(19,6,49,1,205000,205000,'2023-11-12 14:21:32'),(20,6,52,1,250000,250000,'2023-11-12 14:21:32'),(21,7,1,1,160000,160000,'2023-11-12 14:25:03'),(22,8,5,1,170000,170000,'2023-11-12 14:32:55'),(23,9,14,1,410000,410000,'2023-11-12 14:34:23'),(24,9,16,1,230000,230000,'2023-11-12 14:34:23'),(25,10,33,1,235000,235000,'2023-11-12 14:40:57'),(26,10,31,1,170000,170000,'2023-11-12 14:40:57'),(27,11,16,1,230000,230000,'2023-11-12 14:44:35'),(28,12,12,1,325000,325000,'2023-11-12 14:46:48'),(29,13,49,1,205000,205000,'2023-11-12 14:50:08'),(30,13,52,1,250000,250000,'2023-11-12 14:50:08'),(31,14,38,1,810000,810000,'2023-11-12 14:55:23'),(32,15,12,1,325000,325000,'2023-11-12 15:09:00'),(33,16,1,1,160000,160000,'2023-11-12 15:36:42'),(34,17,14,1,410000,410000,'2023-11-13 08:35:06'),(35,17,16,1,230000,230000,'2023-11-13 08:35:06'),(36,18,3,1,1350000,1350000,'2023-11-13 08:57:03'),(37,19,46,1,165000,165000,'2023-11-13 08:58:29'),(38,20,12,1,325000,325000,'2023-11-13 09:01:49'),(39,21,18,1,160000,160000,'2023-11-13 10:10:51'),(40,22,28,1,650000,650000,'2023-11-13 10:12:46'),(41,23,49,1,205000,205000,'2023-11-13 10:18:53'),(42,24,8,1,260000,260000,'2023-11-13 10:21:59'),(43,25,43,1,190000,190000,'2023-11-13 10:26:34'),(44,26,14,1,410000,410000,'2023-11-13 10:31:32'),(45,27,14,1,410000,410000,'2023-11-13 10:34:22'),(46,27,12,1,325000,325000,'2023-11-13 10:34:22'),(47,28,16,1,230000,230000,'2023-11-13 10:41:41'),(48,29,3,1,1350000,1350000,'2023-11-13 10:49:49'),(49,30,16,1,230000,230000,'2023-11-13 10:53:35'),(50,31,49,1,205000,205000,'2023-11-13 13:09:03'),(51,32,3,1,1350000,1350000,'2023-11-13 13:14:57'),(52,33,12,1,325000,325000,'2023-11-13 13:38:51'),(53,33,14,1,410000,410000,'2023-11-13 13:38:51'),(54,33,18,1,160000,160000,'2023-11-13 13:38:51'),(55,34,5,1,170000,170000,'2023-11-13 13:43:13'),(56,35,12,1,325000,325000,'2023-11-13 13:48:14'),(57,36,3,1,1350000,1350000,'2023-11-13 13:51:01'),(58,37,1,1,160000,160000,'2023-11-13 13:53:42'),(59,38,8,1,260000,260000,'2023-11-13 13:59:57'),(60,38,10,1,230000,230000,'2023-11-13 13:59:57'),(61,39,10,1,230000,230000,'2023-11-13 14:12:58'),(62,40,8,1,260000,260000,'2023-11-13 14:26:18'),(63,41,8,1,260000,260000,'2023-11-13 14:33:14'),(64,42,12,1,325000,325000,'2023-11-13 14:58:15'),(65,43,10,1,230000,230000,'2023-11-13 15:02:00'),(66,44,24,3,1280000,3840000,'2023-11-13 15:10:32'),(67,45,1,1,160000,160000,'2023-11-13 15:42:49'),(68,46,46,1,165000,165000,'2023-11-13 15:45:02'),(69,47,1,1,160000,160000,'2023-11-13 15:58:27'),(70,48,52,1,250000,250000,'2023-11-13 16:10:31'),(71,50,49,1,205000,205000,'2023-11-13 16:15:19'),(72,51,14,1,410000,410000,'2023-11-13 16:27:03'),(73,52,1,1,160000,160000,'2023-11-13 16:36:45'),(74,53,21,1,90000,90000,'2023-11-13 16:43:58'),(75,54,16,1,230000,230000,'2023-11-13 19:51:37'),(76,55,5,1,170000,170000,'2023-11-13 20:01:43'),(77,56,12,1,325000,325000,'2023-11-13 20:06:00'),(78,57,49,1,205000,205000,'2023-11-13 20:15:51'),(79,58,14,1,410000,410000,'2023-11-13 20:25:56'),(80,59,16,1,230000,230000,'2023-11-13 20:27:17'),(81,60,52,1,250000,250000,'2023-11-13 20:29:07'),(82,61,23,1,620000,620000,'2023-11-14 14:27:21'),(83,62,18,1,160000,160000,'2023-11-14 21:21:05'),(84,63,43,1,190000,190000,'2023-11-14 22:19:07'),(85,64,14,1,410000,410000,'2023-11-14 22:27:09'),(86,65,14,1,410000,410000,'2023-11-14 22:32:23'),(87,66,23,1,620000,620000,'2023-11-15 09:00:26'),(88,67,12,1,325000,325000,'2023-11-15 09:16:57'),(89,68,8,1,260000,260000,'2023-11-15 10:32:58'),(90,69,5,1,170000,170000,'2023-11-15 10:34:56'),(91,70,43,1,190000,190000,'2023-11-15 10:43:44'),(92,71,16,1,230000,230000,'2023-11-15 14:08:37'),(93,72,43,1,190000,190000,'2023-11-15 14:15:11'),(94,73,46,1,165000,165000,'2023-11-15 14:21:53'),(95,74,14,1,410000,410000,'2023-11-15 14:29:02'),(96,75,13,1,675000,675000,'2023-11-15 14:37:50'),(97,76,62,1,80000,80000,'2023-11-15 14:58:19'),(98,77,12,1,325000,325000,'2023-11-15 15:07:12'),(99,78,18,1,160000,160000,'2023-11-15 15:16:50'),(100,79,80,1,200000,200000,'2023-11-15 15:18:42'),(101,80,24,1,1280000,1280000,'2023-11-15 15:20:28'),(102,81,5,1,170000,170000,'2023-11-15 15:24:35'),(103,82,14,1,410000,410000,'2023-11-15 15:29:07'),(104,83,33,1,235000,235000,'2023-11-15 15:32:03'),(105,84,58,1,80000,80000,'2023-11-15 15:35:06'),(106,85,70,1,115000,115000,'2023-11-15 15:47:52'),(107,86,16,1,230000,230000,'2023-11-16 13:24:58'),(108,87,5,1,170000,170000,'2023-11-16 13:26:30'),(109,88,21,1,90000,90000,'2023-11-16 13:28:59'),(110,89,46,1,165000,165000,'2023-11-16 13:32:38'),(111,90,16,1,230000,230000,'2023-11-16 16:14:36'),(112,91,16,1,230000,230000,'2023-11-17 11:25:26'),(113,92,23,1,620000,620000,'2023-11-17 11:40:52'),(114,93,5,1,170000,170000,'2023-11-17 12:12:27'),(115,94,3,1,1350000,1350000,'2023-11-17 12:13:56'),(116,95,1,1,160000,160000,'2023-11-17 12:16:52'),(117,96,49,1,205000,205000,'2023-11-17 12:18:16'),(118,97,14,1,410000,410000,'2023-11-17 12:19:15'),(119,98,12,1,325000,325000,'2023-11-17 12:20:57'),(120,99,46,1,165000,165000,'2023-11-17 13:58:31'),(121,100,14,1,410000,410000,'2023-11-17 15:06:35'),(122,101,12,1,325000,325000,'2023-11-17 15:13:45'),(123,102,16,5,230000,1150000,'2023-11-17 15:45:48'),(124,102,14,6,410000,2460000,'2023-11-17 15:45:48'),(125,103,52,1,250000,250000,'2023-11-17 20:21:48'),(126,104,43,1,190000,190000,'2023-11-17 20:30:46'),(127,105,14,1,410000,410000,'2023-11-29 20:33:54'),(128,105,69,1,295000,295000,'2023-11-29 20:33:54'),(129,106,23,4,620000,2480000,'2023-12-03 21:18:44');
/*!40000 ALTER TABLE `order_detail` ENABLE KEYS */;
UNLOCK TABLES;

--
-- Table structure for table `product`
--

DROP TABLE IF EXISTS `product`;
/*!40101 SET @saved_cs_client     = @@character_set_client */;
/*!50503 SET character_set_client = utf8mb4 */;
CREATE TABLE `product` (
  `id` int NOT NULL AUTO_INCREMENT,
  `name` varchar(255) DEFAULT NULL,
  `slug` varchar(999) DEFAULT NULL,
  `brand_id` int DEFAULT NULL,
  `sold` int DEFAULT '0',
  `rating` double DEFAULT '0',
  `flavor_id` int DEFAULT NULL,
  `description` varchar(9999) DEFAULT NULL,
  `created_at` datetime DEFAULT NULL,
  `updated_at` datetime DEFAULT NULL,
  `is_special` bit(1) DEFAULT NULL,
  `is_limited` bit(1) DEFAULT NULL,
  `status` bit(1) DEFAULT NULL,
  `sale_id` int DEFAULT NULL,
  `category_id` int DEFAULT NULL,
  `product_origin_id` int DEFAULT NULL,
  `vendor_id` int DEFAULT NULL,
  PRIMARY KEY (`id`),
  UNIQUE KEY `name_UNIQUE` (`name`),
  KEY `FK_Product_Category_idx` (`category_id`),
  KEY `FK_Product_Flavor_idx` (`flavor_id`),
  KEY `FK_Product_Event_idx` (`sale_id`),
  KEY `FK_Product_PO_idx` (`product_origin_id`),
  KEY `FK_Product_Vendor_idx` (`vendor_id`),
  KEY `FK_Product_Brand_idx` (`brand_id`),
  CONSTRAINT `FK_Product_Brand` FOREIGN KEY (`brand_id`) REFERENCES `brand` (`id`) ON DELETE SET NULL ON UPDATE CASCADE,
  CONSTRAINT `FK_Product_Category` FOREIGN KEY (`category_id`) REFERENCES `category` (`id`) ON DELETE SET NULL ON UPDATE CASCADE,
  CONSTRAINT `FK_Product_Flavor` FOREIGN KEY (`flavor_id`) REFERENCES `flavor` (`id`) ON DELETE SET NULL ON UPDATE CASCADE,
  CONSTRAINT `FK_Product_PO` FOREIGN KEY (`product_origin_id`) REFERENCES `product_origin` (`id`) ON DELETE SET NULL ON UPDATE CASCADE,
  CONSTRAINT `FK_Product_Sale` FOREIGN KEY (`sale_id`) REFERENCES `sale` (`id`) ON DELETE SET NULL ON UPDATE CASCADE,
  CONSTRAINT `FK_Product_Vendor` FOREIGN KEY (`vendor_id`) REFERENCES `vendor` (`id`) ON DELETE SET NULL ON UPDATE CASCADE
) ENGINE=InnoDB AUTO_INCREMENT=36 DEFAULT CHARSET=utf8mb4 COLLATE=utf8mb4_0900_ai_ci;
/*!40101 SET character_set_client = @saved_cs_client */;

--
-- Dumping data for table `product`
--

LOCK TABLES `product` WRITE;
/*!40000 ALTER TABLE `product` DISABLE KEYS */;
INSERT INTO `product` VALUES (1,'Sahara Espresso Blend','sahara-espresso-blend',4,18,4.3333,1,'Cà phê hạt rang Sahara Espresso Blend được được rang phù hợp với phương pháp pha chế Espresso, Aeropress, Moka pot, Protarfiler, Nanopresso, Cold brew, Cold drip, Vietnam Phin...','2023-09-16 13:24:14','2023-10-14 22:14:27',_binary '\0',_binary '',_binary '',NULL,2,1,3),(2,'Cà phê hạt rang Specialty Coffee - \"COFFEE JOURNEY\"','ca-phe-hat-rang-specialty-coffee-coffee-journey',4,69,0,6,'Bao gồm 6 hoặc 12 gói cà phê 100gr được sơ chế đặc biệt mang lại hương vị bùng nổ từ các nông trại nổi tiếng.','2023-09-10 20:07:54','2023-10-06 20:39:25',_binary '',NULL,_binary '',NULL,2,1,3),(3,'Costa Rica SHB EP Hacienda San Ignacio Marsellesa Anaerobic Natural','costa-rica-shb-ep-hacienda-san-ignacio-marsellesa-anaerobic-natural',4,10,0,1,'Hacienda San Ignacio được thành lập vào năm 2009, vào thời điểm đó nông trại có các giống truyền thống như; caturra và catuaí, đối mặt với những thách thức giống như nhiều trang trại cà phê khác trong khu vực, mục tiêu chính đã và đang đạt được sản lượng tốt theo cách bền vững nhằm đảm bảo có một nông trại cà phê được chuẩn bị cho tương lai, sử dụng các giống và giống lai mới cũng như đầu tư vào nghiên cứu và công nghệ . Niềm đam mê và hạnh phúc mà Hacienda San Ignacio cảm thấy xung quanh cà phê là tạo ra nhiều dự án và sáng kiến mà ngày nay cho phép cung cấp nhiều loại cà phê tuyệt vời, với hình nền đặc biệt trên mỗi túi.\n\nHacienda San Ignacio nằm ở Palmichal, Acosta, nơi cà phê là hoạt động thương mại chính. Vị trí, khí hậu và độ cao của vùng đất ảnh hưởng trực tiếp đến chất lượng cà phê.','2023-09-10 20:07:37','2023-10-12 11:05:07',_binary '\0',NULL,_binary '',NULL,2,8,3),(4,'Colombia El Paraiso Midnight Jasmine','colombia-el-paraiso-midnight-jasmine',4,13,5,1,'Nếu bạn có tò mò về cái tên có vẻ kì lạ \"Midnight Jasmine\" của hạt cà đến từ nông trại nổi tiếng El Paraiso Colombia này thì cũng đừng ngạc nhiên vì chính tụi mình khi cupping lần đầu cũng hào hứng lắm, pha lẫn sự thích thú và đặt ra nhiều câu hỏi hóc búa về cái tên này.\n\nChúng mình tin rằng hương thơm của hoa nhài, cùng quả đào chín mọng hoà quyện bùng nổ trong cốc Cà phê hạt rang Colombia El Paraiso Midnight Jasmine này sẽ khiến bạn ấn tượng mãi.','2023-09-10 20:07:29','2023-10-12 11:05:15',_binary '\0',NULL,_binary '',NULL,2,2,3),(5,'Honduras Finca Moka Whisky-Aged','honduras-finca-moka-whiskyaged',4,25,0,5,'Đổi mới và cải tiến là cần thiết trong tất cả các ngành công nghiệp bao gồm cả cà phê. Do đó, các nhà sản xuất cà phê không ngừng tìm các phương pháp mới mang tính đột phá trong canh tác và chế biến hạt cà phê, tập trung vào chất lượng cao hơn và nhận được nhiều giá trị hơn.  Các nhà sản xuất phá vỡ ranh giới có thể gặp rủi ro, thực hiện nhiều nghiên cứu và không phải cải tiến nào cũng hiệu quả, có thể mất nhiều năm thử nghiệm và sai để rồi tạo ra thứ gì đó đặc biệt, ngon và có thể nhân rộng.\n\nWhiskey barrels aged là một thành công trong nỗ lực tìm kiếm điều mới lạ trong ngành cà phê. Sử dụng thùng gỗ rượu whisky sau khi đã lấy hết rượu ra ngoài. Phần xót lại của thùng này là một lớp rượu whisky đã ngấm vào phần gỗ, thường được gọi là Devil’s Cut. Đây chính là thứ mà hạt cà phê tươi sẽ hấp thụ!\n\nQuy trình ủ cà phê trong thùng gỗ sồi là một phương pháp cái tiến và nâng cao. Nó làm nổi bật thuộc tính nội tại của giống cà phê cộng hưởng với sự phức tạp của hương vị trong quá trình lên men mà không làm hỏng cấu trúc của nó.\n\nNghe quá trình này có vẻ khá đơn giản, cho một mẻ cà phê tươi vào thùng rượu whiskey đã qua sử dụng và để thời gian cho ta kết quả. Tuy nhiên sự thật không hẳn như vậy, để có được kết quả hoàn hảo nhất, nhà sản xuất cần phải vừa cởi mở nhưng phải vừa thông minh trong việc đo lường các thông số để kiểm soát việc lên men. Giống cà phê nào phù hợp để sử dụng theo cấu hình hương vị mục tiêu, tỉ lệ phần trăm độ ẩm, loại thùng nào sẽ được sử dụng, rượu whiskey ảnh hưởng như thế nào đến lượng đường của hạt trước khi rang và thời gian ủ cà phê là bao lâu thì tối ưu?\n\nCà phê tươi có đặc tính hút ẩm, do đó rất dễ nhiễm mùi từ môi trường xung quanh. Khi chúng được ủ trong thùng, thời gian là yếu tố quan trọng cần được xác định chuẩn xác. Nếu như quá nhanh hay chưa đủ tuổi, chúng không thể hấp thụ những nốt hương vị gỗ thơm ngon, mật ong hay whiskey từ thùng gỗ. Ở mặt khác, để hạt cà phê tươi trong thùng ẩm ướt quá lâu sẽ dẫn đến mùi vị khó chịu.\n\nSau khi cà phê tươi và thùng được chọn, các lô cà phê sẽ được pha trộn và cho vào thùng rượu whisky. Vỏ lụa cà phê vẫn còn trong quá trình này, nó thường được loại bỏ sau khi làm khô trong quá trình bóc vỏ trước khi cà phê được vận chuyển. Thông thường cà phê sẽ được ủ trong thùng whiskey từ 4-8 tuần và 12-18 tuần cho một số loại rất đặc biệt, điều này thường sẽ phụ thuộc vào loại cà phê đầu vào được phân loại. Khoảng thời gian này tạo nên loại cà phê phức tạp mà chúng ta có ở đây, ngọt ngào, nồng nàn và thoả mãn sâu sắc.\n\nVới sự thành công của dự án này, ngành công nghiệp chế biến cà phê tiến thêm một bước và mở ra một cảnh cửa rộng lớn hơn, tạo thêm một lối đi mới để mọi người tìm kiếm và khám phá.','2023-09-10 20:07:19','2023-09-30 14:18:56',_binary '\0',NULL,_binary '',NULL,2,7,3),(6,'Colombia Jairo Arcila Pink Bourbon Eucalyptus Honey - Exotics Cofinet','colombia-jairo-arcila-pink-bourbon-eucalyptus-honey-exotics-cofinet',4,79,0,1,'Mẫu đến từ Colombia với phương pháp sơ chế đặc biệt của nhóm Cofinet vời giống Pink Bourbon\n\nĐầu tiên là Colombia Jairo Arcila Pink Bourbon Eucalyptus Honey. Chắc các bạn còn nhớ mẫu cà phê cùng farm mang tên Jairo Arcila Cinnanmon với nốt hương Quế bùng nổ, se cay và ngọt vị mật ong. Dù bạn có thích loại cà phê lên men yếm khí với các loại thảo mộc không thì đó vẫn là một loại cà phê thực sự đặc biệt.\n\nCùng với phương pháp sơ chế này, Pink Bourbon Eucalyptus mang lại trải nghiệm tươi mới hơn với nốt hương cây bạch đàn cùng bạc hà mạnh mẽ, nghe có vẻ thú vị phải không nào.\n\nDưới đây là lời giải thích từ nhà sản xuất:\n\nChỉ những quả anh đào chín đỏ được hái bằng tay và vận chuyển đến trung tâm chế biến \"La Pradera\" trong cùng một ngày.\n\nCherry được cho vào túi Grain Pro, hàn kín để tạo môi trường yếm khí và cho vào thùng nước để ổn định nhiệt độ trong suốt quá trình lên men.\n\nChúng tôi lên men cà phê trong môi trường kỵ khí trong 8 giờ, sau đó lá bạch đàn/khuynh diệp được thêm vào và trộn nhẹ nhàng để tránh làm hỏng quả cà phê.\n\nSau 20 giờ lên men, chúng tôi đã thêm axit Tartaric để đẩy nhanh quá trình lên men và góp phần truyền hương vị khuynh diệp vào hạt cà phê.\n\nHết 48 giờ đem tách vỏ và phơi trên giàn phơi đến khi đạt độ ẩm lý tưởng 11%','2023-09-10 15:41:25','2023-09-30 14:19:10',_binary '\0',NULL,_binary '',NULL,2,2,3),(7,'Colombia Granja Paraiso 92 Gesha Nuruk','colombia-granja-paraiso-92-gesha-nuruk',4,41,0,1,'Có thể gần đây, trong cộng đồng cà phê đã biết nhiều đến các phương pháp lên men hay sơ chế cà phê độc đáo đến từ nhiều quốc gia bằng việc sử dụng các nguyên liệu tự nhiên cùng kỹ thuật tiên tiến. Từ khoá lên men Koji đang được sự quan tâm của rất nhiều người trong cộng đồng cà phê đặc sản thế giới từ người nông dân, nhà sản xuất nhà rang hay chính người tiêu dùng muốn biết về phương pháp sơ chế cà phê thú vị này.\n\nTương tự Koji đến từ Nhật Bản, Nuruk là loại chất khởi động lên men tự nhiên từ lúa mì hay ngũ cốc được làm ẩm, dùng trong sản xuất rượu Soju truyền thống tại Hàn Quốc. Mục đích của Koji và Nuruk là cơ bản giống nhau nhưng khác biệt ở thành phần, cách thức sản xuất từ đó khác nhau ở hương vị và mùi thơm ở kết quả cuối cùng. Những khác biệt này phản ảnh truyền thống sản xuất và văn hoá độc đáo của Nhật Bản và Hàn Quốc.\n\nNếu như trước đây bạn đã từng sử dụng một loại cà phê được cấy men Koji rồi thì chắc chắn không thể bỏ lỡ mẫu cà phê Gesha được cấy men Nuruk được sản xuất bởi Granja Paraiso 92 và trồng tại Colombia này.','2023-09-10 15:34:30','2023-09-30 14:21:32',_binary '\0',NULL,_binary '',NULL,2,2,3),(8,'Colombia Finca Santa Lucia Barrel-aged Strawberry','colombia-finca-santa-lucia-barrelaged-strawberry',4,48,5,1,'Finca Santa Lucia nằm ở thị trấn La Plata, ở chân đồi của Trung tâm Cordillera. Đây là một thị trấn và đô thị thuộc vùng Huila của Colombia, có dân số 57.000 người bao gồm cả khu vực nông thôn. Nó nằm cách Neiva, thủ phủ của Huila, 122 km.\n\nTrang trại nằm ở độ cao 1650 masl và tổng cộng là 6,3 ha, theo tiêu chuẩn của các trang trại cà phê Huila là trung bình đến lớn. Trong số này có 4,33 ha được trồng cà phê do bảo tồn các suối nước, các khoảnh rừng bản địa và các khu vực khó tiếp cận trong trang trại không thích hợp cho việc trồng cà phê.\n\nCác giống cà phê có 60% Castillo là dòng cà phê kháng bệnh gỉ sắt (Roya); 20% Caturra và 20% của một giống có tên Colombia, là một trong những chủng kháng bệnh gỉ sắt.\n\nFinca Santa Lucia được sở hữu và điều hành bởi Yiver Vargas Perdomo, con gái của bà là Marolling và hai con trai Cristian và Juan David. Gia đình giàu nghị lực này đã trồng cà phê được 18 năm. Gia đình tự hào về cà phê của họ và cố gắng tạo ra một sản phẩm nổi bật không chỉ về chất lượng, mà còn ở các hoạt động có trách nhiệm với xã hội và sinh thái được sử dụng để tạo ra nó. Yiver mô tả trang trại là “thiên đường dân gian” vì vẻ đẹp tự nhiên và di sản văn hóa phong phú của khu vực. Một trong những dự án của cô là chia sẻ năng lượng tích cực và lối sống thân thiện với môi trường bằng cách đưa du lịch xứ cà phê đến Finca Santa Lucia.','2023-09-10 15:30:22','2023-09-30 14:21:28',_binary '\0',NULL,_binary '',NULL,2,2,3),(9,'Robusta Chư Prông Kefir Natural','robusta-chu-prong-kefir-natural',4,16,0,8,'Chư Prông Kefir Natural là mẫu cà phê được trồng và sơ chế tại Mori Coffee Farm, nơi này không quá lớn về mặt quy mô nhưng chất lượng có thể là một trong những nơi tận tâm nhất trong những nông trại chúng mình đi qua.','2023-09-10 20:22:52','2023-09-30 14:21:22',_binary '\0',NULL,_binary '',NULL,2,5,3),(10,'Epresso House Blend - You Rock','epresso-house-blend-you-rock',4,19,0,6,'Sự pha trộn này kết hợp cà phê đặc sản của Colombia với một loại cà phê Robusta chất lượng cao của Việt Nam. Gói cà này sẽ mang đến sự \"Wow\" cho bạn và nó đang dần trở thành món pha chế phổ biến tại nhà của chúng mình, phù hợp nhất với đồ uống làm từ cà phê espresso mặc dù nó cũng thú vị với các phương pháp pha cà phê khác. Sự pha trộn này là cơ sở của sự pha trộn tùy chỉnh của chúng mình cho các khách hàng hướng tới sự mới mẻ, cần một loại cà phê mạnh mẽ, nồng nàn hơn.','2023-09-13 10:09:08','2023-09-30 14:19:50',_binary '\0',NULL,_binary '',NULL,2,5,3),(11,'Juicy Summer Collection - 3 packs','juicy-summer-collection-3-packs',4,36,0,6,'Lựa chọn siêu cool cho những chuyến đi ngày hè 2023!\n\nChắc hẳn những gói cà phê hạt trong bộ sưu tập Juicy Summer này không còn quá xa lạ với cộng đồng yêu thích cà phê đặc sản specialty nói chung và các khách hàng thân quen nói riêng.\n\nBộ sưu tập này dường như là lựa chọn không thể thiếu vào những ngày hè rực rỡ. Juicy Summer bao gồm 3 gói cà phê hạt rang đặc biệt là Orange Chiffon, Straberry Natural và Anaerobic Peachy, cả 3 đều được trồng và sơ chế tại nông trại Santa Lucia ở Colombia.\n\nCùng Travel With Coffee nhé!','2023-09-13 10:32:20','2023-09-30 14:21:17',_binary '',NULL,_binary '',NULL,2,2,3),(12,'Basic Pick Combo: Kenya AA Plus Mount Kenya & Ethiopia Oromia Buku Abel G1 Natural','basic-pick-combo:-kenya-aa-plus-mount-kenya-&-ethiopia-oromia-buku-abel-g1-natural',4,26,0,1,'Cặp sản phẩm chất lượng cao, ổn định phù hợp với người sử dụng cà phê hàng ngày với yêu cầu tiêu chuẩn cao về cà phê.\n\nKenya Washed & Ethiopia Natural đang trên bàn thử nếm, nếu bạn cần một bình cà phê ngon ổn định hàng ngày thì không thể bỏ qua 2 mẫu cà phê đến từ 2 vùng cà phê nổi tiếng Kenya & Ethiopia.\n\nMẫu Kenya nổi bật về độ chua sáng đi kèm với vị ngọt mọng nước còn Ethiopia mang đến sự ngọt ngào hơn với phương pháp sơ chế Natural cùng với các nốt hương hoa phong phú.\n\nCùng thử 2 mẫu này với các dụng cụ pha chế tại nhà có sẵn tại nhà để tìm ra nhiều sự mới mẻ hơn vì mỗi bình cà phê là khác biệt','2023-09-13 10:33:07','2023-09-30 14:21:04',_binary '',NULL,_binary '',NULL,2,3,3),(13,'ESPRESSO SIGNATURE SET - 3 packs','espresso-signature-set-3-packs',4,10,0,6,'Combo 3 gói cà phê blends đặc biệt thuộc dòng Espresso Series sẽ mang lại những shot espresso khác biệt mỗi ngày với từng nốt hương vị đặc trưng của mỗi gói. 3 mẫu cà phê được rang từ mức Medium cho tới Dark.\n\nCà phê hạt rang ESPRESSO signature SET Tổng cộng có 3 món cà phê espresso thú vị từ 3 profile hương vị đặc trưng nổi tiếng được đảm bảo nguồn gốc bới bởi đội ngũ GREEN BEAN INTERTRADE:\n\n- Red Bull Espresso Blend mức rang MEDIUM+ với acid thấp, nồng hương vị chocolate và caramel nổi trội, với body dày, creamy, ngọt hậu kéo dài, gói 250gr x 1.\n\n- Sahara Espresso Blend mức rang MEDIUM cũng là một tuỳ chọn ESPRESSO nhưng với SAHARA, người dùng sẽ cảm nhận rõ hương vị trái cây nhiệt đới, acid sáng, ngọt sâu và hương hoa ngào ngạt, gói 250gr x 1\n\n- Office Espresso Blends mức rang DARK với nốt ca cao đậm, quả ngọt, mật ong, hương vị truyền thống được cấu thành từ ROBUSTA và hàm lượng ARABICA thấp hơn cho mức acid cực thấp, dường như không chua, , gói 250gr x 1','2023-09-14 09:10:56','2023-09-30 14:22:57',_binary '',NULL,_binary '',NULL,2,1,3),(14,'Combo 3 gói cà phê thuộc dòng Country Blends Series','combo-3-goi-ca-phe-thuoc-dong-country-blends-series',4,53,0,1,'Combo 3 gói cà phê thuộc dòng Country Blends Series sẽ mang lại trải nghiệm mới lạ mỗi ngày với hương vị cà phê thuần tuý từ Colombia, Ethiopia và Kenya.\n\nCà phê hạt rang Combo 3 gói cà phê thuộc dòng Country Blends Series có 3 món cà phê thú vị từ 3 vùng trồng cà phê nổi tiếng trên thế giới:\n\n- Colombia Coffee mức rang Light+ với nốt trái cây chín nổi trội, gói 250grx 1\n\n- Ethiopia Coffee mức rang Light+ với nốt vị chua trái cây và hương hoa nhài, gói 250grx 1\n\n- Kenya Coffee mức rang Light+ với nốt hương chua sáng của các lại trái berries, gói 250grx 1','2023-09-14 12:48:27','2023-09-30 14:23:24',_binary '',NULL,_binary '',NULL,2,3,3),(15,'Colombia Huila Volcano Supremo Sc 17/18','colombia-huila-volcano-supremo-sc-17/18',4,46,0,1,'Được trồng và thu hoạch ở Huila, Colombia, nguồn gốc của loại cà phê này nằm gần núi lửa Nevado de Huila ––đất giàu khoáng chất và vi khí hậu hoàn hảo để tạo ra loại cà phê phức tạp, chất lượng cao. Các nhà sản xuất sử dụng máy xay thủ công, quay tay để tách vỏ quả cà phê và sử dụng các luống phơi cao để làm khô cà phê đều. Hạt cà phê được xử lý một cách chuyên nghiệp ở mọi công đoạn sơ chế.\n\nThe Original Origins là danh mục sản phẩm cà phê hạt rang có nguồn gốc từ những vùng nguyên liệu lớn, nổi tiếng trên thế giới. Từng loại cà phê sẽ đại diện cho mỗi vùng nói lên hương vị đặc trưng, thuần tuý và đạt giá trị sản xuất cao ở sản lượng cũng như chất lượng. Đây là những dòng cà phê rất phổ biến trên thế giới và có mặt ở hầu hết các quốc gia tiêu thụ cà phê. Từng loại cà phê trong danh mục The Original Origins sẽ được sơ chế theo phương pháp phổ biến nhất tại vùng nguyên liệu đó. Ví dụ như Kenya sẽ là Washed, Ethiopia là Natural, Việt Nam có thể là Honey, Brazil Natural, Colombia Washed,...','2023-09-15 13:29:33','2023-09-30 14:23:37',_binary '\0',NULL,_binary '',NULL,2,2,3),(16,'Colombia Bourbon Sidra Finca La Gallera','colombia-bourbon-sidra-finca-la-gallera',4,63,0,6,'Finca La Gallera nằm ở phía nam của vùng Tolima, cách thủ đô Bogota của Colombia khoảng 180 km.\n\nSidra là giống cà phê lai mới, được tạo ra từ Bourbon và Typica, là sự kết hợp đặc tính của hai giống này. Nó đã có được lượng đường đậm đặc và trọng lượng của Red Bourbon và tính axit của Typica. Tại trang trại, bạn có thể phân biệt chúng bằng cách nhìn thấy những cái cây trông mạnh mẽ, tự tin với những chiếc lá màu xanh đậm và những chùm quả anh đào chặt chẽ\n\nMô tả quá trình sơ chế\n\nQuá trình lên men cherry trong 12 giờ trước khi đưa vào máy nghiền ướt, sau đó lên men thêm 12 giờ nữa trong thùng, quá trình rửa được thực hiện sau cả hai quá trình lên men, sau cùng, hạt cà phê phải được phơi nắng trong 15 ngày.','2023-09-17 15:44:32','2023-09-30 14:23:42',_binary '\0',NULL,_binary '',NULL,2,2,3),(17,'Colombia Puerto Alegre JAVA Natural','colombia-puerto-alegre-java-natural',4,76,0,1,'Java là giống cà phê tương đối hiếm thấy, chất lượng cao ở Trung Mỹ. Chịu được các bệnh chính, với nhu cầu phân bón thấp. Sự lựa chọn tốt cho nông dân sản xuất nhỏ. Đây là giống có nguồn gốc di chuyền từ Ethiopia.\n\nJava có lịch sử canh tác lâu đời. Như tên gọi, giống này được người Hà Lan đưa trực tiếp đến đảo Java, Indonesia từ Ethiopia vào đầu thế kỷ 19.\n\nJava được mang đi khắp nơi trồng trọt thử nghiệm. Bắt đầu thử nghiệm từ giữa thế kỷ 20 ở Cameroon và đến 20 năm sau mới phát hành rộng rãi để canh tác. Hay đến năm 2016, Panama mới chính thức công nhận Java, cũng là quốc gia đầu tiên tại Trung Mỹ.\n\nChất lượng của Java được đánh giá rất cao, là đại diện thú vị được công nhận để thay thế Gesha phù hợp với những nông trại cà phê nhỏ, có khả năng chống bệnh gỉ sắt trên lá cà phê.\n\nNông trại cung cấp nhân xanh cho Stupiducks lần này là Puerto Alegre.','2023-09-17 16:17:00','2023-09-30 14:23:48',_binary '\0',NULL,_binary '',NULL,2,2,3),(18,'COLOMBIA GESHA SAN JOSE HONEY - Cup of Excellence Rank 11 Colombia','colombia-gesha-san-jose-honey-cup-of-excellence-rank-11-colombia',4,91,0,9,'Consuelo đã làm việc trong lĩnh vực cà phê 20 năm, sau khi chồng cô qua đời, cô ấy tiếp tục các dự án đổi mới cùng với cậu con trai của mình. Tại trang trại San Jose, họ trồng các giống cà phê như Gesha, Yellow Bourbon và Pink Bourbon, mong muốn cải tiến mỗi ngày về mặt cơ sở hạ tầng cũng như kiến thức trong công cuộc đổi mới phương pháp sơ chế của họ.\n\nConsuelo Maria Garcia Marin hiện đang điều hành nông trại San Jose\nLô cà phê được tham gia đấu giá tại Cup Of Excellence Colombia 2021 đạt được số điểm 87.93 và nằm trong top 11 loại cà phê được đánh giá cao trong cuộc thi.','2023-09-23 20:58:02','2023-09-30 14:23:54',_binary '\0',NULL,_binary '',NULL,2,2,3),(19,'Ethiopia Yirgacheffee Suke Shade Slow Drying G1','ethiopia-yirgacheffee-suke-shade-slow-drying-g1',4,39,0,3,' Cà phê hạt rang Specialty Coffee Yirgacheffe, Ethiopia là một trong những loại cà phê được tìm kiếm nhiều nhất trên thế giới bởi đặc trưng về hương vị tinh tế, giống cà phê nguyên bản, điều kiện địa lý lý tưởng để phát triển cà phê cao cấp. Loại cà phê được Stupiducks giới thiệu lần này được sơ chế tại Haru Suke, sử dụng phương pháp rửa sạch và phơi trong bóng râm tạo ra nhiều nốt hương phức tạp và độ ngọt cao','2023-09-23 21:02:31','2023-09-30 14:24:00',_binary '\0',NULL,_binary '',NULL,2,6,3),(20,'Happy Fox - Cold Drip Đậm Đặc x3 - Arctic Fox Cold Drip','happy-fox-cold-drip-dam-dac-x3-arctic-fox-cold-drip',1,92,0,6,'Happy Fox 3/5- Hương vị: trái cây lên men, Dâu tây, Táo, Nho, Mật ong\n100% hạt cà phê đặc sản Myanmar và Costa Rica Musician.\nVới 100% hạt cà phê arabica hảo hạn, có độ rang hoàn hảo và hoàn toàn hữu cơ. Bằng phương pháp ủ lạnh chiết xuất cùng hệ thống máy móc công nghệ cao, khử khuẩn UV tạo ra cà phê đậm đặc có hương vị mượt mà sóng sánh thơm đượm hương hoa, chút đắng nhẹ, hậu vị ngọt của các loại trái cây nhiệt đới, caramel...và độ acid rất thấp.','2023-09-24 10:35:11','2023-09-30 14:24:16',_binary '\0',NULL,_binary '',NULL,4,5,3),(21,'Clever Fox - Cold Drip Đậm Đặc x3','clever-fox-cold-drip-dam-dac-x3',1,62,0,2,'Với 100% hạt cà phê arabica hảo hạn, có độ rang hoàn hảo và hoàn toàn hữu cơ. Bằng phương pháp ủ lạnh chiết xuất cùng hệ thống máy móc công nghệ cao, khử khuẩn UV tạo ra cà phê đậm đặc có hương vị mượt mà sóng sánh thơm đượm hương hoa, chút đắng nhẹ, hậu vị ngọt của các loại trái cây nhiệt đới, caramel...và độ acid rất thấp.\n\nClever Fox 4,5/5- Hương vị: Hạnh nhân, Hương các loại hạt, Hương hoa, Vị caramel\n\n100% hạt cà phê đặc sản Myanmar và Colombia Red Plum.','2023-09-24 10:38:14','2023-09-30 14:24:22',_binary '\0',NULL,_binary '',NULL,4,5,3),(22,'Ethiopian Fox - Cold Drip Đậm Đặc x3','ethiopian-fox-cold-drip-dam-dac-x3',1,26,0,1,'Đối với những tín đồ yêu Cold Brew, chúng mình biết rằng các bạn đang tìm kiếm một loại cà phê Cold Brew tuyệt vời trong những ngày hè oi bức. Cà phê Africa Cold Brew được phục vụ tại các trạm Arctic Fox trên toàn quốc, đây là lựa chọn số một của chúng mình cho các mẻ Cold Brew đầy hương hoa trái.\n\nKhi thêm sữa vào món Cold Brew này, phần body sẽ dậy lên nốt béo ngậy, sô cô la gần như rất nổi bật tạo nên một món đồ uống vô cùng hâp dẫn. Hãy tự tin thưởng thức theo bất kỳ cách nào bạn muốn.\n\nEthiopian Fox 2/5- Hương vị: Hoa mộc lan, Dâu tây, Dâu tằm, Jammy Cream body.','2023-09-24 10:40:08','2023-09-30 14:24:29',_binary '\0',NULL,_binary '',NULL,4,5,3),(23,'Specialty Fox - Cold Drip Đậm Đặc x3','specialty-fox-cold-drip-dam-dac-x3',1,23,0,1,'Với 100% hạt cà phê arabica specialty, có độ rang hoàn hảo và hoàn toàn hữu cơ.\n\nTất cả các loại cà phê trong danh sách sử dụng đều vượt quá tiêu chuẩn specialty. Cà phê specialty phải đạt từ 80 điểm trở lên trên thang điểm 100. Chúng mình chỉ sử dụng các loại cà phê specialty có đăng ký 84 trở lên. Bằng phương pháp ủ lạnh chiết xuất cùng hệ thống máy móc công nghệ cao, khử khuẩn UV tạo ra cà phê đậm đặc có hương vị mượt mà sóng sánh thơm đượm hương hoa, chút đắng nhẹ, hậu vị ngọt của các loại trái cây nhiệt đới, caramel...và độ acid rất thấp.\n\nSpecialty Fox 3/5- Hương vị: Cam, body tốt, Bưởi, Hoa nhài, Chanh, Thảo mộc ngọt, Gia vị ngọt ngào đã khi kết thúc\n100% hạt cà phê specialty','2023-09-24 10:42:27','2023-09-30 14:24:35',_binary '\0',NULL,_binary '',NULL,4,5,3),(24,'Tradional Fox - Cold Drip Đậm Đặc x3','tradional-fox-cold-drip-dam-dac-x3',1,30,0,2,'Cà phê organic 100% hạt Robusta chất lượng cao, 0% đường\n\nTaste note: chocolate, caramel, tobaco, strong body\n\nVới 100% hạt cà phê robusta chất lượng cao tại Gia Lai, có độ rang đậm và hoàn toàn hữu cơ. Bằng phương pháp ủ lạnh chiết xuất cùng hệ thống máy móc công nghệ cao, khử khuẩn UV tạo ra cà phê đậm đặc có hương vị mượt mà sóng sánh thơm đượm hương chocolate, chút đắng nhẹ, hậu vị ngọt của các loại ngũ cốc, caramel...và độ acid rất thấp.\n\n100% hạt cà phê robusta.\n\nCà phê specialty coffee Traditional Robusta Artic Fox Cold Brew - Ready to drink được pha chế bởi Arctic Fox ngon hơn khi uống với đá, sữa hạt hoặc kết hợp với các loại nước ép trái cây khác','2023-09-24 10:43:57','2023-09-30 14:24:42',_binary '\0',NULL,_binary '',NULL,4,5,3),(25,'Africa Cold Brew','africa-cold-brew',1,69,0,2,'Đối với những tín đồ yêu Cold Brew, chúng mình biết rằng các bạn đang tìm kiếm một loại cà phê Cold Brew tuyệt vời trong những ngày hè oi bức. Cà phê Africa Cold Brew được phục vụ tại các trạm Arctic Fox trên toàn quốc, đây là lựa chọn số một của chúng mình cho các mẻ Cold Brew đầy hương hoa trái.\n\nKhi thêm sữa vào món Cold Brew này, phần body sẽ dậy lên nốt béo ngậy, sô cô la gần như rất nổi bật tạo nên một món đồ uống vô cùng hâp dẫn. Hãy tự tin thưởng thức theo bất kỳ cách nào bạn muốn.','2023-09-24 10:46:33','2023-09-30 14:24:49',_binary '\0',NULL,_binary '',NULL,4,5,3),(26,'Americas Cold Brew','americas-cold-brew',1,64,0,9,'Americas Arctic Fox Cold Brew - Ready to drink\n\nCà phê organic 100% hạt Arabica cao cấp, 0% đường\n\nTaste note: Honey aroma, fruit note, winey, black cherry, sweet & balance\n\nVới 100% hạt cà phê arabica hảo hạn, có độ rang hoàn hảo và hoàn toàn hữu cơ. Bằng phương pháp ủ lạnh chiết xuất cùng hệ thống máy móc công nghệ cao, khử khuẩn UV tạo ra cà phê đậm đặc có hương vị mượt mà sóng sánh thơm đượm hương hoa, chút đắng nhẹ, hậu vị ngọt của các loại trái cây nhiệt đới, caramel...và độ acid rất thấp.\n\n100% hạt cà phê đặc sản từ châu Mỹ.\n\nCà phê specialty coffee Americas Arctic Fox Cold Brew - Ready to drink được pha chế bởi Arctic Fox ngon hơn khi uống với đá, sữa hạt hoặc kết hợp với các loại nước ép trái cây khác','2023-09-24 10:48:06','2023-09-30 14:24:58',_binary '\0',NULL,_binary '',NULL,4,5,3),(27,'Asia Cold Brew','asia-cold-brew',1,17,0,8,'Asia Arctic Fox Cold Brew - Ready to drink\n\nCà phê organic 100% hạt Arabica cao cấp, 0% đường.\n\nTaste note: Hạnh nhân, Hương các loại hạt, Hương hoa, Vị caramel.\n\nVới 100% hạt cà phê arabica hảo hạn, có độ rang hoàn hảo và hoàn toàn hữu cơ. Bằng phương pháp ủ lạnh chiết xuất cùng hệ thống máy móc công nghệ cao, khử khuẩn UV tạo ra cà phê đậm đặc có hương vị mượt mà sóng sánh thơm đượm hương hoa, chút đắng nhẹ, hậu vị ngọt của các loại trái cây nhiệt đới, caramel...và độ acid rất thấp.\n\n100% hạt cà phê đặc sản từ Châu Á.\n\nCà phê specialty coffee Asia Arctic Fox Cold Brew - Ready to drink được pha chế bởi Arctic Fox ngon hơn khi uống với đá, sữa hạt hoặc kết hợp với các loại nước ép trái cây khác','2023-09-24 10:49:52','2023-09-30 14:25:04',_binary '\0',NULL,_binary '',NULL,4,5,3),(28,'Gourmet Cold Brew','gourmet-cold-brew',1,60,0,9,'100% Panama Gesha Coffee Bean','2023-09-24 10:51:10','2023-09-30 14:25:14',_binary '\0',NULL,_binary '',NULL,4,5,3),(29,'Special Blends Cold Brew','special-blends-cold-brew',1,63,0,8,'Cà phê organic 100% hạt Arabica cao cấp, 0% đường\n\nTaste note: Tropical fruits, grape, strawberry, floral aroma\n\nVới 100% hạt cà phê arabica hảo hạn, có độ rang hoàn hảo và hoàn toàn hữu cơ. Bằng phương pháp ủ lạnh chiết xuất cùng hệ thống máy móc công nghệ cao, khử khuẩn UV tạo ra cà phê đậm đặc có hương vị mượt mà sóng sánh thơm đượm hương hoa, chút đắng nhẹ, hậu vị ngọt của các loại trái cây nhiệt đới, caramel...và độ acid rất thấp.\n\n100% hạt cà phê đặc sản.\n\nCà phê specialty coffee Special Blend Artic Fox Cold Brew - Ready to drink được pha chế bởi Arctic Fox ngon hơn khi uống với đá, sữa hạt hoặc kết hợp với các loại nước ép trái cây khác','2023-09-24 10:51:59','2023-09-30 14:25:21',_binary '\0',NULL,_binary '',NULL,4,5,3),(30,'Traditional Robusta Cold Brew','traditional-robusta-cold-brew',1,34,0,9,'Cà phê organic 100% hạt Robusta chất lượng cao, 0% đường\n\nTaste note: chocolate, caramel, tobaco, strong body\n\nVới 100% hạt cà phê robusta chất lượng cao tại Gia Lai, có độ rang đậm và hoàn toàn hữu cơ. Bằng phương pháp ủ lạnh chiết xuất cùng hệ thống máy móc công nghệ cao, khử khuẩn UV tạo ra cà phê đậm đặc có hương vị mượt mà sóng sánh thơm đượm hương chocolate, chút đắng nhẹ, hậu vị ngọt của các loại ngũ cốc, caramel...và độ acid rất thấp.\n\n100% hạt cà phê robusta.\n\nCà phê specialty coffee Traditional Robusta Artic Fox Cold Brew - Ready to drink được pha chế bởi Arctic Fox ngon hơn khi uống với đá, sữa hạt hoặc kết hợp với các loại nước ép trái cây khác','2023-09-24 11:06:20','2023-09-30 14:25:28',_binary '\0',NULL,_binary '',NULL,4,5,3),(31,'Fine Robusta Anaerobic Pleiku Việt Nam - C5 Coffee Farm & Roasters','fine-robusta-anaerobic-pleiku-viet-nam-c5-coffee-farm-&-roasters',4,62,0,1,'Thật tuyệt khi Coffee Store được hợp tác cùng nông trại cà phê C5. Đây là một nông trại cà phê phát triển các dòng cà phê chất lượng cao, nổi bật trong năm 2023 là các loại cà phê Liberica sơ chế tiên tiến với nhiều phương pháp khác nhau, mang lại hương vị vô cùng thú vị.\n\nKhi các bạn đặt chân C5 COFFEE, các bạn cũng đang bắt đầu một cuộc hành trình tìm hiểu và cảm xúc về nguồn gốc của những hạt cà phê thơm ngon mà C5 tự hào mang đến rồi đó. Chúng mình không chỉ đơn thuần là một quán cà phê, mà còn là người kể chuyện về cuộc hành trình từ cây cà phê đến tách cà phê thơm ngon đậm đà đó nhe !!!!\n\nChúng mình đã học hỏi và trau dồi kinh nghiệm để tìm hiểu kĩ càng về nguồn gốc, quá trình trồng trọt và chế biến của từng loại hạt cà phê, để mang đến cho các bạn những ly cà phê chất lượng nhất với sức của chúng mình. Để đảm bảo chất lượng tốt nhất, C5 đã phải “ tự cung, tự cấp” để đảm bảo rằng từng hạt cà phê đều được chăm sóc kỹ lưỡng và xử lý một cách tốt nhất.\n\nViệc lựa chọn cà phê chất lượng cao không chỉ giúp chúng mình tạo ra những thức uống ngon miệng, mà còn góp phần vào việc bảo vệ môi trường và cộng đồng sản xuất cà phê nữa. Nên là C5 chúng mình hy vọng rằng mỗi ly cà phê mà mình mang đến cho các bạn không chỉ là những tách cà phê tốt nhất mà còn là những trải nghiệm thưởng thức thú vị - một chặng đường kết nối với vùng đất xa xôi nơi những hạt cà phê được sinh ra và trưởng thành.','2023-09-24 12:09:22','2023-09-30 14:25:37',_binary '\0',NULL,_binary '',NULL,2,5,3),(32,'Fine Robusta Whisky Barrels Aged, The Limited Edition dành cho sự kiện Thailand Coffee Hub 2023','fine-robusta-whisky-barrels-aged-the-limited-edition-danh-cho-su-kien-thailand-coffee-hub-2023',4,16,0,2,'Để Mang lại tinh thần đặc biệt đến từ Việt Nam cho sự kiện Thailand Coffee Hub 2023, Stupiducks mang mẫu cà phê đã cất giữ trong kho lạnh rất lâu ra để cho ra 2 mẻ rang duy nhất vô cùng hấp dẫn mà khó có thể tìm thấy ở bất kỳ đâu. Một phần trong số đó sẽ được bày bán tại Coffee Store để mang lại trải nghiệm mới cho cộng đồng yêu cà phê specialty tại Việt Nam.\n\nMẫu cà phê lần này là Robusta đến từ Gia Lai, được sơ chế đặc biệt với hương nồng whiskey, một chút thảo mộc cùng với hơi nồng ấm của khói và vị ngọt hậu kéo dài.','2023-09-30 14:32:08',NULL,_binary '\0',NULL,_binary '',NULL,2,9,3);
/*!40000 ALTER TABLE `product` ENABLE KEYS */;
UNLOCK TABLES;

--
-- Table structure for table `product_detail`
--

DROP TABLE IF EXISTS `product_detail`;
/*!40101 SET @saved_cs_client     = @@character_set_client */;
/*!50503 SET character_set_client = utf8mb4 */;
CREATE TABLE `product_detail` (
  `id` int NOT NULL AUTO_INCREMENT,
  `product_id` int DEFAULT NULL,
  `weight` int DEFAULT NULL,
  `stock` int DEFAULT NULL,
  `price` int DEFAULT NULL,
  `status` bit(1) DEFAULT NULL,
  PRIMARY KEY (`id`),
  KEY `FK_PD_Product_idx` (`product_id`),
  CONSTRAINT `FK_PD_Product` FOREIGN KEY (`product_id`) REFERENCES `product` (`id`) ON DELETE CASCADE ON UPDATE CASCADE
) ENGINE=InnoDB AUTO_INCREMENT=83 DEFAULT CHARSET=utf8mb4 COLLATE=utf8mb4_0900_ai_ci;
/*!40101 SET character_set_client = @saved_cs_client */;

--
-- Dumping data for table `product_detail`
--

LOCK TABLES `product_detail` WRITE;
/*!40000 ALTER TABLE `product_detail` DISABLE KEYS */;
INSERT INTO `product_detail` VALUES (1,1,100,70,160000,_binary ''),(2,1,200,120,337000,_binary ''),(3,2,100,50,1350000,_binary ''),(4,2,250,40,2600000,_binary ''),(5,3,100,80,170000,_binary ''),(6,3,250,100,350000,_binary ''),(7,3,1000,45,1120000,_binary ''),(8,4,100,170,260000,_binary ''),(9,4,250,65,540000,_binary ''),(10,5,100,110,230000,_binary ''),(11,5,250,55,490000,_binary ''),(12,6,100,70,325000,_binary ''),(13,6,250,40,675000,_binary ''),(14,7,100,75,410000,_binary ''),(15,7,250,30,860000,_binary ''),(16,8,100,70,230000,_binary ''),(17,8,250,65,475000,_binary ''),(18,9,250,130,160000,_binary ''),(19,9,500,90,280000,_binary ''),(20,9,1000,80,510000,_binary ''),(21,10,100,150,90000,_binary ''),(22,10,250,95,190000,_binary ''),(23,11,100,50,620000,_binary ''),(24,11,250,40,1280000,_binary ''),(25,14,100,75,320000,_binary ''),(26,14,250,35,720000,_binary ''),(27,12,100,45,300000,_binary ''),(28,12,250,25,650000,_binary ''),(29,13,100,75,290000,_binary ''),(30,13,250,40,650000,_binary ''),(31,15,250,65,170000,_binary ''),(32,15,1000,55,540000,_binary ''),(33,16,100,50,235000,_binary ''),(34,16,250,40,490000,_binary ''),(35,17,100,70,370000,_binary ''),(36,17,250,50,765000,_binary ''),(37,17,250,50,765000,_binary ''),(38,18,100,35,810000,_binary ''),(39,18,250,45,1700000,_binary ''),(40,19,100,75,110000,_binary ''),(41,19,250,55,250000,_binary ''),(42,31,250,95,95000,_binary ''),(43,20,250,70,190000,_binary ''),(44,20,500,50,340000,_binary ''),(45,20,1000,45,610000,_binary ''),(46,21,250,75,165000,_binary ''),(47,21,500,75,300000,_binary ''),(48,21,1000,55,530000,_binary ''),(49,22,250,85,205000,_binary ''),(50,22,500,50,370000,_binary ''),(51,22,1000,35,660000,_binary ''),(52,23,250,50,250000,_binary ''),(53,23,500,45,450000,_binary ''),(54,23,1000,35,800000,_binary ''),(55,24,250,70,70000,_binary ''),(56,24,500,50,125000,_binary ''),(57,24,1000,50,225000,_binary ''),(58,25,250,45,80000,_binary ''),(59,25,500,50,120000,_binary ''),(60,25,1000,50,220000,_binary ''),(61,25,2000,40,375000,_binary ''),(62,26,250,50,80000,_binary ''),(63,26,500,50,120000,_binary ''),(64,26,1000,50,220000,_binary ''),(65,26,2000,50,375000,_binary ''),(66,27,250,70,65000,_binary ''),(67,27,500,95,95000,_binary ''),(68,27,1000,75,175000,_binary ''),(69,27,2000,65,295000,_binary ''),(70,28,250,110,115000,_binary ''),(71,28,500,75,215000,_binary ''),(72,28,1000,45,400000,_binary ''),(73,29,250,70,65000,_binary ''),(74,29,500,95,95000,_binary ''),(75,29,1000,70,175000,_binary ''),(76,29,2000,60,295000,_binary ''),(77,30,250,110,45000,_binary ''),(78,30,500,110,65000,_binary ''),(79,30,1000,110,110000,_binary ''),(80,30,2000,80,200000,_binary ''),(81,32,100,0,125000,_binary ''),(82,32,250,80,260000,_binary '');
/*!40000 ALTER TABLE `product_detail` ENABLE KEYS */;
UNLOCK TABLES;

--
-- Table structure for table `product_image`
--

DROP TABLE IF EXISTS `product_image`;
/*!40101 SET @saved_cs_client     = @@character_set_client */;
/*!50503 SET character_set_client = utf8mb4 */;
CREATE TABLE `product_image` (
  `id` int NOT NULL AUTO_INCREMENT,
  `image_name` varchar(999) DEFAULT NULL,
  `url` varchar(9999) DEFAULT NULL,
  `created_at` date DEFAULT NULL,
  `updated_at` date DEFAULT NULL,
  `status` bit(1) DEFAULT NULL,
  `product_id` int DEFAULT NULL,
  PRIMARY KEY (`id`),
  KEY `FK_ProductImage_Product_idx` (`product_id`),
  CONSTRAINT `FK_ProductImage_Product` FOREIGN KEY (`product_id`) REFERENCES `product` (`id`) ON DELETE CASCADE ON UPDATE CASCADE
) ENGINE=InnoDB AUTO_INCREMENT=105 DEFAULT CHARSET=utf8mb4 COLLATE=utf8mb4_0900_ai_ci;
/*!40101 SET character_set_client = @saved_cs_client */;

--
-- Dumping data for table `product_image`
--

LOCK TABLES `product_image` WRITE;
/*!40000 ALTER TABLE `product_image` DISABLE KEYS */;
INSERT INTO `product_image` VALUES (1,'23-09-2023T19:09:11PMsahara_blend.webp','https://firebasestorage.googleapis.com/v0/b/filtro-1aa65.appspot.com/o/coffee%2FSahara%20Espresso%20Blend%2F23-09-2023T19%3A09%3A11PMsahara_blend.webp?alt=media&token=1708a009-4cf5-4f6b-8431-09172b26885c','2023-09-23',NULL,_binary '',1),(2,'24-09-2023T12:09:45PMcoffee_journey.webp','https://firebasestorage.googleapis.com/v0/b/filtro-1aa65.appspot.com/o/coffee%2FC%C3%A0%20ph%C3%AA%20h%E1%BA%A1t%20rang%20Specialty%20Coffee%20-%20%22COFFEE%20JOURNEY%22%2F24-09-2023T12%3A09%3A45PMcoffee_journey.webp?alt=media&token=a847caaf-69c7-446b-8770-fe2afd7a7d9f','2023-09-23','2023-09-24',_binary '',2),(3,'24-09-2023T12:09:56PMcoffee_journey_sub_1.webp','https://firebasestorage.googleapis.com/v0/b/filtro-1aa65.appspot.com/o/coffee%2FC%C3%A0%20ph%C3%AA%20h%E1%BA%A1t%20rang%20Specialty%20Coffee%20-%20%22COFFEE%20JOURNEY%22%2F24-09-2023T12%3A09%3A56PMcoffee_journey_sub_1.webp?alt=media&token=7efdd136-e1c9-48a7-9b82-32844214ffb1','2023-09-23','2023-09-24',_binary '',2),(4,'24-09-2023T12:09:45PMcoffee_journey_sub_2.webp','https://firebasestorage.googleapis.com/v0/b/filtro-1aa65.appspot.com/o/coffee%2FC%C3%A0%20ph%C3%AA%20h%E1%BA%A1t%20rang%20Specialty%20Coffee%20-%20%22COFFEE%20JOURNEY%22%2F24-09-2023T12%3A09%3A45PMcoffee_journey_sub_2.webp?alt=media&token=0f513b5d-8e2f-430d-9a72-1c2c618d1a37','2023-09-23','2023-09-24',_binary '',2),(5,'24-09-2023T12:09:65PMcoffee_journey_sub_3.webp','https://firebasestorage.googleapis.com/v0/b/filtro-1aa65.appspot.com/o/coffee%2FC%C3%A0%20ph%C3%AA%20h%E1%BA%A1t%20rang%20Specialty%20Coffee%20-%20%22COFFEE%20JOURNEY%22%2F24-09-2023T12%3A09%3A65PMcoffee_journey_sub_3.webp?alt=media&token=f66c7627-a45b-4269-97cf-70d6928e4679','2023-09-23','2023-09-24',_binary '',2),(6,'24-09-2023T12:09:09PMmarsellesa.webp','https://firebasestorage.googleapis.com/v0/b/filtro-1aa65.appspot.com/o/coffee%2FCosta%20Rica%20SHB%20EP%20Hacienda%20San%20Ignacio%20Marsellesa%20Anaerobic%20Natural%2F24-09-2023T12%3A09%3A09PMmarsellesa.webp?alt=media&token=b226a19f-2171-48d5-8e3a-e7aebd487043','2023-09-23','2023-09-24',_binary '',3),(7,'24-09-2023T12:09:47PMmarsellesa_sub_1.webp','https://firebasestorage.googleapis.com/v0/b/filtro-1aa65.appspot.com/o/coffee%2FCosta%20Rica%20SHB%20EP%20Hacienda%20San%20Ignacio%20Marsellesa%20Anaerobic%20Natural%2F24-09-2023T12%3A09%3A47PMmarsellesa_sub_1.webp?alt=media&token=67ac2ec9-9f6f-4b66-b637-e36e75004ad0','2023-09-23','2023-09-24',_binary '',3),(8,'24-09-2023T12:09:12PMmarsellesa_sub_2.webp','https://firebasestorage.googleapis.com/v0/b/filtro-1aa65.appspot.com/o/coffee%2FCosta%20Rica%20SHB%20EP%20Hacienda%20San%20Ignacio%20Marsellesa%20Anaerobic%20Natural%2F24-09-2023T12%3A09%3A12PMmarsellesa_sub_2.webp?alt=media&token=3fbd9224-d540-4ae9-9c16-1e3ebd8f052e','2023-09-23','2023-09-24',_binary '',3),(9,'24-09-2023T12:09:40PMmarsellesa_sub_3.webp','https://firebasestorage.googleapis.com/v0/b/filtro-1aa65.appspot.com/o/coffee%2FCosta%20Rica%20SHB%20EP%20Hacienda%20San%20Ignacio%20Marsellesa%20Anaerobic%20Natural%2F24-09-2023T12%3A09%3A40PMmarsellesa_sub_3.webp?alt=media&token=9ae67033-ae43-42a3-b0f7-04d2e61b306d','2023-09-23','2023-09-24',_binary '',3),(10,'24-09-2023T12:09:91PMmarsellesa_sub_4.webp','https://firebasestorage.googleapis.com/v0/b/filtro-1aa65.appspot.com/o/coffee%2FCosta%20Rica%20SHB%20EP%20Hacienda%20San%20Ignacio%20Marsellesa%20Anaerobic%20Natural%2F24-09-2023T12%3A09%3A91PMmarsellesa_sub_4.webp?alt=media&token=bfdeef6b-caa9-4d23-b671-6b1cd0afc0c4','2023-09-23','2023-09-24',_binary '',3),(11,'24-09-2023T12:09:15PMjasmine.webp','https://firebasestorage.googleapis.com/v0/b/filtro-1aa65.appspot.com/o/coffee%2FColombia%20El%20Paraiso%20Midnight%20Jasmine%2F24-09-2023T12%3A09%3A15PMjasmine.webp?alt=media&token=fad49214-0792-486a-8b4e-8e760fa4ed02','2023-09-23','2023-09-24',_binary '',4),(12,'24-09-2023T12:09:16PMjasmine_sub_1.webp','https://firebasestorage.googleapis.com/v0/b/filtro-1aa65.appspot.com/o/coffee%2FColombia%20El%20Paraiso%20Midnight%20Jasmine%2F24-09-2023T12%3A09%3A16PMjasmine_sub_1.webp?alt=media&token=c2b01d31-69b9-4f53-9e10-17ce6a3b9827','2023-09-23','2023-09-24',_binary '',4),(13,'24-09-2023T12:09:80PMjasmine_sub_2.webp','https://firebasestorage.googleapis.com/v0/b/filtro-1aa65.appspot.com/o/coffee%2FColombia%20El%20Paraiso%20Midnight%20Jasmine%2F24-09-2023T12%3A09%3A80PMjasmine_sub_2.webp?alt=media&token=957b4307-17ee-4cec-9731-f6929b110de7','2023-09-23','2023-09-24',_binary '',4),(14,'24-09-2023T12:09:10PMjasmine_sub_3.webp','https://firebasestorage.googleapis.com/v0/b/filtro-1aa65.appspot.com/o/coffee%2FColombia%20El%20Paraiso%20Midnight%20Jasmine%2F24-09-2023T12%3A09%3A10PMjasmine_sub_3.webp?alt=media&token=041beac6-f32f-4122-8e7e-93c5485182e2','2023-09-23','2023-09-24',_binary '',4),(15,'24-09-2023T12:09:05PMjasmin_sub_4.webp','https://firebasestorage.googleapis.com/v0/b/filtro-1aa65.appspot.com/o/coffee%2FColombia%20El%20Paraiso%20Midnight%20Jasmine%2F24-09-2023T12%3A09%3A05PMjasmin_sub_4.webp?alt=media&token=5c0d0dbb-4b0b-4aa3-abad-9f70c6594f19','2023-09-23','2023-09-24',_binary '',4),(16,'24-09-2023T12:09:87PMhonduras_moka_whisky.webp','https://firebasestorage.googleapis.com/v0/b/filtro-1aa65.appspot.com/o/coffee%2FHonduras%20Finca%20Moka%20Whisky-Aged%2F24-09-2023T12%3A09%3A87PMhonduras_moka_whisky.webp?alt=media&token=fb64d30f-b37f-48e2-9aa6-759a4a04b2f5','2023-09-23','2023-09-24',_binary '',5),(17,'24-09-2023T12:09:07PMhonduras_moka_whisky_sub_1.webp','https://firebasestorage.googleapis.com/v0/b/filtro-1aa65.appspot.com/o/coffee%2FHonduras%20Finca%20Moka%20Whisky-Aged%2F24-09-2023T12%3A09%3A07PMhonduras_moka_whisky_sub_1.webp?alt=media&token=5853cbe0-dc82-43f7-8079-80c25575980e','2023-09-23','2023-09-24',_binary '',5),(18,'24-09-2023T12:09:32PMhonduras_moka_whisky_sub_2.webp','https://firebasestorage.googleapis.com/v0/b/filtro-1aa65.appspot.com/o/coffee%2FHonduras%20Finca%20Moka%20Whisky-Aged%2F24-09-2023T12%3A09%3A32PMhonduras_moka_whisky_sub_2.webp?alt=media&token=a73a5dbf-205d-40f9-a429-bee274c53be7','2023-09-23','2023-09-24',_binary '',5),(19,'24-09-2023T12:09:00PMpink_bourbon.webp','https://firebasestorage.googleapis.com/v0/b/filtro-1aa65.appspot.com/o/coffee%2FColombia%20Jairo%20Arcila%20Pink%20Bourbon%20Eucalyptus%20Honey%20-%20Exotics%20Cofinet%2F24-09-2023T12%3A09%3A00PMpink_bourbon.webp?alt=media&token=a22e874b-32d1-44eb-a4d0-8f35e2534404','2023-09-23','2023-09-24',_binary '',6),(20,'24-09-2023T12:09:36PMpink_bourbon_sub_1.webp','https://firebasestorage.googleapis.com/v0/b/filtro-1aa65.appspot.com/o/coffee%2FColombia%20Jairo%20Arcila%20Pink%20Bourbon%20Eucalyptus%20Honey%20-%20Exotics%20Cofinet%2F24-09-2023T12%3A09%3A36PMpink_bourbon_sub_1.webp?alt=media&token=70d640f1-6c54-49d7-b763-be0111834704','2023-09-23','2023-09-24',_binary '',6),(21,'24-09-2023T12:09:47PMpink_bourbon_sub_2.webp','https://firebasestorage.googleapis.com/v0/b/filtro-1aa65.appspot.com/o/coffee%2FColombia%20Jairo%20Arcila%20Pink%20Bourbon%20Eucalyptus%20Honey%20-%20Exotics%20Cofinet%2F24-09-2023T12%3A09%3A47PMpink_bourbon_sub_2.webp?alt=media&token=f20a66fc-26ea-474c-994e-a1717b47dda3','2023-09-23','2023-09-24',_binary '',6),(22,'24-09-2023T12:09:06PMpink_bourbon_sub_3.webp','https://firebasestorage.googleapis.com/v0/b/filtro-1aa65.appspot.com/o/coffee%2FColombia%20Jairo%20Arcila%20Pink%20Bourbon%20Eucalyptus%20Honey%20-%20Exotics%20Cofinet%2F24-09-2023T12%3A09%3A06PMpink_bourbon_sub_3.webp?alt=media&token=13e8dc64-995c-445e-9539-6f84c58dd11b','2023-09-23','2023-09-24',_binary '',6),(23,'24-09-2023T12:09:62PMgesha-nuruk.webp','https://firebasestorage.googleapis.com/v0/b/filtro-1aa65.appspot.com/o/coffee%2FColombia%20Granja%20Paraiso%2092%20Gesha%20Nuruk%20-%20250gr%2F24-09-2023T12%3A09%3A62PMgesha-nuruk.webp?alt=media&token=03fe0c4e-6e12-4190-bf94-35316923440f','2023-09-23','2023-09-24',_binary '',7),(24,'24-09-2023T12:09:01PMgesha-nuruk_sub_1.webp','https://firebasestorage.googleapis.com/v0/b/filtro-1aa65.appspot.com/o/coffee%2FColombia%20Granja%20Paraiso%2092%20Gesha%20Nuruk%20-%20250gr%2F24-09-2023T12%3A09%3A01PMgesha-nuruk_sub_1.webp?alt=media&token=fbc577fe-09d8-4a2f-a601-59f7bf70eaa1','2023-09-23','2023-09-24',_binary '',7),(25,'24-09-2023T12:09:89PMgesha-nuruk_sub_2.webp','https://firebasestorage.googleapis.com/v0/b/filtro-1aa65.appspot.com/o/coffee%2FColombia%20Granja%20Paraiso%2092%20Gesha%20Nuruk%20-%20250gr%2F24-09-2023T12%3A09%3A89PMgesha-nuruk_sub_2.webp?alt=media&token=11f28a5f-902a-428d-9245-d499da9267fe','2023-09-23','2023-09-24',_binary '',7),(26,'24-09-2023T12:09:06PMgesha-nuruk_sub_3.webp','https://firebasestorage.googleapis.com/v0/b/filtro-1aa65.appspot.com/o/coffee%2FColombia%20Granja%20Paraiso%2092%20Gesha%20Nuruk%20-%20250gr%2F24-09-2023T12%3A09%3A06PMgesha-nuruk_sub_3.webp?alt=media&token=481c69b6-6318-4575-b7a2-918b98ab3f2c','2023-09-23','2023-09-24',_binary '',7),(27,'24-09-2023T12:09:95PMgesha-nuruk_sub_4.webp','https://firebasestorage.googleapis.com/v0/b/filtro-1aa65.appspot.com/o/coffee%2FColombia%20Granja%20Paraiso%2092%20Gesha%20Nuruk%20-%20250gr%2F24-09-2023T12%3A09%3A95PMgesha-nuruk_sub_4.webp?alt=media&token=fbc3391b-8433-4f92-ae33-7d4e4474ac93','2023-09-23','2023-09-24',_binary '',7),(28,'24-09-2023T12:09:30PMgesha-nuruk_sub_5.webp','https://firebasestorage.googleapis.com/v0/b/filtro-1aa65.appspot.com/o/coffee%2FColombia%20Granja%20Paraiso%2092%20Gesha%20Nuruk%20-%20250gr%2F24-09-2023T12%3A09%3A30PMgesha-nuruk_sub_5.webp?alt=media&token=fd526883-9e87-4d8a-a5ae-f24a0ffe895d','2023-09-23','2023-09-24',_binary '',7),(29,'23-09-2023T19:09:65PMlucia_barrel.webp','https://firebasestorage.googleapis.com/v0/b/filtro-1aa65.appspot.com/o/coffee%2FColombia%20Finca%20Santa%20Lucia%20Barrel-aged%20Strawberry%20-%20250gr%2F23-09-2023T19%3A09%3A65PMlucia_barrel.webp?alt=media&token=ad5888d0-d95f-4d47-bc98-7f899cbd6a08','2023-09-23',NULL,_binary '',8),(30,'24-09-2023T12:09:46PMchu_prong.webp','https://firebasestorage.googleapis.com/v0/b/filtro-1aa65.appspot.com/o/coffee%2FRobusta%20Ch%C6%B0%20Pr%C3%B4ng%20Kefir%20Natural%20-%20250gr%2F24-09-2023T12%3A09%3A46PMchu_prong.webp?alt=media&token=386f1042-db81-4216-b695-0d810c711bda','2023-09-23','2023-09-24',_binary '',9),(31,'24-09-2023T12:09:28PMchu_prong_sub_1.webp','https://firebasestorage.googleapis.com/v0/b/filtro-1aa65.appspot.com/o/coffee%2FRobusta%20Ch%C6%B0%20Pr%C3%B4ng%20Kefir%20Natural%20-%20250gr%2F24-09-2023T12%3A09%3A28PMchu_prong_sub_1.webp?alt=media&token=dc305a80-ab40-4496-a7f3-17445ebd6d01','2023-09-23','2023-09-24',_binary '',9),(32,'24-09-2023T12:09:81PMchu_prong_sub_2.webp','https://firebasestorage.googleapis.com/v0/b/filtro-1aa65.appspot.com/o/coffee%2FRobusta%20Ch%C6%B0%20Pr%C3%B4ng%20Kefir%20Natural%20-%20250gr%2F24-09-2023T12%3A09%3A81PMchu_prong_sub_2.webp?alt=media&token=9bafe1e0-7cfb-438a-a7b5-f3444992ba20','2023-09-23','2023-09-24',_binary '',9),(33,'24-09-2023T12:09:41PMchu_prong_sub_3.webp','https://firebasestorage.googleapis.com/v0/b/filtro-1aa65.appspot.com/o/coffee%2FRobusta%20Ch%C6%B0%20Pr%C3%B4ng%20Kefir%20Natural%20-%20250gr%2F24-09-2023T12%3A09%3A41PMchu_prong_sub_3.webp?alt=media&token=4874a4a3-2ef1-44cf-b8e7-32fa0f23b2f6','2023-09-23','2023-09-24',_binary '',9),(34,'24-09-2023T12:09:23PMyou_rock.webp','https://firebasestorage.googleapis.com/v0/b/filtro-1aa65.appspot.com/o/coffee%2FEpresso%20House%20Blend%20-%20You%20Rock%2F24-09-2023T12%3A09%3A23PMyou_rock.webp?alt=media&token=fce73696-91ac-4448-a0f3-04d3ce6e65a1','2023-09-23','2023-09-24',_binary '',10),(35,'24-09-2023T12:09:20PMyou_rock_sub_1.webp','https://firebasestorage.googleapis.com/v0/b/filtro-1aa65.appspot.com/o/coffee%2FEpresso%20House%20Blend%20-%20You%20Rock%2F24-09-2023T12%3A09%3A20PMyou_rock_sub_1.webp?alt=media&token=26dd3a41-881b-48b2-bce7-f2c32d8e7ff2','2023-09-23','2023-09-24',_binary '',10),(36,'24-09-2023T12:09:85PMjuicy_summer.webp','https://firebasestorage.googleapis.com/v0/b/filtro-1aa65.appspot.com/o/coffee%2FJuicy%20Summer%20Collection%20-%203%20packs%20of%20250gr%2F24-09-2023T12%3A09%3A85PMjuicy_summer.webp?alt=media&token=aaba53c0-b505-436c-8d99-88c777142a4e','2023-09-24','2023-09-24',_binary '',11),(37,'24-09-2023T12:09:28PMjuicy_summer_sub_1.webp','https://firebasestorage.googleapis.com/v0/b/filtro-1aa65.appspot.com/o/coffee%2FJuicy%20Summer%20Collection%20-%203%20packs%20of%20250gr%2F24-09-2023T12%3A09%3A28PMjuicy_summer_sub_1.webp?alt=media&token=dccb1eec-48c1-44e5-86c1-1265f7e4f053','2023-09-24','2023-09-24',_binary '',11),(38,'24-09-2023T12:09:82PMjuicy_summer_sub_2.webp','https://firebasestorage.googleapis.com/v0/b/filtro-1aa65.appspot.com/o/coffee%2FJuicy%20Summer%20Collection%20-%203%20packs%20of%20250gr%2F24-09-2023T12%3A09%3A82PMjuicy_summer_sub_2.webp?alt=media&token=28b505ef-66f1-47e3-8a73-63b99d758d4c','2023-09-24','2023-09-24',_binary '',11),(39,'24-09-2023T12:09:18PMjuicy_summer_sub_3.webp','https://firebasestorage.googleapis.com/v0/b/filtro-1aa65.appspot.com/o/coffee%2FJuicy%20Summer%20Collection%20-%203%20packs%20of%20250gr%2F24-09-2023T12%3A09%3A18PMjuicy_summer_sub_3.webp?alt=media&token=33dba7f7-ad69-498d-bb43-69730a441a86','2023-09-24','2023-09-24',_binary '',11),(40,'24-09-2023T12:09:54PMkenya.webp','https://firebasestorage.googleapis.com/v0/b/filtro-1aa65.appspot.com/o/coffee%2FBasic%20Pick%20Combo%3A%20Kenya%20AA%20Plus%20Mount%20Kenya%20%26%20Ethiopia%20Oromia%20Buku%20Abel%20G1%20Natural%2F24-09-2023T12%3A09%3A54PMkenya.webp?alt=media&token=52b8ceee-ac84-44b2-b66f-8e0a09eae44e','2023-09-24','2023-09-24',_binary '',12),(41,'24-09-2023T12:09:20PMkenya_sub_1.webp','https://firebasestorage.googleapis.com/v0/b/filtro-1aa65.appspot.com/o/coffee%2FBasic%20Pick%20Combo%3A%20Kenya%20AA%20Plus%20Mount%20Kenya%20%26%20Ethiopia%20Oromia%20Buku%20Abel%20G1%20Natural%2F24-09-2023T12%3A09%3A20PMkenya_sub_1.webp?alt=media&token=60a54f2a-c6da-4e81-8704-7cf607ca354c','2023-09-24','2023-09-24',_binary '',12),(42,'24-09-2023T12:09:92PMkenya_sub_2.webp','https://firebasestorage.googleapis.com/v0/b/filtro-1aa65.appspot.com/o/coffee%2FBasic%20Pick%20Combo%3A%20Kenya%20AA%20Plus%20Mount%20Kenya%20%26%20Ethiopia%20Oromia%20Buku%20Abel%20G1%20Natural%2F24-09-2023T12%3A09%3A92PMkenya_sub_2.webp?alt=media&token=e8bff631-f64d-4d1c-beaf-d286fe200f1b','2023-09-24','2023-09-24',_binary '',12),(43,'24-09-2023T12:09:90PMkenya_sub_3.webp','https://firebasestorage.googleapis.com/v0/b/filtro-1aa65.appspot.com/o/coffee%2FBasic%20Pick%20Combo%3A%20Kenya%20AA%20Plus%20Mount%20Kenya%20%26%20Ethiopia%20Oromia%20Buku%20Abel%20G1%20Natural%2F24-09-2023T12%3A09%3A90PMkenya_sub_3.webp?alt=media&token=70db2a91-9e4f-41cd-88b3-5e07a9566360','2023-09-24','2023-09-24',_binary '',12),(44,'24-09-2023T12:09:79PMkenya_sub_4.webp','https://firebasestorage.googleapis.com/v0/b/filtro-1aa65.appspot.com/o/coffee%2FBasic%20Pick%20Combo%3A%20Kenya%20AA%20Plus%20Mount%20Kenya%20%26%20Ethiopia%20Oromia%20Buku%20Abel%20G1%20Natural%2F24-09-2023T12%3A09%3A79PMkenya_sub_4.webp?alt=media&token=e8f302d9-6565-4bd3-a415-43cd3af3442a','2023-09-24','2023-09-24',_binary '',12),(45,'24-09-2023T12:09:99PMespresso.webp','https://firebasestorage.googleapis.com/v0/b/filtro-1aa65.appspot.com/o/coffee%2FESPRESSO%20signature%20SET%20-%203%20packs%20of%20250gr%2F24-09-2023T12%3A09%3A99PMespresso.webp?alt=media&token=88210e73-b4b7-4b64-a9bb-9b47d0c81072','2023-09-24','2023-09-24',_binary '',13),(46,'24-09-2023T12:09:62PMespresso_sub_1.webp','https://firebasestorage.googleapis.com/v0/b/filtro-1aa65.appspot.com/o/coffee%2FESPRESSO%20signature%20SET%20-%203%20packs%20of%20250gr%2F24-09-2023T12%3A09%3A62PMespresso_sub_1.webp?alt=media&token=9442589c-7143-4057-bbf2-622312df6ce2','2023-09-24','2023-09-24',_binary '',13),(47,'24-09-2023T12:09:55PMespresso_sub_2.webp','https://firebasestorage.googleapis.com/v0/b/filtro-1aa65.appspot.com/o/coffee%2FESPRESSO%20signature%20SET%20-%203%20packs%20of%20250gr%2F24-09-2023T12%3A09%3A55PMespresso_sub_2.webp?alt=media&token=802dea42-fe4e-4840-bd55-b12ce076e6bf','2023-09-24','2023-09-24',_binary '',13),(48,'24-09-2023T12:09:84PMespresso_sub_3.webp','https://firebasestorage.googleapis.com/v0/b/filtro-1aa65.appspot.com/o/coffee%2FESPRESSO%20signature%20SET%20-%203%20packs%20of%20250gr%2F24-09-2023T12%3A09%3A84PMespresso_sub_3.webp?alt=media&token=4eaef8dc-acd8-4587-8092-b5736a5c8b17','2023-09-24','2023-09-24',_binary '',13),(49,'24-09-2023T12:09:27PMespresso_sub_4.webp','https://firebasestorage.googleapis.com/v0/b/filtro-1aa65.appspot.com/o/coffee%2FESPRESSO%20signature%20SET%20-%203%20packs%20of%20250gr%2F24-09-2023T12%3A09%3A27PMespresso_sub_4.webp?alt=media&token=81f37ff0-37e4-48f3-bb54-99fe95fa77a3','2023-09-24','2023-09-24',_binary '',13),(50,'24-09-2023T12:09:25PMespresso_sub_5.webp','https://firebasestorage.googleapis.com/v0/b/filtro-1aa65.appspot.com/o/coffee%2FESPRESSO%20signature%20SET%20-%203%20packs%20of%20250gr%2F24-09-2023T12%3A09%3A25PMespresso_sub_5.webp?alt=media&token=cf3aa18c-db40-4a6c-9fb8-f0ca2cfa43a3','2023-09-24','2023-09-24',_binary '',13),(51,'24-09-2023T12:09:73PMespresso_sub_6.webp','https://firebasestorage.googleapis.com/v0/b/filtro-1aa65.appspot.com/o/coffee%2FESPRESSO%20signature%20SET%20-%203%20packs%20of%20250gr%2F24-09-2023T12%3A09%3A73PMespresso_sub_6.webp?alt=media&token=e565b1fa-706f-4d16-bbd4-6b61c3d08f56','2023-09-24','2023-09-24',_binary '',13),(52,'24-09-2023T12:09:18PMcountry-blends.webp','https://firebasestorage.googleapis.com/v0/b/filtro-1aa65.appspot.com/o/coffee%2FCombo%203%20g%C3%B3i%20c%C3%A0%20ph%C3%AA%20thu%E1%BB%99c%20d%C3%B2ng%20Country%20Blends%20Series%20-%20250gr%2F24-09-2023T12%3A09%3A18PMcountry-blends.webp?alt=media&token=7d3d9109-7a85-4134-8445-96628515195e','2023-09-24','2023-09-24',_binary '',14),(53,'24-09-2023T12:09:03PMcountry-blends_sub_1.webp','https://firebasestorage.googleapis.com/v0/b/filtro-1aa65.appspot.com/o/coffee%2FCombo%203%20g%C3%B3i%20c%C3%A0%20ph%C3%AA%20thu%E1%BB%99c%20d%C3%B2ng%20Country%20Blends%20Series%20-%20250gr%2F24-09-2023T12%3A09%3A03PMcountry-blends_sub_1.webp?alt=media&token=3006a132-6c54-418a-8156-3de7c9c1b10d','2023-09-24','2023-09-24',_binary '',14),(54,'24-09-2023T12:09:90PMcountry-blends_sub_2.webp','https://firebasestorage.googleapis.com/v0/b/filtro-1aa65.appspot.com/o/coffee%2FCombo%203%20g%C3%B3i%20c%C3%A0%20ph%C3%AA%20thu%E1%BB%99c%20d%C3%B2ng%20Country%20Blends%20Series%20-%20250gr%2F24-09-2023T12%3A09%3A90PMcountry-blends_sub_2.webp?alt=media&token=6edc5fc8-f895-48cc-b6df-5baf9d6b9ade','2023-09-24','2023-09-24',_binary '',14),(55,'24-09-2023T12:09:34PMcountry-blends_sub_3.webp','https://firebasestorage.googleapis.com/v0/b/filtro-1aa65.appspot.com/o/coffee%2FCombo%203%20g%C3%B3i%20c%C3%A0%20ph%C3%AA%20thu%E1%BB%99c%20d%C3%B2ng%20Country%20Blends%20Series%20-%20250gr%2F24-09-2023T12%3A09%3A34PMcountry-blends_sub_3.webp?alt=media&token=b883ded7-8841-496c-b8d3-aaa765781770','2023-09-24','2023-09-24',_binary '',14),(56,'24-09-2023T12:09:35PMhulia.webp','https://firebasestorage.googleapis.com/v0/b/filtro-1aa65.appspot.com/o/coffee%2FColombia%20Huila%20Volcano%20Supremo%20Sc%2017%2F18%2F24-09-2023T12%3A09%3A35PMhulia.webp?alt=media&token=23f6f824-3b60-41cd-968d-12fadfac4942','2023-09-24','2023-09-24',_binary '',15),(57,'24-09-2023T12:09:86PMhulia_sub_1.webp','https://firebasestorage.googleapis.com/v0/b/filtro-1aa65.appspot.com/o/coffee%2FColombia%20Huila%20Volcano%20Supremo%20Sc%2017%2F18%2F24-09-2023T12%3A09%3A86PMhulia_sub_1.webp?alt=media&token=fb70e651-e174-4e4d-9c30-fa5b15b5c0f9','2023-09-24','2023-09-24',_binary '',15),(58,'24-09-2023T12:09:17PMsidra.webp','https://firebasestorage.googleapis.com/v0/b/filtro-1aa65.appspot.com/o/coffee%2FColombia%20Bourbon%20Sidra%20Finca%20La%20Gallera%2F24-09-2023T12%3A09%3A17PMsidra.webp?alt=media&token=8a3f4e13-1861-4b73-830a-2f7050fc58ca','2023-09-24','2023-09-24',_binary '',16),(59,'24-09-2023T12:09:55PMsidra_sub_1.webp','https://firebasestorage.googleapis.com/v0/b/filtro-1aa65.appspot.com/o/coffee%2FColombia%20Bourbon%20Sidra%20Finca%20La%20Gallera%2F24-09-2023T12%3A09%3A55PMsidra_sub_1.webp?alt=media&token=7b09f216-ab07-4815-82cf-d19e108b1dec','2023-09-24','2023-09-24',_binary '',16),(60,'24-09-2023T12:09:60PMjava.webp','https://firebasestorage.googleapis.com/v0/b/filtro-1aa65.appspot.com/o/coffee%2FColombia%20Puerto%20Alegre%20JAVA%20Natural%2F24-09-2023T12%3A09%3A60PMjava.webp?alt=media&token=6ab21987-74da-4d11-9833-e144d66da0c6','2023-09-24','2023-09-24',_binary '',17),(61,'24-09-2023T12:09:18PMjava_sub_1.webp','https://firebasestorage.googleapis.com/v0/b/filtro-1aa65.appspot.com/o/coffee%2FColombia%20Puerto%20Alegre%20JAVA%20Natural%2F24-09-2023T12%3A09%3A18PMjava_sub_1.webp?alt=media&token=aed0edc6-65a2-40bf-8952-2fe089d11d35','2023-09-24','2023-09-24',_binary '',17),(62,'24-09-2023T12:09:16PMjava_sub_2.webp','https://firebasestorage.googleapis.com/v0/b/filtro-1aa65.appspot.com/o/coffee%2FColombia%20Puerto%20Alegre%20JAVA%20Natural%2F24-09-2023T12%3A09%3A16PMjava_sub_2.webp?alt=media&token=a6d0a78c-4a71-4257-8d7f-64274c0d8d51','2023-09-24','2023-09-24',_binary '',17),(63,'24-09-2023T12:09:68PMjava_sub_3.webp','https://firebasestorage.googleapis.com/v0/b/filtro-1aa65.appspot.com/o/coffee%2FColombia%20Puerto%20Alegre%20JAVA%20Natural%2F24-09-2023T12%3A09%3A68PMjava_sub_3.webp?alt=media&token=8fbb5044-7ddb-4dc3-9ec0-97f1b7d7904e','2023-09-24','2023-09-24',_binary '',17),(64,'24-09-2023T12:09:13PMjava_sub_4.webp','https://firebasestorage.googleapis.com/v0/b/filtro-1aa65.appspot.com/o/coffee%2FColombia%20Puerto%20Alegre%20JAVA%20Natural%2F24-09-2023T12%3A09%3A13PMjava_sub_4.webp?alt=media&token=b85b6fa0-c870-4bf2-a81b-64ba05a1250d','2023-09-24','2023-09-24',_binary '',17),(65,'24-09-2023T12:09:57PMgesha.webp','https://firebasestorage.googleapis.com/v0/b/filtro-1aa65.appspot.com/o/coffee%2FCOLOMBIA%20GESHA%20SAN%20JOSE%20HONEY%20-%20Cup%20of%20Excellence%20Rank%2011%20Colombia%2F24-09-2023T12%3A09%3A57PMgesha.webp?alt=media&token=06de6d8b-09b4-48fe-8000-a9f50c8fe9b8','2023-09-24','2023-09-24',_binary '',18),(66,'24-09-2023T12:09:20PMgesha_sub_1.webp','https://firebasestorage.googleapis.com/v0/b/filtro-1aa65.appspot.com/o/coffee%2FCOLOMBIA%20GESHA%20SAN%20JOSE%20HONEY%20-%20Cup%20of%20Excellence%20Rank%2011%20Colombia%2F24-09-2023T12%3A09%3A20PMgesha_sub_1.webp?alt=media&token=5ad4058a-7f2a-481d-8b71-5267dd9441e0','2023-09-24','2023-09-24',_binary '',18),(67,'24-09-2023T12:09:62PMgesha_sub_2.webp','https://firebasestorage.googleapis.com/v0/b/filtro-1aa65.appspot.com/o/coffee%2FCOLOMBIA%20GESHA%20SAN%20JOSE%20HONEY%20-%20Cup%20of%20Excellence%20Rank%2011%20Colombia%2F24-09-2023T12%3A09%3A62PMgesha_sub_2.webp?alt=media&token=e80d67cb-cc8a-473e-a924-0cfb650f12a5','2023-09-24','2023-09-24',_binary '',18),(68,'24-09-2023T12:09:68PMgesha_sub_3.webp','https://firebasestorage.googleapis.com/v0/b/filtro-1aa65.appspot.com/o/coffee%2FCOLOMBIA%20GESHA%20SAN%20JOSE%20HONEY%20-%20Cup%20of%20Excellence%20Rank%2011%20Colombia%2F24-09-2023T12%3A09%3A68PMgesha_sub_3.webp?alt=media&token=86f1a65d-582a-4819-a2c5-651a1fdacc12','2023-09-24','2023-09-24',_binary '',18),(69,'24-09-2023T12:09:39PMgesha_sub_4.webp','https://firebasestorage.googleapis.com/v0/b/filtro-1aa65.appspot.com/o/coffee%2FCOLOMBIA%20GESHA%20SAN%20JOSE%20HONEY%20-%20Cup%20of%20Excellence%20Rank%2011%20Colombia%2F24-09-2023T12%3A09%3A39PMgesha_sub_4.webp?alt=media&token=10504731-93b3-490a-bb95-d0d23e6cabc4','2023-09-24','2023-09-24',_binary '',18),(70,'24-09-2023T12:09:71PMsuke.webp','https://firebasestorage.googleapis.com/v0/b/filtro-1aa65.appspot.com/o/coffee%2FEthiopia%20Yirgacheffee%20Suke%20Shade%20Slow%20Drying%20G1%2F24-09-2023T12%3A09%3A71PMsuke.webp?alt=media&token=20fb42b7-369f-4efb-b4b1-96e47624a131','2023-09-24','2023-09-24',_binary '',19),(71,'24-09-2023T12:09:15PMsuke_sub_1.webp','https://firebasestorage.googleapis.com/v0/b/filtro-1aa65.appspot.com/o/coffee%2FEthiopia%20Yirgacheffee%20Suke%20Shade%20Slow%20Drying%20G1%2F24-09-2023T12%3A09%3A15PMsuke_sub_1.webp?alt=media&token=9805a11d-74d0-4503-b8f4-e105b171ac25','2023-09-24','2023-09-24',_binary '',19),(72,'24-09-2023T12:09:75PMsuke_sub_2.webp','https://firebasestorage.googleapis.com/v0/b/filtro-1aa65.appspot.com/o/coffee%2FEthiopia%20Yirgacheffee%20Suke%20Shade%20Slow%20Drying%20G1%2F24-09-2023T12%3A09%3A75PMsuke_sub_2.webp?alt=media&token=b0b6242b-44c6-4ac3-9997-a0ae92bb75d3','2023-09-24','2023-09-24',_binary '',19),(73,'24-09-2023T12:09:11PMsuke_sub_3.webp','https://firebasestorage.googleapis.com/v0/b/filtro-1aa65.appspot.com/o/coffee%2FEthiopia%20Yirgacheffee%20Suke%20Shade%20Slow%20Drying%20G1%2F24-09-2023T12%3A09%3A11PMsuke_sub_3.webp?alt=media&token=6afd2560-3195-4286-b28f-6ec6117f5907','2023-09-24','2023-09-24',_binary '',19),(74,'24-09-2023T12:09:77PMhappy_fox.webp','https://firebasestorage.googleapis.com/v0/b/filtro-1aa65.appspot.com/o/coffee%2FHappy%20Fox%20-%20Cold%20Drip%20%C4%90%E1%BA%ADm%20%C4%90%E1%BA%B7c%20x3%20-%20Arctic%20Fox%20Cold%20Drip%20-%20250ml%2F24-09-2023T12%3A09%3A77PMhappy_fox.webp?alt=media&token=3ce575b2-a24f-482b-9b09-f72870767482','2023-09-24','2023-09-24',_binary '',20),(75,'24-09-2023T12:09:27PMhappy_fox_sub_1.jpg','https://firebasestorage.googleapis.com/v0/b/filtro-1aa65.appspot.com/o/coffee%2FHappy%20Fox%20-%20Cold%20Drip%20%C4%90%E1%BA%ADm%20%C4%90%E1%BA%B7c%20x3%20-%20Arctic%20Fox%20Cold%20Drip%20-%20250ml%2F24-09-2023T12%3A09%3A27PMhappy_fox_sub_1.jpg?alt=media&token=755597d1-f637-4ad2-8a8e-76f62b0d972d','2023-09-24','2023-09-24',_binary '',20),(76,'24-09-2023T12:09:70PMhappy_fox_sub_2.webp','https://firebasestorage.googleapis.com/v0/b/filtro-1aa65.appspot.com/o/coffee%2FHappy%20Fox%20-%20Cold%20Drip%20%C4%90%E1%BA%ADm%20%C4%90%E1%BA%B7c%20x3%20-%20Arctic%20Fox%20Cold%20Drip%20-%20250ml%2F24-09-2023T12%3A09%3A70PMhappy_fox_sub_2.webp?alt=media&token=d216913c-0e3b-4c30-adbd-b762612ca67b','2023-09-24','2023-09-24',_binary '',20),(77,'24-09-2023T12:09:26PMhappy_fox_sub_3.webp','https://firebasestorage.googleapis.com/v0/b/filtro-1aa65.appspot.com/o/coffee%2FHappy%20Fox%20-%20Cold%20Drip%20%C4%90%E1%BA%ADm%20%C4%90%E1%BA%B7c%20x3%20-%20Arctic%20Fox%20Cold%20Drip%20-%20250ml%2F24-09-2023T12%3A09%3A26PMhappy_fox_sub_3.webp?alt=media&token=2a9f11ed-9756-4713-9734-0cc3f5a06259','2023-09-24','2023-09-24',_binary '',20),(78,'24-09-2023T12:09:60PMhappy_fox_sub_4.webp','https://firebasestorage.googleapis.com/v0/b/filtro-1aa65.appspot.com/o/coffee%2FHappy%20Fox%20-%20Cold%20Drip%20%C4%90%E1%BA%ADm%20%C4%90%E1%BA%B7c%20x3%20-%20Arctic%20Fox%20Cold%20Drip%20-%20250ml%2F24-09-2023T12%3A09%3A60PMhappy_fox_sub_4.webp?alt=media&token=4761a3fe-3733-4d7b-9520-a49fc3c0215c','2023-09-24','2023-09-24',_binary '',20),(79,'24-09-2023T12:09:15PMhappy_fox_sub_5.webp','https://firebasestorage.googleapis.com/v0/b/filtro-1aa65.appspot.com/o/coffee%2FHappy%20Fox%20-%20Cold%20Drip%20%C4%90%E1%BA%ADm%20%C4%90%E1%BA%B7c%20x3%20-%20Arctic%20Fox%20Cold%20Drip%20-%20250ml%2F24-09-2023T12%3A09%3A15PMhappy_fox_sub_5.webp?alt=media&token=877ba0c9-e153-447b-889b-5be9c0f9cfcc','2023-09-24','2023-09-24',_binary '',20),(80,'24-09-2023T12:09:69PMclever_fox.webp','https://firebasestorage.googleapis.com/v0/b/filtro-1aa65.appspot.com/o/coffee%2FClever%20Fox%20-%20Cold%20Drip%20%C4%90%E1%BA%ADm%20%C4%90%E1%BA%B7c%20x3%20-%20250ml%2F24-09-2023T12%3A09%3A69PMclever_fox.webp?alt=media&token=f5dff0d9-06bd-4fc2-9276-59be31f6b87b','2023-09-24','2023-09-24',_binary '',21),(81,'24-09-2023T12:09:09PMclever_fox_sub_1.webp','https://firebasestorage.googleapis.com/v0/b/filtro-1aa65.appspot.com/o/coffee%2FClever%20Fox%20-%20Cold%20Drip%20%C4%90%E1%BA%ADm%20%C4%90%E1%BA%B7c%20x3%20-%20250ml%2F24-09-2023T12%3A09%3A09PMclever_fox_sub_1.webp?alt=media&token=7deb0d22-b8e6-4cee-9151-76275044f9ac','2023-09-24','2023-09-24',_binary '',21),(82,'24-09-2023T12:09:57PMclever_fox_sub_2.webp','https://firebasestorage.googleapis.com/v0/b/filtro-1aa65.appspot.com/o/coffee%2FClever%20Fox%20-%20Cold%20Drip%20%C4%90%E1%BA%ADm%20%C4%90%E1%BA%B7c%20x3%20-%20250ml%2F24-09-2023T12%3A09%3A57PMclever_fox_sub_2.webp?alt=media&token=e8f477bf-ab77-4982-831c-b252bdbd383d','2023-09-24','2023-09-24',_binary '',21),(83,'24-09-2023T12:09:11PMethi_fox.webp','https://firebasestorage.googleapis.com/v0/b/filtro-1aa65.appspot.com/o/coffee%2FEthiopian%20Fox%20-%20Cold%20Drip%20%C4%90%E1%BA%ADm%20%C4%90%E1%BA%B7c%20x3%20-%20250ml%2F24-09-2023T12%3A09%3A11PMethi_fox.webp?alt=media&token=39028e0b-c673-4406-bc3c-a0d25e7512b1','2023-09-24','2023-09-24',_binary '',22),(84,'24-09-2023T12:09:68PMethi_fox_sub_1.webp','https://firebasestorage.googleapis.com/v0/b/filtro-1aa65.appspot.com/o/coffee%2FEthiopian%20Fox%20-%20Cold%20Drip%20%C4%90%E1%BA%ADm%20%C4%90%E1%BA%B7c%20x3%20-%20250ml%2F24-09-2023T12%3A09%3A68PMethi_fox_sub_1.webp?alt=media&token=51d1e1eb-3dd2-473e-a475-0823445acfe6','2023-09-24','2023-09-24',_binary '',22),(85,'24-09-2023T12:09:76PMethi_fox_sub_2.webp','https://firebasestorage.googleapis.com/v0/b/filtro-1aa65.appspot.com/o/coffee%2FEthiopian%20Fox%20-%20Cold%20Drip%20%C4%90%E1%BA%ADm%20%C4%90%E1%BA%B7c%20x3%20-%20250ml%2F24-09-2023T12%3A09%3A76PMethi_fox_sub_2.webp?alt=media&token=f06f7abe-fc1b-4365-a336-46b63ce0ac0c','2023-09-24','2023-09-24',_binary '',22),(86,'24-09-2023T11:09:22AMspecail_fox.webp','https://firebasestorage.googleapis.com/v0/b/filtro-1aa65.appspot.com/o/coffee%2FSpecialty%20Fox%20-%20Cold%20Drip%20%C4%90%E1%BA%ADm%20%C4%90%E1%BA%B7c%20x3%20-%20250ml%2F24-09-2023T11%3A09%3A22AMspecail_fox.webp?alt=media&token=aa2e22af-6b6d-47e0-8981-22971b18ec38','2023-09-24',NULL,_binary '',23),(87,'24-09-2023T12:09:28PMtraditional_fox.webp','https://firebasestorage.googleapis.com/v0/b/filtro-1aa65.appspot.com/o/coffee%2FTradional%20Fox%20-%20Cold%20Drip%20%C4%90%E1%BA%ADm%20%C4%90%E1%BA%B7c%20x3%20-%20250ml%2F24-09-2023T12%3A09%3A28PMtraditional_fox.webp?alt=media&token=08807b6c-a773-40b7-9abf-512660770ff5','2023-09-24','2023-09-24',_binary '',24),(88,'24-09-2023T12:09:07PMtraditional_fox_sub_1.webp','https://firebasestorage.googleapis.com/v0/b/filtro-1aa65.appspot.com/o/coffee%2FTradional%20Fox%20-%20Cold%20Drip%20%C4%90%E1%BA%ADm%20%C4%90%E1%BA%B7c%20x3%20-%20250ml%2F24-09-2023T12%3A09%3A07PMtraditional_fox_sub_1.webp?alt=media&token=2186562b-b3db-43f9-8676-064378b5369c','2023-09-24','2023-09-24',_binary '',24),(89,'24-09-2023T12:09:31PMafrica_fox.webp','https://firebasestorage.googleapis.com/v0/b/filtro-1aa65.appspot.com/o/coffee%2FAfrica%20Cold%20Brew%20-%20250ml%2F24-09-2023T12%3A09%3A31PMafrica_fox.webp?alt=media&token=dd3ae0dd-4006-48a8-8d78-578c86f363c8','2023-09-24',NULL,_binary '',25),(90,'24-09-2023T12:09:08PMamericas_cold_brew.webp','https://firebasestorage.googleapis.com/v0/b/filtro-1aa65.appspot.com/o/coffee%2FAmericas%20Cold%20Brew%20-%20250ml%2F24-09-2023T12%3A09%3A08PMamericas_cold_brew.webp?alt=media&token=3fd05bc6-ce0b-406b-a427-c28d571ca584','2023-09-24',NULL,_binary '',26),(91,'24-09-2023T12:09:30PMasia_cold_brew.webp','https://firebasestorage.googleapis.com/v0/b/filtro-1aa65.appspot.com/o/coffee%2FAsia%20Cold%20Brew%20-%20250ml%2F24-09-2023T12%3A09%3A30PMasia_cold_brew.webp?alt=media&token=a95991f5-2674-4703-9fc3-35e712bf5f4a','2023-09-24',NULL,_binary '',27),(92,'24-09-2023T12:09:24PMgourmet.webp','https://firebasestorage.googleapis.com/v0/b/filtro-1aa65.appspot.com/o/coffee%2FGourmet%20Cold%20Brew%20-%20250ml%2F24-09-2023T12%3A09%3A24PMgourmet.webp?alt=media&token=1e3ec60a-bd4f-4e9c-a45f-f808931a3fa3','2023-09-24',NULL,_binary '',28),(93,'24-09-2023T12:09:30PMspecial_blends.webp','https://firebasestorage.googleapis.com/v0/b/filtro-1aa65.appspot.com/o/coffee%2FSpecial%20Blends%20Cold%20Brew%20-%20250ml%2F24-09-2023T12%3A09%3A30PMspecial_blends.webp?alt=media&token=f0cd90be-20d8-453c-afc6-e853b66e6dc9','2023-09-24',NULL,_binary '',29),(94,'24-09-2023T12:09:33PMtraditional_robusta.webp','https://firebasestorage.googleapis.com/v0/b/filtro-1aa65.appspot.com/o/coffee%2FTraditional%20Robusta%20Cold%20Brew%20-%20250ml%2F24-09-2023T12%3A09%3A33PMtraditional_robusta.webp?alt=media&token=fe31ff1e-cef7-4aad-87c2-b49d481fad4a','2023-09-24',NULL,_binary '',30),(95,'24-09-2023T12:09:88PMfine_robusta.webp','https://firebasestorage.googleapis.com/v0/b/filtro-1aa65.appspot.com/o/coffee%2FFine%20Robusta%20Anaerobic%20Pleiku%20Vi%E1%BB%87t%20Nam%20-%20C5%20Coffee%20Farm%20%26%20Roasters%2F24-09-2023T12%3A09%3A88PMfine_robusta.webp?alt=media&token=f7698e00-9f91-415d-8254-ff9ec591f881','2023-09-24','2023-09-24',_binary '',31),(96,'24-09-2023T12:09:56PMfine_robusta_sub_1.webp','https://firebasestorage.googleapis.com/v0/b/filtro-1aa65.appspot.com/o/coffee%2FFine%20Robusta%20Anaerobic%20Pleiku%20Vi%E1%BB%87t%20Nam%20-%20C5%20Coffee%20Farm%20%26%20Roasters%2F24-09-2023T12%3A09%3A56PMfine_robusta_sub_1.webp?alt=media&token=659c8468-7ad6-4adf-a933-b2cc037a5661','2023-09-24','2023-09-24',_binary '',31),(101,'30-09-2023T15:09:58PMthailand_coffee_hub.webp','https://firebasestorage.googleapis.com/v0/b/filtro-1aa65.appspot.com/o/coffee%2FFine%20Robusta%20Whisky%20Barrels%20Aged%2C%20The%20Limited%20Edition%20d%C3%A0nh%20cho%20s%E1%BB%B1%20ki%E1%BB%87n%20Thailand%20Coffee%20Hub%202023%2F30-09-2023T15%3A09%3A58PMthailand_coffee_hub.webp?alt=media&token=3a9e0675-5fb1-4642-81f8-9a34146a36d5','2023-09-30',NULL,_binary '',32),(102,'30-09-2023T15:09:21PMthailand_coffee_hub_sub_1.webp','https://firebasestorage.googleapis.com/v0/b/filtro-1aa65.appspot.com/o/coffee%2FFine%20Robusta%20Whisky%20Barrels%20Aged%2C%20The%20Limited%20Edition%20d%C3%A0nh%20cho%20s%E1%BB%B1%20ki%E1%BB%87n%20Thailand%20Coffee%20Hub%202023%2F30-09-2023T15%3A09%3A21PMthailand_coffee_hub_sub_1.webp?alt=media&token=2251cef0-84d0-40db-9846-b8daeb308513','2023-09-30',NULL,_binary '',32),(103,'30-09-2023T15:09:86PMthailand_coffee_hub_sub_3.webp','https://firebasestorage.googleapis.com/v0/b/filtro-1aa65.appspot.com/o/coffee%2FFine%20Robusta%20Whisky%20Barrels%20Aged%2C%20The%20Limited%20Edition%20d%C3%A0nh%20cho%20s%E1%BB%B1%20ki%E1%BB%87n%20Thailand%20Coffee%20Hub%202023%2F30-09-2023T15%3A09%3A86PMthailand_coffee_hub_sub_3.webp?alt=media&token=b66fc6d6-5fc0-491f-b909-b272d09030e7','2023-09-30',NULL,_binary '',32),(104,'30-09-2023T15:09:86PMthailand_coffee_hub_sub_2.webp','https://firebasestorage.googleapis.com/v0/b/filtro-1aa65.appspot.com/o/coffee%2FFine%20Robusta%20Whisky%20Barrels%20Aged%2C%20The%20Limited%20Edition%20d%C3%A0nh%20cho%20s%E1%BB%B1%20ki%E1%BB%87n%20Thailand%20Coffee%20Hub%202023%2F30-09-2023T15%3A09%3A86PMthailand_coffee_hub_sub_2.webp?alt=media&token=dff705a8-945e-433e-acde-2d7dfe33118b','2023-09-30',NULL,_binary '',32);
/*!40000 ALTER TABLE `product_image` ENABLE KEYS */;
UNLOCK TABLES;

--
-- Table structure for table `product_origin`
--

DROP TABLE IF EXISTS `product_origin`;
/*!40101 SET @saved_cs_client     = @@character_set_client */;
/*!50503 SET character_set_client = utf8mb4 */;
CREATE TABLE `product_origin` (
  `id` int NOT NULL AUTO_INCREMENT,
  `name` varchar(255) DEFAULT NULL,
  `continent` varchar(45) DEFAULT NULL,
  `description` varchar(45) DEFAULT NULL,
  PRIMARY KEY (`id`)
) ENGINE=InnoDB AUTO_INCREMENT=10 DEFAULT CHARSET=utf8mb4 COLLATE=utf8mb4_0900_ai_ci;
/*!40101 SET character_set_client = @saved_cs_client */;

--
-- Dumping data for table `product_origin`
--

LOCK TABLES `product_origin` WRITE;
/*!40000 ALTER TABLE `product_origin` DISABLE KEYS */;
INSERT INTO `product_origin` VALUES (1,'Brazil','Châu Mỹ','Xuất xứ từ Brazil'),(2,'Colombia','Châu Mỹ','Xuất xứ từ Colombia'),(3,'Kenya','Châu Phi','Xuất xứ từ Kenya'),(5,'Việt Nam','Châu Á','Xuất xứ từ Việt Nam'),(6,'Ethiopia','Châu Phi','Xuất xứ từ Ethiopia'),(7,'Honduras','Châu Mỹ','Xuất xứ từ Honduras'),(8,'Costa Rica','Châu Mỹ','Xuất xứ từ Costa Rica'),(9,'Thái Lan','Châu Á','Xuát xứ từ Thái Lan');
/*!40000 ALTER TABLE `product_origin` ENABLE KEYS */;
UNLOCK TABLES;

--
-- Table structure for table `review`
--

DROP TABLE IF EXISTS `review`;
/*!40101 SET @saved_cs_client     = @@character_set_client */;
/*!50503 SET character_set_client = utf8mb4 */;
CREATE TABLE `review` (
  `id` int NOT NULL AUTO_INCREMENT,
  `user_id` int DEFAULT NULL,
  `product_id` int DEFAULT NULL,
  `rating` int DEFAULT NULL,
  `comment` varchar(999) DEFAULT NULL,
  `created_at` datetime DEFAULT NULL,
  `parent_id` int DEFAULT NULL,
  PRIMARY KEY (`id`),
  KEY `FK_REVIEW_USER_idx` (`user_id`),
  KEY `FK_REVIEW_PRODUCT_idx` (`product_id`),
  CONSTRAINT `FK_REVIEW_PRODUCT` FOREIGN KEY (`product_id`) REFERENCES `product` (`id`) ON DELETE SET NULL ON UPDATE CASCADE,
  CONSTRAINT `FK_REVIEW_USER` FOREIGN KEY (`user_id`) REFERENCES `user` (`id`) ON DELETE SET NULL ON UPDATE CASCADE
) ENGINE=InnoDB AUTO_INCREMENT=80 DEFAULT CHARSET=utf8mb4 COLLATE=utf8mb4_0900_ai_ci;
/*!40101 SET character_set_client = @saved_cs_client */;

--
-- Dumping data for table `review`
--

LOCK TABLES `review` WRITE;
/*!40000 ALTER TABLE `review` DISABLE KEYS */;
INSERT INTO `review` VALUES (54,19,7,1,'X','2023-10-22 00:00:00',NULL),(55,19,7,1,'NGON QUA MA','2023-10-22 00:00:00',NULL),(56,19,7,1,'ASD','2023-10-22 00:00:00',NULL),(57,19,7,1,'XZXC','2023-10-22 00:00:00',56),(58,19,7,1,'VVVVV','2023-10-22 00:00:00',54),(59,44,32,1,'ABC','2023-10-22 00:00:00',NULL),(60,44,32,1,'EDF','2023-10-23 00:00:00',59),(61,44,32,1,'KLDJSAKL','2023-10-23 00:00:00',59),(62,44,32,1,'BBD','2023-10-23 00:00:00',NULL),(63,44,32,1,'KKT','2023-10-23 00:00:00',62),(64,44,32,5,'5 stars','2023-10-23 00:00:00',NULL),(65,44,32,1,'THAILAND GO PRO','2023-10-23 15:48:43',NULL),(66,19,31,5,'A','2023-10-26 12:24:17',NULL),(67,19,18,1,'TT','2023-10-26 20:52:41',NULL),(68,19,18,5,'5 stars','2023-10-26 20:52:46',NULL),(69,21,31,1,'Abbvc','2023-11-21 21:18:02',NULL),(70,21,1,5,'Rất ngon 5 sao <3','2023-12-01 20:26:54',NULL),(71,21,1,1,'Chính xác!!!','2023-12-01 20:27:39',70),(72,19,1,5,'Thơm cực kì luôn á !!! 5 sao!!','2023-12-06 14:05:02',NULL),(75,19,1,1,'ALO ạ','2023-12-06 15:06:45',72),(76,19,1,1,'OK bạn ơi','2023-12-06 15:06:51',72),(77,44,1,3,'Cũng ổn, không như mong đợi','2023-12-06 21:25:42',NULL),(78,44,4,5,'Thơm mùi nho cực kì luôn !!','2023-12-09 13:54:13',NULL),(79,44,8,5,'Rất ngon, đáng mua','2023-12-09 14:09:09',NULL);
/*!40000 ALTER TABLE `review` ENABLE KEYS */;
UNLOCK TABLES;

--
-- Table structure for table `sale`
--

DROP TABLE IF EXISTS `sale`;
/*!40101 SET @saved_cs_client     = @@character_set_client */;
/*!50503 SET character_set_client = utf8mb4 */;
CREATE TABLE `sale` (
  `id` int NOT NULL AUTO_INCREMENT,
  `name` varchar(255) DEFAULT NULL,
  `description` varchar(255) DEFAULT NULL,
  `start` date DEFAULT NULL,
  `end` date DEFAULT NULL,
  `discount` int DEFAULT NULL,
  `status` bit(1) DEFAULT NULL,
  PRIMARY KEY (`id`)
) ENGINE=InnoDB AUTO_INCREMENT=9 DEFAULT CHARSET=utf8mb4 COLLATE=utf8mb4_0900_ai_ci;
/*!40101 SET character_set_client = @saved_cs_client */;

--
-- Dumping data for table `sale`
--

LOCK TABLES `sale` WRITE;
/*!40000 ALTER TABLE `sale` DISABLE KEYS */;
INSERT INTO `sale` VALUES (1,'test','asdasd','2023-09-04','2023-09-30',15,_binary ''),(2,'avx','asdasdasdsdgds','2023-09-12','2023-09-30',1,_binary ''),(3,'vcl','zxc','2023-09-07','2023-09-20',4,_binary ''),(4,'TEST','zxcxzcxz','2023-08-15','2023-09-27',3,_binary ''),(5,'AVC','XXXXX','2023-09-22','2023-09-30',1,_binary ''),(7,'VVX','asdasdasd','2023-09-18','2023-09-30',5,_binary ''),(8,'xcvxcv','xcvxcvxv','2023-09-16','2023-09-30',12,_binary '');
/*!40000 ALTER TABLE `sale` ENABLE KEYS */;
UNLOCK TABLES;

--
-- Table structure for table `shipping_method`
--

DROP TABLE IF EXISTS `shipping_method`;
/*!40101 SET @saved_cs_client     = @@character_set_client */;
/*!50503 SET character_set_client = utf8mb4 */;
CREATE TABLE `shipping_method` (
  `id` int NOT NULL AUTO_INCREMENT,
  `name` varchar(999) DEFAULT NULL,
  `surcharge` int DEFAULT NULL,
  `duration` varchar(99) DEFAULT NULL,
  PRIMARY KEY (`id`)
) ENGINE=InnoDB AUTO_INCREMENT=4 DEFAULT CHARSET=utf8mb4 COLLATE=utf8mb4_0900_ai_ci;
/*!40101 SET character_set_client = @saved_cs_client */;

--
-- Dumping data for table `shipping_method`
--

LOCK TABLES `shipping_method` WRITE;
/*!40000 ALTER TABLE `shipping_method` DISABLE KEYS */;
INSERT INTO `shipping_method` VALUES (1,'Giao hàng tiết kiệm',10000,'cuối tuần'),(2,'Giao hàng chuẩn',20000,'3-5 ngày'),(3,'Giao hàng nhanh',30000,'1-2 ngày');
/*!40000 ALTER TABLE `shipping_method` ENABLE KEYS */;
UNLOCK TABLES;

--
-- Table structure for table `token`
--

DROP TABLE IF EXISTS `token`;
/*!40101 SET @saved_cs_client     = @@character_set_client */;
/*!50503 SET character_set_client = utf8mb4 */;
CREATE TABLE `token` (
  `id` int NOT NULL AUTO_INCREMENT,
  `token` varchar(999) DEFAULT NULL,
  `token_type` varchar(45) DEFAULT NULL,
  `expired` bit(1) DEFAULT NULL,
  `revoked` bit(1) DEFAULT NULL,
  `user_id` int DEFAULT NULL,
  PRIMARY KEY (`id`),
  KEY `user_token_idx` (`user_id`),
  CONSTRAINT `user_token` FOREIGN KEY (`user_id`) REFERENCES `user` (`id`) ON DELETE CASCADE ON UPDATE CASCADE
) ENGINE=InnoDB AUTO_INCREMENT=1123 DEFAULT CHARSET=utf8mb4 COLLATE=utf8mb4_0900_ai_ci;
/*!40101 SET character_set_client = @saved_cs_client */;

--
-- Dumping data for table `token`
--

LOCK TABLES `token` WRITE;
/*!40000 ALTER TABLE `token` DISABLE KEYS */;
INSERT INTO `token` VALUES (64,'eyJhbGciOiJIUzI1NiJ9.eyJSb2xlIjpbeyJhdXRob3JpdHkiOiJST0xFX1VTRVIifV0sInN1YiI6Im9ncCIsImlhdCI6MTY5MjcxMjAyNSwiZXhwIjoxNjkyNzk2NjI1fQ.4lCYFPG01r9dATda7A6unRaE1ITT8YjKN0W-kQUG-qw','BEARER',_binary '',_binary '',18),(65,'eyJhbGciOiJIUzI1NiJ9.eyJSb2xlIjpbeyJhdXRob3JpdHkiOiJtYW5hZ2VtZW50OnJlYWQifSx7ImF1dGhvcml0eSI6Im1hbmFnZW1lbnQ6ZGVsZXRlIn0seyJhdXRob3JpdHkiOiJtYW5hZ2VtZW50OmNyZWF0ZSJ9LHsiYXV0aG9yaXR5IjoiYWRtaW46cmVhZCJ9LHsiYXV0aG9yaXR5IjoibWFuYWdlbWVudDp1cGRhdGUifSx7ImF1dGhvcml0eSI6ImFkbWluOnVwZGF0ZSJ9LHsiYXV0aG9yaXR5IjoiYWRtaW46ZGVsZXRlIn0seyJhdXRob3JpdHkiOiJhZG1pbjpjcmVhdGUifSx7ImF1dGhvcml0eSI6IlJPTEVfQURNSU4ifV0sInN1YiI6ImFkbWluIiwiaWF0IjoxNjkyNzEyNDkyLCJleHAiOjE2OTI3OTcwOTJ9.HmMp9_xalyW71I0XyIrlE_mUFQdW6z7ymGZsb7BnHU0','BEARER',_binary '',_binary '',19),(66,'eyJhbGciOiJIUzI1NiJ9.eyJSb2xlIjpbeyJhdXRob3JpdHkiOiJtYW5hZ2VtZW50OnJlYWQifSx7ImF1dGhvcml0eSI6Im1hbmFnZW1lbnQ6Y3JlYXRlIn0seyJhdXRob3JpdHkiOiJtYW5hZ2VtZW50OnVwZGF0ZSJ9LHsiYXV0aG9yaXR5IjoibWFuYWdlbWVudDpkZWxldGUifSx7ImF1dGhvcml0eSI6IlJPTEVfTUFOQUdFTUVOVCJ9XSwic3ViIjoibWFuYWdlbWVudCIsImlhdCI6MTY5MjcxNDIyMSwiZXhwIjoxNjkyNzk4ODIxfQ.Fx1Ok7X3VKpX2D-9PQRbeOyafxH-JQsDoUU6iEbfYt0','BEARER',_binary '',_binary '',20),(67,'eyJhbGciOiJIUzI1NiJ9.eyJSb2xlIjpbeyJhdXRob3JpdHkiOiJST0xFX1VTRVIifV0sInN1YiI6Im9ncCIsImlhdCI6MTY5MjcxNTE2OSwiZXhwIjoxNjkyNzk5NzY5fQ.e5WUgaPiJIWEeAYTJScpZlbhNzkSFYD83bX0oAuwcT8','BEARER',_binary '',_binary '',18),(68,'eyJhbGciOiJIUzI1NiJ9.eyJSb2xlIjpbeyJhdXRob3JpdHkiOiJtYW5hZ2VtZW50OnJlYWQifSx7ImF1dGhvcml0eSI6Im1hbmFnZW1lbnQ6dXBkYXRlIn0seyJhdXRob3JpdHkiOiJhZG1pbjpjcmVhdGUifSx7ImF1dGhvcml0eSI6Im1hbmFnZW1lbnQ6Y3JlYXRlIn0seyJhdXRob3JpdHkiOiJhZG1pbjpyZWFkIn0seyJhdXRob3JpdHkiOiJtYW5hZ2VtZW50OmRlbGV0ZSJ9LHsiYXV0aG9yaXR5IjoiYWRtaW46dXBkYXRlIn0seyJhdXRob3JpdHkiOiJhZG1pbjpkZWxldGUifSx7ImF1dGhvcml0eSI6IlJPTEVfQURNSU4ifV0sInN1YiI6ImFkbWluIiwiaWF0IjoxNjkyNzE1MjA5LCJleHAiOjE2OTI3OTk4MDl9.nP8RFLN00QvF086DgIFw_PnOQPRwShuDcWrVvUao_Zs','BEARER',_binary '',_binary '',19),(69,'eyJhbGciOiJIUzI1NiJ9.eyJSb2xlIjpbeyJhdXRob3JpdHkiOiJtYW5hZ2VtZW50OnJlYWQifSx7ImF1dGhvcml0eSI6Im1hbmFnZW1lbnQ6dXBkYXRlIn0seyJhdXRob3JpdHkiOiJhZG1pbjpjcmVhdGUifSx7ImF1dGhvcml0eSI6Im1hbmFnZW1lbnQ6Y3JlYXRlIn0seyJhdXRob3JpdHkiOiJhZG1pbjpyZWFkIn0seyJhdXRob3JpdHkiOiJtYW5hZ2VtZW50OmRlbGV0ZSJ9LHsiYXV0aG9yaXR5IjoiYWRtaW46dXBkYXRlIn0seyJhdXRob3JpdHkiOiJhZG1pbjpkZWxldGUifSx7ImF1dGhvcml0eSI6IlJPTEVfQURNSU4ifV0sInN1YiI6ImFkbWluIiwiaWF0IjoxNjkyNzE1NTM1LCJleHAiOjE2OTI4MDAxMzV9.8mzsg5PL_34MBTKxnikbXlIYsLZB9rbdmOF41HgpW3c','BEARER',_binary '',_binary '',19),(70,'eyJhbGciOiJIUzI1NiJ9.eyJSb2xlIjpbeyJhdXRob3JpdHkiOiJtYW5hZ2VtZW50OnJlYWQifSx7ImF1dGhvcml0eSI6Im1hbmFnZW1lbnQ6dXBkYXRlIn0seyJhdXRob3JpdHkiOiJhZG1pbjpjcmVhdGUifSx7ImF1dGhvcml0eSI6Im1hbmFnZW1lbnQ6Y3JlYXRlIn0seyJhdXRob3JpdHkiOiJhZG1pbjpyZWFkIn0seyJhdXRob3JpdHkiOiJtYW5hZ2VtZW50OmRlbGV0ZSJ9LHsiYXV0aG9yaXR5IjoiYWRtaW46dXBkYXRlIn0seyJhdXRob3JpdHkiOiJhZG1pbjpkZWxldGUifSx7ImF1dGhvcml0eSI6IlJPTEVfQURNSU4ifV0sInN1YiI6ImFkbWluIiwiaWF0IjoxNjkyNzE1NjY5LCJleHAiOjE2OTI4MDAyNjl9.woj6dU5iW2ux5WA7G6EJnLUy9Z_7Qy-_OcICquPSGMI','BEARER',_binary '',_binary '',19),(71,'eyJhbGciOiJIUzI1NiJ9.eyJSb2xlIjpbeyJhdXRob3JpdHkiOiJtYW5hZ2VtZW50OnJlYWQifSx7ImF1dGhvcml0eSI6Im1hbmFnZW1lbnQ6dXBkYXRlIn0seyJhdXRob3JpdHkiOiJhZG1pbjpjcmVhdGUifSx7ImF1dGhvcml0eSI6Im1hbmFnZW1lbnQ6Y3JlYXRlIn0seyJhdXRob3JpdHkiOiJhZG1pbjpyZWFkIn0seyJhdXRob3JpdHkiOiJtYW5hZ2VtZW50OmRlbGV0ZSJ9LHsiYXV0aG9yaXR5IjoiYWRtaW46dXBkYXRlIn0seyJhdXRob3JpdHkiOiJhZG1pbjpkZWxldGUifSx7ImF1dGhvcml0eSI6IlJPTEVfQURNSU4ifV0sInN1YiI6ImFkbWluIiwiaWF0IjoxNjkyNzE1NzA2LCJleHAiOjE2OTI4MDAzMDZ9.mpwX2onSpX9KEjITQuzKruAXj7W_FjYY7xYakb625GI','BEARER',_binary '',_binary '',19),(72,'eyJhbGciOiJIUzI1NiJ9.eyJSb2xlIjpbeyJhdXRob3JpdHkiOiJtYW5hZ2VtZW50OnJlYWQifSx7ImF1dGhvcml0eSI6Im1hbmFnZW1lbnQ6dXBkYXRlIn0seyJhdXRob3JpdHkiOiJhZG1pbjpjcmVhdGUifSx7ImF1dGhvcml0eSI6Im1hbmFnZW1lbnQ6Y3JlYXRlIn0seyJhdXRob3JpdHkiOiJhZG1pbjpyZWFkIn0seyJhdXRob3JpdHkiOiJtYW5hZ2VtZW50OmRlbGV0ZSJ9LHsiYXV0aG9yaXR5IjoiYWRtaW46dXBkYXRlIn0seyJhdXRob3JpdHkiOiJhZG1pbjpkZWxldGUifSx7ImF1dGhvcml0eSI6IlJPTEVfQURNSU4ifV0sInN1YiI6ImFkbWluIiwiaWF0IjoxNjkyNzE1NzA5LCJleHAiOjE2OTI4MDAzMDl9.O8-ytLWeQray2VYTAdnBu5L20a4V560XqpQKddwEzoU','BEARER',_binary '',_binary '',19),(73,'eyJhbGciOiJIUzI1NiJ9.eyJSb2xlIjpbeyJhdXRob3JpdHkiOiJtYW5hZ2VtZW50OnJlYWQifSx7ImF1dGhvcml0eSI6Im1hbmFnZW1lbnQ6dXBkYXRlIn0seyJhdXRob3JpdHkiOiJhZG1pbjpjcmVhdGUifSx7ImF1dGhvcml0eSI6Im1hbmFnZW1lbnQ6Y3JlYXRlIn0seyJhdXRob3JpdHkiOiJhZG1pbjpyZWFkIn0seyJhdXRob3JpdHkiOiJtYW5hZ2VtZW50OmRlbGV0ZSJ9LHsiYXV0aG9yaXR5IjoiYWRtaW46dXBkYXRlIn0seyJhdXRob3JpdHkiOiJhZG1pbjpkZWxldGUifSx7ImF1dGhvcml0eSI6IlJPTEVfQURNSU4ifV0sInN1YiI6ImFkbWluIiwiaWF0IjoxNjkyNzE2OTEzLCJleHAiOjE2OTI4MDE1MTN9.XO0fPn6Cn9lrepf-3lNGn46XvowJl5V2AA4hfaa6ENQ','BEARER',_binary '',_binary '',19),(74,'eyJhbGciOiJIUzI1NiJ9.eyJSb2xlIjpbeyJhdXRob3JpdHkiOiJtYW5hZ2VtZW50OnJlYWQifSx7ImF1dGhvcml0eSI6Im1hbmFnZW1lbnQ6dXBkYXRlIn0seyJhdXRob3JpdHkiOiJhZG1pbjpjcmVhdGUifSx7ImF1dGhvcml0eSI6Im1hbmFnZW1lbnQ6Y3JlYXRlIn0seyJhdXRob3JpdHkiOiJhZG1pbjpyZWFkIn0seyJhdXRob3JpdHkiOiJtYW5hZ2VtZW50OmRlbGV0ZSJ9LHsiYXV0aG9yaXR5IjoiYWRtaW46dXBkYXRlIn0seyJhdXRob3JpdHkiOiJhZG1pbjpkZWxldGUifSx7ImF1dGhvcml0eSI6IlJPTEVfQURNSU4ifV0sInN1YiI6ImFkbWluIiwiaWF0IjoxNjkyNzE3MDA2LCJleHAiOjE2OTI4MDE2MDZ9.dFL_oiFFEiNpaNlUjKyiocP748y3uxPDRLzT55mepwE','BEARER',_binary '',_binary '',19),(75,'eyJhbGciOiJIUzI1NiJ9.eyJSb2xlIjpbeyJhdXRob3JpdHkiOiJtYW5hZ2VtZW50OnJlYWQifSx7ImF1dGhvcml0eSI6Im1hbmFnZW1lbnQ6dXBkYXRlIn0seyJhdXRob3JpdHkiOiJhZG1pbjpjcmVhdGUifSx7ImF1dGhvcml0eSI6Im1hbmFnZW1lbnQ6Y3JlYXRlIn0seyJhdXRob3JpdHkiOiJhZG1pbjpyZWFkIn0seyJhdXRob3JpdHkiOiJtYW5hZ2VtZW50OmRlbGV0ZSJ9LHsiYXV0aG9yaXR5IjoiYWRtaW46dXBkYXRlIn0seyJhdXRob3JpdHkiOiJhZG1pbjpkZWxldGUifSx7ImF1dGhvcml0eSI6IlJPTEVfQURNSU4ifV0sInN1YiI6ImFkbWluIiwiaWF0IjoxNjkyNzE3MTcyLCJleHAiOjE2OTI4MDE3NzJ9.em18SikkY7qSm2YJlB6O23ozSjtKGoQDyyhymvxPdfg','BEARER',_binary '',_binary '',19),(76,'eyJhbGciOiJIUzI1NiJ9.eyJSb2xlIjpbeyJhdXRob3JpdHkiOiJtYW5hZ2VtZW50OnJlYWQifSx7ImF1dGhvcml0eSI6Im1hbmFnZW1lbnQ6dXBkYXRlIn0seyJhdXRob3JpdHkiOiJhZG1pbjpjcmVhdGUifSx7ImF1dGhvcml0eSI6Im1hbmFnZW1lbnQ6Y3JlYXRlIn0seyJhdXRob3JpdHkiOiJhZG1pbjpyZWFkIn0seyJhdXRob3JpdHkiOiJtYW5hZ2VtZW50OmRlbGV0ZSJ9LHsiYXV0aG9yaXR5IjoiYWRtaW46dXBkYXRlIn0seyJhdXRob3JpdHkiOiJhZG1pbjpkZWxldGUifSx7ImF1dGhvcml0eSI6IlJPTEVfQURNSU4ifV0sInN1YiI6ImFkbWluIiwiaWF0IjoxNjkyNzE3MTc4LCJleHAiOjE2OTI4MDE3Nzh9.Cz5VfU3BDFv2G8U3G29ANflf12Fl0U7U42FH05_O7uo','BEARER',_binary '',_binary '',19),(77,'eyJhbGciOiJIUzI1NiJ9.eyJSb2xlIjpbeyJhdXRob3JpdHkiOiJtYW5hZ2VtZW50OnJlYWQifSx7ImF1dGhvcml0eSI6Im1hbmFnZW1lbnQ6dXBkYXRlIn0seyJhdXRob3JpdHkiOiJhZG1pbjpjcmVhdGUifSx7ImF1dGhvcml0eSI6Im1hbmFnZW1lbnQ6Y3JlYXRlIn0seyJhdXRob3JpdHkiOiJhZG1pbjpyZWFkIn0seyJhdXRob3JpdHkiOiJtYW5hZ2VtZW50OmRlbGV0ZSJ9LHsiYXV0aG9yaXR5IjoiYWRtaW46dXBkYXRlIn0seyJhdXRob3JpdHkiOiJhZG1pbjpkZWxldGUifSx7ImF1dGhvcml0eSI6IlJPTEVfQURNSU4ifV0sInN1YiI6ImFkbWluIiwiaWF0IjoxNjkyNzE3MjIxLCJleHAiOjE2OTI4MDE4MjF9.J6BM-3T6-z5LVM8YcrNfbXHhhLnHfuFmqfYxNeuppho','BEARER',_binary '',_binary '',19),(78,'eyJhbGciOiJIUzI1NiJ9.eyJSb2xlIjpbeyJhdXRob3JpdHkiOiJtYW5hZ2VtZW50OnJlYWQifSx7ImF1dGhvcml0eSI6Im1hbmFnZW1lbnQ6dXBkYXRlIn0seyJhdXRob3JpdHkiOiJhZG1pbjpjcmVhdGUifSx7ImF1dGhvcml0eSI6Im1hbmFnZW1lbnQ6Y3JlYXRlIn0seyJhdXRob3JpdHkiOiJhZG1pbjpyZWFkIn0seyJhdXRob3JpdHkiOiJtYW5hZ2VtZW50OmRlbGV0ZSJ9LHsiYXV0aG9yaXR5IjoiYWRtaW46dXBkYXRlIn0seyJhdXRob3JpdHkiOiJhZG1pbjpkZWxldGUifSx7ImF1dGhvcml0eSI6IlJPTEVfQURNSU4ifV0sInN1YiI6ImFkbWluIiwiaWF0IjoxNjkyNzE3MjY5LCJleHAiOjE2OTI4MDE4Njl9.Q8d7hgjIrH_Rmws-ua7OObdTeaNjqspD1ZyvuswVGsQ','BEARER',_binary '',_binary '',19),(79,'eyJhbGciOiJIUzI1NiJ9.eyJSb2xlIjpbeyJhdXRob3JpdHkiOiJtYW5hZ2VtZW50OnJlYWQifSx7ImF1dGhvcml0eSI6Im1hbmFnZW1lbnQ6dXBkYXRlIn0seyJhdXRob3JpdHkiOiJhZG1pbjpjcmVhdGUifSx7ImF1dGhvcml0eSI6Im1hbmFnZW1lbnQ6Y3JlYXRlIn0seyJhdXRob3JpdHkiOiJhZG1pbjpyZWFkIn0seyJhdXRob3JpdHkiOiJtYW5hZ2VtZW50OmRlbGV0ZSJ9LHsiYXV0aG9yaXR5IjoiYWRtaW46dXBkYXRlIn0seyJhdXRob3JpdHkiOiJhZG1pbjpkZWxldGUifSx7ImF1dGhvcml0eSI6IlJPTEVfQURNSU4ifV0sInN1YiI6ImFkbWluIiwiaWF0IjoxNjkyNzE3NjExLCJleHAiOjE2OTI4MDIyMTF9.69xNptPGU8oaeBeUN55sGQtysRFaZLUl-d2ykZZSrjQ','BEARER',_binary '',_binary '',19),(80,'eyJhbGciOiJIUzI1NiJ9.eyJSb2xlIjpbeyJhdXRob3JpdHkiOiJtYW5hZ2VtZW50OnJlYWQifSx7ImF1dGhvcml0eSI6Im1hbmFnZW1lbnQ6dXBkYXRlIn0seyJhdXRob3JpdHkiOiJhZG1pbjpjcmVhdGUifSx7ImF1dGhvcml0eSI6Im1hbmFnZW1lbnQ6Y3JlYXRlIn0seyJhdXRob3JpdHkiOiJhZG1pbjpyZWFkIn0seyJhdXRob3JpdHkiOiJtYW5hZ2VtZW50OmRlbGV0ZSJ9LHsiYXV0aG9yaXR5IjoiYWRtaW46dXBkYXRlIn0seyJhdXRob3JpdHkiOiJhZG1pbjpkZWxldGUifSx7ImF1dGhvcml0eSI6IlJPTEVfQURNSU4ifV0sInN1YiI6ImFkbWluIiwiaWF0IjoxNjkyNzE3OTMzLCJleHAiOjE2OTI4MDI1MzN9.Qojc-ZCT-daXzFuqDokXxGosDqdtrK139UsrxkSYBvQ','BEARER',_binary '',_binary '',19),(81,'eyJhbGciOiJIUzI1NiJ9.eyJSb2xlIjpbeyJhdXRob3JpdHkiOiJtYW5hZ2VtZW50OnJlYWQifSx7ImF1dGhvcml0eSI6Im1hbmFnZW1lbnQ6dXBkYXRlIn0seyJhdXRob3JpdHkiOiJhZG1pbjpjcmVhdGUifSx7ImF1dGhvcml0eSI6Im1hbmFnZW1lbnQ6Y3JlYXRlIn0seyJhdXRob3JpdHkiOiJhZG1pbjpyZWFkIn0seyJhdXRob3JpdHkiOiJtYW5hZ2VtZW50OmRlbGV0ZSJ9LHsiYXV0aG9yaXR5IjoiYWRtaW46dXBkYXRlIn0seyJhdXRob3JpdHkiOiJhZG1pbjpkZWxldGUifSx7ImF1dGhvcml0eSI6IlJPTEVfQURNSU4ifV0sInN1YiI6ImFkbWluIiwiaWF0IjoxNjkyNzE4MjA5LCJleHAiOjE2OTI4MDI4MDl9.zkzqZmttp6MSH9uYAdIsrZlY1liXF-RQAGmJaprS1bM','BEARER',_binary '',_binary '',19),(82,'eyJhbGciOiJIUzI1NiJ9.eyJSb2xlIjpbeyJhdXRob3JpdHkiOiJtYW5hZ2VtZW50OnJlYWQifSx7ImF1dGhvcml0eSI6Im1hbmFnZW1lbnQ6dXBkYXRlIn0seyJhdXRob3JpdHkiOiJhZG1pbjpjcmVhdGUifSx7ImF1dGhvcml0eSI6Im1hbmFnZW1lbnQ6Y3JlYXRlIn0seyJhdXRob3JpdHkiOiJhZG1pbjpyZWFkIn0seyJhdXRob3JpdHkiOiJtYW5hZ2VtZW50OmRlbGV0ZSJ9LHsiYXV0aG9yaXR5IjoiYWRtaW46dXBkYXRlIn0seyJhdXRob3JpdHkiOiJhZG1pbjpkZWxldGUifSx7ImF1dGhvcml0eSI6IlJPTEVfQURNSU4ifV0sInN1YiI6ImFkbWluIiwiaWF0IjoxNjkyNzE4MjQ4LCJleHAiOjE2OTI4MDI4NDh9.xamg7wMOczDGQUam3duWHRnBu9TNhsb_yJTvsKj7ptM','BEARER',_binary '',_binary '',19),(83,'eyJhbGciOiJIUzI1NiJ9.eyJSb2xlIjpbeyJhdXRob3JpdHkiOiJST0xFX1VTRVIifV0sInN1YiI6InRlc3QxIiwiaWF0IjoxNjkyNzYwODc1LCJleHAiOjE2OTI4NDU0NzV9.tyiqMI69vU0s4sEh7pmJD2cNoQ3-psMr9vno9fH8itc','BEARER',_binary '',_binary '',21),(84,'eyJhbGciOiJIUzI1NiJ9.eyJSb2xlIjpbeyJhdXRob3JpdHkiOiJtYW5hZ2VtZW50OnVwZGF0ZSJ9LHsiYXV0aG9yaXR5IjoibWFuYWdlbWVudDpkZWxldGUifSx7ImF1dGhvcml0eSI6ImFkbWluOnVwZGF0ZSJ9LHsiYXV0aG9yaXR5IjoibWFuYWdlbWVudDpjcmVhdGUifSx7ImF1dGhvcml0eSI6ImFkbWluOmNyZWF0ZSJ9LHsiYXV0aG9yaXR5IjoiYWRtaW46ZGVsZXRlIn0seyJhdXRob3JpdHkiOiJhZG1pbjpyZWFkIn0seyJhdXRob3JpdHkiOiJtYW5hZ2VtZW50OnJlYWQifSx7ImF1dGhvcml0eSI6IlJPTEVfQURNSU4ifV0sInN1YiI6ImFkbWluIiwiaWF0IjoxNjkyNzY4NTExLCJleHAiOjE2OTI4NTMxMTF9.4vGKE0CsbiCM4A-8L6CxsKKvWnyONikhqZWC81tK53k','BEARER',_binary '',_binary '',19),(85,'eyJhbGciOiJIUzI1NiJ9.eyJSb2xlIjpbeyJhdXRob3JpdHkiOiJtYW5hZ2VtZW50OnVwZGF0ZSJ9LHsiYXV0aG9yaXR5IjoibWFuYWdlbWVudDpkZWxldGUifSx7ImF1dGhvcml0eSI6ImFkbWluOnVwZGF0ZSJ9LHsiYXV0aG9yaXR5IjoibWFuYWdlbWVudDpjcmVhdGUifSx7ImF1dGhvcml0eSI6ImFkbWluOmNyZWF0ZSJ9LHsiYXV0aG9yaXR5IjoiYWRtaW46ZGVsZXRlIn0seyJhdXRob3JpdHkiOiJhZG1pbjpyZWFkIn0seyJhdXRob3JpdHkiOiJtYW5hZ2VtZW50OnJlYWQifSx7ImF1dGhvcml0eSI6IlJPTEVfQURNSU4ifV0sInN1YiI6ImFkbWluIiwiaWF0IjoxNjkyNzY5NTg0LCJleHAiOjE2OTI4NTQxODR9.D6K26ZLZKQbKbieE1ZSD0r7CwTWFx8IcvdLmdRaRbj4','BEARER',_binary '',_binary '',19),(86,'eyJhbGciOiJIUzI1NiJ9.eyJSb2xlIjpbeyJhdXRob3JpdHkiOiJtYW5hZ2VtZW50OnVwZGF0ZSJ9LHsiYXV0aG9yaXR5IjoibWFuYWdlbWVudDpkZWxldGUifSx7ImF1dGhvcml0eSI6ImFkbWluOnVwZGF0ZSJ9LHsiYXV0aG9yaXR5IjoibWFuYWdlbWVudDpjcmVhdGUifSx7ImF1dGhvcml0eSI6ImFkbWluOmNyZWF0ZSJ9LHsiYXV0aG9yaXR5IjoiYWRtaW46ZGVsZXRlIn0seyJhdXRob3JpdHkiOiJhZG1pbjpyZWFkIn0seyJhdXRob3JpdHkiOiJtYW5hZ2VtZW50OnJlYWQifSx7ImF1dGhvcml0eSI6IlJPTEVfQURNSU4ifV0sInN1YiI6ImFkbWluIiwiaWF0IjoxNjkyNzY5NjcxLCJleHAiOjE2OTI4NTQyNzF9.TgtzJauVl3IOHYI3Z6C0nm445NB08_NSJOUrbaflgNw','BEARER',_binary '',_binary '',19),(87,'eyJhbGciOiJIUzI1NiJ9.eyJSb2xlIjpbeyJhdXRob3JpdHkiOiJtYW5hZ2VtZW50OnVwZGF0ZSJ9LHsiYXV0aG9yaXR5IjoibWFuYWdlbWVudDpkZWxldGUifSx7ImF1dGhvcml0eSI6ImFkbWluOnVwZGF0ZSJ9LHsiYXV0aG9yaXR5IjoibWFuYWdlbWVudDpjcmVhdGUifSx7ImF1dGhvcml0eSI6ImFkbWluOmNyZWF0ZSJ9LHsiYXV0aG9yaXR5IjoiYWRtaW46ZGVsZXRlIn0seyJhdXRob3JpdHkiOiJhZG1pbjpyZWFkIn0seyJhdXRob3JpdHkiOiJtYW5hZ2VtZW50OnJlYWQifSx7ImF1dGhvcml0eSI6IlJPTEVfQURNSU4ifV0sInN1YiI6ImFkbWluIiwiaWF0IjoxNjkyNzY5Njg5LCJleHAiOjE2OTI4NTQyODl9.K7oqEBEz9gtY-XrYpNTvhd8KuMjsF0hFtUDUhCcm4io','BEARER',_binary '',_binary '',19),(88,'eyJhbGciOiJIUzI1NiJ9.eyJSb2xlIjpbeyJhdXRob3JpdHkiOiJtYW5hZ2VtZW50OnVwZGF0ZSJ9LHsiYXV0aG9yaXR5IjoibWFuYWdlbWVudDpkZWxldGUifSx7ImF1dGhvcml0eSI6ImFkbWluOnVwZGF0ZSJ9LHsiYXV0aG9yaXR5IjoibWFuYWdlbWVudDpjcmVhdGUifSx7ImF1dGhvcml0eSI6ImFkbWluOmNyZWF0ZSJ9LHsiYXV0aG9yaXR5IjoiYWRtaW46ZGVsZXRlIn0seyJhdXRob3JpdHkiOiJhZG1pbjpyZWFkIn0seyJhdXRob3JpdHkiOiJtYW5hZ2VtZW50OnJlYWQifSx7ImF1dGhvcml0eSI6IlJPTEVfQURNSU4ifV0sInN1YiI6ImFkbWluIiwiaWF0IjoxNjkyNzY5ODg2LCJleHAiOjE2OTI4NTQ0ODZ9.e50_g_-sViL_W514DIwiUacaCJsgvXF39yIkND6KeVs','BEARER',_binary '',_binary '',19),(89,'eyJhbGciOiJIUzI1NiJ9.eyJSb2xlIjpbeyJhdXRob3JpdHkiOiJtYW5hZ2VtZW50OnVwZGF0ZSJ9LHsiYXV0aG9yaXR5IjoibWFuYWdlbWVudDpkZWxldGUifSx7ImF1dGhvcml0eSI6ImFkbWluOnVwZGF0ZSJ9LHsiYXV0aG9yaXR5IjoibWFuYWdlbWVudDpjcmVhdGUifSx7ImF1dGhvcml0eSI6ImFkbWluOmNyZWF0ZSJ9LHsiYXV0aG9yaXR5IjoiYWRtaW46ZGVsZXRlIn0seyJhdXRob3JpdHkiOiJhZG1pbjpyZWFkIn0seyJhdXRob3JpdHkiOiJtYW5hZ2VtZW50OnJlYWQifSx7ImF1dGhvcml0eSI6IlJPTEVfQURNSU4ifV0sInN1YiI6ImFkbWluIiwiaWF0IjoxNjkyNzY5ODk0LCJleHAiOjE2OTI4NTQ0OTR9.jmJHs5EpxP-bE4PAEi9XXKvG3hhcIHy1jXFJ9mo-NGM','BEARER',_binary '',_binary '',19),(90,'eyJhbGciOiJIUzI1NiJ9.eyJSb2xlIjpbeyJhdXRob3JpdHkiOiJtYW5hZ2VtZW50OnVwZGF0ZSJ9LHsiYXV0aG9yaXR5IjoibWFuYWdlbWVudDpkZWxldGUifSx7ImF1dGhvcml0eSI6ImFkbWluOnVwZGF0ZSJ9LHsiYXV0aG9yaXR5IjoibWFuYWdlbWVudDpjcmVhdGUifSx7ImF1dGhvcml0eSI6ImFkbWluOmNyZWF0ZSJ9LHsiYXV0aG9yaXR5IjoiYWRtaW46ZGVsZXRlIn0seyJhdXRob3JpdHkiOiJhZG1pbjpyZWFkIn0seyJhdXRob3JpdHkiOiJtYW5hZ2VtZW50OnJlYWQifSx7ImF1dGhvcml0eSI6IlJPTEVfQURNSU4ifV0sInN1YiI6ImFkbWluIiwiaWF0IjoxNjkyNzcwMDQwLCJleHAiOjE2OTI4NTQ2NDB9.i1BVMnP_WjbIEespEOTZm-2L5kiEBUrnAIB0_ImFLuE','BEARER',_binary '',_binary '',19),(91,'eyJhbGciOiJIUzI1NiJ9.eyJSb2xlIjpbeyJhdXRob3JpdHkiOiJtYW5hZ2VtZW50OnVwZGF0ZSJ9LHsiYXV0aG9yaXR5IjoibWFuYWdlbWVudDpkZWxldGUifSx7ImF1dGhvcml0eSI6ImFkbWluOnVwZGF0ZSJ9LHsiYXV0aG9yaXR5IjoibWFuYWdlbWVudDpjcmVhdGUifSx7ImF1dGhvcml0eSI6ImFkbWluOmNyZWF0ZSJ9LHsiYXV0aG9yaXR5IjoiYWRtaW46ZGVsZXRlIn0seyJhdXRob3JpdHkiOiJhZG1pbjpyZWFkIn0seyJhdXRob3JpdHkiOiJtYW5hZ2VtZW50OnJlYWQifSx7ImF1dGhvcml0eSI6IlJPTEVfQURNSU4ifV0sInN1YiI6ImFkbWluIiwiaWF0IjoxNjkyNzcwMDUzLCJleHAiOjE2OTI4NTQ2NTN9.RuHqSO0H-M4VkUmTIxOD6IS-7QSpMWdt2dG0rBEpNT0','BEARER',_binary '',_binary '',19),(92,'eyJhbGciOiJIUzI1NiJ9.eyJSb2xlIjpbeyJhdXRob3JpdHkiOiJtYW5hZ2VtZW50OnVwZGF0ZSJ9LHsiYXV0aG9yaXR5IjoibWFuYWdlbWVudDpkZWxldGUifSx7ImF1dGhvcml0eSI6ImFkbWluOnVwZGF0ZSJ9LHsiYXV0aG9yaXR5IjoibWFuYWdlbWVudDpjcmVhdGUifSx7ImF1dGhvcml0eSI6ImFkbWluOmNyZWF0ZSJ9LHsiYXV0aG9yaXR5IjoiYWRtaW46ZGVsZXRlIn0seyJhdXRob3JpdHkiOiJhZG1pbjpyZWFkIn0seyJhdXRob3JpdHkiOiJtYW5hZ2VtZW50OnJlYWQifSx7ImF1dGhvcml0eSI6IlJPTEVfQURNSU4ifV0sInN1YiI6ImFkbWluIiwiaWF0IjoxNjkyNzcwMTgwLCJleHAiOjE2OTI4NTQ3ODB9.vgYzc_AUbTYIYi3SyS0Iy915iOmJ5zRDaAyj0KL52fQ','BEARER',_binary '',_binary '',19),(93,'eyJhbGciOiJIUzI1NiJ9.eyJSb2xlIjpbeyJhdXRob3JpdHkiOiJtYW5hZ2VtZW50OnVwZGF0ZSJ9LHsiYXV0aG9yaXR5IjoibWFuYWdlbWVudDpkZWxldGUifSx7ImF1dGhvcml0eSI6ImFkbWluOnVwZGF0ZSJ9LHsiYXV0aG9yaXR5IjoibWFuYWdlbWVudDpjcmVhdGUifSx7ImF1dGhvcml0eSI6ImFkbWluOmNyZWF0ZSJ9LHsiYXV0aG9yaXR5IjoiYWRtaW46ZGVsZXRlIn0seyJhdXRob3JpdHkiOiJhZG1pbjpyZWFkIn0seyJhdXRob3JpdHkiOiJtYW5hZ2VtZW50OnJlYWQifSx7ImF1dGhvcml0eSI6IlJPTEVfQURNSU4ifV0sInN1YiI6ImFkbWluIiwiaWF0IjoxNjkyNzcwMjE4LCJleHAiOjE2OTI4NTQ4MTh9.d5oslO5JPOGBk_mKZhavYV7oRNBNV7j7KW5kQZP9FvQ','BEARER',_binary '',_binary '',19),(94,'eyJhbGciOiJIUzI1NiJ9.eyJSb2xlIjpbeyJhdXRob3JpdHkiOiJtYW5hZ2VtZW50OnVwZGF0ZSJ9LHsiYXV0aG9yaXR5IjoibWFuYWdlbWVudDpkZWxldGUifSx7ImF1dGhvcml0eSI6ImFkbWluOnVwZGF0ZSJ9LHsiYXV0aG9yaXR5IjoibWFuYWdlbWVudDpjcmVhdGUifSx7ImF1dGhvcml0eSI6ImFkbWluOmNyZWF0ZSJ9LHsiYXV0aG9yaXR5IjoiYWRtaW46ZGVsZXRlIn0seyJhdXRob3JpdHkiOiJhZG1pbjpyZWFkIn0seyJhdXRob3JpdHkiOiJtYW5hZ2VtZW50OnJlYWQifSx7ImF1dGhvcml0eSI6IlJPTEVfQURNSU4ifV0sInN1YiI6ImFkbWluIiwiaWF0IjoxNjkyNzcwMjI0LCJleHAiOjE2OTI4NTQ4MjR9.-CZ9Ia3dogccLE0YwFWmikNpl228-N1iHYaZ8wHqDmU','BEARER',_binary '',_binary '',19),(95,'eyJhbGciOiJIUzI1NiJ9.eyJSb2xlIjpbeyJhdXRob3JpdHkiOiJtYW5hZ2VtZW50OnVwZGF0ZSJ9LHsiYXV0aG9yaXR5IjoibWFuYWdlbWVudDpkZWxldGUifSx7ImF1dGhvcml0eSI6ImFkbWluOnVwZGF0ZSJ9LHsiYXV0aG9yaXR5IjoibWFuYWdlbWVudDpjcmVhdGUifSx7ImF1dGhvcml0eSI6ImFkbWluOmNyZWF0ZSJ9LHsiYXV0aG9yaXR5IjoiYWRtaW46ZGVsZXRlIn0seyJhdXRob3JpdHkiOiJhZG1pbjpyZWFkIn0seyJhdXRob3JpdHkiOiJtYW5hZ2VtZW50OnJlYWQifSx7ImF1dGhvcml0eSI6IlJPTEVfQURNSU4ifV0sInN1YiI6ImFkbWluIiwiaWF0IjoxNjkyNzcwMjYyLCJleHAiOjE2OTI4NTQ4NjJ9.sADGWWHxOvMY9zSMaCIPoGWbXPZjOoHVttVMNTEcaGg','BEARER',_binary '',_binary '',19),(96,'eyJhbGciOiJIUzI1NiJ9.eyJSb2xlIjpbeyJhdXRob3JpdHkiOiJtYW5hZ2VtZW50OnVwZGF0ZSJ9LHsiYXV0aG9yaXR5IjoibWFuYWdlbWVudDpkZWxldGUifSx7ImF1dGhvcml0eSI6ImFkbWluOnVwZGF0ZSJ9LHsiYXV0aG9yaXR5IjoibWFuYWdlbWVudDpjcmVhdGUifSx7ImF1dGhvcml0eSI6ImFkbWluOmNyZWF0ZSJ9LHsiYXV0aG9yaXR5IjoiYWRtaW46ZGVsZXRlIn0seyJhdXRob3JpdHkiOiJhZG1pbjpyZWFkIn0seyJhdXRob3JpdHkiOiJtYW5hZ2VtZW50OnJlYWQifSx7ImF1dGhvcml0eSI6IlJPTEVfQURNSU4ifV0sInN1YiI6ImFkbWluIiwiaWF0IjoxNjkyNzcwMjgzLCJleHAiOjE2OTI4NTQ4ODN9.U5zC2mUJ0eDyKljErazOFW0NpK9FU21OzpQtPQoXnT8','BEARER',_binary '',_binary '',19),(97,'eyJhbGciOiJIUzI1NiJ9.eyJSb2xlIjpbeyJhdXRob3JpdHkiOiJtYW5hZ2VtZW50OnVwZGF0ZSJ9LHsiYXV0aG9yaXR5IjoibWFuYWdlbWVudDpkZWxldGUifSx7ImF1dGhvcml0eSI6ImFkbWluOnVwZGF0ZSJ9LHsiYXV0aG9yaXR5IjoibWFuYWdlbWVudDpjcmVhdGUifSx7ImF1dGhvcml0eSI6ImFkbWluOmNyZWF0ZSJ9LHsiYXV0aG9yaXR5IjoiYWRtaW46ZGVsZXRlIn0seyJhdXRob3JpdHkiOiJhZG1pbjpyZWFkIn0seyJhdXRob3JpdHkiOiJtYW5hZ2VtZW50OnJlYWQifSx7ImF1dGhvcml0eSI6IlJPTEVfQURNSU4ifV0sInN1YiI6ImFkbWluIiwiaWF0IjoxNjkyNzcwMjk3LCJleHAiOjE2OTI4NTQ4OTd9.SL1TlOKDJaN3IEQRfnPVbUGQ4iruODEyIpNIRVvgit4','BEARER',_binary '',_binary '',19),(98,'eyJhbGciOiJIUzI1NiJ9.eyJSb2xlIjpbeyJhdXRob3JpdHkiOiJtYW5hZ2VtZW50OnVwZGF0ZSJ9LHsiYXV0aG9yaXR5IjoibWFuYWdlbWVudDpkZWxldGUifSx7ImF1dGhvcml0eSI6ImFkbWluOnVwZGF0ZSJ9LHsiYXV0aG9yaXR5IjoibWFuYWdlbWVudDpjcmVhdGUifSx7ImF1dGhvcml0eSI6ImFkbWluOmNyZWF0ZSJ9LHsiYXV0aG9yaXR5IjoiYWRtaW46ZGVsZXRlIn0seyJhdXRob3JpdHkiOiJhZG1pbjpyZWFkIn0seyJhdXRob3JpdHkiOiJtYW5hZ2VtZW50OnJlYWQifSx7ImF1dGhvcml0eSI6IlJPTEVfQURNSU4ifV0sInN1YiI6ImFkbWluIiwiaWF0IjoxNjkyNzcxODgyLCJleHAiOjE2OTI4NTY0ODJ9.pzs3RojLPp4L7GOzSmfeK7EvDz1a48ZbmffMWtIxeDE','BEARER',_binary '',_binary '',19),(99,'eyJhbGciOiJIUzI1NiJ9.eyJSb2xlIjpbeyJhdXRob3JpdHkiOiJtYW5hZ2VtZW50OnVwZGF0ZSJ9LHsiYXV0aG9yaXR5IjoibWFuYWdlbWVudDpkZWxldGUifSx7ImF1dGhvcml0eSI6ImFkbWluOnVwZGF0ZSJ9LHsiYXV0aG9yaXR5IjoibWFuYWdlbWVudDpjcmVhdGUifSx7ImF1dGhvcml0eSI6ImFkbWluOmNyZWF0ZSJ9LHsiYXV0aG9yaXR5IjoiYWRtaW46ZGVsZXRlIn0seyJhdXRob3JpdHkiOiJhZG1pbjpyZWFkIn0seyJhdXRob3JpdHkiOiJtYW5hZ2VtZW50OnJlYWQifSx7ImF1dGhvcml0eSI6IlJPTEVfQURNSU4ifV0sInN1YiI6ImFkbWluIiwiaWF0IjoxNjkyNzcyMDc0LCJleHAiOjE2OTI4NTY2NzR9.rPECYoTqnpRySM_Lamp2Bslzj5Q1ibnsapMePj1n5NU','BEARER',_binary '',_binary '',19),(100,'eyJhbGciOiJIUzI1NiJ9.eyJSb2xlIjpbeyJhdXRob3JpdHkiOiJtYW5hZ2VtZW50OnVwZGF0ZSJ9LHsiYXV0aG9yaXR5IjoibWFuYWdlbWVudDpkZWxldGUifSx7ImF1dGhvcml0eSI6ImFkbWluOnVwZGF0ZSJ9LHsiYXV0aG9yaXR5IjoibWFuYWdlbWVudDpjcmVhdGUifSx7ImF1dGhvcml0eSI6ImFkbWluOmNyZWF0ZSJ9LHsiYXV0aG9yaXR5IjoiYWRtaW46ZGVsZXRlIn0seyJhdXRob3JpdHkiOiJhZG1pbjpyZWFkIn0seyJhdXRob3JpdHkiOiJtYW5hZ2VtZW50OnJlYWQifSx7ImF1dGhvcml0eSI6IlJPTEVfQURNSU4ifV0sInN1YiI6ImFkbWluIiwiaWF0IjoxNjkyNzcyMDc5LCJleHAiOjE2OTI4NTY2Nzl9.wXuc-nLHuMGTc5I1CbdM19HpCQr6Gk6a3KevIZRZhBA','BEARER',_binary '',_binary '',19),(101,'eyJhbGciOiJIUzI1NiJ9.eyJSb2xlIjpbeyJhdXRob3JpdHkiOiJtYW5hZ2VtZW50OnVwZGF0ZSJ9LHsiYXV0aG9yaXR5IjoibWFuYWdlbWVudDpkZWxldGUifSx7ImF1dGhvcml0eSI6ImFkbWluOnVwZGF0ZSJ9LHsiYXV0aG9yaXR5IjoibWFuYWdlbWVudDpjcmVhdGUifSx7ImF1dGhvcml0eSI6ImFkbWluOmNyZWF0ZSJ9LHsiYXV0aG9yaXR5IjoiYWRtaW46ZGVsZXRlIn0seyJhdXRob3JpdHkiOiJhZG1pbjpyZWFkIn0seyJhdXRob3JpdHkiOiJtYW5hZ2VtZW50OnJlYWQifSx7ImF1dGhvcml0eSI6IlJPTEVfQURNSU4ifV0sInN1YiI6ImFkbWluIiwiaWF0IjoxNjkyNzcyMTM1LCJleHAiOjE2OTI4NTY3MzV9.pAQbvVBbTlEaH6K-4Z_QSq7aBva3kf9RBzXh4ZKG3tM','BEARER',_binary '',_binary '',19),(102,'eyJhbGciOiJIUzI1NiJ9.eyJSb2xlIjpbeyJhdXRob3JpdHkiOiJtYW5hZ2VtZW50OnVwZGF0ZSJ9LHsiYXV0aG9yaXR5IjoibWFuYWdlbWVudDpkZWxldGUifSx7ImF1dGhvcml0eSI6ImFkbWluOnVwZGF0ZSJ9LHsiYXV0aG9yaXR5IjoibWFuYWdlbWVudDpjcmVhdGUifSx7ImF1dGhvcml0eSI6ImFkbWluOmNyZWF0ZSJ9LHsiYXV0aG9yaXR5IjoiYWRtaW46ZGVsZXRlIn0seyJhdXRob3JpdHkiOiJhZG1pbjpyZWFkIn0seyJhdXRob3JpdHkiOiJtYW5hZ2VtZW50OnJlYWQifSx7ImF1dGhvcml0eSI6IlJPTEVfQURNSU4ifV0sInN1YiI6ImFkbWluIiwiaWF0IjoxNjkyNzcyMTU0LCJleHAiOjE2OTI4NTY3NTR9.OHiXpe3_l9elbzPulxuebDkWpddJDzymquuddoXrCuI','BEARER',_binary '',_binary '',19),(103,'eyJhbGciOiJIUzI1NiJ9.eyJSb2xlIjpbeyJhdXRob3JpdHkiOiJtYW5hZ2VtZW50OnVwZGF0ZSJ9LHsiYXV0aG9yaXR5IjoibWFuYWdlbWVudDpkZWxldGUifSx7ImF1dGhvcml0eSI6ImFkbWluOnVwZGF0ZSJ9LHsiYXV0aG9yaXR5IjoibWFuYWdlbWVudDpjcmVhdGUifSx7ImF1dGhvcml0eSI6ImFkbWluOmNyZWF0ZSJ9LHsiYXV0aG9yaXR5IjoiYWRtaW46ZGVsZXRlIn0seyJhdXRob3JpdHkiOiJhZG1pbjpyZWFkIn0seyJhdXRob3JpdHkiOiJtYW5hZ2VtZW50OnJlYWQifSx7ImF1dGhvcml0eSI6IlJPTEVfQURNSU4ifV0sInN1YiI6ImFkbWluIiwiaWF0IjoxNjkyNzcyMTYxLCJleHAiOjE2OTI4NTY3NjF9.0waCL58noyhxY3ic7D6a97Nr6cONimvqEfWaYYVuCso','BEARER',_binary '',_binary '',19),(104,'eyJhbGciOiJIUzI1NiJ9.eyJSb2xlIjpbeyJhdXRob3JpdHkiOiJtYW5hZ2VtZW50OnVwZGF0ZSJ9LHsiYXV0aG9yaXR5IjoibWFuYWdlbWVudDpkZWxldGUifSx7ImF1dGhvcml0eSI6ImFkbWluOnVwZGF0ZSJ9LHsiYXV0aG9yaXR5IjoibWFuYWdlbWVudDpjcmVhdGUifSx7ImF1dGhvcml0eSI6ImFkbWluOmNyZWF0ZSJ9LHsiYXV0aG9yaXR5IjoiYWRtaW46ZGVsZXRlIn0seyJhdXRob3JpdHkiOiJhZG1pbjpyZWFkIn0seyJhdXRob3JpdHkiOiJtYW5hZ2VtZW50OnJlYWQifSx7ImF1dGhvcml0eSI6IlJPTEVfQURNSU4ifV0sInN1YiI6ImFkbWluIiwiaWF0IjoxNjkyNzcyMTkwLCJleHAiOjE2OTI4NTY3OTB9.qa0vU-DwhvUsqzzghfKeKIitJR3FKqp9MLJH2O1O7Tw','BEARER',_binary '',_binary '',19),(105,'eyJhbGciOiJIUzI1NiJ9.eyJSb2xlIjpbeyJhdXRob3JpdHkiOiJtYW5hZ2VtZW50OnVwZGF0ZSJ9LHsiYXV0aG9yaXR5IjoibWFuYWdlbWVudDpkZWxldGUifSx7ImF1dGhvcml0eSI6ImFkbWluOnVwZGF0ZSJ9LHsiYXV0aG9yaXR5IjoibWFuYWdlbWVudDpjcmVhdGUifSx7ImF1dGhvcml0eSI6ImFkbWluOmNyZWF0ZSJ9LHsiYXV0aG9yaXR5IjoiYWRtaW46ZGVsZXRlIn0seyJhdXRob3JpdHkiOiJhZG1pbjpyZWFkIn0seyJhdXRob3JpdHkiOiJtYW5hZ2VtZW50OnJlYWQifSx7ImF1dGhvcml0eSI6IlJPTEVfQURNSU4ifV0sInN1YiI6ImFkbWluIiwiaWF0IjoxNjkyNzcyMjA4LCJleHAiOjE2OTI4NTY4MDh9.gSkVcJMp8vlgtKfU4H5RkaODeYyM0VLPtf3kbYQYZRc','BEARER',_binary '',_binary '',19),(106,'eyJhbGciOiJIUzI1NiJ9.eyJSb2xlIjpbeyJhdXRob3JpdHkiOiJtYW5hZ2VtZW50OmNyZWF0ZSJ9LHsiYXV0aG9yaXR5IjoiYWRtaW46ZGVsZXRlIn0seyJhdXRob3JpdHkiOiJtYW5hZ2VtZW50OnVwZGF0ZSJ9LHsiYXV0aG9yaXR5IjoiYWRtaW46cmVhZCJ9LHsiYXV0aG9yaXR5IjoibWFuYWdlbWVudDpkZWxldGUifSx7ImF1dGhvcml0eSI6ImFkbWluOnVwZGF0ZSJ9LHsiYXV0aG9yaXR5IjoiYWRtaW46Y3JlYXRlIn0seyJhdXRob3JpdHkiOiJtYW5hZ2VtZW50OnJlYWQifSx7ImF1dGhvcml0eSI6IlJPTEVfQURNSU4ifV0sInN1YiI6ImFkbWluIiwiaWF0IjoxNjkyODAyNzkzLCJleHAiOjE2OTI4ODczOTN9._50aDuOZIB-3o2iYUOvmFK-ZzjPDJSpkoFyI9Z_H2Fc','BEARER',_binary '',_binary '',19),(107,'eyJhbGciOiJIUzI1NiJ9.eyJSb2xlIjpbeyJhdXRob3JpdHkiOiJtYW5hZ2VtZW50OmNyZWF0ZSJ9LHsiYXV0aG9yaXR5IjoiYWRtaW46ZGVsZXRlIn0seyJhdXRob3JpdHkiOiJtYW5hZ2VtZW50OnVwZGF0ZSJ9LHsiYXV0aG9yaXR5IjoiYWRtaW46cmVhZCJ9LHsiYXV0aG9yaXR5IjoibWFuYWdlbWVudDpkZWxldGUifSx7ImF1dGhvcml0eSI6ImFkbWluOnVwZGF0ZSJ9LHsiYXV0aG9yaXR5IjoiYWRtaW46Y3JlYXRlIn0seyJhdXRob3JpdHkiOiJtYW5hZ2VtZW50OnJlYWQifSx7ImF1dGhvcml0eSI6IlJPTEVfQURNSU4ifV0sInN1YiI6ImFkbWluIiwiaWF0IjoxNjkyODAyODMwLCJleHAiOjE2OTI4ODc0MzB9.mM4QSzAMdNOXPesa7OWrmEGdypLkTrRkd8A7pRYbVAU','BEARER',_binary '',_binary '',19),(108,'eyJhbGciOiJIUzI1NiJ9.eyJSb2xlIjpbeyJhdXRob3JpdHkiOiJtYW5hZ2VtZW50OmNyZWF0ZSJ9LHsiYXV0aG9yaXR5IjoiYWRtaW46ZGVsZXRlIn0seyJhdXRob3JpdHkiOiJtYW5hZ2VtZW50OnVwZGF0ZSJ9LHsiYXV0aG9yaXR5IjoiYWRtaW46cmVhZCJ9LHsiYXV0aG9yaXR5IjoibWFuYWdlbWVudDpkZWxldGUifSx7ImF1dGhvcml0eSI6ImFkbWluOnVwZGF0ZSJ9LHsiYXV0aG9yaXR5IjoiYWRtaW46Y3JlYXRlIn0seyJhdXRob3JpdHkiOiJtYW5hZ2VtZW50OnJlYWQifSx7ImF1dGhvcml0eSI6IlJPTEVfQURNSU4ifV0sInN1YiI6ImFkbWluIiwiaWF0IjoxNjkyODAyODM3LCJleHAiOjE2OTI4ODc0Mzd9.claHKOE0TMit0Z3nV7N_0LVwy35hIzaiGEO1KWGbgSE','BEARER',_binary '',_binary '',19),(109,'eyJhbGciOiJIUzI1NiJ9.eyJSb2xlIjpbeyJhdXRob3JpdHkiOiJtYW5hZ2VtZW50OmNyZWF0ZSJ9LHsiYXV0aG9yaXR5IjoiYWRtaW46ZGVsZXRlIn0seyJhdXRob3JpdHkiOiJtYW5hZ2VtZW50OnVwZGF0ZSJ9LHsiYXV0aG9yaXR5IjoiYWRtaW46cmVhZCJ9LHsiYXV0aG9yaXR5IjoibWFuYWdlbWVudDpkZWxldGUifSx7ImF1dGhvcml0eSI6ImFkbWluOnVwZGF0ZSJ9LHsiYXV0aG9yaXR5IjoiYWRtaW46Y3JlYXRlIn0seyJhdXRob3JpdHkiOiJtYW5hZ2VtZW50OnJlYWQifSx7ImF1dGhvcml0eSI6IlJPTEVfQURNSU4ifV0sInN1YiI6ImFkbWluIiwiaWF0IjoxNjkyODAyODg4LCJleHAiOjE2OTI4ODc0ODh9.98mdwfaUzNHRKV-sXttmTxbAC7ez_IT-4KIH4QKx-y8','BEARER',_binary '',_binary '',19),(110,'eyJhbGciOiJIUzI1NiJ9.eyJSb2xlIjpbeyJhdXRob3JpdHkiOiJtYW5hZ2VtZW50OmNyZWF0ZSJ9LHsiYXV0aG9yaXR5IjoiYWRtaW46ZGVsZXRlIn0seyJhdXRob3JpdHkiOiJtYW5hZ2VtZW50OnVwZGF0ZSJ9LHsiYXV0aG9yaXR5IjoiYWRtaW46cmVhZCJ9LHsiYXV0aG9yaXR5IjoibWFuYWdlbWVudDpkZWxldGUifSx7ImF1dGhvcml0eSI6ImFkbWluOnVwZGF0ZSJ9LHsiYXV0aG9yaXR5IjoiYWRtaW46Y3JlYXRlIn0seyJhdXRob3JpdHkiOiJtYW5hZ2VtZW50OnJlYWQifSx7ImF1dGhvcml0eSI6IlJPTEVfQURNSU4ifV0sInN1YiI6ImFkbWluIiwiaWF0IjoxNjkyODAyODk1LCJleHAiOjE2OTI4ODc0OTV9.S3_Vdp7idSXyRXwI-6Y8BM-H6m1KPGGbT7ldJZnoNqo','BEARER',_binary '',_binary '',19),(111,'eyJhbGciOiJIUzI1NiJ9.eyJSb2xlIjpbeyJhdXRob3JpdHkiOiJtYW5hZ2VtZW50OmNyZWF0ZSJ9LHsiYXV0aG9yaXR5IjoiYWRtaW46ZGVsZXRlIn0seyJhdXRob3JpdHkiOiJtYW5hZ2VtZW50OnVwZGF0ZSJ9LHsiYXV0aG9yaXR5IjoiYWRtaW46cmVhZCJ9LHsiYXV0aG9yaXR5IjoibWFuYWdlbWVudDpkZWxldGUifSx7ImF1dGhvcml0eSI6ImFkbWluOnVwZGF0ZSJ9LHsiYXV0aG9yaXR5IjoiYWRtaW46Y3JlYXRlIn0seyJhdXRob3JpdHkiOiJtYW5hZ2VtZW50OnJlYWQifSx7ImF1dGhvcml0eSI6IlJPTEVfQURNSU4ifV0sInN1YiI6ImFkbWluIiwiaWF0IjoxNjkyODAzMjc3LCJleHAiOjE2OTI4ODc4Nzd9._dYBBhQWrcca3CLrIwZzYSX1fUyHwpC_IrNOe4Lmny8','BEARER',_binary '',_binary '',19),(112,'eyJhbGciOiJIUzI1NiJ9.eyJSb2xlIjpbeyJhdXRob3JpdHkiOiJtYW5hZ2VtZW50OmNyZWF0ZSJ9LHsiYXV0aG9yaXR5IjoiYWRtaW46ZGVsZXRlIn0seyJhdXRob3JpdHkiOiJtYW5hZ2VtZW50OnVwZGF0ZSJ9LHsiYXV0aG9yaXR5IjoiYWRtaW46cmVhZCJ9LHsiYXV0aG9yaXR5IjoibWFuYWdlbWVudDpkZWxldGUifSx7ImF1dGhvcml0eSI6ImFkbWluOnVwZGF0ZSJ9LHsiYXV0aG9yaXR5IjoiYWRtaW46Y3JlYXRlIn0seyJhdXRob3JpdHkiOiJtYW5hZ2VtZW50OnJlYWQifSx7ImF1dGhvcml0eSI6IlJPTEVfQURNSU4ifV0sInN1YiI6ImFkbWluIiwiaWF0IjoxNjkyODAzMzI1LCJleHAiOjE2OTI4ODc5MjV9.Zfw5QzVdExyZi76Ks7GcYjubR1vHo5yp-rp1ebgBj5A','BEARER',_binary '',_binary '',19),(113,'eyJhbGciOiJIUzI1NiJ9.eyJSb2xlIjpbeyJhdXRob3JpdHkiOiJtYW5hZ2VtZW50OmNyZWF0ZSJ9LHsiYXV0aG9yaXR5IjoiYWRtaW46ZGVsZXRlIn0seyJhdXRob3JpdHkiOiJtYW5hZ2VtZW50OnVwZGF0ZSJ9LHsiYXV0aG9yaXR5IjoiYWRtaW46cmVhZCJ9LHsiYXV0aG9yaXR5IjoibWFuYWdlbWVudDpkZWxldGUifSx7ImF1dGhvcml0eSI6ImFkbWluOnVwZGF0ZSJ9LHsiYXV0aG9yaXR5IjoiYWRtaW46Y3JlYXRlIn0seyJhdXRob3JpdHkiOiJtYW5hZ2VtZW50OnJlYWQifSx7ImF1dGhvcml0eSI6IlJPTEVfQURNSU4ifV0sInN1YiI6ImFkbWluIiwiaWF0IjoxNjkyODA0MDgxLCJleHAiOjE2OTI4ODg2ODF9.hFl4cclOr0L9KtNRgDKF72i884dTgBx-scowd3AaiB8','BEARER',_binary '',_binary '',19),(114,'eyJhbGciOiJIUzI1NiJ9.eyJSb2xlIjpbeyJhdXRob3JpdHkiOiJtYW5hZ2VtZW50OmNyZWF0ZSJ9LHsiYXV0aG9yaXR5IjoiYWRtaW46ZGVsZXRlIn0seyJhdXRob3JpdHkiOiJtYW5hZ2VtZW50OnVwZGF0ZSJ9LHsiYXV0aG9yaXR5IjoiYWRtaW46cmVhZCJ9LHsiYXV0aG9yaXR5IjoibWFuYWdlbWVudDpkZWxldGUifSx7ImF1dGhvcml0eSI6ImFkbWluOnVwZGF0ZSJ9LHsiYXV0aG9yaXR5IjoiYWRtaW46Y3JlYXRlIn0seyJhdXRob3JpdHkiOiJtYW5hZ2VtZW50OnJlYWQifSx7ImF1dGhvcml0eSI6IlJPTEVfQURNSU4ifV0sInN1YiI6ImFkbWluIiwiaWF0IjoxNjkyODA0MTM0LCJleHAiOjE2OTI4ODg3MzR9.h7FsAW4Acfbo8H7WlySa2lur2yX-6EfOsgobV3umpI4','BEARER',_binary '',_binary '',19),(115,'eyJhbGciOiJIUzI1NiJ9.eyJSb2xlIjpbeyJhdXRob3JpdHkiOiJtYW5hZ2VtZW50OmNyZWF0ZSJ9LHsiYXV0aG9yaXR5IjoiYWRtaW46ZGVsZXRlIn0seyJhdXRob3JpdHkiOiJtYW5hZ2VtZW50OnVwZGF0ZSJ9LHsiYXV0aG9yaXR5IjoiYWRtaW46cmVhZCJ9LHsiYXV0aG9yaXR5IjoibWFuYWdlbWVudDpkZWxldGUifSx7ImF1dGhvcml0eSI6ImFkbWluOnVwZGF0ZSJ9LHsiYXV0aG9yaXR5IjoiYWRtaW46Y3JlYXRlIn0seyJhdXRob3JpdHkiOiJtYW5hZ2VtZW50OnJlYWQifSx7ImF1dGhvcml0eSI6IlJPTEVfQURNSU4ifV0sInN1YiI6ImFkbWluIiwiaWF0IjoxNjkyODA0Mjk2LCJleHAiOjE2OTI4ODg4OTZ9.JG0529BuTCYoRYLeHWlXhlR7L2JfJkVibwAWBadaLgw','BEARER',_binary '',_binary '',19),(116,'eyJhbGciOiJIUzI1NiJ9.eyJSb2xlIjpbeyJhdXRob3JpdHkiOiJtYW5hZ2VtZW50OmNyZWF0ZSJ9LHsiYXV0aG9yaXR5IjoiYWRtaW46ZGVsZXRlIn0seyJhdXRob3JpdHkiOiJtYW5hZ2VtZW50OnVwZGF0ZSJ9LHsiYXV0aG9yaXR5IjoiYWRtaW46cmVhZCJ9LHsiYXV0aG9yaXR5IjoibWFuYWdlbWVudDpkZWxldGUifSx7ImF1dGhvcml0eSI6ImFkbWluOnVwZGF0ZSJ9LHsiYXV0aG9yaXR5IjoiYWRtaW46Y3JlYXRlIn0seyJhdXRob3JpdHkiOiJtYW5hZ2VtZW50OnJlYWQifSx7ImF1dGhvcml0eSI6IlJPTEVfQURNSU4ifV0sInN1YiI6ImFkbWluIiwiaWF0IjoxNjkyODA1MDI0LCJleHAiOjE2OTI4ODk2MjR9._bCZ7aZFO5o7DVQvwQHLjFwr1A2FU1Ok3IO8taY-MgY','BEARER',_binary '',_binary '',19),(117,'eyJhbGciOiJIUzI1NiJ9.eyJSb2xlIjpbeyJhdXRob3JpdHkiOiJtYW5hZ2VtZW50OmNyZWF0ZSJ9LHsiYXV0aG9yaXR5IjoiYWRtaW46ZGVsZXRlIn0seyJhdXRob3JpdHkiOiJtYW5hZ2VtZW50OnVwZGF0ZSJ9LHsiYXV0aG9yaXR5IjoiYWRtaW46cmVhZCJ9LHsiYXV0aG9yaXR5IjoibWFuYWdlbWVudDpkZWxldGUifSx7ImF1dGhvcml0eSI6ImFkbWluOnVwZGF0ZSJ9LHsiYXV0aG9yaXR5IjoiYWRtaW46Y3JlYXRlIn0seyJhdXRob3JpdHkiOiJtYW5hZ2VtZW50OnJlYWQifSx7ImF1dGhvcml0eSI6IlJPTEVfQURNSU4ifV0sInN1YiI6ImFkbWluIiwiaWF0IjoxNjkyODA1MDI3LCJleHAiOjE2OTI4ODk2Mjd9.XTrPAlJekgrNqXALzktmeR4QbJFTvAdQ8YdAKqNEacY','BEARER',_binary '',_binary '',19),(118,'eyJhbGciOiJIUzI1NiJ9.eyJSb2xlIjpbeyJhdXRob3JpdHkiOiJtYW5hZ2VtZW50OmNyZWF0ZSJ9LHsiYXV0aG9yaXR5IjoiYWRtaW46ZGVsZXRlIn0seyJhdXRob3JpdHkiOiJtYW5hZ2VtZW50OnVwZGF0ZSJ9LHsiYXV0aG9yaXR5IjoiYWRtaW46cmVhZCJ9LHsiYXV0aG9yaXR5IjoibWFuYWdlbWVudDpkZWxldGUifSx7ImF1dGhvcml0eSI6ImFkbWluOnVwZGF0ZSJ9LHsiYXV0aG9yaXR5IjoiYWRtaW46Y3JlYXRlIn0seyJhdXRob3JpdHkiOiJtYW5hZ2VtZW50OnJlYWQifSx7ImF1dGhvcml0eSI6IlJPTEVfQURNSU4ifV0sInN1YiI6ImFkbWluIiwiaWF0IjoxNjkyODA1MDg4LCJleHAiOjE2OTI4ODk2ODh9.wFovM7zvM0iHbetrdktCpQyZMODXXBnWvBvWD4x8Nwc','BEARER',_binary '',_binary '',19),(119,'eyJhbGciOiJIUzI1NiJ9.eyJSb2xlIjpbeyJhdXRob3JpdHkiOiJtYW5hZ2VtZW50OmNyZWF0ZSJ9LHsiYXV0aG9yaXR5IjoiYWRtaW46ZGVsZXRlIn0seyJhdXRob3JpdHkiOiJtYW5hZ2VtZW50OnVwZGF0ZSJ9LHsiYXV0aG9yaXR5IjoiYWRtaW46cmVhZCJ9LHsiYXV0aG9yaXR5IjoibWFuYWdlbWVudDpkZWxldGUifSx7ImF1dGhvcml0eSI6ImFkbWluOnVwZGF0ZSJ9LHsiYXV0aG9yaXR5IjoiYWRtaW46Y3JlYXRlIn0seyJhdXRob3JpdHkiOiJtYW5hZ2VtZW50OnJlYWQifSx7ImF1dGhvcml0eSI6IlJPTEVfQURNSU4ifV0sInN1YiI6ImFkbWluIiwiaWF0IjoxNjkyODA1MTMzLCJleHAiOjE2OTI4ODk3MzN9.8-Aqw3AGpapNtp9-8HdadjAON8NIlz4kMKNePqeNqI4','BEARER',_binary '',_binary '',19),(120,'eyJhbGciOiJIUzI1NiJ9.eyJSb2xlIjpbeyJhdXRob3JpdHkiOiJhZG1pbjpkZWxldGUifSx7ImF1dGhvcml0eSI6ImFkbWluOmNyZWF0ZSJ9LHsiYXV0aG9yaXR5IjoibWFuYWdlbWVudDpjcmVhdGUifSx7ImF1dGhvcml0eSI6ImFkbWluOnVwZGF0ZSJ9LHsiYXV0aG9yaXR5IjoibWFuYWdlbWVudDpkZWxldGUifSx7ImF1dGhvcml0eSI6Im1hbmFnZW1lbnQ6dXBkYXRlIn0seyJhdXRob3JpdHkiOiJtYW5hZ2VtZW50OnJlYWQifSx7ImF1dGhvcml0eSI6ImFkbWluOnJlYWQifSx7ImF1dGhvcml0eSI6IlJPTEVfQURNSU4ifV0sInN1YiI6ImFkbWluIiwiaWF0IjoxNjkyODA2ODM4LCJleHAiOjE2OTI4OTE0Mzh9.NdLBmR68bcbnW2XsUOgh5wyRL5oKxr3ZAZXEZ6gdKvw','BEARER',_binary '',_binary '',19),(121,'eyJhbGciOiJIUzI1NiJ9.eyJSb2xlIjpbeyJhdXRob3JpdHkiOiJhZG1pbjpkZWxldGUifSx7ImF1dGhvcml0eSI6ImFkbWluOmNyZWF0ZSJ9LHsiYXV0aG9yaXR5IjoibWFuYWdlbWVudDpjcmVhdGUifSx7ImF1dGhvcml0eSI6ImFkbWluOnVwZGF0ZSJ9LHsiYXV0aG9yaXR5IjoibWFuYWdlbWVudDpkZWxldGUifSx7ImF1dGhvcml0eSI6Im1hbmFnZW1lbnQ6dXBkYXRlIn0seyJhdXRob3JpdHkiOiJtYW5hZ2VtZW50OnJlYWQifSx7ImF1dGhvcml0eSI6ImFkbWluOnJlYWQifSx7ImF1dGhvcml0eSI6IlJPTEVfQURNSU4ifV0sInN1YiI6ImFkbWluIiwiaWF0IjoxNjkyODA2ODgyLCJleHAiOjE2OTI4OTE0ODJ9.QWEo1LQdqdZq6Ha-0wwtx2gEECgotBdFu0OORt8eNZE','BEARER',_binary '',_binary '',19),(122,'eyJhbGciOiJIUzI1NiJ9.eyJSb2xlIjpbeyJhdXRob3JpdHkiOiJhZG1pbjpkZWxldGUifSx7ImF1dGhvcml0eSI6ImFkbWluOmNyZWF0ZSJ9LHsiYXV0aG9yaXR5IjoibWFuYWdlbWVudDpjcmVhdGUifSx7ImF1dGhvcml0eSI6ImFkbWluOnVwZGF0ZSJ9LHsiYXV0aG9yaXR5IjoibWFuYWdlbWVudDpkZWxldGUifSx7ImF1dGhvcml0eSI6Im1hbmFnZW1lbnQ6dXBkYXRlIn0seyJhdXRob3JpdHkiOiJtYW5hZ2VtZW50OnJlYWQifSx7ImF1dGhvcml0eSI6ImFkbWluOnJlYWQifSx7ImF1dGhvcml0eSI6IlJPTEVfQURNSU4ifV0sInN1YiI6ImFkbWluIiwiaWF0IjoxNjkyODA2OTc5LCJleHAiOjE2OTI4OTE1Nzl9.rRQ9FarhCrSG6us_GVZAhjeLxS4IMI1j5eI_l9I4zoQ','BEARER',_binary '',_binary '',19),(123,'eyJhbGciOiJIUzI1NiJ9.eyJSb2xlIjpbeyJhdXRob3JpdHkiOiJhZG1pbjpkZWxldGUifSx7ImF1dGhvcml0eSI6ImFkbWluOmNyZWF0ZSJ9LHsiYXV0aG9yaXR5IjoibWFuYWdlbWVudDpjcmVhdGUifSx7ImF1dGhvcml0eSI6ImFkbWluOnVwZGF0ZSJ9LHsiYXV0aG9yaXR5IjoibWFuYWdlbWVudDpkZWxldGUifSx7ImF1dGhvcml0eSI6Im1hbmFnZW1lbnQ6dXBkYXRlIn0seyJhdXRob3JpdHkiOiJtYW5hZ2VtZW50OnJlYWQifSx7ImF1dGhvcml0eSI6ImFkbWluOnJlYWQifSx7ImF1dGhvcml0eSI6IlJPTEVfQURNSU4ifV0sInN1YiI6ImFkbWluIiwiaWF0IjoxNjkyODA3MTA1LCJleHAiOjE2OTI4OTE3MDV9.eeht6zXWKFy1zINRGY2eGLsKEzciF_yClQ8GmpCLPlM','BEARER',_binary '',_binary '',19),(124,'eyJhbGciOiJIUzI1NiJ9.eyJSb2xlIjpbeyJhdXRob3JpdHkiOiJhZG1pbjpkZWxldGUifSx7ImF1dGhvcml0eSI6ImFkbWluOmNyZWF0ZSJ9LHsiYXV0aG9yaXR5IjoibWFuYWdlbWVudDpjcmVhdGUifSx7ImF1dGhvcml0eSI6ImFkbWluOnVwZGF0ZSJ9LHsiYXV0aG9yaXR5IjoibWFuYWdlbWVudDpkZWxldGUifSx7ImF1dGhvcml0eSI6Im1hbmFnZW1lbnQ6dXBkYXRlIn0seyJhdXRob3JpdHkiOiJtYW5hZ2VtZW50OnJlYWQifSx7ImF1dGhvcml0eSI6ImFkbWluOnJlYWQifSx7ImF1dGhvcml0eSI6IlJPTEVfQURNSU4ifV0sInN1YiI6ImFkbWluIiwiaWF0IjoxNjkyODA3MTI3LCJleHAiOjE2OTI4OTE3Mjd9.NnNmB_I_3dBouufsjzl9izCz4KfGHwNjwC4Kaej42BE','BEARER',_binary '',_binary '',19),(125,'eyJhbGciOiJIUzI1NiJ9.eyJSb2xlIjpbeyJhdXRob3JpdHkiOiJhZG1pbjpkZWxldGUifSx7ImF1dGhvcml0eSI6ImFkbWluOmNyZWF0ZSJ9LHsiYXV0aG9yaXR5IjoibWFuYWdlbWVudDpjcmVhdGUifSx7ImF1dGhvcml0eSI6ImFkbWluOnVwZGF0ZSJ9LHsiYXV0aG9yaXR5IjoibWFuYWdlbWVudDpkZWxldGUifSx7ImF1dGhvcml0eSI6Im1hbmFnZW1lbnQ6dXBkYXRlIn0seyJhdXRob3JpdHkiOiJtYW5hZ2VtZW50OnJlYWQifSx7ImF1dGhvcml0eSI6ImFkbWluOnJlYWQifSx7ImF1dGhvcml0eSI6IlJPTEVfQURNSU4ifV0sInN1YiI6ImFkbWluIiwiaWF0IjoxNjkyODA3MTg2LCJleHAiOjE2OTI4OTE3ODZ9.q2kGIJR5ay4QPpP-xENTAdvxeic9slvXJ9uGXUtFOQQ','BEARER',_binary '',_binary '',19),(126,'eyJhbGciOiJIUzI1NiJ9.eyJSb2xlIjpbeyJhdXRob3JpdHkiOiJhZG1pbjpkZWxldGUifSx7ImF1dGhvcml0eSI6ImFkbWluOmNyZWF0ZSJ9LHsiYXV0aG9yaXR5IjoibWFuYWdlbWVudDpjcmVhdGUifSx7ImF1dGhvcml0eSI6ImFkbWluOnVwZGF0ZSJ9LHsiYXV0aG9yaXR5IjoibWFuYWdlbWVudDpkZWxldGUifSx7ImF1dGhvcml0eSI6Im1hbmFnZW1lbnQ6dXBkYXRlIn0seyJhdXRob3JpdHkiOiJtYW5hZ2VtZW50OnJlYWQifSx7ImF1dGhvcml0eSI6ImFkbWluOnJlYWQifSx7ImF1dGhvcml0eSI6IlJPTEVfQURNSU4ifV0sInN1YiI6ImFkbWluIiwiaWF0IjoxNjkyODA3MjM3LCJleHAiOjE2OTI4OTE4Mzd9.2_G_y4yRq8JWBx4_9HsDPXk8-816TvAoXk3d0MRh1j4','BEARER',_binary '',_binary '',19),(127,'eyJhbGciOiJIUzI1NiJ9.eyJSb2xlIjpbeyJhdXRob3JpdHkiOiJhZG1pbjpkZWxldGUifSx7ImF1dGhvcml0eSI6ImFkbWluOmNyZWF0ZSJ9LHsiYXV0aG9yaXR5IjoibWFuYWdlbWVudDpjcmVhdGUifSx7ImF1dGhvcml0eSI6ImFkbWluOnVwZGF0ZSJ9LHsiYXV0aG9yaXR5IjoibWFuYWdlbWVudDpkZWxldGUifSx7ImF1dGhvcml0eSI6Im1hbmFnZW1lbnQ6dXBkYXRlIn0seyJhdXRob3JpdHkiOiJtYW5hZ2VtZW50OnJlYWQifSx7ImF1dGhvcml0eSI6ImFkbWluOnJlYWQifSx7ImF1dGhvcml0eSI6IlJPTEVfQURNSU4ifV0sInN1YiI6ImFkbWluIiwiaWF0IjoxNjkyODA3MjU4LCJleHAiOjE2OTI4OTE4NTh9.ik8jpPpM8JZXOa2GaPbWwnBuaqKoK82yYQ4g3pZBgMc','BEARER',_binary '',_binary '',19),(128,'eyJhbGciOiJIUzI1NiJ9.eyJSb2xlIjpbeyJhdXRob3JpdHkiOiJhZG1pbjpkZWxldGUifSx7ImF1dGhvcml0eSI6ImFkbWluOmNyZWF0ZSJ9LHsiYXV0aG9yaXR5IjoibWFuYWdlbWVudDpjcmVhdGUifSx7ImF1dGhvcml0eSI6ImFkbWluOnVwZGF0ZSJ9LHsiYXV0aG9yaXR5IjoibWFuYWdlbWVudDpkZWxldGUifSx7ImF1dGhvcml0eSI6Im1hbmFnZW1lbnQ6dXBkYXRlIn0seyJhdXRob3JpdHkiOiJtYW5hZ2VtZW50OnJlYWQifSx7ImF1dGhvcml0eSI6ImFkbWluOnJlYWQifSx7ImF1dGhvcml0eSI6IlJPTEVfQURNSU4ifV0sInN1YiI6ImFkbWluIiwiaWF0IjoxNjkyODA3Mjc0LCJleHAiOjE2OTI4OTE4NzR9.69-aR-Y5XOQcGI6uFWVEt8IBv1vpsCwwwWclrigl7cQ','BEARER',_binary '',_binary '',19),(129,'eyJhbGciOiJIUzI1NiJ9.eyJSb2xlIjpbeyJhdXRob3JpdHkiOiJhZG1pbjpkZWxldGUifSx7ImF1dGhvcml0eSI6ImFkbWluOmNyZWF0ZSJ9LHsiYXV0aG9yaXR5IjoibWFuYWdlbWVudDpjcmVhdGUifSx7ImF1dGhvcml0eSI6ImFkbWluOnVwZGF0ZSJ9LHsiYXV0aG9yaXR5IjoibWFuYWdlbWVudDpkZWxldGUifSx7ImF1dGhvcml0eSI6Im1hbmFnZW1lbnQ6dXBkYXRlIn0seyJhdXRob3JpdHkiOiJtYW5hZ2VtZW50OnJlYWQifSx7ImF1dGhvcml0eSI6ImFkbWluOnJlYWQifSx7ImF1dGhvcml0eSI6IlJPTEVfQURNSU4ifV0sInN1YiI6ImFkbWluIiwiaWF0IjoxNjkyODA3Mjk1LCJleHAiOjE2OTI4OTE4OTV9.iMJtKxz5mPLDhhxICtKfHz5BsXsaILCe87AjW-Xxc1M','BEARER',_binary '',_binary '',19),(130,'eyJhbGciOiJIUzI1NiJ9.eyJSb2xlIjpbeyJhdXRob3JpdHkiOiJhZG1pbjpkZWxldGUifSx7ImF1dGhvcml0eSI6ImFkbWluOmNyZWF0ZSJ9LHsiYXV0aG9yaXR5IjoibWFuYWdlbWVudDpjcmVhdGUifSx7ImF1dGhvcml0eSI6ImFkbWluOnVwZGF0ZSJ9LHsiYXV0aG9yaXR5IjoibWFuYWdlbWVudDpkZWxldGUifSx7ImF1dGhvcml0eSI6Im1hbmFnZW1lbnQ6dXBkYXRlIn0seyJhdXRob3JpdHkiOiJtYW5hZ2VtZW50OnJlYWQifSx7ImF1dGhvcml0eSI6ImFkbWluOnJlYWQifSx7ImF1dGhvcml0eSI6IlJPTEVfQURNSU4ifV0sInN1YiI6ImFkbWluIiwiaWF0IjoxNjkyODA3Mzc2LCJleHAiOjE2OTI4OTE5NzZ9.-fhQNbZ6TCUy82OTrVR363mMKMg4izw4gupCPA_wrOE','BEARER',_binary '',_binary '',19),(131,'eyJhbGciOiJIUzI1NiJ9.eyJSb2xlIjpbeyJhdXRob3JpdHkiOiJhZG1pbjpkZWxldGUifSx7ImF1dGhvcml0eSI6ImFkbWluOmNyZWF0ZSJ9LHsiYXV0aG9yaXR5IjoibWFuYWdlbWVudDpjcmVhdGUifSx7ImF1dGhvcml0eSI6ImFkbWluOnVwZGF0ZSJ9LHsiYXV0aG9yaXR5IjoibWFuYWdlbWVudDpkZWxldGUifSx7ImF1dGhvcml0eSI6Im1hbmFnZW1lbnQ6dXBkYXRlIn0seyJhdXRob3JpdHkiOiJtYW5hZ2VtZW50OnJlYWQifSx7ImF1dGhvcml0eSI6ImFkbWluOnJlYWQifSx7ImF1dGhvcml0eSI6IlJPTEVfQURNSU4ifV0sInN1YiI6ImFkbWluIiwiaWF0IjoxNjkyODA3NDAxLCJleHAiOjE2OTI4OTIwMDF9.q63_G-teNzqSgaFPJ5cGYD0YFe_DJnZYHUiwvgovjGk','BEARER',_binary '',_binary '',19),(132,'eyJhbGciOiJIUzI1NiJ9.eyJSb2xlIjpbeyJhdXRob3JpdHkiOiJhZG1pbjpkZWxldGUifSx7ImF1dGhvcml0eSI6ImFkbWluOmNyZWF0ZSJ9LHsiYXV0aG9yaXR5IjoibWFuYWdlbWVudDpjcmVhdGUifSx7ImF1dGhvcml0eSI6ImFkbWluOnVwZGF0ZSJ9LHsiYXV0aG9yaXR5IjoibWFuYWdlbWVudDpkZWxldGUifSx7ImF1dGhvcml0eSI6Im1hbmFnZW1lbnQ6dXBkYXRlIn0seyJhdXRob3JpdHkiOiJtYW5hZ2VtZW50OnJlYWQifSx7ImF1dGhvcml0eSI6ImFkbWluOnJlYWQifSx7ImF1dGhvcml0eSI6IlJPTEVfQURNSU4ifV0sInN1YiI6ImFkbWluIiwiaWF0IjoxNjkyODA3NzkzLCJleHAiOjE2OTI4OTIzOTN9.lYVR5kGuHoJwooaeD7ZNRfUmerTjTPrpPHaTA3irBfE','BEARER',_binary '',_binary '',19),(133,'eyJhbGciOiJIUzI1NiJ9.eyJSb2xlIjpbeyJhdXRob3JpdHkiOiJhZG1pbjpkZWxldGUifSx7ImF1dGhvcml0eSI6ImFkbWluOmNyZWF0ZSJ9LHsiYXV0aG9yaXR5IjoibWFuYWdlbWVudDpjcmVhdGUifSx7ImF1dGhvcml0eSI6ImFkbWluOnVwZGF0ZSJ9LHsiYXV0aG9yaXR5IjoibWFuYWdlbWVudDpkZWxldGUifSx7ImF1dGhvcml0eSI6Im1hbmFnZW1lbnQ6dXBkYXRlIn0seyJhdXRob3JpdHkiOiJtYW5hZ2VtZW50OnJlYWQifSx7ImF1dGhvcml0eSI6ImFkbWluOnJlYWQifSx7ImF1dGhvcml0eSI6IlJPTEVfQURNSU4ifV0sInN1YiI6ImFkbWluIiwiaWF0IjoxNjkyODA3OTU4LCJleHAiOjE2OTI4OTI1NTh9.bl7liphV-mt1kUqa22YMFHLBCMvAr3dVty5-awGxkCg','BEARER',_binary '',_binary '',19),(134,'eyJhbGciOiJIUzI1NiJ9.eyJSb2xlIjpbeyJhdXRob3JpdHkiOiJhZG1pbjpkZWxldGUifSx7ImF1dGhvcml0eSI6ImFkbWluOmNyZWF0ZSJ9LHsiYXV0aG9yaXR5IjoibWFuYWdlbWVudDpjcmVhdGUifSx7ImF1dGhvcml0eSI6ImFkbWluOnVwZGF0ZSJ9LHsiYXV0aG9yaXR5IjoibWFuYWdlbWVudDpkZWxldGUifSx7ImF1dGhvcml0eSI6Im1hbmFnZW1lbnQ6dXBkYXRlIn0seyJhdXRob3JpdHkiOiJtYW5hZ2VtZW50OnJlYWQifSx7ImF1dGhvcml0eSI6ImFkbWluOnJlYWQifSx7ImF1dGhvcml0eSI6IlJPTEVfQURNSU4ifV0sInN1YiI6ImFkbWluIiwiaWF0IjoxNjkyODA4MDE0LCJleHAiOjE2OTI4OTI2MTR9.H48ILSS2uSbvaYUAjTerqVvSW9UrXJnRIYdI5-U7GLk','BEARER',_binary '',_binary '',19),(135,'eyJhbGciOiJIUzI1NiJ9.eyJSb2xlIjpbeyJhdXRob3JpdHkiOiJhZG1pbjpkZWxldGUifSx7ImF1dGhvcml0eSI6ImFkbWluOmNyZWF0ZSJ9LHsiYXV0aG9yaXR5IjoibWFuYWdlbWVudDpjcmVhdGUifSx7ImF1dGhvcml0eSI6ImFkbWluOnVwZGF0ZSJ9LHsiYXV0aG9yaXR5IjoibWFuYWdlbWVudDpkZWxldGUifSx7ImF1dGhvcml0eSI6Im1hbmFnZW1lbnQ6dXBkYXRlIn0seyJhdXRob3JpdHkiOiJtYW5hZ2VtZW50OnJlYWQifSx7ImF1dGhvcml0eSI6ImFkbWluOnJlYWQifSx7ImF1dGhvcml0eSI6IlJPTEVfQURNSU4ifV0sInN1YiI6ImFkbWluIiwiaWF0IjoxNjkyODA4MDI2LCJleHAiOjE2OTI4OTI2MjZ9.TC88hNAfXmUcL2XOl48TXvLiQHS6-JXqIQuPR8lA6ow','BEARER',_binary '',_binary '',19),(136,'eyJhbGciOiJIUzI1NiJ9.eyJSb2xlIjpbeyJhdXRob3JpdHkiOiJhZG1pbjpkZWxldGUifSx7ImF1dGhvcml0eSI6ImFkbWluOmNyZWF0ZSJ9LHsiYXV0aG9yaXR5IjoibWFuYWdlbWVudDpjcmVhdGUifSx7ImF1dGhvcml0eSI6ImFkbWluOnVwZGF0ZSJ9LHsiYXV0aG9yaXR5IjoibWFuYWdlbWVudDpkZWxldGUifSx7ImF1dGhvcml0eSI6Im1hbmFnZW1lbnQ6dXBkYXRlIn0seyJhdXRob3JpdHkiOiJtYW5hZ2VtZW50OnJlYWQifSx7ImF1dGhvcml0eSI6ImFkbWluOnJlYWQifSx7ImF1dGhvcml0eSI6IlJPTEVfQURNSU4ifV0sInN1YiI6ImFkbWluIiwiaWF0IjoxNjkyODA4MDQ2LCJleHAiOjE2OTI4OTI2NDZ9.BKy-2oaZbodvnIjGRDF6y6qF2vEM6urlAVXrXnkjaH4','BEARER',_binary '',_binary '',19),(137,'eyJhbGciOiJIUzI1NiJ9.eyJSb2xlIjpbeyJhdXRob3JpdHkiOiJhZG1pbjpkZWxldGUifSx7ImF1dGhvcml0eSI6ImFkbWluOmNyZWF0ZSJ9LHsiYXV0aG9yaXR5IjoibWFuYWdlbWVudDpjcmVhdGUifSx7ImF1dGhvcml0eSI6ImFkbWluOnVwZGF0ZSJ9LHsiYXV0aG9yaXR5IjoibWFuYWdlbWVudDpkZWxldGUifSx7ImF1dGhvcml0eSI6Im1hbmFnZW1lbnQ6dXBkYXRlIn0seyJhdXRob3JpdHkiOiJtYW5hZ2VtZW50OnJlYWQifSx7ImF1dGhvcml0eSI6ImFkbWluOnJlYWQifSx7ImF1dGhvcml0eSI6IlJPTEVfQURNSU4ifV0sInN1YiI6ImFkbWluIiwiaWF0IjoxNjkyODA4MDUxLCJleHAiOjE2OTI4OTI2NTF9.xLfL-x86f6CbZgGx5UaZN3NcNFkDbdDyvM2y1mWSkTM','BEARER',_binary '',_binary '',19),(138,'eyJhbGciOiJIUzI1NiJ9.eyJSb2xlIjpbeyJhdXRob3JpdHkiOiJtYW5hZ2VtZW50OmNyZWF0ZSJ9LHsiYXV0aG9yaXR5IjoiYWRtaW46cmVhZCJ9LHsiYXV0aG9yaXR5IjoibWFuYWdlbWVudDp1cGRhdGUifSx7ImF1dGhvcml0eSI6ImFkbWluOmNyZWF0ZSJ9LHsiYXV0aG9yaXR5IjoibWFuYWdlbWVudDpkZWxldGUifSx7ImF1dGhvcml0eSI6Im1hbmFnZW1lbnQ6cmVhZCJ9LHsiYXV0aG9yaXR5IjoiYWRtaW46dXBkYXRlIn0seyJhdXRob3JpdHkiOiJhZG1pbjpkZWxldGUifSx7ImF1dGhvcml0eSI6IlJPTEVfQURNSU4ifV0sInN1YiI6ImFkbWluIiwiaWF0IjoxNjkyODU0NTA1LCJleHAiOjE2OTI5MzkxMDV9.JGL2J7VtEzCBbUJGK1klW1LhMA5YnLVeMnv-IFCGPYs','BEARER',_binary '',_binary '',19),(139,'eyJhbGciOiJIUzI1NiJ9.eyJSb2xlIjpbeyJhdXRob3JpdHkiOiJtYW5hZ2VtZW50OmNyZWF0ZSJ9LHsiYXV0aG9yaXR5IjoiYWRtaW46cmVhZCJ9LHsiYXV0aG9yaXR5IjoibWFuYWdlbWVudDp1cGRhdGUifSx7ImF1dGhvcml0eSI6ImFkbWluOmNyZWF0ZSJ9LHsiYXV0aG9yaXR5IjoibWFuYWdlbWVudDpkZWxldGUifSx7ImF1dGhvcml0eSI6Im1hbmFnZW1lbnQ6cmVhZCJ9LHsiYXV0aG9yaXR5IjoiYWRtaW46dXBkYXRlIn0seyJhdXRob3JpdHkiOiJhZG1pbjpkZWxldGUifSx7ImF1dGhvcml0eSI6IlJPTEVfQURNSU4ifV0sInN1YiI6ImFkbWluIiwiaWF0IjoxNjkyODU0NTY0LCJleHAiOjE2OTI5MzkxNjR9.KUAG8JhhlXwseQZdLCNMD0gk44HuvU4Cr-BsnqHJeMI','BEARER',_binary '',_binary '',19),(140,'eyJhbGciOiJIUzI1NiJ9.eyJSb2xlIjpbeyJhdXRob3JpdHkiOiJtYW5hZ2VtZW50OmNyZWF0ZSJ9LHsiYXV0aG9yaXR5IjoiYWRtaW46cmVhZCJ9LHsiYXV0aG9yaXR5IjoibWFuYWdlbWVudDp1cGRhdGUifSx7ImF1dGhvcml0eSI6ImFkbWluOmNyZWF0ZSJ9LHsiYXV0aG9yaXR5IjoibWFuYWdlbWVudDpkZWxldGUifSx7ImF1dGhvcml0eSI6Im1hbmFnZW1lbnQ6cmVhZCJ9LHsiYXV0aG9yaXR5IjoiYWRtaW46dXBkYXRlIn0seyJhdXRob3JpdHkiOiJhZG1pbjpkZWxldGUifSx7ImF1dGhvcml0eSI6IlJPTEVfQURNSU4ifV0sInN1YiI6ImFkbWluIiwiaWF0IjoxNjkyODU0NTg4LCJleHAiOjE2OTI5MzkxODh9.PD0b2qM7IjCZDS6dhzWEj8OQ2lm8ubrgZH15ZNR5bxc','BEARER',_binary '',_binary '',19),(141,'eyJhbGciOiJIUzI1NiJ9.eyJSb2xlIjpbeyJhdXRob3JpdHkiOiJtYW5hZ2VtZW50OmNyZWF0ZSJ9LHsiYXV0aG9yaXR5IjoiYWRtaW46cmVhZCJ9LHsiYXV0aG9yaXR5IjoibWFuYWdlbWVudDp1cGRhdGUifSx7ImF1dGhvcml0eSI6ImFkbWluOmNyZWF0ZSJ9LHsiYXV0aG9yaXR5IjoibWFuYWdlbWVudDpkZWxldGUifSx7ImF1dGhvcml0eSI6Im1hbmFnZW1lbnQ6cmVhZCJ9LHsiYXV0aG9yaXR5IjoiYWRtaW46dXBkYXRlIn0seyJhdXRob3JpdHkiOiJhZG1pbjpkZWxldGUifSx7ImF1dGhvcml0eSI6IlJPTEVfQURNSU4ifV0sInN1YiI6ImFkbWluIiwiaWF0IjoxNjkyODU0ODE4LCJleHAiOjE2OTI5Mzk0MTh9.ES37ojNU-nDPGjK9TgX6S01mwbr4dJVnY4LZo2OoRrU','BEARER',_binary '',_binary '',19),(142,'eyJhbGciOiJIUzI1NiJ9.eyJSb2xlIjpbeyJhdXRob3JpdHkiOiJtYW5hZ2VtZW50OmNyZWF0ZSJ9LHsiYXV0aG9yaXR5IjoiYWRtaW46cmVhZCJ9LHsiYXV0aG9yaXR5IjoibWFuYWdlbWVudDp1cGRhdGUifSx7ImF1dGhvcml0eSI6ImFkbWluOmNyZWF0ZSJ9LHsiYXV0aG9yaXR5IjoibWFuYWdlbWVudDpkZWxldGUifSx7ImF1dGhvcml0eSI6Im1hbmFnZW1lbnQ6cmVhZCJ9LHsiYXV0aG9yaXR5IjoiYWRtaW46dXBkYXRlIn0seyJhdXRob3JpdHkiOiJhZG1pbjpkZWxldGUifSx7ImF1dGhvcml0eSI6IlJPTEVfQURNSU4ifV0sInN1YiI6ImFkbWluIiwiaWF0IjoxNjkyODU0ODM5LCJleHAiOjE2OTI5Mzk0Mzl9.ibbLEN8oOmQQnkNzyuT9h4zLEj9TnBqa-mQaxa73Sl4','BEARER',_binary '',_binary '',19),(143,'eyJhbGciOiJIUzI1NiJ9.eyJSb2xlIjpbeyJhdXRob3JpdHkiOiJtYW5hZ2VtZW50OmNyZWF0ZSJ9LHsiYXV0aG9yaXR5IjoiYWRtaW46cmVhZCJ9LHsiYXV0aG9yaXR5IjoibWFuYWdlbWVudDp1cGRhdGUifSx7ImF1dGhvcml0eSI6ImFkbWluOmNyZWF0ZSJ9LHsiYXV0aG9yaXR5IjoibWFuYWdlbWVudDpkZWxldGUifSx7ImF1dGhvcml0eSI6Im1hbmFnZW1lbnQ6cmVhZCJ9LHsiYXV0aG9yaXR5IjoiYWRtaW46dXBkYXRlIn0seyJhdXRob3JpdHkiOiJhZG1pbjpkZWxldGUifSx7ImF1dGhvcml0eSI6IlJPTEVfQURNSU4ifV0sInN1YiI6ImFkbWluIiwiaWF0IjoxNjkyODU4MDA1LCJleHAiOjE2OTI5NDI2MDV9.XMV2QPdr0WFFLb1TDE0V5NK958DU3kLFzhJwbLdxfSU','BEARER',_binary '',_binary '',19),(144,'eyJhbGciOiJIUzI1NiJ9.eyJSb2xlIjpbeyJhdXRob3JpdHkiOiJhZG1pbjpjcmVhdGUifSx7ImF1dGhvcml0eSI6Im1hbmFnZW1lbnQ6Y3JlYXRlIn0seyJhdXRob3JpdHkiOiJhZG1pbjp1cGRhdGUifSx7ImF1dGhvcml0eSI6Im1hbmFnZW1lbnQ6ZGVsZXRlIn0seyJhdXRob3JpdHkiOiJtYW5hZ2VtZW50OnVwZGF0ZSJ9LHsiYXV0aG9yaXR5IjoibWFuYWdlbWVudDpyZWFkIn0seyJhdXRob3JpdHkiOiJhZG1pbjpyZWFkIn0seyJhdXRob3JpdHkiOiJhZG1pbjpkZWxldGUifSx7ImF1dGhvcml0eSI6IlJPTEVfQURNSU4ifV0sInN1YiI6ImFkbWluIiwiaWF0IjoxNjkyODgxNDAwLCJleHAiOjE2OTI5NjYwMDB9.SI18Khx4qk1nChr-Y8Dv3jPzAvEvArHl8isi49zYZkU','BEARER',_binary '',_binary '',19),(145,'eyJhbGciOiJIUzI1NiJ9.eyJSb2xlIjpbeyJhdXRob3JpdHkiOiJhZG1pbjpjcmVhdGUifSx7ImF1dGhvcml0eSI6Im1hbmFnZW1lbnQ6Y3JlYXRlIn0seyJhdXRob3JpdHkiOiJhZG1pbjp1cGRhdGUifSx7ImF1dGhvcml0eSI6Im1hbmFnZW1lbnQ6ZGVsZXRlIn0seyJhdXRob3JpdHkiOiJtYW5hZ2VtZW50OnVwZGF0ZSJ9LHsiYXV0aG9yaXR5IjoibWFuYWdlbWVudDpyZWFkIn0seyJhdXRob3JpdHkiOiJhZG1pbjpyZWFkIn0seyJhdXRob3JpdHkiOiJhZG1pbjpkZWxldGUifSx7ImF1dGhvcml0eSI6IlJPTEVfQURNSU4ifV0sInN1YiI6ImFkbWluIiwiaWF0IjoxNjkyODgyOTUwLCJleHAiOjE2OTI5Njc1NTB9.SGf0c-18omWZN1PwiIVQ39T5kxOQNURL3-uCu5mxdTY','BEARER',_binary '',_binary '',19),(146,'eyJhbGciOiJIUzI1NiJ9.eyJSb2xlIjpbeyJhdXRob3JpdHkiOiJhZG1pbjpjcmVhdGUifSx7ImF1dGhvcml0eSI6Im1hbmFnZW1lbnQ6Y3JlYXRlIn0seyJhdXRob3JpdHkiOiJhZG1pbjp1cGRhdGUifSx7ImF1dGhvcml0eSI6Im1hbmFnZW1lbnQ6ZGVsZXRlIn0seyJhdXRob3JpdHkiOiJtYW5hZ2VtZW50OnVwZGF0ZSJ9LHsiYXV0aG9yaXR5IjoibWFuYWdlbWVudDpyZWFkIn0seyJhdXRob3JpdHkiOiJhZG1pbjpyZWFkIn0seyJhdXRob3JpdHkiOiJhZG1pbjpkZWxldGUifSx7ImF1dGhvcml0eSI6IlJPTEVfQURNSU4ifV0sInN1YiI6ImFkbWluIiwiaWF0IjoxNjkyODgyOTkxLCJleHAiOjE2OTI5Njc1OTF9.4324ahCBAwEtNgSRUyxDXtYjeoXPBcxv15T3YBzZMAU','BEARER',_binary '',_binary '',19),(147,'eyJhbGciOiJIUzI1NiJ9.eyJSb2xlIjpbeyJhdXRob3JpdHkiOiJhZG1pbjpjcmVhdGUifSx7ImF1dGhvcml0eSI6Im1hbmFnZW1lbnQ6Y3JlYXRlIn0seyJhdXRob3JpdHkiOiJhZG1pbjp1cGRhdGUifSx7ImF1dGhvcml0eSI6Im1hbmFnZW1lbnQ6ZGVsZXRlIn0seyJhdXRob3JpdHkiOiJtYW5hZ2VtZW50OnVwZGF0ZSJ9LHsiYXV0aG9yaXR5IjoibWFuYWdlbWVudDpyZWFkIn0seyJhdXRob3JpdHkiOiJhZG1pbjpyZWFkIn0seyJhdXRob3JpdHkiOiJhZG1pbjpkZWxldGUifSx7ImF1dGhvcml0eSI6IlJPTEVfQURNSU4ifV0sInN1YiI6ImFkbWluIiwiaWF0IjoxNjkyODgzMzM5LCJleHAiOjE2OTI5Njc5Mzl9.ILRN3TMtXjU6xRU4nacTlfTu8LH0qLotSI3_hcDa66I','BEARER',_binary '',_binary '',19),(148,'eyJhbGciOiJIUzI1NiJ9.eyJSb2xlIjpbeyJhdXRob3JpdHkiOiJhZG1pbjpjcmVhdGUifSx7ImF1dGhvcml0eSI6Im1hbmFnZW1lbnQ6Y3JlYXRlIn0seyJhdXRob3JpdHkiOiJhZG1pbjp1cGRhdGUifSx7ImF1dGhvcml0eSI6Im1hbmFnZW1lbnQ6ZGVsZXRlIn0seyJhdXRob3JpdHkiOiJtYW5hZ2VtZW50OnVwZGF0ZSJ9LHsiYXV0aG9yaXR5IjoibWFuYWdlbWVudDpyZWFkIn0seyJhdXRob3JpdHkiOiJhZG1pbjpyZWFkIn0seyJhdXRob3JpdHkiOiJhZG1pbjpkZWxldGUifSx7ImF1dGhvcml0eSI6IlJPTEVfQURNSU4ifV0sInN1YiI6ImFkbWluIiwiaWF0IjoxNjkyODgzMzY2LCJleHAiOjE2OTI5Njc5NjZ9.z0LX1_CL3obU4yIT3qqwt4xTQdyQBf6JybZkFhVDGDQ','BEARER',_binary '',_binary '',19),(149,'eyJhbGciOiJIUzI1NiJ9.eyJSb2xlIjpbeyJhdXRob3JpdHkiOiJhZG1pbjpjcmVhdGUifSx7ImF1dGhvcml0eSI6Im1hbmFnZW1lbnQ6Y3JlYXRlIn0seyJhdXRob3JpdHkiOiJhZG1pbjp1cGRhdGUifSx7ImF1dGhvcml0eSI6Im1hbmFnZW1lbnQ6ZGVsZXRlIn0seyJhdXRob3JpdHkiOiJtYW5hZ2VtZW50OnVwZGF0ZSJ9LHsiYXV0aG9yaXR5IjoibWFuYWdlbWVudDpyZWFkIn0seyJhdXRob3JpdHkiOiJhZG1pbjpyZWFkIn0seyJhdXRob3JpdHkiOiJhZG1pbjpkZWxldGUifSx7ImF1dGhvcml0eSI6IlJPTEVfQURNSU4ifV0sInN1YiI6ImFkbWluIiwiaWF0IjoxNjkyODgzNDUzLCJleHAiOjE2OTI5NjgwNTN9.V4qjYiMs5NbYmGkxlSGID8wuKDc1liypk-HetCGgEGw','BEARER',_binary '',_binary '',19),(150,'eyJhbGciOiJIUzI1NiJ9.eyJSb2xlIjpbeyJhdXRob3JpdHkiOiJhZG1pbjpjcmVhdGUifSx7ImF1dGhvcml0eSI6Im1hbmFnZW1lbnQ6Y3JlYXRlIn0seyJhdXRob3JpdHkiOiJhZG1pbjp1cGRhdGUifSx7ImF1dGhvcml0eSI6Im1hbmFnZW1lbnQ6ZGVsZXRlIn0seyJhdXRob3JpdHkiOiJtYW5hZ2VtZW50OnVwZGF0ZSJ9LHsiYXV0aG9yaXR5IjoibWFuYWdlbWVudDpyZWFkIn0seyJhdXRob3JpdHkiOiJhZG1pbjpyZWFkIn0seyJhdXRob3JpdHkiOiJhZG1pbjpkZWxldGUifSx7ImF1dGhvcml0eSI6IlJPTEVfQURNSU4ifV0sInN1YiI6ImFkbWluIiwiaWF0IjoxNjkyODgzNTI1LCJleHAiOjE2OTI5NjgxMjV9.spNGJdCLcsagDWNPAHMcORMM9axmLUF_xBsjl9KqmUo','BEARER',_binary '',_binary '',19),(151,'eyJhbGciOiJIUzI1NiJ9.eyJSb2xlIjpbeyJhdXRob3JpdHkiOiJhZG1pbjpjcmVhdGUifSx7ImF1dGhvcml0eSI6Im1hbmFnZW1lbnQ6Y3JlYXRlIn0seyJhdXRob3JpdHkiOiJhZG1pbjp1cGRhdGUifSx7ImF1dGhvcml0eSI6Im1hbmFnZW1lbnQ6ZGVsZXRlIn0seyJhdXRob3JpdHkiOiJtYW5hZ2VtZW50OnVwZGF0ZSJ9LHsiYXV0aG9yaXR5IjoibWFuYWdlbWVudDpyZWFkIn0seyJhdXRob3JpdHkiOiJhZG1pbjpyZWFkIn0seyJhdXRob3JpdHkiOiJhZG1pbjpkZWxldGUifSx7ImF1dGhvcml0eSI6IlJPTEVfQURNSU4ifV0sInN1YiI6ImFkbWluIiwiaWF0IjoxNjkyODgzNTYzLCJleHAiOjE2OTI5NjgxNjN9.4U8MOsKWf7N24awY9BaeSFyyPYSq1krFnuOpS2pSPSc','BEARER',_binary '',_binary '',19),(152,'eyJhbGciOiJIUzI1NiJ9.eyJSb2xlIjpbeyJhdXRob3JpdHkiOiJhZG1pbjpjcmVhdGUifSx7ImF1dGhvcml0eSI6Im1hbmFnZW1lbnQ6Y3JlYXRlIn0seyJhdXRob3JpdHkiOiJhZG1pbjp1cGRhdGUifSx7ImF1dGhvcml0eSI6Im1hbmFnZW1lbnQ6ZGVsZXRlIn0seyJhdXRob3JpdHkiOiJtYW5hZ2VtZW50OnVwZGF0ZSJ9LHsiYXV0aG9yaXR5IjoibWFuYWdlbWVudDpyZWFkIn0seyJhdXRob3JpdHkiOiJhZG1pbjpyZWFkIn0seyJhdXRob3JpdHkiOiJhZG1pbjpkZWxldGUifSx7ImF1dGhvcml0eSI6IlJPTEVfQURNSU4ifV0sInN1YiI6ImFkbWluIiwiaWF0IjoxNjkyODgzNTg5LCJleHAiOjE2OTI5NjgxODl9.WWOmOk5GU1xPp-Qm8WoSxcmZnb77tevVFCboFblYGrk','BEARER',_binary '',_binary '',19),(153,'eyJhbGciOiJIUzI1NiJ9.eyJSb2xlIjpbeyJhdXRob3JpdHkiOiJhZG1pbjpjcmVhdGUifSx7ImF1dGhvcml0eSI6Im1hbmFnZW1lbnQ6Y3JlYXRlIn0seyJhdXRob3JpdHkiOiJhZG1pbjp1cGRhdGUifSx7ImF1dGhvcml0eSI6Im1hbmFnZW1lbnQ6ZGVsZXRlIn0seyJhdXRob3JpdHkiOiJtYW5hZ2VtZW50OnVwZGF0ZSJ9LHsiYXV0aG9yaXR5IjoibWFuYWdlbWVudDpyZWFkIn0seyJhdXRob3JpdHkiOiJhZG1pbjpyZWFkIn0seyJhdXRob3JpdHkiOiJhZG1pbjpkZWxldGUifSx7ImF1dGhvcml0eSI6IlJPTEVfQURNSU4ifV0sInN1YiI6ImFkbWluIiwiaWF0IjoxNjkyODgzNjM1LCJleHAiOjE2OTI5NjgyMzV9.w7HFa4uA43p5Xmk4SOp_dXvF6SdHhJjfr1MfwPpxFRE','BEARER',_binary '',_binary '',19),(154,'eyJhbGciOiJIUzI1NiJ9.eyJSb2xlIjpbeyJhdXRob3JpdHkiOiJhZG1pbjpjcmVhdGUifSx7ImF1dGhvcml0eSI6Im1hbmFnZW1lbnQ6Y3JlYXRlIn0seyJhdXRob3JpdHkiOiJhZG1pbjp1cGRhdGUifSx7ImF1dGhvcml0eSI6Im1hbmFnZW1lbnQ6ZGVsZXRlIn0seyJhdXRob3JpdHkiOiJtYW5hZ2VtZW50OnVwZGF0ZSJ9LHsiYXV0aG9yaXR5IjoibWFuYWdlbWVudDpyZWFkIn0seyJhdXRob3JpdHkiOiJhZG1pbjpyZWFkIn0seyJhdXRob3JpdHkiOiJhZG1pbjpkZWxldGUifSx7ImF1dGhvcml0eSI6IlJPTEVfQURNSU4ifV0sInN1YiI6ImFkbWluIiwiaWF0IjoxNjkyODgzNjQzLCJleHAiOjE2OTI5NjgyNDN9.8VrX_DZxHxg55KZKlSLBwT3VZyaD7Ny34mHFvKCcJNc','BEARER',_binary '',_binary '',19),(155,'eyJhbGciOiJIUzI1NiJ9.eyJSb2xlIjpbeyJhdXRob3JpdHkiOiJhZG1pbjpjcmVhdGUifSx7ImF1dGhvcml0eSI6Im1hbmFnZW1lbnQ6Y3JlYXRlIn0seyJhdXRob3JpdHkiOiJhZG1pbjp1cGRhdGUifSx7ImF1dGhvcml0eSI6Im1hbmFnZW1lbnQ6ZGVsZXRlIn0seyJhdXRob3JpdHkiOiJtYW5hZ2VtZW50OnVwZGF0ZSJ9LHsiYXV0aG9yaXR5IjoibWFuYWdlbWVudDpyZWFkIn0seyJhdXRob3JpdHkiOiJhZG1pbjpyZWFkIn0seyJhdXRob3JpdHkiOiJhZG1pbjpkZWxldGUifSx7ImF1dGhvcml0eSI6IlJPTEVfQURNSU4ifV0sInN1YiI6ImFkbWluIiwiaWF0IjoxNjkyODgzNjQ3LCJleHAiOjE2OTI5NjgyNDd9.u5UfC4d2-pgMkr1GSdHUN9GiQ3tJnFP7KRvqVvEuAT0','BEARER',_binary '',_binary '',19),(156,'eyJhbGciOiJIUzI1NiJ9.eyJSb2xlIjpbeyJhdXRob3JpdHkiOiJhZG1pbjpjcmVhdGUifSx7ImF1dGhvcml0eSI6Im1hbmFnZW1lbnQ6Y3JlYXRlIn0seyJhdXRob3JpdHkiOiJhZG1pbjp1cGRhdGUifSx7ImF1dGhvcml0eSI6Im1hbmFnZW1lbnQ6ZGVsZXRlIn0seyJhdXRob3JpdHkiOiJtYW5hZ2VtZW50OnVwZGF0ZSJ9LHsiYXV0aG9yaXR5IjoibWFuYWdlbWVudDpyZWFkIn0seyJhdXRob3JpdHkiOiJhZG1pbjpyZWFkIn0seyJhdXRob3JpdHkiOiJhZG1pbjpkZWxldGUifSx7ImF1dGhvcml0eSI6IlJPTEVfQURNSU4ifV0sInN1YiI6ImFkbWluIiwiaWF0IjoxNjkyODgzNjU0LCJleHAiOjE2OTI5NjgyNTR9.o2OtYK1FqOAsEZNX9JHbWd4y3dtB-YnSDGG9R63NXDw','BEARER',_binary '',_binary '',19),(157,'eyJhbGciOiJIUzI1NiJ9.eyJSb2xlIjpbeyJhdXRob3JpdHkiOiJhZG1pbjpjcmVhdGUifSx7ImF1dGhvcml0eSI6Im1hbmFnZW1lbnQ6Y3JlYXRlIn0seyJhdXRob3JpdHkiOiJhZG1pbjp1cGRhdGUifSx7ImF1dGhvcml0eSI6Im1hbmFnZW1lbnQ6ZGVsZXRlIn0seyJhdXRob3JpdHkiOiJtYW5hZ2VtZW50OnVwZGF0ZSJ9LHsiYXV0aG9yaXR5IjoibWFuYWdlbWVudDpyZWFkIn0seyJhdXRob3JpdHkiOiJhZG1pbjpyZWFkIn0seyJhdXRob3JpdHkiOiJhZG1pbjpkZWxldGUifSx7ImF1dGhvcml0eSI6IlJPTEVfQURNSU4ifV0sInN1YiI6ImFkbWluIiwiaWF0IjoxNjkyODgzNzEyLCJleHAiOjE2OTI5NjgzMTJ9.8EosTn_HXe5nthnWpf8RICxxLvsyypscsxCOqwpwvpQ','BEARER',_binary '',_binary '',19),(158,'eyJhbGciOiJIUzI1NiJ9.eyJSb2xlIjpbeyJhdXRob3JpdHkiOiJhZG1pbjpjcmVhdGUifSx7ImF1dGhvcml0eSI6Im1hbmFnZW1lbnQ6Y3JlYXRlIn0seyJhdXRob3JpdHkiOiJhZG1pbjp1cGRhdGUifSx7ImF1dGhvcml0eSI6Im1hbmFnZW1lbnQ6ZGVsZXRlIn0seyJhdXRob3JpdHkiOiJtYW5hZ2VtZW50OnVwZGF0ZSJ9LHsiYXV0aG9yaXR5IjoibWFuYWdlbWVudDpyZWFkIn0seyJhdXRob3JpdHkiOiJhZG1pbjpyZWFkIn0seyJhdXRob3JpdHkiOiJhZG1pbjpkZWxldGUifSx7ImF1dGhvcml0eSI6IlJPTEVfQURNSU4ifV0sInN1YiI6ImFkbWluIiwiaWF0IjoxNjkyODgzNzE2LCJleHAiOjE2OTI5NjgzMTZ9.6GL6WRlyvniPqFPiFqL-0drqk1bTpa_bd7deFnAL-G4','BEARER',_binary '',_binary '',19),(159,'eyJhbGciOiJIUzI1NiJ9.eyJSb2xlIjpbeyJhdXRob3JpdHkiOiJhZG1pbjpjcmVhdGUifSx7ImF1dGhvcml0eSI6Im1hbmFnZW1lbnQ6Y3JlYXRlIn0seyJhdXRob3JpdHkiOiJhZG1pbjp1cGRhdGUifSx7ImF1dGhvcml0eSI6Im1hbmFnZW1lbnQ6ZGVsZXRlIn0seyJhdXRob3JpdHkiOiJtYW5hZ2VtZW50OnVwZGF0ZSJ9LHsiYXV0aG9yaXR5IjoibWFuYWdlbWVudDpyZWFkIn0seyJhdXRob3JpdHkiOiJhZG1pbjpyZWFkIn0seyJhdXRob3JpdHkiOiJhZG1pbjpkZWxldGUifSx7ImF1dGhvcml0eSI6IlJPTEVfQURNSU4ifV0sInN1YiI6ImFkbWluIiwiaWF0IjoxNjkyODgzNzIzLCJleHAiOjE2OTI5NjgzMjN9.anm6ybPZQ_x2rpJSQt6_6o-zS3TAzRQHnu2B0A6SQhk','BEARER',_binary '',_binary '',19),(160,'eyJhbGciOiJIUzI1NiJ9.eyJSb2xlIjpbeyJhdXRob3JpdHkiOiJhZG1pbjpjcmVhdGUifSx7ImF1dGhvcml0eSI6Im1hbmFnZW1lbnQ6Y3JlYXRlIn0seyJhdXRob3JpdHkiOiJhZG1pbjp1cGRhdGUifSx7ImF1dGhvcml0eSI6Im1hbmFnZW1lbnQ6ZGVsZXRlIn0seyJhdXRob3JpdHkiOiJtYW5hZ2VtZW50OnVwZGF0ZSJ9LHsiYXV0aG9yaXR5IjoibWFuYWdlbWVudDpyZWFkIn0seyJhdXRob3JpdHkiOiJhZG1pbjpyZWFkIn0seyJhdXRob3JpdHkiOiJhZG1pbjpkZWxldGUifSx7ImF1dGhvcml0eSI6IlJPTEVfQURNSU4ifV0sInN1YiI6ImFkbWluIiwiaWF0IjoxNjkyODgzODM0LCJleHAiOjE2OTI5Njg0MzR9.-ueAPjMLyLqxgVetrcS4weo6MULSriCFhL5fqcj2HWo','BEARER',_binary '',_binary '',19),(161,'eyJhbGciOiJIUzI1NiJ9.eyJSb2xlIjpbeyJhdXRob3JpdHkiOiJhZG1pbjpjcmVhdGUifSx7ImF1dGhvcml0eSI6Im1hbmFnZW1lbnQ6Y3JlYXRlIn0seyJhdXRob3JpdHkiOiJhZG1pbjp1cGRhdGUifSx7ImF1dGhvcml0eSI6Im1hbmFnZW1lbnQ6ZGVsZXRlIn0seyJhdXRob3JpdHkiOiJtYW5hZ2VtZW50OnVwZGF0ZSJ9LHsiYXV0aG9yaXR5IjoibWFuYWdlbWVudDpyZWFkIn0seyJhdXRob3JpdHkiOiJhZG1pbjpyZWFkIn0seyJhdXRob3JpdHkiOiJhZG1pbjpkZWxldGUifSx7ImF1dGhvcml0eSI6IlJPTEVfQURNSU4ifV0sInN1YiI6ImFkbWluIiwiaWF0IjoxNjkyODgzODM5LCJleHAiOjE2OTI5Njg0Mzl9.3h6PhRDNBWFkJOdsqz3P1DMarg2QBVhmyxthp8bjqbY','BEARER',_binary '',_binary '',19),(162,'eyJhbGciOiJIUzI1NiJ9.eyJSb2xlIjpbeyJhdXRob3JpdHkiOiJhZG1pbjpjcmVhdGUifSx7ImF1dGhvcml0eSI6Im1hbmFnZW1lbnQ6Y3JlYXRlIn0seyJhdXRob3JpdHkiOiJhZG1pbjp1cGRhdGUifSx7ImF1dGhvcml0eSI6Im1hbmFnZW1lbnQ6ZGVsZXRlIn0seyJhdXRob3JpdHkiOiJtYW5hZ2VtZW50OnVwZGF0ZSJ9LHsiYXV0aG9yaXR5IjoibWFuYWdlbWVudDpyZWFkIn0seyJhdXRob3JpdHkiOiJhZG1pbjpyZWFkIn0seyJhdXRob3JpdHkiOiJhZG1pbjpkZWxldGUifSx7ImF1dGhvcml0eSI6IlJPTEVfQURNSU4ifV0sInN1YiI6ImFkbWluIiwiaWF0IjoxNjkyODgzOTExLCJleHAiOjE2OTI5Njg1MTF9.03uwfXI07FZ2k5qJh7-S5Hr6knnFSDlWPuMGYyASY-8','BEARER',_binary '',_binary '',19),(163,'eyJhbGciOiJIUzI1NiJ9.eyJSb2xlIjpbeyJhdXRob3JpdHkiOiJhZG1pbjpjcmVhdGUifSx7ImF1dGhvcml0eSI6Im1hbmFnZW1lbnQ6Y3JlYXRlIn0seyJhdXRob3JpdHkiOiJhZG1pbjp1cGRhdGUifSx7ImF1dGhvcml0eSI6Im1hbmFnZW1lbnQ6ZGVsZXRlIn0seyJhdXRob3JpdHkiOiJtYW5hZ2VtZW50OnVwZGF0ZSJ9LHsiYXV0aG9yaXR5IjoibWFuYWdlbWVudDpyZWFkIn0seyJhdXRob3JpdHkiOiJhZG1pbjpyZWFkIn0seyJhdXRob3JpdHkiOiJhZG1pbjpkZWxldGUifSx7ImF1dGhvcml0eSI6IlJPTEVfQURNSU4ifV0sInN1YiI6ImFkbWluIiwiaWF0IjoxNjkyODgzOTE5LCJleHAiOjE2OTI5Njg1MTl9.SOcqhToq0QR2pG5TVG7ON0_mSoqQc4X_aOSS4GLYyig','BEARER',_binary '',_binary '',19),(164,'eyJhbGciOiJIUzI1NiJ9.eyJSb2xlIjpbeyJhdXRob3JpdHkiOiJhZG1pbjpjcmVhdGUifSx7ImF1dGhvcml0eSI6Im1hbmFnZW1lbnQ6Y3JlYXRlIn0seyJhdXRob3JpdHkiOiJhZG1pbjp1cGRhdGUifSx7ImF1dGhvcml0eSI6Im1hbmFnZW1lbnQ6ZGVsZXRlIn0seyJhdXRob3JpdHkiOiJtYW5hZ2VtZW50OnVwZGF0ZSJ9LHsiYXV0aG9yaXR5IjoibWFuYWdlbWVudDpyZWFkIn0seyJhdXRob3JpdHkiOiJhZG1pbjpyZWFkIn0seyJhdXRob3JpdHkiOiJhZG1pbjpkZWxldGUifSx7ImF1dGhvcml0eSI6IlJPTEVfQURNSU4ifV0sInN1YiI6ImFkbWluIiwiaWF0IjoxNjkyODgzOTI2LCJleHAiOjE2OTI5Njg1MjZ9.PV5WTFYWYBBAztzq5ss-IeHpptQSgQ5F8UOOw_EkA2A','BEARER',_binary '',_binary '',19),(165,'eyJhbGciOiJIUzI1NiJ9.eyJSb2xlIjpbeyJhdXRob3JpdHkiOiJST0xFX1VTRVIifV0sInN1YiI6InQiLCJpYXQiOjE2OTI4ODU0NjMsImV4cCI6MTY5Mjk3MDA2M30.s9EMpwnSwyQRnbbmRDc98WO36Gw09umuobKTzNQnuPM','BEARER',_binary '',_binary '',24),(166,'eyJhbGciOiJIUzI1NiJ9.eyJSb2xlIjpbeyJhdXRob3JpdHkiOiJST0xFX1VTRVIifV0sInN1YiI6InQiLCJpYXQiOjE2OTI4ODY4MTcsImV4cCI6MTY5Mjk3MTQxN30.zeYZdn1a3k4f3F0_fx7yhIA9OYxnpBuJQDPn34v4mxA','BEARER',_binary '',_binary '',24),(167,'eyJhbGciOiJIUzI1NiJ9.eyJSb2xlIjpbeyJhdXRob3JpdHkiOiJST0xFX1VTRVIifV0sInN1YiI6InQiLCJpYXQiOjE2OTI4ODcwMTUsImV4cCI6MTY5Mjk3MTYxNX0.iUCiwPcEzL-zMmpw8bjlAYtBqZesotnHxOJLCVkPKOE','BEARER',_binary '',_binary '',24),(168,'eyJhbGciOiJIUzI1NiJ9.eyJSb2xlIjpbeyJhdXRob3JpdHkiOiJST0xFX1VTRVIifV0sInN1YiI6InQiLCJpYXQiOjE2OTI4ODcwNDAsImV4cCI6MTY5Mjk3MTY0MH0.5wlOCZlegVfYpnc-_wOZ_-TUV3n-R-jTG5j4MbxAI_0','BEARER',_binary '',_binary '',24),(169,'eyJhbGciOiJIUzI1NiJ9.eyJSb2xlIjpbeyJhdXRob3JpdHkiOiJST0xFX1VTRVIifV0sInN1YiI6InQiLCJpYXQiOjE2OTI4ODcwNjgsImV4cCI6MTY5Mjk3MTY2OH0.Yb8rYx9hgMK7_HL7X2wTY945Z0FoYFoxByIMwRo5Ovg','BEARER',_binary '',_binary '',24),(170,'eyJhbGciOiJIUzI1NiJ9.eyJSb2xlIjpbeyJhdXRob3JpdHkiOiJST0xFX1VTRVIifV0sInN1YiI6InQiLCJpYXQiOjE2OTI4ODcxMDUsImV4cCI6MTY5Mjk3MTcwNX0.pfqhH_7-HwV0tzZO31pZjAUUrBW7gVO-6uDAyY9TycU','BEARER',_binary '',_binary '',24),(171,'eyJhbGciOiJIUzI1NiJ9.eyJSb2xlIjpbeyJhdXRob3JpdHkiOiJST0xFX1VTRVIifV0sInN1YiI6InQiLCJpYXQiOjE2OTI4ODcyNDIsImV4cCI6MTY5Mjk3MTg0Mn0.7dbcj4dz7GUI9E3vOa6o1pDX8GaWiD2Fu5Oh9W6Yw6k','BEARER',_binary '',_binary '',24),(172,'eyJhbGciOiJIUzI1NiJ9.eyJSb2xlIjpbeyJhdXRob3JpdHkiOiJST0xFX1VTRVIifV0sInN1YiI6InQiLCJpYXQiOjE2OTI4ODgxMjMsImV4cCI6MTY5Mjk3MjcyM30.Zlw6rgyvj8utuxGRwowRcm8c_7FF5thGRfwpia437OM','BEARER',_binary '',_binary '',24),(173,'eyJhbGciOiJIUzI1NiJ9.eyJSb2xlIjpbeyJhdXRob3JpdHkiOiJST0xFX1VTRVIifV0sInN1YiI6InQiLCJpYXQiOjE2OTI4ODg1MDUsImV4cCI6MTY5Mjk3MzEwNX0.bTKz3nqq5XWg141yW7pDt37OQqHiUWrrT5ipJhsGYT4','BEARER',_binary '',_binary '',24),(174,'eyJhbGciOiJIUzI1NiJ9.eyJSb2xlIjpbeyJhdXRob3JpdHkiOiJtYW5hZ2VtZW50OnJlYWQifSx7ImF1dGhvcml0eSI6Im1hbmFnZW1lbnQ6dXBkYXRlIn0seyJhdXRob3JpdHkiOiJtYW5hZ2VtZW50OmRlbGV0ZSJ9LHsiYXV0aG9yaXR5IjoiYWRtaW46dXBkYXRlIn0seyJhdXRob3JpdHkiOiJtYW5hZ2VtZW50OmNyZWF0ZSJ9LHsiYXV0aG9yaXR5IjoiYWRtaW46Y3JlYXRlIn0seyJhdXRob3JpdHkiOiJhZG1pbjpkZWxldGUifSx7ImF1dGhvcml0eSI6ImFkbWluOnJlYWQifSx7ImF1dGhvcml0eSI6IlJPTEVfQURNSU4ifV0sInN1YiI6ImFkbWluIiwiaWF0IjoxNjkyODg4NjM3LCJleHAiOjE2OTI5NzMyMzd9.XxBbGjmhAIERNZjlgIW40FL1YU6wVhluynDXLA3D4k8','BEARER',_binary '',_binary '',19),(175,'eyJhbGciOiJIUzI1NiJ9.eyJSb2xlIjpbeyJhdXRob3JpdHkiOiJtYW5hZ2VtZW50OnJlYWQifSx7ImF1dGhvcml0eSI6Im1hbmFnZW1lbnQ6dXBkYXRlIn0seyJhdXRob3JpdHkiOiJtYW5hZ2VtZW50OmRlbGV0ZSJ9LHsiYXV0aG9yaXR5IjoiYWRtaW46dXBkYXRlIn0seyJhdXRob3JpdHkiOiJtYW5hZ2VtZW50OmNyZWF0ZSJ9LHsiYXV0aG9yaXR5IjoiYWRtaW46Y3JlYXRlIn0seyJhdXRob3JpdHkiOiJhZG1pbjpkZWxldGUifSx7ImF1dGhvcml0eSI6ImFkbWluOnJlYWQifSx7ImF1dGhvcml0eSI6IlJPTEVfQURNSU4ifV0sInN1YiI6ImFkbWluIiwiaWF0IjoxNjkyODg5MjY3LCJleHAiOjE2OTI5NzM4Njd9.hk9slUwyhAtFCy7DCpYUrekCBrhBkPMFjB5yi1OHxpM','BEARER',_binary '',_binary '',19),(176,'eyJhbGciOiJIUzI1NiJ9.eyJSb2xlIjpbeyJhdXRob3JpdHkiOiJtYW5hZ2VtZW50OnJlYWQifSx7ImF1dGhvcml0eSI6Im1hbmFnZW1lbnQ6dXBkYXRlIn0seyJhdXRob3JpdHkiOiJtYW5hZ2VtZW50OmRlbGV0ZSJ9LHsiYXV0aG9yaXR5IjoiYWRtaW46dXBkYXRlIn0seyJhdXRob3JpdHkiOiJtYW5hZ2VtZW50OmNyZWF0ZSJ9LHsiYXV0aG9yaXR5IjoiYWRtaW46Y3JlYXRlIn0seyJhdXRob3JpdHkiOiJhZG1pbjpkZWxldGUifSx7ImF1dGhvcml0eSI6ImFkbWluOnJlYWQifSx7ImF1dGhvcml0eSI6IlJPTEVfQURNSU4ifV0sInN1YiI6ImFkbWluIiwiaWF0IjoxNjkyODg5MzEzLCJleHAiOjE2OTI5NzM5MTN9.VkiumUVguEnorGCdCBcxMahuq61Ejg6P_1gRxUZXJQI','BEARER',_binary '',_binary '',19),(177,'eyJhbGciOiJIUzI1NiJ9.eyJSb2xlIjpbeyJhdXRob3JpdHkiOiJtYW5hZ2VtZW50OnJlYWQifSx7ImF1dGhvcml0eSI6Im1hbmFnZW1lbnQ6dXBkYXRlIn0seyJhdXRob3JpdHkiOiJtYW5hZ2VtZW50OmRlbGV0ZSJ9LHsiYXV0aG9yaXR5IjoiYWRtaW46dXBkYXRlIn0seyJhdXRob3JpdHkiOiJtYW5hZ2VtZW50OmNyZWF0ZSJ9LHsiYXV0aG9yaXR5IjoiYWRtaW46Y3JlYXRlIn0seyJhdXRob3JpdHkiOiJhZG1pbjpkZWxldGUifSx7ImF1dGhvcml0eSI6ImFkbWluOnJlYWQifSx7ImF1dGhvcml0eSI6IlJPTEVfQURNSU4ifV0sInN1YiI6ImFkbWluIiwiaWF0IjoxNjkyODg5MzE5LCJleHAiOjE2OTI5NzM5MTl9.PRAb01DwdWyzaERnbYpFRemc78r1pC8_t-9denWwZXY','BEARER',_binary '',_binary '',19),(178,'eyJhbGciOiJIUzI1NiJ9.eyJSb2xlIjpbeyJhdXRob3JpdHkiOiJtYW5hZ2VtZW50OnJlYWQifSx7ImF1dGhvcml0eSI6Im1hbmFnZW1lbnQ6dXBkYXRlIn0seyJhdXRob3JpdHkiOiJtYW5hZ2VtZW50OmRlbGV0ZSJ9LHsiYXV0aG9yaXR5IjoiYWRtaW46dXBkYXRlIn0seyJhdXRob3JpdHkiOiJtYW5hZ2VtZW50OmNyZWF0ZSJ9LHsiYXV0aG9yaXR5IjoiYWRtaW46Y3JlYXRlIn0seyJhdXRob3JpdHkiOiJhZG1pbjpkZWxldGUifSx7ImF1dGhvcml0eSI6ImFkbWluOnJlYWQifSx7ImF1dGhvcml0eSI6IlJPTEVfQURNSU4ifV0sInN1YiI6ImFkbWluIiwiaWF0IjoxNjkyODg5MzgxLCJleHAiOjE2OTI5NzM5ODF9.mLxN8IbSv7JmxEGI0RsWzybhvZ8xGibGLUdkH8mRqes','BEARER',_binary '',_binary '',19),(179,'eyJhbGciOiJIUzI1NiJ9.eyJSb2xlIjpbeyJhdXRob3JpdHkiOiJtYW5hZ2VtZW50OnJlYWQifSx7ImF1dGhvcml0eSI6Im1hbmFnZW1lbnQ6dXBkYXRlIn0seyJhdXRob3JpdHkiOiJtYW5hZ2VtZW50OmRlbGV0ZSJ9LHsiYXV0aG9yaXR5IjoiYWRtaW46dXBkYXRlIn0seyJhdXRob3JpdHkiOiJtYW5hZ2VtZW50OmNyZWF0ZSJ9LHsiYXV0aG9yaXR5IjoiYWRtaW46Y3JlYXRlIn0seyJhdXRob3JpdHkiOiJhZG1pbjpkZWxldGUifSx7ImF1dGhvcml0eSI6ImFkbWluOnJlYWQifSx7ImF1dGhvcml0eSI6IlJPTEVfQURNSU4ifV0sInN1YiI6ImFkbWluIiwiaWF0IjoxNjkyODg5Mzg3LCJleHAiOjE2OTI5NzM5ODd9.-VdZyyTLihQEmbrH4Nm3DgrRj5KR7GrKrGxg0gab_Jg','BEARER',_binary '',_binary '',19),(180,'eyJhbGciOiJIUzI1NiJ9.eyJSb2xlIjpbeyJhdXRob3JpdHkiOiJST0xFX1VTRVIifV0sInN1YiI6InQiLCJpYXQiOjE2OTI4ODk3NzYsImV4cCI6MTY5Mjk3NDM3Nn0.Paw7ObFaLuffQN2kwRmNYlc3TcMn6DjYE5mCQhdNCGo','BEARER',_binary '',_binary '',24),(181,'eyJhbGciOiJIUzI1NiJ9.eyJSb2xlIjpbeyJhdXRob3JpdHkiOiJST0xFX1VTRVIifV0sInN1YiI6InQiLCJpYXQiOjE2OTI4ODk4MTEsImV4cCI6MTY5Mjk3NDQxMX0.w2ElxYH0JdawXGQb-LAfzDqnWgkRts0u866At3jS8aM','BEARER',_binary '',_binary '',24),(182,'eyJhbGciOiJIUzI1NiJ9.eyJSb2xlIjpbeyJhdXRob3JpdHkiOiJST0xFX1VTRVIifV0sInN1YiI6InQiLCJpYXQiOjE2OTI4ODk5NDMsImV4cCI6MTY5Mjk3NDU0M30.LdShk_HCaP7cUjAKeNRH4UxXP5A8CnQM05iPsPYLnjE','BEARER',_binary '',_binary '',24),(183,'eyJhbGciOiJIUzI1NiJ9.eyJSb2xlIjpbeyJhdXRob3JpdHkiOiJST0xFX1VTRVIifV0sInN1YiI6InQiLCJpYXQiOjE2OTI4ODk5NjQsImV4cCI6MTY5Mjk3NDU2NH0.bzNqB2j_rLtq6kSbQkuzpjKM963yGCiV_S3Mo0tjIr8','BEARER',_binary '',_binary '',24),(184,'eyJhbGciOiJIUzI1NiJ9.eyJSb2xlIjpbeyJhdXRob3JpdHkiOiJST0xFX1VTRVIifV0sInN1YiI6InQiLCJpYXQiOjE2OTI4OTAyNzAsImV4cCI6MTY5Mjk3NDg3MH0.USrEkwksHzZVM9_iqqdxEn2c0yqWy5NZefEb4Ut_EME','BEARER',_binary '',_binary '',24),(185,'eyJhbGciOiJIUzI1NiJ9.eyJSb2xlIjpbeyJhdXRob3JpdHkiOiJST0xFX1VTRVIifV0sInN1YiI6InQiLCJpYXQiOjE2OTI4OTA3NzgsImV4cCI6MTY5Mjk3NTM3OH0.Lo9WbQzNiN5E8bf5r-BL-aHvQHJtt2qhdFrfmogZIX4','BEARER',_binary '',_binary '',24),(186,'eyJhbGciOiJIUzI1NiJ9.eyJSb2xlIjpbeyJhdXRob3JpdHkiOiJST0xFX1VTRVIifV0sInN1YiI6InQiLCJpYXQiOjE2OTI4OTA4MjIsImV4cCI6MTY5Mjk3NTQyMn0.aT9KkqIe5epK5uYxATi2WEbmZnFENSpew5gsAYKxiPE','BEARER',_binary '',_binary '',24),(187,'eyJhbGciOiJIUzI1NiJ9.eyJSb2xlIjpbeyJhdXRob3JpdHkiOiJST0xFX1VTRVIifV0sInN1YiI6InQiLCJpYXQiOjE2OTI4OTEyNTgsImV4cCI6MTY5Mjk3NTg1OH0.LZpNS6v6CVjjT5iTub8htwuhk5q2ePlm3bIHKuPOOpA','BEARER',_binary '',_binary '',24),(188,'eyJhbGciOiJIUzI1NiJ9.eyJSb2xlIjpbeyJhdXRob3JpdHkiOiJST0xFX1VTRVIifV0sInN1YiI6InQiLCJpYXQiOjE2OTI4OTEyODksImV4cCI6MTY5Mjk3NTg4OX0.X46nSjrloKGw-uiA4qfRYdTsUllpogkYhn9m3Xp_hVg','BEARER',_binary '',_binary '',24),(189,'eyJhbGciOiJIUzI1NiJ9.eyJSb2xlIjpbeyJhdXRob3JpdHkiOiJhZG1pbjpyZWFkIn0seyJhdXRob3JpdHkiOiJtYW5hZ2VtZW50OnJlYWQifSx7ImF1dGhvcml0eSI6Im1hbmFnZW1lbnQ6dXBkYXRlIn0seyJhdXRob3JpdHkiOiJtYW5hZ2VtZW50OmRlbGV0ZSJ9LHsiYXV0aG9yaXR5IjoiYWRtaW46dXBkYXRlIn0seyJhdXRob3JpdHkiOiJtYW5hZ2VtZW50OmNyZWF0ZSJ9LHsiYXV0aG9yaXR5IjoiYWRtaW46Y3JlYXRlIn0seyJhdXRob3JpdHkiOiJhZG1pbjpkZWxldGUifSx7ImF1dGhvcml0eSI6IlJPTEVfQURNSU4ifV0sInN1YiI6ImFkbWluIiwiaWF0IjoxNjkyODkyMTc3LCJleHAiOjE2OTI5NzY3Nzd9.ipkp2Ph5xtUvANeyToblBaPmDm2tpGlLoh4dk1bb1FU','BEARER',_binary '',_binary '',19),(190,'eyJhbGciOiJIUzI1NiJ9.eyJSb2xlIjpbeyJhdXRob3JpdHkiOiJST0xFX1VTRVIifV0sInN1YiI6InQiLCJpYXQiOjE2OTI4OTIzNDUsImV4cCI6MTY5Mjk3Njk0NX0.x6ckqfI7lekBcfjJYMYa3M6XxN6nTfJrZASudFadtuo','BEARER',_binary '',_binary '',24),(191,'eyJhbGciOiJIUzI1NiJ9.eyJSb2xlIjpbeyJhdXRob3JpdHkiOiJST0xFX1VTRVIifV0sInN1YiI6InQiLCJpYXQiOjE2OTI4OTI0NTIsImV4cCI6MTY5Mjk3NzA1Mn0.StyHZGI6mu6_XJLLX6AbwIRXA_pwK_hj00URU8YC0Jc','BEARER',_binary '',_binary '',24),(192,'eyJhbGciOiJIUzI1NiJ9.eyJSb2xlIjpbeyJhdXRob3JpdHkiOiJhZG1pbjpyZWFkIn0seyJhdXRob3JpdHkiOiJtYW5hZ2VtZW50OnJlYWQifSx7ImF1dGhvcml0eSI6Im1hbmFnZW1lbnQ6dXBkYXRlIn0seyJhdXRob3JpdHkiOiJtYW5hZ2VtZW50OmRlbGV0ZSJ9LHsiYXV0aG9yaXR5IjoiYWRtaW46dXBkYXRlIn0seyJhdXRob3JpdHkiOiJtYW5hZ2VtZW50OmNyZWF0ZSJ9LHsiYXV0aG9yaXR5IjoiYWRtaW46Y3JlYXRlIn0seyJhdXRob3JpdHkiOiJhZG1pbjpkZWxldGUifSx7ImF1dGhvcml0eSI6IlJPTEVfQURNSU4ifV0sInN1YiI6ImFkbWluIiwiaWF0IjoxNjkyODkyNDczLCJleHAiOjE2OTI5NzcwNzN9.GAyKoOcleWL8EOavsgVxhmAqImPGIC7UojH9b8cHX84','BEARER',_binary '',_binary '',19),(193,'eyJhbGciOiJIUzI1NiJ9.eyJSb2xlIjpbeyJhdXRob3JpdHkiOiJST0xFX1VTRVIifV0sInN1YiI6InQiLCJpYXQiOjE2OTI4OTI4OTMsImV4cCI6MTY5Mjk3NzQ5M30.rkcaO_n_Rm-g8BwDYUbBjsmOHRRJlC1QGYRbiGxAOpE','BEARER',_binary '',_binary '',24),(194,'eyJhbGciOiJIUzI1NiJ9.eyJSb2xlIjpbeyJhdXRob3JpdHkiOiJST0xFX1VTRVIifV0sInN1YiI6InQiLCJpYXQiOjE2OTI4OTI5NDksImV4cCI6MTY5Mjk3NzU0OX0._IRK8p1PtobuEtIrYOYHHDJJaCs1xh8aKlsDAe2xva4','BEARER',_binary '',_binary '',24),(195,'eyJhbGciOiJIUzI1NiJ9.eyJSb2xlIjpbeyJhdXRob3JpdHkiOiJST0xFX1VTRVIifV0sInN1YiI6InQiLCJpYXQiOjE2OTI4OTMwNjQsImV4cCI6MTY5Mjk3NzY2NH0.SQpbc8AtDH2pff7Bi-ihlTuS5FQxh4IkXQKUcjoUOt0','BEARER',_binary '',_binary '',24),(196,'eyJhbGciOiJIUzI1NiJ9.eyJSb2xlIjpbeyJhdXRob3JpdHkiOiJST0xFX1VTRVIifV0sInN1YiI6InQiLCJpYXQiOjE2OTI4OTMzMDQsImV4cCI6MTY5Mjk3NzkwNH0.ky8YI_mwr-WaGpA-QFvx2l0nPxSiRNrnZFf-gp5-u5c','BEARER',_binary '',_binary '',24),(197,'eyJhbGciOiJIUzI1NiJ9.eyJSb2xlIjpbeyJhdXRob3JpdHkiOiJST0xFX1VTRVIifV0sInN1YiI6InQiLCJpYXQiOjE2OTI4OTM2MzcsImV4cCI6MTY5Mjk3ODIzN30.6NuMjuK1xBbOkBhjaqR9Wn-G6lx33Wb9p1HqReykIAU','BEARER',_binary '',_binary '',24),(198,'eyJhbGciOiJIUzI1NiJ9.eyJSb2xlIjpbeyJhdXRob3JpdHkiOiJST0xFX1VTRVIifV0sInN1YiI6InQiLCJpYXQiOjE2OTI4OTQwNTIsImV4cCI6MTY5Mjk3ODY1Mn0.pqGiVbcKxR5g0JP4Vgj_sHgaTUXsebq7lzSQQhIfJAQ','BEARER',_binary '',_binary '',24),(199,'eyJhbGciOiJIUzI1NiJ9.eyJSb2xlIjpbeyJhdXRob3JpdHkiOiJST0xFX1VTRVIifV0sInN1YiI6InQiLCJpYXQiOjE2OTI5MzEyOTgsImV4cCI6MTY5MzAxNTg5OH0.sgTETxr3OAOEHoUyCKPgciGW9mdkRggIwN5kstCqkmQ','BEARER',_binary '',_binary '',24),(200,'eyJhbGciOiJIUzI1NiJ9.eyJSb2xlIjpbeyJhdXRob3JpdHkiOiJtYW5hZ2VtZW50OmNyZWF0ZSJ9LHsiYXV0aG9yaXR5IjoiYWRtaW46Y3JlYXRlIn0seyJhdXRob3JpdHkiOiJhZG1pbjpkZWxldGUifSx7ImF1dGhvcml0eSI6ImFkbWluOnJlYWQifSx7ImF1dGhvcml0eSI6Im1hbmFnZW1lbnQ6cmVhZCJ9LHsiYXV0aG9yaXR5IjoibWFuYWdlbWVudDp1cGRhdGUifSx7ImF1dGhvcml0eSI6Im1hbmFnZW1lbnQ6ZGVsZXRlIn0seyJhdXRob3JpdHkiOiJhZG1pbjp1cGRhdGUifSx7ImF1dGhvcml0eSI6IlJPTEVfQURNSU4ifV0sInN1YiI6ImFkbWluIiwiaWF0IjoxNjkyOTc4MzEzLCJleHAiOjE2OTMwNjI5MTN9.X50Q_33L9e_uT-ZK2W-mLFxc_3U1duiBdd3iec3Zokg','BEARER',_binary '',_binary '',19),(201,'eyJhbGciOiJIUzI1NiJ9.eyJSb2xlIjpbeyJhdXRob3JpdHkiOiJtYW5hZ2VtZW50OmNyZWF0ZSJ9LHsiYXV0aG9yaXR5IjoiYWRtaW46Y3JlYXRlIn0seyJhdXRob3JpdHkiOiJhZG1pbjpkZWxldGUifSx7ImF1dGhvcml0eSI6ImFkbWluOnJlYWQifSx7ImF1dGhvcml0eSI6Im1hbmFnZW1lbnQ6cmVhZCJ9LHsiYXV0aG9yaXR5IjoibWFuYWdlbWVudDp1cGRhdGUifSx7ImF1dGhvcml0eSI6Im1hbmFnZW1lbnQ6ZGVsZXRlIn0seyJhdXRob3JpdHkiOiJhZG1pbjp1cGRhdGUifSx7ImF1dGhvcml0eSI6IlJPTEVfQURNSU4ifV0sInN1YiI6ImFkbWluIiwiaWF0IjoxNjkyOTc4Mzk2LCJleHAiOjE2OTMwNjI5OTZ9.lffuDHv5bB16nxDOxXdgrtJUP7f6qr84eru6TcPVJjA','BEARER',_binary '',_binary '',19),(202,'eyJhbGciOiJIUzI1NiJ9.eyJSb2xlIjpbeyJhdXRob3JpdHkiOiJST0xFX1VTRVIifV0sInN1YiI6InQiLCJpYXQiOjE2OTI5NzkxMzcsImV4cCI6MTY5MzA2MzczN30.Y74SHOCn5yCfQkypwZEUoWiMgEVRj6hoYy57aFc0tPY','BEARER',_binary '',_binary '',24),(203,'eyJhbGciOiJIUzI1NiJ9.eyJSb2xlIjpbeyJhdXRob3JpdHkiOiJST0xFX1VTRVIifV0sInN1YiI6InQiLCJpYXQiOjE2OTMwMjM3NDksImV4cCI6MTY5MzEwODM0OX0.5ziFK6QH-pqy1Kon1cd7KETxgzoYMnM0q3RRbeqdoS4','BEARER',_binary '',_binary '',24),(204,'eyJhbGciOiJIUzI1NiJ9.eyJSb2xlIjpbeyJhdXRob3JpdHkiOiJtYW5hZ2VtZW50OnVwZGF0ZSJ9LHsiYXV0aG9yaXR5IjoiYWRtaW46cmVhZCJ9LHsiYXV0aG9yaXR5IjoibWFuYWdlbWVudDpjcmVhdGUifSx7ImF1dGhvcml0eSI6ImFkbWluOmRlbGV0ZSJ9LHsiYXV0aG9yaXR5IjoiYWRtaW46dXBkYXRlIn0seyJhdXRob3JpdHkiOiJtYW5hZ2VtZW50OnJlYWQifSx7ImF1dGhvcml0eSI6Im1hbmFnZW1lbnQ6ZGVsZXRlIn0seyJhdXRob3JpdHkiOiJhZG1pbjpjcmVhdGUifSx7ImF1dGhvcml0eSI6IlJPTEVfQURNSU4ifV0sInN1YiI6ImFkbWluIiwiaWF0IjoxNjkzMDIzOTYzLCJleHAiOjE2OTMxMDg1NjN9.dvkzzHiuo0md9j6DHv3hX7FTmzLblZYQJB4nqCNsl-U','BEARER',_binary '',_binary '',19),(205,'eyJhbGciOiJIUzI1NiJ9.eyJSb2xlIjpbeyJhdXRob3JpdHkiOiJtYW5hZ2VtZW50OnVwZGF0ZSJ9LHsiYXV0aG9yaXR5IjoiYWRtaW46cmVhZCJ9LHsiYXV0aG9yaXR5IjoibWFuYWdlbWVudDpjcmVhdGUifSx7ImF1dGhvcml0eSI6ImFkbWluOmRlbGV0ZSJ9LHsiYXV0aG9yaXR5IjoiYWRtaW46dXBkYXRlIn0seyJhdXRob3JpdHkiOiJtYW5hZ2VtZW50OnJlYWQifSx7ImF1dGhvcml0eSI6Im1hbmFnZW1lbnQ6ZGVsZXRlIn0seyJhdXRob3JpdHkiOiJhZG1pbjpjcmVhdGUifSx7ImF1dGhvcml0eSI6IlJPTEVfQURNSU4ifV0sInN1YiI6ImFkbWluIiwiaWF0IjoxNjkzMDI0ODYxLCJleHAiOjE2OTMxMDk0NjF9.WfcqFJVL4vT5brmS39Xnuq5kz_KMSkmK-Akl4ZGEF9s','BEARER',_binary '',_binary '',19),(206,'eyJhbGciOiJIUzI1NiJ9.eyJSb2xlIjpbeyJhdXRob3JpdHkiOiJtYW5hZ2VtZW50OmNyZWF0ZSJ9LHsiYXV0aG9yaXR5IjoiYWRtaW46dXBkYXRlIn0seyJhdXRob3JpdHkiOiJhZG1pbjpyZWFkIn0seyJhdXRob3JpdHkiOiJtYW5hZ2VtZW50OnVwZGF0ZSJ9LHsiYXV0aG9yaXR5IjoiYWRtaW46Y3JlYXRlIn0seyJhdXRob3JpdHkiOiJhZG1pbjpkZWxldGUifSx7ImF1dGhvcml0eSI6Im1hbmFnZW1lbnQ6ZGVsZXRlIn0seyJhdXRob3JpdHkiOiJtYW5hZ2VtZW50OnJlYWQifSx7ImF1dGhvcml0eSI6IlJPTEVfQURNSU4ifV0sInN1YiI6ImFkbWluIiwiaWF0IjoxNjkzMDI2Nzk1LCJleHAiOjE2OTMxMTEzOTV9.EtqNpwCK7Aof1bqRdsXSONjEcrOB96vat5abXhqfLqA','BEARER',_binary '',_binary '',19),(207,'eyJhbGciOiJIUzI1NiJ9.eyJSb2xlIjpbeyJhdXRob3JpdHkiOiJST0xFX1VTRVIifV0sInN1YiI6InQiLCJpYXQiOjE2OTMwMzEyNjMsImV4cCI6MTY5MzExNTg2M30.Lw9sERLjAm47Bv-Xab0I7kKgHmP_GPG5Ze0kOp6C9n8','BEARER',_binary '',_binary '',24),(208,'eyJhbGciOiJIUzI1NiJ9.eyJSb2xlIjpbeyJhdXRob3JpdHkiOiJST0xFX1VTRVIifV0sInN1YiI6InQiLCJpYXQiOjE2OTMwMzMwNTMsImV4cCI6MTY5MzExNzY1M30.jHEySio5wh5PMi2aw5hbNH07uA-6ZIss9ff1uAHZ5gg','BEARER',_binary '',_binary '',24),(209,'eyJhbGciOiJIUzI1NiJ9.eyJSb2xlIjpbeyJhdXRob3JpdHkiOiJhZG1pbjpjcmVhdGUifSx7ImF1dGhvcml0eSI6Im1hbmFnZW1lbnQ6cmVhZCJ9LHsiYXV0aG9yaXR5IjoiYWRtaW46dXBkYXRlIn0seyJhdXRob3JpdHkiOiJtYW5hZ2VtZW50OnVwZGF0ZSJ9LHsiYXV0aG9yaXR5IjoiYWRtaW46ZGVsZXRlIn0seyJhdXRob3JpdHkiOiJhZG1pbjpyZWFkIn0seyJhdXRob3JpdHkiOiJtYW5hZ2VtZW50OmNyZWF0ZSJ9LHsiYXV0aG9yaXR5IjoibWFuYWdlbWVudDpkZWxldGUifSx7ImF1dGhvcml0eSI6IlJPTEVfQURNSU4ifV0sInN1YiI6ImFkbWluIiwiaWF0IjoxNjkzMDMzMTU2LCJleHAiOjE2OTMxMTc3NTZ9.9vfdbki7sypDFmUQ8UQAw5RnGkkFatEPOONaOjLCY0E','BEARER',_binary '',_binary '',19),(210,'eyJhbGciOiJIUzI1NiJ9.eyJSb2xlIjpbeyJhdXRob3JpdHkiOiJST0xFX1VTRVIifV0sInN1YiI6InQiLCJpYXQiOjE2OTMwMzMyNTcsImV4cCI6MTY5MzExNzg1N30.aeHNB0-OvpcGw7D4UyCnKI1t-Pq-14_xzlSeDucuyNE','BEARER',_binary '',_binary '',24),(211,'eyJhbGciOiJIUzI1NiJ9.eyJSb2xlIjpbeyJhdXRob3JpdHkiOiJST0xFX1VTRVIifV0sInN1YiI6InQiLCJpYXQiOjE2OTMwMzM0MDksImV4cCI6MTY5MzExODAwOX0.3s96W4MHg-vm0DJCJO3vsOQmhuZOA3o2EhLdQD0FBMQ','BEARER',_binary '',_binary '',24),(212,'eyJhbGciOiJIUzI1NiJ9.eyJSb2xlIjpbeyJhdXRob3JpdHkiOiJtYW5hZ2VtZW50OnVwZGF0ZSJ9LHsiYXV0aG9yaXR5IjoiYWRtaW46dXBkYXRlIn0seyJhdXRob3JpdHkiOiJtYW5hZ2VtZW50OnJlYWQifSx7ImF1dGhvcml0eSI6ImFkbWluOmNyZWF0ZSJ9LHsiYXV0aG9yaXR5IjoibWFuYWdlbWVudDpkZWxldGUifSx7ImF1dGhvcml0eSI6Im1hbmFnZW1lbnQ6Y3JlYXRlIn0seyJhdXRob3JpdHkiOiJhZG1pbjpyZWFkIn0seyJhdXRob3JpdHkiOiJhZG1pbjpkZWxldGUifSx7ImF1dGhvcml0eSI6IlJPTEVfQURNSU4ifV0sInN1YiI6ImFkbWluIiwiaWF0IjoxNjkzMDMzNDU3LCJleHAiOjE2OTMxMTgwNTd9.91O3r6Ir6XgkjMi4ecaf49iKsVWEcnBpiYGw1arHmLI','BEARER',_binary '',_binary '',19),(213,'eyJhbGciOiJIUzI1NiJ9.eyJSb2xlIjpbeyJhdXRob3JpdHkiOiJST0xFX1VTRVIifV0sInN1YiI6InQiLCJpYXQiOjE2OTMwMzM2OTQsImV4cCI6MTY5MzExODI5NH0.FmO2VVNF1fY68Zww1gajIQLbERs9tSlTj77-U9Nbims','BEARER',_binary '',_binary '',24),(214,'eyJhbGciOiJIUzI1NiJ9.eyJSb2xlIjpbeyJhdXRob3JpdHkiOiJST0xFX1VTRVIifV0sInN1YiI6InQiLCJpYXQiOjE2OTMxMTUyOTEsImV4cCI6MTY5MzE5OTg5MX0.RfVUX5KQ9eVBoWOOEibHHQrp-RhcMikqFea1kaAweDM','BEARER',_binary '',_binary '',24),(215,'eyJhbGciOiJIUzI1NiJ9.eyJSb2xlIjpbeyJhdXRob3JpdHkiOiJhZG1pbjpyZWFkIn0seyJhdXRob3JpdHkiOiJtYW5hZ2VtZW50OnVwZGF0ZSJ9LHsiYXV0aG9yaXR5IjoiYWRtaW46ZGVsZXRlIn0seyJhdXRob3JpdHkiOiJtYW5hZ2VtZW50OnJlYWQifSx7ImF1dGhvcml0eSI6ImFkbWluOmNyZWF0ZSJ9LHsiYXV0aG9yaXR5IjoibWFuYWdlbWVudDpjcmVhdGUifSx7ImF1dGhvcml0eSI6Im1hbmFnZW1lbnQ6ZGVsZXRlIn0seyJhdXRob3JpdHkiOiJhZG1pbjp1cGRhdGUifSx7ImF1dGhvcml0eSI6IlJPTEVfQURNSU4ifV0sInN1YiI6ImFkbWluIiwiaWF0IjoxNjkzMTE2MTA0LCJleHAiOjE2OTMyMDA3MDR9.2lyOR-J2UU-L_yRxmwSytsEenK9UUv4-Ld3r9yT5QYE','BEARER',_binary '',_binary '',19),(216,'eyJhbGciOiJIUzI1NiJ9.eyJSb2xlIjpbeyJhdXRob3JpdHkiOiJST0xFX1VTRVIifV0sInN1YiI6InQiLCJpYXQiOjE2OTMxMTg5ODEsImV4cCI6MTY5MzIwMzU4MX0.ATx9YG7yeAvGY4B6B9cybcNLJc12ARAmMo0s7pO9fzo','BEARER',_binary '',_binary '',24),(217,'eyJhbGciOiJIUzI1NiJ9.eyJSb2xlIjpbeyJhdXRob3JpdHkiOiJhZG1pbjpkZWxldGUifSx7ImF1dGhvcml0eSI6Im1hbmFnZW1lbnQ6ZGVsZXRlIn0seyJhdXRob3JpdHkiOiJtYW5hZ2VtZW50OnVwZGF0ZSJ9LHsiYXV0aG9yaXR5IjoibWFuYWdlbWVudDpjcmVhdGUifSx7ImF1dGhvcml0eSI6ImFkbWluOnJlYWQifSx7ImF1dGhvcml0eSI6Im1hbmFnZW1lbnQ6cmVhZCJ9LHsiYXV0aG9yaXR5IjoiYWRtaW46dXBkYXRlIn0seyJhdXRob3JpdHkiOiJhZG1pbjpjcmVhdGUifSx7ImF1dGhvcml0eSI6IlJPTEVfQURNSU4ifV0sInN1YiI6ImFkbWluIiwiaWF0IjoxNjkzMTE5MDA4LCJleHAiOjE2OTMyMDM2MDh9.K13ymCHGfA0Fxd5o7OVLeZ25VRToqOg-NMWnFi3Pi2E','BEARER',_binary '',_binary '',19),(218,'eyJhbGciOiJIUzI1NiJ9.eyJSb2xlIjpbeyJhdXRob3JpdHkiOiJST0xFX1VTRVIifV0sInN1YiI6InQiLCJpYXQiOjE2OTMxMTkwMjEsImV4cCI6MTY5MzIwMzYyMX0.YTKWjziRUE-OT2zlG-_y1DOiQ9jUNbEmV4WSVMK4lC4','BEARER',_binary '',_binary '',24),(219,'eyJhbGciOiJIUzI1NiJ9.eyJSb2xlIjpbeyJhdXRob3JpdHkiOiJhZG1pbjpkZWxldGUifSx7ImF1dGhvcml0eSI6Im1hbmFnZW1lbnQ6ZGVsZXRlIn0seyJhdXRob3JpdHkiOiJtYW5hZ2VtZW50OnVwZGF0ZSJ9LHsiYXV0aG9yaXR5IjoibWFuYWdlbWVudDpjcmVhdGUifSx7ImF1dGhvcml0eSI6ImFkbWluOnJlYWQifSx7ImF1dGhvcml0eSI6Im1hbmFnZW1lbnQ6cmVhZCJ9LHsiYXV0aG9yaXR5IjoiYWRtaW46dXBkYXRlIn0seyJhdXRob3JpdHkiOiJhZG1pbjpjcmVhdGUifSx7ImF1dGhvcml0eSI6IlJPTEVfQURNSU4ifV0sInN1YiI6ImFkbWluIiwiaWF0IjoxNjkzMTE5MDU3LCJleHAiOjE2OTMyMDM2NTd9.QwG8CdEBEkYVFPhlDco1-LfEu6YTn8MYStnszNnO24Q','BEARER',_binary '',_binary '',19),(220,'eyJhbGciOiJIUzI1NiJ9.eyJSb2xlIjpbeyJhdXRob3JpdHkiOiJhZG1pbjpyZWFkIn0seyJhdXRob3JpdHkiOiJtYW5hZ2VtZW50OnJlYWQifSx7ImF1dGhvcml0eSI6ImFkbWluOnVwZGF0ZSJ9LHsiYXV0aG9yaXR5IjoiYWRtaW46Y3JlYXRlIn0seyJhdXRob3JpdHkiOiJhZG1pbjpkZWxldGUifSx7ImF1dGhvcml0eSI6Im1hbmFnZW1lbnQ6ZGVsZXRlIn0seyJhdXRob3JpdHkiOiJtYW5hZ2VtZW50OnVwZGF0ZSJ9LHsiYXV0aG9yaXR5IjoibWFuYWdlbWVudDpjcmVhdGUifSx7ImF1dGhvcml0eSI6IlJPTEVfQURNSU4ifV0sInN1YiI6ImFkbWluIiwiaWF0IjoxNjkzMTE5MTI5LCJleHAiOjE2OTMyMDM3Mjl9.jec597hzXtWTq9k78p0MCPDp0OXVUJkxoaumG9fscQQ','BEARER',_binary '',_binary '',19),(221,'eyJhbGciOiJIUzI1NiJ9.eyJSb2xlIjpbeyJhdXRob3JpdHkiOiJST0xFX1VTRVIifV0sInN1YiI6InQiLCJpYXQiOjE2OTMxMTk1MjMsImV4cCI6MTY5MzIwNDEyM30.wivJiB9NwmMwIakWA4LZuNXy1Xk4YB_g2zr78_gfbH0','BEARER',_binary '',_binary '',24),(222,'eyJhbGciOiJIUzI1NiJ9.eyJSb2xlIjpbeyJhdXRob3JpdHkiOiJhZG1pbjpjcmVhdGUifSx7ImF1dGhvcml0eSI6Im1hbmFnZW1lbnQ6cmVhZCJ9LHsiYXV0aG9yaXR5IjoiYWRtaW46dXBkYXRlIn0seyJhdXRob3JpdHkiOiJtYW5hZ2VtZW50OmNyZWF0ZSJ9LHsiYXV0aG9yaXR5IjoibWFuYWdlbWVudDpkZWxldGUifSx7ImF1dGhvcml0eSI6ImFkbWluOmRlbGV0ZSJ9LHsiYXV0aG9yaXR5IjoibWFuYWdlbWVudDp1cGRhdGUifSx7ImF1dGhvcml0eSI6ImFkbWluOnJlYWQifSx7ImF1dGhvcml0eSI6IlJPTEVfQURNSU4ifV0sInN1YiI6ImFkbWluIiwiaWF0IjoxNjkzMTE5ODY2LCJleHAiOjE2OTMyMDQ0NjZ9.Xg-5deAQiEM4AXGrKHXokV7cowI64JgOewg29uvHb1w','BEARER',_binary '',_binary '',19),(223,'eyJhbGciOiJIUzI1NiJ9.eyJSb2xlIjpbeyJhdXRob3JpdHkiOiJtYW5hZ2VtZW50OnVwZGF0ZSJ9LHsiYXV0aG9yaXR5IjoibWFuYWdlbWVudDpjcmVhdGUifSx7ImF1dGhvcml0eSI6ImFkbWluOnJlYWQifSx7ImF1dGhvcml0eSI6ImFkbWluOnVwZGF0ZSJ9LHsiYXV0aG9yaXR5IjoibWFuYWdlbWVudDpkZWxldGUifSx7ImF1dGhvcml0eSI6ImFkbWluOmRlbGV0ZSJ9LHsiYXV0aG9yaXR5IjoiYWRtaW46Y3JlYXRlIn0seyJhdXRob3JpdHkiOiJtYW5hZ2VtZW50OnJlYWQifSx7ImF1dGhvcml0eSI6IlJPTEVfQURNSU4ifV0sInN1YiI6ImFkbWluIiwiaWF0IjoxNjkzMTMyNjI0LCJleHAiOjE2OTMyMTcyMjR9.S6jsErTtY3XWHYD9i7Ihxhz4gHXdM48jZvbJwVZB-hQ','BEARER',_binary '',_binary '',19),(224,'eyJhbGciOiJIUzI1NiJ9.eyJSb2xlIjpbeyJhdXRob3JpdHkiOiJST0xFX1VTRVIifV0sInN1YiI6InQiLCJpYXQiOjE2OTMxMzI4MjAsImV4cCI6MTY5MzIxNzQyMH0.DxEpRdUF429V6aYFCvk3gJ81wcaz1XdwZnzWEridvfo','BEARER',_binary '',_binary '',24),(225,'eyJhbGciOiJIUzI1NiJ9.eyJSb2xlIjpbeyJhdXRob3JpdHkiOiJST0xFX1VTRVIifV0sInN1YiI6InQiLCJpYXQiOjE2OTMxOTI2NDksImV4cCI6MTY5MzI3NzI0OX0.leNh3HsAcDqT5Ck_v14VuTrECZs7vzJ8gu7AppzIHeQ','BEARER',_binary '',_binary '',24),(226,'eyJhbGciOiJIUzI1NiJ9.eyJSb2xlIjpbeyJhdXRob3JpdHkiOiJhZG1pbjpkZWxldGUifSx7ImF1dGhvcml0eSI6ImFkbWluOnJlYWQifSx7ImF1dGhvcml0eSI6Im1hbmFnZW1lbnQ6dXBkYXRlIn0seyJhdXRob3JpdHkiOiJtYW5hZ2VtZW50OnJlYWQifSx7ImF1dGhvcml0eSI6Im1hbmFnZW1lbnQ6Y3JlYXRlIn0seyJhdXRob3JpdHkiOiJtYW5hZ2VtZW50OmRlbGV0ZSJ9LHsiYXV0aG9yaXR5IjoiYWRtaW46Y3JlYXRlIn0seyJhdXRob3JpdHkiOiJhZG1pbjp1cGRhdGUifSx7ImF1dGhvcml0eSI6IlJPTEVfQURNSU4ifV0sInN1YiI6ImFkbWluIiwiaWF0IjoxNjkzMTkzMDY2LCJleHAiOjE2OTMxOTMwOTZ9.PDNEO2LD6EYbVubAKJ7i75bx_JDo29oJXxKgH3-5zDs','BEARER',_binary '',_binary '',19),(227,'eyJhbGciOiJIUzI1NiJ9.eyJSb2xlIjpbeyJhdXRob3JpdHkiOiJST0xFX1VTRVIifV0sInN1YiI6InQiLCJpYXQiOjE2OTMxOTc2ODUsImV4cCI6MTY5MzE5NzcxNX0.HkurJjevnDcpYwgDWhvo9sUcZal2dVxF3KWyBW-Aj5w','BEARER',_binary '',_binary '',24),(228,'eyJhbGciOiJIUzI1NiJ9.eyJSb2xlIjpbeyJhdXRob3JpdHkiOiJhZG1pbjp1cGRhdGUifSx7ImF1dGhvcml0eSI6ImFkbWluOmNyZWF0ZSJ9LHsiYXV0aG9yaXR5IjoibWFuYWdlbWVudDpkZWxldGUifSx7ImF1dGhvcml0eSI6Im1hbmFnZW1lbnQ6Y3JlYXRlIn0seyJhdXRob3JpdHkiOiJtYW5hZ2VtZW50OnJlYWQifSx7ImF1dGhvcml0eSI6Im1hbmFnZW1lbnQ6dXBkYXRlIn0seyJhdXRob3JpdHkiOiJhZG1pbjpyZWFkIn0seyJhdXRob3JpdHkiOiJhZG1pbjpkZWxldGUifSx7ImF1dGhvcml0eSI6IlJPTEVfQURNSU4ifV0sInN1YiI6ImFkbWluIiwiaWF0IjoxNjkzMTk3NzA5LCJleHAiOjE2OTMxOTc3Mzl9.Das92UWHFJRAoQh5eQ_z03Epe134-xwpKF7sn8gzU2Q','BEARER',_binary '',_binary '',19),(229,'eyJhbGciOiJIUzI1NiJ9.eyJSb2xlIjpbeyJhdXRob3JpdHkiOiJhZG1pbjp1cGRhdGUifSx7ImF1dGhvcml0eSI6ImFkbWluOmNyZWF0ZSJ9LHsiYXV0aG9yaXR5IjoibWFuYWdlbWVudDpkZWxldGUifSx7ImF1dGhvcml0eSI6Im1hbmFnZW1lbnQ6Y3JlYXRlIn0seyJhdXRob3JpdHkiOiJtYW5hZ2VtZW50OnJlYWQifSx7ImF1dGhvcml0eSI6Im1hbmFnZW1lbnQ6dXBkYXRlIn0seyJhdXRob3JpdHkiOiJhZG1pbjpyZWFkIn0seyJhdXRob3JpdHkiOiJhZG1pbjpkZWxldGUifSx7ImF1dGhvcml0eSI6IlJPTEVfQURNSU4ifV0sInN1YiI6ImFkbWluIiwiaWF0IjoxNjkzMTk5OTg5LCJleHAiOjE2OTMyMDAwMTl9.BQmOppFRRLe_wEqikxQAlhjkuwleTh7CfS3BeKA4BVM','BEARER',_binary '',_binary '',19),(230,'eyJhbGciOiJIUzI1NiJ9.eyJSb2xlIjpbeyJhdXRob3JpdHkiOiJhZG1pbjp1cGRhdGUifSx7ImF1dGhvcml0eSI6ImFkbWluOmNyZWF0ZSJ9LHsiYXV0aG9yaXR5IjoibWFuYWdlbWVudDpkZWxldGUifSx7ImF1dGhvcml0eSI6Im1hbmFnZW1lbnQ6Y3JlYXRlIn0seyJhdXRob3JpdHkiOiJtYW5hZ2VtZW50OnJlYWQifSx7ImF1dGhvcml0eSI6Im1hbmFnZW1lbnQ6dXBkYXRlIn0seyJhdXRob3JpdHkiOiJhZG1pbjpyZWFkIn0seyJhdXRob3JpdHkiOiJhZG1pbjpkZWxldGUifSx7ImF1dGhvcml0eSI6IlJPTEVfQURNSU4ifV0sInN1YiI6ImFkbWluIiwiaWF0IjoxNjkzMjAwODcyLCJleHAiOjE2OTMyMDA5MDJ9.VDWnF5W5lFLc8aXH6oI0hth2Js2TXvfCgQoiW7JCF1Y','BEARER',_binary '',_binary '',19),(231,'eyJhbGciOiJIUzI1NiJ9.eyJSb2xlIjpbeyJhdXRob3JpdHkiOiJhZG1pbjp1cGRhdGUifSx7ImF1dGhvcml0eSI6ImFkbWluOmNyZWF0ZSJ9LHsiYXV0aG9yaXR5IjoibWFuYWdlbWVudDpkZWxldGUifSx7ImF1dGhvcml0eSI6Im1hbmFnZW1lbnQ6Y3JlYXRlIn0seyJhdXRob3JpdHkiOiJtYW5hZ2VtZW50OnJlYWQifSx7ImF1dGhvcml0eSI6Im1hbmFnZW1lbnQ6dXBkYXRlIn0seyJhdXRob3JpdHkiOiJhZG1pbjpyZWFkIn0seyJhdXRob3JpdHkiOiJhZG1pbjpkZWxldGUifSx7ImF1dGhvcml0eSI6IlJPTEVfQURNSU4ifV0sInN1YiI6ImFkbWluIiwiaWF0IjoxNjkzMjAwOTIxLCJleHAiOjE2OTMyMDA5NTF9.Aoeopy2vEWtdtayjYCdmU-HDZezVBeRFzx7khNncQOY','BEARER',_binary '',_binary '',19),(232,'eyJhbGciOiJIUzI1NiJ9.eyJSb2xlIjpbeyJhdXRob3JpdHkiOiJhZG1pbjp1cGRhdGUifSx7ImF1dGhvcml0eSI6ImFkbWluOmNyZWF0ZSJ9LHsiYXV0aG9yaXR5IjoibWFuYWdlbWVudDpkZWxldGUifSx7ImF1dGhvcml0eSI6Im1hbmFnZW1lbnQ6Y3JlYXRlIn0seyJhdXRob3JpdHkiOiJtYW5hZ2VtZW50OnJlYWQifSx7ImF1dGhvcml0eSI6Im1hbmFnZW1lbnQ6dXBkYXRlIn0seyJhdXRob3JpdHkiOiJhZG1pbjpyZWFkIn0seyJhdXRob3JpdHkiOiJhZG1pbjpkZWxldGUifSx7ImF1dGhvcml0eSI6IlJPTEVfQURNSU4ifV0sInN1YiI6ImFkbWluIiwiaWF0IjoxNjkzMjAyMjQ3LCJleHAiOjE2OTMyMDIyNzd9.YG5dp4g4cV4DuzEyQ1i8pJUHo4I5niJcr06Kh-O_3Ys','BEARER',_binary '',_binary '',19),(233,'eyJhbGciOiJIUzI1NiJ9.eyJSb2xlIjpbeyJhdXRob3JpdHkiOiJhZG1pbjp1cGRhdGUifSx7ImF1dGhvcml0eSI6ImFkbWluOmNyZWF0ZSJ9LHsiYXV0aG9yaXR5IjoibWFuYWdlbWVudDpkZWxldGUifSx7ImF1dGhvcml0eSI6Im1hbmFnZW1lbnQ6Y3JlYXRlIn0seyJhdXRob3JpdHkiOiJtYW5hZ2VtZW50OnJlYWQifSx7ImF1dGhvcml0eSI6Im1hbmFnZW1lbnQ6dXBkYXRlIn0seyJhdXRob3JpdHkiOiJhZG1pbjpyZWFkIn0seyJhdXRob3JpdHkiOiJhZG1pbjpkZWxldGUifSx7ImF1dGhvcml0eSI6IlJPTEVfQURNSU4ifV0sInN1YiI6ImFkbWluIiwiaWF0IjoxNjkzMjAyMjYxLCJleHAiOjE2OTMyMDIyOTF9.iwpiA019ZiGJDp2lpgbEFpL4xWcCnL8GMehB4WC7Z-E','BEARER',_binary '',_binary '',19),(234,'eyJhbGciOiJIUzI1NiJ9.eyJSb2xlIjpbeyJhdXRob3JpdHkiOiJhZG1pbjp1cGRhdGUifSx7ImF1dGhvcml0eSI6ImFkbWluOmNyZWF0ZSJ9LHsiYXV0aG9yaXR5IjoibWFuYWdlbWVudDpkZWxldGUifSx7ImF1dGhvcml0eSI6Im1hbmFnZW1lbnQ6Y3JlYXRlIn0seyJhdXRob3JpdHkiOiJtYW5hZ2VtZW50OnJlYWQifSx7ImF1dGhvcml0eSI6Im1hbmFnZW1lbnQ6dXBkYXRlIn0seyJhdXRob3JpdHkiOiJhZG1pbjpyZWFkIn0seyJhdXRob3JpdHkiOiJhZG1pbjpkZWxldGUifSx7ImF1dGhvcml0eSI6IlJPTEVfQURNSU4ifV0sInN1YiI6ImFkbWluIiwiaWF0IjoxNjkzMjA0NTE1LCJleHAiOjE2OTMyMDQ1NDV9.qySYyP34vXiseVi-FKnNTp5B2vy1W_Vt_k7Sxj7zeps','BEARER',_binary '',_binary '',19),(235,'eyJhbGciOiJIUzI1NiJ9.eyJSb2xlIjpbeyJhdXRob3JpdHkiOiJhZG1pbjp1cGRhdGUifSx7ImF1dGhvcml0eSI6ImFkbWluOmNyZWF0ZSJ9LHsiYXV0aG9yaXR5IjoibWFuYWdlbWVudDpkZWxldGUifSx7ImF1dGhvcml0eSI6Im1hbmFnZW1lbnQ6Y3JlYXRlIn0seyJhdXRob3JpdHkiOiJtYW5hZ2VtZW50OnJlYWQifSx7ImF1dGhvcml0eSI6Im1hbmFnZW1lbnQ6dXBkYXRlIn0seyJhdXRob3JpdHkiOiJhZG1pbjpyZWFkIn0seyJhdXRob3JpdHkiOiJhZG1pbjpkZWxldGUifSx7ImF1dGhvcml0eSI6IlJPTEVfQURNSU4ifV0sInN1YiI6ImFkbWluIiwiaWF0IjoxNjkzMjA0NTI2LCJleHAiOjE2OTMyMDQ1NTZ9.M30S1uye4UbO5zlJ7cBUCuAVts79JNsS1mYpYHUDQRg','BEARER',_binary '',_binary '',19),(236,'eyJhbGciOiJIUzI1NiJ9.eyJSb2xlIjpbeyJhdXRob3JpdHkiOiJtYW5hZ2VtZW50OnJlYWQifSx7ImF1dGhvcml0eSI6ImFkbWluOmNyZWF0ZSJ9LHsiYXV0aG9yaXR5IjoiYWRtaW46ZGVsZXRlIn0seyJhdXRob3JpdHkiOiJtYW5hZ2VtZW50OmRlbGV0ZSJ9LHsiYXV0aG9yaXR5IjoiYWRtaW46dXBkYXRlIn0seyJhdXRob3JpdHkiOiJhZG1pbjpyZWFkIn0seyJhdXRob3JpdHkiOiJtYW5hZ2VtZW50OmNyZWF0ZSJ9LHsiYXV0aG9yaXR5IjoibWFuYWdlbWVudDp1cGRhdGUifSx7ImF1dGhvcml0eSI6IlJPTEVfQURNSU4ifV0sInN1YiI6ImFkbWluIiwiaWF0IjoxNjkzMjE2MDUzLCJleHAiOjE2OTMyMTYwODN9.1akkBFOUBRkxKw4DgTPzsOsbYms4bL6NGhmXR4ehgWk','BEARER',_binary '',_binary '',19),(237,'eyJhbGciOiJIUzI1NiJ9.eyJSb2xlIjpbeyJhdXRob3JpdHkiOiJtYW5hZ2VtZW50OnJlYWQifSx7ImF1dGhvcml0eSI6ImFkbWluOnVwZGF0ZSJ9LHsiYXV0aG9yaXR5IjoiYWRtaW46Y3JlYXRlIn0seyJhdXRob3JpdHkiOiJtYW5hZ2VtZW50OnVwZGF0ZSJ9LHsiYXV0aG9yaXR5IjoiYWRtaW46cmVhZCJ9LHsiYXV0aG9yaXR5IjoiYWRtaW46ZGVsZXRlIn0seyJhdXRob3JpdHkiOiJtYW5hZ2VtZW50OmNyZWF0ZSJ9LHsiYXV0aG9yaXR5IjoibWFuYWdlbWVudDpkZWxldGUifSx7ImF1dGhvcml0eSI6IlJPTEVfQURNSU4ifV0sInN1YiI6ImFkbWluIiwiaWF0IjoxNjkzMjE2NTc3LCJleHAiOjE2OTMyMTY2MDd9.-s2qXcwZactl4KPfVecPg0tTJ-z_kdjzTh-O5d3H7Ns','BEARER',_binary '',_binary '',19),(238,'eyJhbGciOiJIUzI1NiJ9.eyJSb2xlIjpbeyJhdXRob3JpdHkiOiJtYW5hZ2VtZW50OmRlbGV0ZSJ9LHsiYXV0aG9yaXR5IjoiYWRtaW46dXBkYXRlIn0seyJhdXRob3JpdHkiOiJhZG1pbjpyZWFkIn0seyJhdXRob3JpdHkiOiJtYW5hZ2VtZW50OnVwZGF0ZSJ9LHsiYXV0aG9yaXR5IjoiYWRtaW46ZGVsZXRlIn0seyJhdXRob3JpdHkiOiJtYW5hZ2VtZW50OnJlYWQifSx7ImF1dGhvcml0eSI6ImFkbWluOmNyZWF0ZSJ9LHsiYXV0aG9yaXR5IjoibWFuYWdlbWVudDpjcmVhdGUifSx7ImF1dGhvcml0eSI6IlJPTEVfQURNSU4ifV0sInN1YiI6ImFkbWluIiwiaWF0IjoxNjkzMjE3MjYxLCJleHAiOjE2OTMyMTcyOTF9.THMFeX2BBry154Yyg0T4JOFKNiFRPw5FlIvdAnwc_4Q','BEARER',_binary '',_binary '',19),(239,'eyJhbGciOiJIUzI1NiJ9.eyJSb2xlIjpbeyJhdXRob3JpdHkiOiJtYW5hZ2VtZW50OmRlbGV0ZSJ9LHsiYXV0aG9yaXR5IjoibWFuYWdlbWVudDpjcmVhdGUifSx7ImF1dGhvcml0eSI6ImFkbWluOnJlYWQifSx7ImF1dGhvcml0eSI6ImFkbWluOmRlbGV0ZSJ9LHsiYXV0aG9yaXR5IjoibWFuYWdlbWVudDp1cGRhdGUifSx7ImF1dGhvcml0eSI6ImFkbWluOnVwZGF0ZSJ9LHsiYXV0aG9yaXR5IjoibWFuYWdlbWVudDpyZWFkIn0seyJhdXRob3JpdHkiOiJhZG1pbjpjcmVhdGUifSx7ImF1dGhvcml0eSI6IlJPTEVfQURNSU4ifV0sInN1YiI6ImFkbWluIiwiaWF0IjoxNjkzMjI2Nzg0LCJleHAiOjE2OTMyMjY4MTR9.TLN0NzwmdATsI4y9gDmoIIOuJPDuC9zUfNOkJwP3Mrc','BEARER',_binary '',_binary '',19),(240,'eyJhbGciOiJIUzI1NiJ9.eyJSb2xlIjpbeyJhdXRob3JpdHkiOiJhZG1pbjp1cGRhdGUifSx7ImF1dGhvcml0eSI6Im1hbmFnZW1lbnQ6ZGVsZXRlIn0seyJhdXRob3JpdHkiOiJhZG1pbjpjcmVhdGUifSx7ImF1dGhvcml0eSI6Im1hbmFnZW1lbnQ6Y3JlYXRlIn0seyJhdXRob3JpdHkiOiJhZG1pbjpyZWFkIn0seyJhdXRob3JpdHkiOiJhZG1pbjpkZWxldGUifSx7ImF1dGhvcml0eSI6Im1hbmFnZW1lbnQ6cmVhZCJ9LHsiYXV0aG9yaXR5IjoibWFuYWdlbWVudDp1cGRhdGUifSx7ImF1dGhvcml0eSI6IlJPTEVfQURNSU4ifV0sInN1YiI6ImFkbWluIiwiaWF0IjoxNjkzMjI3NDExLCJleHAiOjE2OTMyMjc0NDF9.eHzHh-3RVTM7BAqZFMEus6tGvhgpGyQWPUIXynrtK3s','BEARER',_binary '',_binary '',19),(241,'eyJhbGciOiJIUzI1NiJ9.eyJSb2xlIjpbeyJhdXRob3JpdHkiOiJhZG1pbjpjcmVhdGUifSx7ImF1dGhvcml0eSI6Im1hbmFnZW1lbnQ6ZGVsZXRlIn0seyJhdXRob3JpdHkiOiJhZG1pbjp1cGRhdGUifSx7ImF1dGhvcml0eSI6Im1hbmFnZW1lbnQ6dXBkYXRlIn0seyJhdXRob3JpdHkiOiJtYW5hZ2VtZW50OnJlYWQifSx7ImF1dGhvcml0eSI6ImFkbWluOmRlbGV0ZSJ9LHsiYXV0aG9yaXR5IjoiYWRtaW46cmVhZCJ9LHsiYXV0aG9yaXR5IjoibWFuYWdlbWVudDpjcmVhdGUifSx7ImF1dGhvcml0eSI6IlJPTEVfQURNSU4ifV0sInN1YiI6ImFkbWluIiwiaWF0IjoxNjkzMjMwNTU0LCJleHAiOjE2OTMyMzA1ODR9.TZ6q_n-7KGazWkZ4PWRXhiOKloC_GfWj8KlZ2tbdfzM','BEARER',_binary '',_binary '',19),(242,'eyJhbGciOiJIUzI1NiJ9.eyJSb2xlIjpbeyJhdXRob3JpdHkiOiJtYW5hZ2VtZW50OnVwZGF0ZSJ9LHsiYXV0aG9yaXR5IjoiYWRtaW46cmVhZCJ9LHsiYXV0aG9yaXR5IjoiYWRtaW46dXBkYXRlIn0seyJhdXRob3JpdHkiOiJtYW5hZ2VtZW50OmRlbGV0ZSJ9LHsiYXV0aG9yaXR5IjoibWFuYWdlbWVudDpjcmVhdGUifSx7ImF1dGhvcml0eSI6ImFkbWluOmNyZWF0ZSJ9LHsiYXV0aG9yaXR5IjoibWFuYWdlbWVudDpyZWFkIn0seyJhdXRob3JpdHkiOiJhZG1pbjpkZWxldGUifSx7ImF1dGhvcml0eSI6IlJPTEVfQURNSU4ifV0sInN1YiI6ImFkbWluIiwiaWF0IjoxNjkzMjMwNzQwLCJleHAiOjE2OTMyMzA3NzB9.hEf-j4H-JCe-d8serXBOWJtWm_Giknuli4GRCIvOu1M','BEARER',_binary '',_binary '',19),(243,'eyJhbGciOiJIUzI1NiJ9.eyJSb2xlIjpbeyJhdXRob3JpdHkiOiJtYW5hZ2VtZW50OnVwZGF0ZSJ9LHsiYXV0aG9yaXR5IjoiYWRtaW46cmVhZCJ9LHsiYXV0aG9yaXR5IjoiYWRtaW46dXBkYXRlIn0seyJhdXRob3JpdHkiOiJtYW5hZ2VtZW50OmRlbGV0ZSJ9LHsiYXV0aG9yaXR5IjoibWFuYWdlbWVudDpjcmVhdGUifSx7ImF1dGhvcml0eSI6ImFkbWluOmNyZWF0ZSJ9LHsiYXV0aG9yaXR5IjoibWFuYWdlbWVudDpyZWFkIn0seyJhdXRob3JpdHkiOiJhZG1pbjpkZWxldGUifSx7ImF1dGhvcml0eSI6IlJPTEVfQURNSU4ifV0sInN1YiI6ImFkbWluIiwiaWF0IjoxNjkzMjMwNzcxLCJleHAiOjE2OTMyMzA4MDF9.fDKKa6GMqR3U2QCQEpW025l0kcDm10tZwUxYMG3HhDQ','BEARER',_binary '',_binary '',19),(244,'eyJhbGciOiJIUzI1NiJ9.eyJSb2xlIjpbeyJhdXRob3JpdHkiOiJST0xFX1VTRVIifV0sInN1YiI6InQiLCJpYXQiOjE2OTMyMzA4NDIsImV4cCI6MTY5MzIzMDg3Mn0.TojNoyyHnBvUMBg65cfv_avt8oZTgp-5CVf3FYhW0F0','BEARER',_binary '',_binary '',24),(245,'eyJhbGciOiJIUzI1NiJ9.eyJSb2xlIjpbeyJhdXRob3JpdHkiOiJST0xFX1VTRVIifV0sInN1YiI6InQiLCJpYXQiOjE2OTMyMzA4NDUsImV4cCI6MTY5MzIzMDg3NX0.4D4Yc0FMFCDOh8Y3eJ-Ix0sOMACymmJRa96naeqzOPI','BEARER',_binary '',_binary '',24),(246,'eyJhbGciOiJIUzI1NiJ9.eyJSb2xlIjpbeyJhdXRob3JpdHkiOiJtYW5hZ2VtZW50OnVwZGF0ZSJ9LHsiYXV0aG9yaXR5IjoiYWRtaW46cmVhZCJ9LHsiYXV0aG9yaXR5IjoiYWRtaW46dXBkYXRlIn0seyJhdXRob3JpdHkiOiJtYW5hZ2VtZW50OmRlbGV0ZSJ9LHsiYXV0aG9yaXR5IjoibWFuYWdlbWVudDpjcmVhdGUifSx7ImF1dGhvcml0eSI6ImFkbWluOmNyZWF0ZSJ9LHsiYXV0aG9yaXR5IjoibWFuYWdlbWVudDpyZWFkIn0seyJhdXRob3JpdHkiOiJhZG1pbjpkZWxldGUifSx7ImF1dGhvcml0eSI6IlJPTEVfQURNSU4ifV0sInN1YiI6ImFkbWluIiwiaWF0IjoxNjkzMjMyMDI5LCJleHAiOjE2OTMyMzIwNTl9.uO0WyYThm0Btu1dJQiBMn7S5uCPLTXmcfDBtiDl5ZgM','BEARER',_binary '',_binary '',19),(247,'eyJhbGciOiJIUzI1NiJ9.eyJSb2xlIjpbeyJhdXRob3JpdHkiOiJtYW5hZ2VtZW50OnVwZGF0ZSJ9LHsiYXV0aG9yaXR5IjoiYWRtaW46cmVhZCJ9LHsiYXV0aG9yaXR5IjoiYWRtaW46dXBkYXRlIn0seyJhdXRob3JpdHkiOiJtYW5hZ2VtZW50OmRlbGV0ZSJ9LHsiYXV0aG9yaXR5IjoibWFuYWdlbWVudDpjcmVhdGUifSx7ImF1dGhvcml0eSI6ImFkbWluOmNyZWF0ZSJ9LHsiYXV0aG9yaXR5IjoibWFuYWdlbWVudDpyZWFkIn0seyJhdXRob3JpdHkiOiJhZG1pbjpkZWxldGUifSx7ImF1dGhvcml0eSI6IlJPTEVfQURNSU4ifV0sInN1YiI6ImFkbWluIiwiaWF0IjoxNjkzMjMyMTE4LCJleHAiOjE2OTMyMzIxNDh9.z_wl3HQlAnvMXay1mLCNEUk8f-EyGwc3MTxbG7M4Xdk','BEARER',_binary '',_binary '',19),(248,'eyJhbGciOiJIUzI1NiJ9.eyJSb2xlIjpbeyJhdXRob3JpdHkiOiJtYW5hZ2VtZW50OnVwZGF0ZSJ9LHsiYXV0aG9yaXR5IjoiYWRtaW46cmVhZCJ9LHsiYXV0aG9yaXR5IjoiYWRtaW46dXBkYXRlIn0seyJhdXRob3JpdHkiOiJtYW5hZ2VtZW50OmRlbGV0ZSJ9LHsiYXV0aG9yaXR5IjoibWFuYWdlbWVudDpjcmVhdGUifSx7ImF1dGhvcml0eSI6ImFkbWluOmNyZWF0ZSJ9LHsiYXV0aG9yaXR5IjoibWFuYWdlbWVudDpyZWFkIn0seyJhdXRob3JpdHkiOiJhZG1pbjpkZWxldGUifSx7ImF1dGhvcml0eSI6IlJPTEVfQURNSU4ifV0sInN1YiI6ImFkbWluIiwiaWF0IjoxNjkzMjMyMTM5LCJleHAiOjE2OTMyMzIxNjl9.gKeT31pVxXxFu7r8nlGcj_20QjZTd-ZZAd1iqAUtEoE','BEARER',_binary '',_binary '',19),(249,'eyJhbGciOiJIUzI1NiJ9.eyJSb2xlIjpbeyJhdXRob3JpdHkiOiJST0xFX1VTRVIifV0sInN1YiI6InQiLCJpYXQiOjE2OTMyMzIyMDUsImV4cCI6MTY5MzIzMjIzNX0.8DaT0iIPN-3UCiOiV5eFHMcQWZcay3Xe835eOwAIaDA','BEARER',_binary '',_binary '',24),(250,'eyJhbGciOiJIUzI1NiJ9.eyJSb2xlIjpbeyJhdXRob3JpdHkiOiJST0xFX1VTRVIifV0sInN1YiI6InQiLCJpYXQiOjE2OTMyMzIyMTQsImV4cCI6MTY5MzIzMjI0NH0.LN46ALtx2XClITRvH-VzEUinwPEuEPtjmzitks-psa0','BEARER',_binary '',_binary '',24),(251,'eyJhbGciOiJIUzI1NiJ9.eyJSb2xlIjpbeyJhdXRob3JpdHkiOiJtYW5hZ2VtZW50OnVwZGF0ZSJ9LHsiYXV0aG9yaXR5IjoiYWRtaW46cmVhZCJ9LHsiYXV0aG9yaXR5IjoiYWRtaW46dXBkYXRlIn0seyJhdXRob3JpdHkiOiJtYW5hZ2VtZW50OmRlbGV0ZSJ9LHsiYXV0aG9yaXR5IjoibWFuYWdlbWVudDpjcmVhdGUifSx7ImF1dGhvcml0eSI6ImFkbWluOmNyZWF0ZSJ9LHsiYXV0aG9yaXR5IjoibWFuYWdlbWVudDpyZWFkIn0seyJhdXRob3JpdHkiOiJhZG1pbjpkZWxldGUifSx7ImF1dGhvcml0eSI6IlJPTEVfQURNSU4ifV0sInN1YiI6ImFkbWluIiwiaWF0IjoxNjkzMjMyMzE1LCJleHAiOjE2OTMyMzIzNDV9.jITwilUq50jNubCbEyhM0LbGXliezbtxy_k0F3jnl6Y','BEARER',_binary '',_binary '',19),(252,'eyJhbGciOiJIUzI1NiJ9.eyJSb2xlIjpbeyJhdXRob3JpdHkiOiJtYW5hZ2VtZW50OnVwZGF0ZSJ9LHsiYXV0aG9yaXR5IjoiYWRtaW46cmVhZCJ9LHsiYXV0aG9yaXR5IjoiYWRtaW46dXBkYXRlIn0seyJhdXRob3JpdHkiOiJtYW5hZ2VtZW50OmRlbGV0ZSJ9LHsiYXV0aG9yaXR5IjoibWFuYWdlbWVudDpjcmVhdGUifSx7ImF1dGhvcml0eSI6ImFkbWluOmNyZWF0ZSJ9LHsiYXV0aG9yaXR5IjoibWFuYWdlbWVudDpyZWFkIn0seyJhdXRob3JpdHkiOiJhZG1pbjpkZWxldGUifSx7ImF1dGhvcml0eSI6IlJPTEVfQURNSU4ifV0sInN1YiI6ImFkbWluIiwiaWF0IjoxNjkzMjMyMzMwLCJleHAiOjE2OTMyMzIzNjB9.IsEnytrc--ItWle8_aZI-6-AAXaGr4DzD2aNYeDlc2A','BEARER',_binary '',_binary '',19),(253,'eyJhbGciOiJIUzI1NiJ9.eyJSb2xlIjpbeyJhdXRob3JpdHkiOiJtYW5hZ2VtZW50OnVwZGF0ZSJ9LHsiYXV0aG9yaXR5IjoiYWRtaW46cmVhZCJ9LHsiYXV0aG9yaXR5IjoiYWRtaW46dXBkYXRlIn0seyJhdXRob3JpdHkiOiJtYW5hZ2VtZW50OmRlbGV0ZSJ9LHsiYXV0aG9yaXR5IjoibWFuYWdlbWVudDpjcmVhdGUifSx7ImF1dGhvcml0eSI6ImFkbWluOmNyZWF0ZSJ9LHsiYXV0aG9yaXR5IjoibWFuYWdlbWVudDpyZWFkIn0seyJhdXRob3JpdHkiOiJhZG1pbjpkZWxldGUifSx7ImF1dGhvcml0eSI6IlJPTEVfQURNSU4ifV0sInN1YiI6ImFkbWluIiwiaWF0IjoxNjkzMjMyMzM4LCJleHAiOjE2OTMyMzIzNjh9.NUSkfyy-BYiW-DUaKWxfWYhjdVpJNNWzNJSyxSocClQ','BEARER',_binary '',_binary '',19),(254,'eyJhbGciOiJIUzI1NiJ9.eyJSb2xlIjpbeyJhdXRob3JpdHkiOiJtYW5hZ2VtZW50OnJlYWQifSx7ImF1dGhvcml0eSI6ImFkbWluOmRlbGV0ZSJ9LHsiYXV0aG9yaXR5IjoibWFuYWdlbWVudDp1cGRhdGUifSx7ImF1dGhvcml0eSI6ImFkbWluOnJlYWQifSx7ImF1dGhvcml0eSI6ImFkbWluOnVwZGF0ZSJ9LHsiYXV0aG9yaXR5IjoibWFuYWdlbWVudDpkZWxldGUifSx7ImF1dGhvcml0eSI6Im1hbmFnZW1lbnQ6Y3JlYXRlIn0seyJhdXRob3JpdHkiOiJhZG1pbjpjcmVhdGUifSx7ImF1dGhvcml0eSI6IlJPTEVfQURNSU4ifV0sInN1YiI6ImFkbWluIiwiaWF0IjoxNjkzMjMzMjE0LCJleHAiOjE2OTMyMzMyNDR9.jaAIrkyUqhsHxEyDOQYZJqpBF7sY1c48ljt-Ia1TL6c','BEARER',_binary '',_binary '',19),(255,'eyJhbGciOiJIUzI1NiJ9.eyJSb2xlIjpbeyJhdXRob3JpdHkiOiJhZG1pbjp1cGRhdGUifSx7ImF1dGhvcml0eSI6Im1hbmFnZW1lbnQ6ZGVsZXRlIn0seyJhdXRob3JpdHkiOiJtYW5hZ2VtZW50OmNyZWF0ZSJ9LHsiYXV0aG9yaXR5IjoiYWRtaW46Y3JlYXRlIn0seyJhdXRob3JpdHkiOiJtYW5hZ2VtZW50OnJlYWQifSx7ImF1dGhvcml0eSI6ImFkbWluOmRlbGV0ZSJ9LHsiYXV0aG9yaXR5IjoibWFuYWdlbWVudDp1cGRhdGUifSx7ImF1dGhvcml0eSI6ImFkbWluOnJlYWQifSx7ImF1dGhvcml0eSI6IlJPTEVfQURNSU4ifV0sInN1YiI6ImFkbWluIiwiaWF0IjoxNjkzMjM0MzE4LCJleHAiOjE2OTMyMzQzNDh9.GOxXwmHQXORgbmapJF65u55QZf3sHCTJKjr-_w7zoTA','BEARER',_binary '',_binary '',19),(256,'eyJhbGciOiJIUzI1NiJ9.eyJSb2xlIjpbeyJhdXRob3JpdHkiOiJhZG1pbjp1cGRhdGUifSx7ImF1dGhvcml0eSI6Im1hbmFnZW1lbnQ6ZGVsZXRlIn0seyJhdXRob3JpdHkiOiJtYW5hZ2VtZW50OmNyZWF0ZSJ9LHsiYXV0aG9yaXR5IjoiYWRtaW46Y3JlYXRlIn0seyJhdXRob3JpdHkiOiJtYW5hZ2VtZW50OnJlYWQifSx7ImF1dGhvcml0eSI6ImFkbWluOmRlbGV0ZSJ9LHsiYXV0aG9yaXR5IjoibWFuYWdlbWVudDp1cGRhdGUifSx7ImF1dGhvcml0eSI6ImFkbWluOnJlYWQifSx7ImF1dGhvcml0eSI6IlJPTEVfQURNSU4ifV0sInN1YiI6ImFkbWluIiwiaWF0IjoxNjkzMjM0MzIzLCJleHAiOjE2OTMyMzQzNTN9.ZfQBnhUNu0AUiDWEMqX-yPnC6ektM-_vFAWPj_FFCu8','BEARER',_binary '',_binary '',19),(257,'eyJhbGciOiJIUzI1NiJ9.eyJSb2xlIjpbeyJhdXRob3JpdHkiOiJhZG1pbjp1cGRhdGUifSx7ImF1dGhvcml0eSI6Im1hbmFnZW1lbnQ6ZGVsZXRlIn0seyJhdXRob3JpdHkiOiJtYW5hZ2VtZW50OmNyZWF0ZSJ9LHsiYXV0aG9yaXR5IjoiYWRtaW46Y3JlYXRlIn0seyJhdXRob3JpdHkiOiJtYW5hZ2VtZW50OnJlYWQifSx7ImF1dGhvcml0eSI6ImFkbWluOmRlbGV0ZSJ9LHsiYXV0aG9yaXR5IjoibWFuYWdlbWVudDp1cGRhdGUifSx7ImF1dGhvcml0eSI6ImFkbWluOnJlYWQifSx7ImF1dGhvcml0eSI6IlJPTEVfQURNSU4ifV0sInN1YiI6ImFkbWluIiwiaWF0IjoxNjkzMjM0MzI5LCJleHAiOjE2OTMyMzQzNTl9.w4Coe2Oj-nm7hgkuAWgJL1X_oz0hVrH-S6Jz5MnNhCs','BEARER',_binary '',_binary '',19),(258,'eyJhbGciOiJIUzI1NiJ9.eyJSb2xlIjpbeyJhdXRob3JpdHkiOiJhZG1pbjp1cGRhdGUifSx7ImF1dGhvcml0eSI6Im1hbmFnZW1lbnQ6ZGVsZXRlIn0seyJhdXRob3JpdHkiOiJtYW5hZ2VtZW50OmNyZWF0ZSJ9LHsiYXV0aG9yaXR5IjoiYWRtaW46Y3JlYXRlIn0seyJhdXRob3JpdHkiOiJtYW5hZ2VtZW50OnJlYWQifSx7ImF1dGhvcml0eSI6ImFkbWluOmRlbGV0ZSJ9LHsiYXV0aG9yaXR5IjoibWFuYWdlbWVudDp1cGRhdGUifSx7ImF1dGhvcml0eSI6ImFkbWluOnJlYWQifSx7ImF1dGhvcml0eSI6IlJPTEVfQURNSU4ifV0sInN1YiI6ImFkbWluIiwiaWF0IjoxNjkzMjM0MzMzLCJleHAiOjE2OTMyMzQzNjN9.t9yFtZ_ZcncfQnAU2LfJysIT0vX9a4ixiuwI7yGs78Q','BEARER',_binary '',_binary '',19),(259,'eyJhbGciOiJIUzI1NiJ9.eyJSb2xlIjpbeyJhdXRob3JpdHkiOiJhZG1pbjp1cGRhdGUifSx7ImF1dGhvcml0eSI6Im1hbmFnZW1lbnQ6ZGVsZXRlIn0seyJhdXRob3JpdHkiOiJtYW5hZ2VtZW50OmNyZWF0ZSJ9LHsiYXV0aG9yaXR5IjoiYWRtaW46Y3JlYXRlIn0seyJhdXRob3JpdHkiOiJtYW5hZ2VtZW50OnJlYWQifSx7ImF1dGhvcml0eSI6ImFkbWluOmRlbGV0ZSJ9LHsiYXV0aG9yaXR5IjoibWFuYWdlbWVudDp1cGRhdGUifSx7ImF1dGhvcml0eSI6ImFkbWluOnJlYWQifSx7ImF1dGhvcml0eSI6IlJPTEVfQURNSU4ifV0sInN1YiI6ImFkbWluIiwiaWF0IjoxNjkzMjM1MjIxLCJleHAiOjE2OTMyMzUyNTF9.P073dC0lNmkm8GwB1j4WH7uKKaCRB4_oy35lcnBnur8','BEARER',_binary '',_binary '',19),(260,'eyJhbGciOiJIUzI1NiJ9.eyJSb2xlIjpbeyJhdXRob3JpdHkiOiJhZG1pbjp1cGRhdGUifSx7ImF1dGhvcml0eSI6Im1hbmFnZW1lbnQ6ZGVsZXRlIn0seyJhdXRob3JpdHkiOiJtYW5hZ2VtZW50OmNyZWF0ZSJ9LHsiYXV0aG9yaXR5IjoiYWRtaW46Y3JlYXRlIn0seyJhdXRob3JpdHkiOiJtYW5hZ2VtZW50OnJlYWQifSx7ImF1dGhvcml0eSI6ImFkbWluOmRlbGV0ZSJ9LHsiYXV0aG9yaXR5IjoibWFuYWdlbWVudDp1cGRhdGUifSx7ImF1dGhvcml0eSI6ImFkbWluOnJlYWQifSx7ImF1dGhvcml0eSI6IlJPTEVfQURNSU4ifV0sInN1YiI6ImFkbWluIiwiaWF0IjoxNjkzMjM1MjI2LCJleHAiOjE2OTMyMzUyNTZ9.Y43kDHDJKN-BJPNriT8zAu7cee6ZfOSREfA4M3fFLbw','BEARER',_binary '',_binary '',19),(261,'eyJhbGciOiJIUzI1NiJ9.eyJSb2xlIjpbeyJhdXRob3JpdHkiOiJtYW5hZ2VtZW50OmNyZWF0ZSJ9LHsiYXV0aG9yaXR5IjoibWFuYWdlbWVudDpkZWxldGUifSx7ImF1dGhvcml0eSI6ImFkbWluOnVwZGF0ZSJ9LHsiYXV0aG9yaXR5IjoiYWRtaW46cmVhZCJ9LHsiYXV0aG9yaXR5IjoibWFuYWdlbWVudDp1cGRhdGUifSx7ImF1dGhvcml0eSI6ImFkbWluOmRlbGV0ZSJ9LHsiYXV0aG9yaXR5IjoibWFuYWdlbWVudDpyZWFkIn0seyJhdXRob3JpdHkiOiJhZG1pbjpjcmVhdGUifSx7ImF1dGhvcml0eSI6IlJPTEVfQURNSU4ifV0sInN1YiI6ImFkbWluIiwiaWF0IjoxNjkzMjM1ODA3LCJleHAiOjE2OTMyMzU4Mzd9.PVxVnAC5QMsX9ZanuhgzEuaeOt8difxy1KRxX9QyX-w','BEARER',_binary '',_binary '',19),(262,'eyJhbGciOiJIUzI1NiJ9.eyJSb2xlIjpbeyJhdXRob3JpdHkiOiJtYW5hZ2VtZW50OmNyZWF0ZSJ9LHsiYXV0aG9yaXR5IjoibWFuYWdlbWVudDpkZWxldGUifSx7ImF1dGhvcml0eSI6ImFkbWluOnVwZGF0ZSJ9LHsiYXV0aG9yaXR5IjoiYWRtaW46cmVhZCJ9LHsiYXV0aG9yaXR5IjoibWFuYWdlbWVudDp1cGRhdGUifSx7ImF1dGhvcml0eSI6ImFkbWluOmRlbGV0ZSJ9LHsiYXV0aG9yaXR5IjoibWFuYWdlbWVudDpyZWFkIn0seyJhdXRob3JpdHkiOiJhZG1pbjpjcmVhdGUifSx7ImF1dGhvcml0eSI6IlJPTEVfQURNSU4ifV0sInN1YiI6ImFkbWluIiwiaWF0IjoxNjkzMjM1ODEzLCJleHAiOjE2OTMyMzU4NDN9.PYqwfwFo0zQ0VCJcsyJ_d6LwizUDUv7OcrP25eNcC-Y','BEARER',_binary '',_binary '',19),(263,'eyJhbGciOiJIUzI1NiJ9.eyJSb2xlIjpbeyJhdXRob3JpdHkiOiJtYW5hZ2VtZW50OmNyZWF0ZSJ9LHsiYXV0aG9yaXR5IjoibWFuYWdlbWVudDpkZWxldGUifSx7ImF1dGhvcml0eSI6ImFkbWluOnVwZGF0ZSJ9LHsiYXV0aG9yaXR5IjoiYWRtaW46cmVhZCJ9LHsiYXV0aG9yaXR5IjoibWFuYWdlbWVudDp1cGRhdGUifSx7ImF1dGhvcml0eSI6ImFkbWluOmRlbGV0ZSJ9LHsiYXV0aG9yaXR5IjoibWFuYWdlbWVudDpyZWFkIn0seyJhdXRob3JpdHkiOiJhZG1pbjpjcmVhdGUifSx7ImF1dGhvcml0eSI6IlJPTEVfQURNSU4ifV0sInN1YiI6ImFkbWluIiwiaWF0IjoxNjkzMjM1ODE1LCJleHAiOjE2OTMyMzU4NDV9.58Mdv-ChPXi406IsVHx3JF5vWdyZshZhjXWUtrQt-Jk','BEARER',_binary '',_binary '',19),(264,'eyJhbGciOiJIUzI1NiJ9.eyJSb2xlIjpbeyJhdXRob3JpdHkiOiJtYW5hZ2VtZW50OmNyZWF0ZSJ9LHsiYXV0aG9yaXR5IjoibWFuYWdlbWVudDpkZWxldGUifSx7ImF1dGhvcml0eSI6ImFkbWluOnVwZGF0ZSJ9LHsiYXV0aG9yaXR5IjoiYWRtaW46cmVhZCJ9LHsiYXV0aG9yaXR5IjoibWFuYWdlbWVudDp1cGRhdGUifSx7ImF1dGhvcml0eSI6ImFkbWluOmRlbGV0ZSJ9LHsiYXV0aG9yaXR5IjoibWFuYWdlbWVudDpyZWFkIn0seyJhdXRob3JpdHkiOiJhZG1pbjpjcmVhdGUifSx7ImF1dGhvcml0eSI6IlJPTEVfQURNSU4ifV0sInN1YiI6ImFkbWluIiwiaWF0IjoxNjkzMjM1ODIwLCJleHAiOjE2OTMyMzU4NTB9.mHRC280TAgctYWIRwJed0vqdBtyYb5OlowWZ8-OfDcA','BEARER',_binary '',_binary '',19),(265,'eyJhbGciOiJIUzI1NiJ9.eyJSb2xlIjpbeyJhdXRob3JpdHkiOiJhZG1pbjp1cGRhdGUifSx7ImF1dGhvcml0eSI6ImFkbWluOnJlYWQifSx7ImF1dGhvcml0eSI6Im1hbmFnZW1lbnQ6dXBkYXRlIn0seyJhdXRob3JpdHkiOiJhZG1pbjpkZWxldGUifSx7ImF1dGhvcml0eSI6Im1hbmFnZW1lbnQ6cmVhZCJ9LHsiYXV0aG9yaXR5IjoiYWRtaW46Y3JlYXRlIn0seyJhdXRob3JpdHkiOiJtYW5hZ2VtZW50OmNyZWF0ZSJ9LHsiYXV0aG9yaXR5IjoibWFuYWdlbWVudDpkZWxldGUifSx7ImF1dGhvcml0eSI6IlJPTEVfQURNSU4ifV0sInN1YiI6ImFkbWluIiwiaWF0IjoxNjkzMjM4MDQ5LCJleHAiOjE2OTMyMzgwNzl9._gNdAZM3u9o3SqvgoXXwr3ckEvUsxR4mWFhiFTO1BJo','BEARER',_binary '',_binary '',19),(266,'eyJhbGciOiJIUzI1NiJ9.eyJSb2xlIjpbeyJhdXRob3JpdHkiOiJhZG1pbjp1cGRhdGUifSx7ImF1dGhvcml0eSI6ImFkbWluOnJlYWQifSx7ImF1dGhvcml0eSI6Im1hbmFnZW1lbnQ6dXBkYXRlIn0seyJhdXRob3JpdHkiOiJhZG1pbjpkZWxldGUifSx7ImF1dGhvcml0eSI6Im1hbmFnZW1lbnQ6cmVhZCJ9LHsiYXV0aG9yaXR5IjoiYWRtaW46Y3JlYXRlIn0seyJhdXRob3JpdHkiOiJtYW5hZ2VtZW50OmNyZWF0ZSJ9LHsiYXV0aG9yaXR5IjoibWFuYWdlbWVudDpkZWxldGUifSx7ImF1dGhvcml0eSI6IlJPTEVfQURNSU4ifV0sInN1YiI6ImFkbWluIiwiaWF0IjoxNjkzMjM4MzQ5LCJleHAiOjE2OTMyMzgzNzl9.fI9cEQHleAEjChAb0vfhNj15nisbO7mEZOfmsCMHC4g','BEARER',_binary '',_binary '',19),(267,'eyJhbGciOiJIUzI1NiJ9.eyJSb2xlIjpbeyJhdXRob3JpdHkiOiJhZG1pbjp1cGRhdGUifSx7ImF1dGhvcml0eSI6ImFkbWluOnJlYWQifSx7ImF1dGhvcml0eSI6Im1hbmFnZW1lbnQ6dXBkYXRlIn0seyJhdXRob3JpdHkiOiJhZG1pbjpkZWxldGUifSx7ImF1dGhvcml0eSI6Im1hbmFnZW1lbnQ6cmVhZCJ9LHsiYXV0aG9yaXR5IjoiYWRtaW46Y3JlYXRlIn0seyJhdXRob3JpdHkiOiJtYW5hZ2VtZW50OmNyZWF0ZSJ9LHsiYXV0aG9yaXR5IjoibWFuYWdlbWVudDpkZWxldGUifSx7ImF1dGhvcml0eSI6IlJPTEVfQURNSU4ifV0sInN1YiI6ImFkbWluIiwiaWF0IjoxNjkzMjM4MzY1LCJleHAiOjE2OTMyMzgzOTV9.ItCMKWAaXGu290amoba-Ct-8IyTdkJDifxAONnywGzI','BEARER',_binary '',_binary '',19),(268,'eyJhbGciOiJIUzI1NiJ9.eyJSb2xlIjpbeyJhdXRob3JpdHkiOiJhZG1pbjp1cGRhdGUifSx7ImF1dGhvcml0eSI6ImFkbWluOnJlYWQifSx7ImF1dGhvcml0eSI6Im1hbmFnZW1lbnQ6dXBkYXRlIn0seyJhdXRob3JpdHkiOiJhZG1pbjpkZWxldGUifSx7ImF1dGhvcml0eSI6Im1hbmFnZW1lbnQ6cmVhZCJ9LHsiYXV0aG9yaXR5IjoiYWRtaW46Y3JlYXRlIn0seyJhdXRob3JpdHkiOiJtYW5hZ2VtZW50OmNyZWF0ZSJ9LHsiYXV0aG9yaXR5IjoibWFuYWdlbWVudDpkZWxldGUifSx7ImF1dGhvcml0eSI6IlJPTEVfQURNSU4ifV0sInN1YiI6ImFkbWluIiwiaWF0IjoxNjkzMjM4NjY1LCJleHAiOjE2OTMyMzg2OTV9.ioANKZ9SgKgKyKXYIEYeMjvuogTRQ3PNdIsd2x2ygRA','BEARER',_binary '',_binary '',19),(269,'eyJhbGciOiJIUzI1NiJ9.eyJSb2xlIjpbeyJhdXRob3JpdHkiOiJhZG1pbjp1cGRhdGUifSx7ImF1dGhvcml0eSI6ImFkbWluOnJlYWQifSx7ImF1dGhvcml0eSI6Im1hbmFnZW1lbnQ6dXBkYXRlIn0seyJhdXRob3JpdHkiOiJhZG1pbjpkZWxldGUifSx7ImF1dGhvcml0eSI6Im1hbmFnZW1lbnQ6cmVhZCJ9LHsiYXV0aG9yaXR5IjoiYWRtaW46Y3JlYXRlIn0seyJhdXRob3JpdHkiOiJtYW5hZ2VtZW50OmNyZWF0ZSJ9LHsiYXV0aG9yaXR5IjoibWFuYWdlbWVudDpkZWxldGUifSx7ImF1dGhvcml0eSI6IlJPTEVfQURNSU4ifV0sInN1YiI6ImFkbWluIiwiaWF0IjoxNjkzMjM4NjY4LCJleHAiOjE2OTMyMzg2OTh9.oxdH4R4ReJCsRn1krTIo7xY5doDBM35M9H-X-gldBsk','BEARER',_binary '',_binary '',19),(270,'eyJhbGciOiJIUzI1NiJ9.eyJSb2xlIjpbeyJhdXRob3JpdHkiOiJhZG1pbjp1cGRhdGUifSx7ImF1dGhvcml0eSI6ImFkbWluOnJlYWQifSx7ImF1dGhvcml0eSI6Im1hbmFnZW1lbnQ6dXBkYXRlIn0seyJhdXRob3JpdHkiOiJhZG1pbjpkZWxldGUifSx7ImF1dGhvcml0eSI6Im1hbmFnZW1lbnQ6cmVhZCJ9LHsiYXV0aG9yaXR5IjoiYWRtaW46Y3JlYXRlIn0seyJhdXRob3JpdHkiOiJtYW5hZ2VtZW50OmNyZWF0ZSJ9LHsiYXV0aG9yaXR5IjoibWFuYWdlbWVudDpkZWxldGUifSx7ImF1dGhvcml0eSI6IlJPTEVfQURNSU4ifV0sInN1YiI6ImFkbWluIiwiaWF0IjoxNjkzMjM4ODY0LCJleHAiOjE2OTMyMzg4OTR9.o_oXaK5462Vzxi61pM_bK7IQP8ATOQikgGk_JOmXi_g','BEARER',_binary '',_binary '',19),(271,'eyJhbGciOiJIUzI1NiJ9.eyJSb2xlIjpbeyJhdXRob3JpdHkiOiJST0xFX1VTRVIifV0sInN1YiI6InQiLCJpYXQiOjE2OTMyMzk1MDgsImV4cCI6MTY5MzIzOTUzOH0.a_90Glzw7kilNCkWvK7hX1lMS9ueNN78Rq22joQnSbQ','BEARER',_binary '',_binary '',24),(272,'eyJhbGciOiJIUzI1NiJ9.eyJSb2xlIjpbeyJhdXRob3JpdHkiOiJhZG1pbjp1cGRhdGUifSx7ImF1dGhvcml0eSI6ImFkbWluOnJlYWQifSx7ImF1dGhvcml0eSI6Im1hbmFnZW1lbnQ6dXBkYXRlIn0seyJhdXRob3JpdHkiOiJhZG1pbjpkZWxldGUifSx7ImF1dGhvcml0eSI6Im1hbmFnZW1lbnQ6cmVhZCJ9LHsiYXV0aG9yaXR5IjoiYWRtaW46Y3JlYXRlIn0seyJhdXRob3JpdHkiOiJtYW5hZ2VtZW50OmNyZWF0ZSJ9LHsiYXV0aG9yaXR5IjoibWFuYWdlbWVudDpkZWxldGUifSx7ImF1dGhvcml0eSI6IlJPTEVfQURNSU4ifV0sInN1YiI6ImFkbWluIiwiaWF0IjoxNjkzMjM5NTE0LCJleHAiOjE2OTMyMzk1NDR9.BPfHfkkRvUlOhEHc7DTCPk9K9bslGWQoWo9b2jX2w_Y','BEARER',_binary '',_binary '',19),(273,'eyJhbGciOiJIUzI1NiJ9.eyJSb2xlIjpbeyJhdXRob3JpdHkiOiJST0xFX1VTRVIifV0sInN1YiI6InQiLCJpYXQiOjE2OTMyMzk1MjUsImV4cCI6MTY5MzIzOTU1NX0.AJjGqCsLEoxX8uEc3uct7Kd_l2KQuJwYRKrtgC0V2HE','BEARER',_binary '',_binary '',24),(274,'eyJhbGciOiJIUzI1NiJ9.eyJSb2xlIjpbeyJhdXRob3JpdHkiOiJST0xFX1VTRVIifV0sInN1YiI6InQiLCJpYXQiOjE2OTMyMzk1MjksImV4cCI6MTY5MzIzOTU1OX0.s3FzFfbYSgEoqa9cTd8KcDpY6Yl76gBERbjj3qDOD_0','BEARER',_binary '',_binary '',24),(275,'eyJhbGciOiJIUzI1NiJ9.eyJSb2xlIjpbeyJhdXRob3JpdHkiOiJhZG1pbjp1cGRhdGUifSx7ImF1dGhvcml0eSI6ImFkbWluOnJlYWQifSx7ImF1dGhvcml0eSI6Im1hbmFnZW1lbnQ6dXBkYXRlIn0seyJhdXRob3JpdHkiOiJhZG1pbjpkZWxldGUifSx7ImF1dGhvcml0eSI6Im1hbmFnZW1lbnQ6cmVhZCJ9LHsiYXV0aG9yaXR5IjoiYWRtaW46Y3JlYXRlIn0seyJhdXRob3JpdHkiOiJtYW5hZ2VtZW50OmNyZWF0ZSJ9LHsiYXV0aG9yaXR5IjoibWFuYWdlbWVudDpkZWxldGUifSx7ImF1dGhvcml0eSI6IlJPTEVfQURNSU4ifV0sInN1YiI6ImFkbWluIiwiaWF0IjoxNjkzMjM5NzE3LCJleHAiOjE2OTMyMzk3NDd9.2wRBJi_YP_MuFgHSdQKAvq6R-Zhg4mYiXCLK3yAr4l0','BEARER',_binary '',_binary '',19),(276,'eyJhbGciOiJIUzI1NiJ9.eyJSb2xlIjpbeyJhdXRob3JpdHkiOiJhZG1pbjp1cGRhdGUifSx7ImF1dGhvcml0eSI6ImFkbWluOnJlYWQifSx7ImF1dGhvcml0eSI6Im1hbmFnZW1lbnQ6dXBkYXRlIn0seyJhdXRob3JpdHkiOiJhZG1pbjpkZWxldGUifSx7ImF1dGhvcml0eSI6Im1hbmFnZW1lbnQ6cmVhZCJ9LHsiYXV0aG9yaXR5IjoiYWRtaW46Y3JlYXRlIn0seyJhdXRob3JpdHkiOiJtYW5hZ2VtZW50OmNyZWF0ZSJ9LHsiYXV0aG9yaXR5IjoibWFuYWdlbWVudDpkZWxldGUifSx7ImF1dGhvcml0eSI6IlJPTEVfQURNSU4ifV0sInN1YiI6ImFkbWluIiwiaWF0IjoxNjkzMjQwMDMyLCJleHAiOjE2OTMyNDAwNjJ9.ry7-A_lTn5tSmzVIsmjTP7Pi-a8paap60CPip4eAMYY','BEARER',_binary '',_binary '',19),(277,'eyJhbGciOiJIUzI1NiJ9.eyJSb2xlIjpbeyJhdXRob3JpdHkiOiJhZG1pbjp1cGRhdGUifSx7ImF1dGhvcml0eSI6ImFkbWluOnJlYWQifSx7ImF1dGhvcml0eSI6Im1hbmFnZW1lbnQ6dXBkYXRlIn0seyJhdXRob3JpdHkiOiJhZG1pbjpkZWxldGUifSx7ImF1dGhvcml0eSI6Im1hbmFnZW1lbnQ6cmVhZCJ9LHsiYXV0aG9yaXR5IjoiYWRtaW46Y3JlYXRlIn0seyJhdXRob3JpdHkiOiJtYW5hZ2VtZW50OmNyZWF0ZSJ9LHsiYXV0aG9yaXR5IjoibWFuYWdlbWVudDpkZWxldGUifSx7ImF1dGhvcml0eSI6IlJPTEVfQURNSU4ifV0sInN1YiI6ImFkbWluIiwiaWF0IjoxNjkzMjQwMDM2LCJleHAiOjE2OTMyNDAwNjZ9.j4zh1DfOi1Wl8yaFgWa_iR3eeU7u6MiiOYXENzIk_Wo','BEARER',_binary '',_binary '',19),(278,'eyJhbGciOiJIUzI1NiJ9.eyJSb2xlIjpbeyJhdXRob3JpdHkiOiJhZG1pbjp1cGRhdGUifSx7ImF1dGhvcml0eSI6ImFkbWluOnJlYWQifSx7ImF1dGhvcml0eSI6Im1hbmFnZW1lbnQ6dXBkYXRlIn0seyJhdXRob3JpdHkiOiJhZG1pbjpkZWxldGUifSx7ImF1dGhvcml0eSI6Im1hbmFnZW1lbnQ6cmVhZCJ9LHsiYXV0aG9yaXR5IjoiYWRtaW46Y3JlYXRlIn0seyJhdXRob3JpdHkiOiJtYW5hZ2VtZW50OmNyZWF0ZSJ9LHsiYXV0aG9yaXR5IjoibWFuYWdlbWVudDpkZWxldGUifSx7ImF1dGhvcml0eSI6IlJPTEVfQURNSU4ifV0sInN1YiI6ImFkbWluIiwiaWF0IjoxNjkzMjQwMzgxLCJleHAiOjE2OTMyNDA0MTF9.6y_RVQhru1XgBjiteghD6zFp9z4-wfKGWC6EQvADgH0','BEARER',_binary '',_binary '',19),(279,'eyJhbGciOiJIUzI1NiJ9.eyJSb2xlIjpbeyJhdXRob3JpdHkiOiJhZG1pbjp1cGRhdGUifSx7ImF1dGhvcml0eSI6ImFkbWluOnJlYWQifSx7ImF1dGhvcml0eSI6Im1hbmFnZW1lbnQ6dXBkYXRlIn0seyJhdXRob3JpdHkiOiJhZG1pbjpkZWxldGUifSx7ImF1dGhvcml0eSI6Im1hbmFnZW1lbnQ6cmVhZCJ9LHsiYXV0aG9yaXR5IjoiYWRtaW46Y3JlYXRlIn0seyJhdXRob3JpdHkiOiJtYW5hZ2VtZW50OmNyZWF0ZSJ9LHsiYXV0aG9yaXR5IjoibWFuYWdlbWVudDpkZWxldGUifSx7ImF1dGhvcml0eSI6IlJPTEVfQURNSU4ifV0sInN1YiI6ImFkbWluIiwiaWF0IjoxNjkzMjc1OTkzLCJleHAiOjE2OTMyNzYwMjN9.pKGE8vBDL7nGIXNvKB8e9IUTV0yFvObvbaXz97MbFMA','BEARER',_binary '',_binary '',19),(280,'eyJhbGciOiJIUzI1NiJ9.eyJSb2xlIjpbeyJhdXRob3JpdHkiOiJhZG1pbjp1cGRhdGUifSx7ImF1dGhvcml0eSI6ImFkbWluOnJlYWQifSx7ImF1dGhvcml0eSI6Im1hbmFnZW1lbnQ6dXBkYXRlIn0seyJhdXRob3JpdHkiOiJhZG1pbjpkZWxldGUifSx7ImF1dGhvcml0eSI6Im1hbmFnZW1lbnQ6cmVhZCJ9LHsiYXV0aG9yaXR5IjoiYWRtaW46Y3JlYXRlIn0seyJhdXRob3JpdHkiOiJtYW5hZ2VtZW50OmNyZWF0ZSJ9LHsiYXV0aG9yaXR5IjoibWFuYWdlbWVudDpkZWxldGUifSx7ImF1dGhvcml0eSI6IlJPTEVfQURNSU4ifV0sInN1YiI6ImFkbWluIiwiaWF0IjoxNjkzMjc2MTUxLCJleHAiOjE2OTMyNzYxODF9.WiGUi7RGHxjP0Vcu3re-uxAcL7d6zPfJQ89ashEsdaY','BEARER',_binary '',_binary '',19),(281,'eyJhbGciOiJIUzI1NiJ9.eyJSb2xlIjpbeyJhdXRob3JpdHkiOiJhZG1pbjp1cGRhdGUifSx7ImF1dGhvcml0eSI6ImFkbWluOnJlYWQifSx7ImF1dGhvcml0eSI6Im1hbmFnZW1lbnQ6dXBkYXRlIn0seyJhdXRob3JpdHkiOiJhZG1pbjpkZWxldGUifSx7ImF1dGhvcml0eSI6Im1hbmFnZW1lbnQ6cmVhZCJ9LHsiYXV0aG9yaXR5IjoiYWRtaW46Y3JlYXRlIn0seyJhdXRob3JpdHkiOiJtYW5hZ2VtZW50OmNyZWF0ZSJ9LHsiYXV0aG9yaXR5IjoibWFuYWdlbWVudDpkZWxldGUifSx7ImF1dGhvcml0eSI6IlJPTEVfQURNSU4ifV0sInN1YiI6ImFkbWluIiwiaWF0IjoxNjkzMjc2MjQ0LCJleHAiOjE2OTMyNzYyNzR9.CuFDHTpXF5wZT4R6yOVicaZ495xjw5vYtCRTBlZywV0','BEARER',_binary '',_binary '',19),(282,'eyJhbGciOiJIUzI1NiJ9.eyJSb2xlIjpbeyJhdXRob3JpdHkiOiJhZG1pbjp1cGRhdGUifSx7ImF1dGhvcml0eSI6ImFkbWluOnJlYWQifSx7ImF1dGhvcml0eSI6Im1hbmFnZW1lbnQ6dXBkYXRlIn0seyJhdXRob3JpdHkiOiJhZG1pbjpkZWxldGUifSx7ImF1dGhvcml0eSI6Im1hbmFnZW1lbnQ6cmVhZCJ9LHsiYXV0aG9yaXR5IjoiYWRtaW46Y3JlYXRlIn0seyJhdXRob3JpdHkiOiJtYW5hZ2VtZW50OmNyZWF0ZSJ9LHsiYXV0aG9yaXR5IjoibWFuYWdlbWVudDpkZWxldGUifSx7ImF1dGhvcml0eSI6IlJPTEVfQURNSU4ifV0sInN1YiI6ImFkbWluIiwiaWF0IjoxNjkzMjc2NDA0LCJleHAiOjE2OTMyNzY0MzR9.y0ubxp6K8d-riLU3Db-2fVx6dV6vb15xjL6qw_fA_j8','BEARER',_binary '',_binary '',19),(283,'eyJhbGciOiJIUzI1NiJ9.eyJSb2xlIjpbeyJhdXRob3JpdHkiOiJhZG1pbjp1cGRhdGUifSx7ImF1dGhvcml0eSI6ImFkbWluOnJlYWQifSx7ImF1dGhvcml0eSI6Im1hbmFnZW1lbnQ6dXBkYXRlIn0seyJhdXRob3JpdHkiOiJhZG1pbjpkZWxldGUifSx7ImF1dGhvcml0eSI6Im1hbmFnZW1lbnQ6cmVhZCJ9LHsiYXV0aG9yaXR5IjoiYWRtaW46Y3JlYXRlIn0seyJhdXRob3JpdHkiOiJtYW5hZ2VtZW50OmNyZWF0ZSJ9LHsiYXV0aG9yaXR5IjoibWFuYWdlbWVudDpkZWxldGUifSx7ImF1dGhvcml0eSI6IlJPTEVfQURNSU4ifV0sInN1YiI6ImFkbWluIiwiaWF0IjoxNjkzMjc2NTY1LCJleHAiOjE2OTMyNzY1OTV9.ky4Va9c3PR3gkZ9tkFQ0XGZDlTgcQWgJ0nc1kTpSfxo','BEARER',_binary '',_binary '',19),(284,'eyJhbGciOiJIUzI1NiJ9.eyJSb2xlIjpbeyJhdXRob3JpdHkiOiJhZG1pbjp1cGRhdGUifSx7ImF1dGhvcml0eSI6ImFkbWluOnJlYWQifSx7ImF1dGhvcml0eSI6Im1hbmFnZW1lbnQ6dXBkYXRlIn0seyJhdXRob3JpdHkiOiJhZG1pbjpkZWxldGUifSx7ImF1dGhvcml0eSI6Im1hbmFnZW1lbnQ6cmVhZCJ9LHsiYXV0aG9yaXR5IjoiYWRtaW46Y3JlYXRlIn0seyJhdXRob3JpdHkiOiJtYW5hZ2VtZW50OmNyZWF0ZSJ9LHsiYXV0aG9yaXR5IjoibWFuYWdlbWVudDpkZWxldGUifSx7ImF1dGhvcml0eSI6IlJPTEVfQURNSU4ifV0sInN1YiI6ImFkbWluIiwiaWF0IjoxNjkzMjc2ODM4LCJleHAiOjE2OTMyNzY4Njh9.5mVVx52r4Mima9fsjQA1YQddzOfyojH7rHBRzJorznU','BEARER',_binary '',_binary '',19),(285,'eyJhbGciOiJIUzI1NiJ9.eyJSb2xlIjpbeyJhdXRob3JpdHkiOiJhZG1pbjp1cGRhdGUifSx7ImF1dGhvcml0eSI6ImFkbWluOnJlYWQifSx7ImF1dGhvcml0eSI6Im1hbmFnZW1lbnQ6dXBkYXRlIn0seyJhdXRob3JpdHkiOiJhZG1pbjpkZWxldGUifSx7ImF1dGhvcml0eSI6Im1hbmFnZW1lbnQ6cmVhZCJ9LHsiYXV0aG9yaXR5IjoiYWRtaW46Y3JlYXRlIn0seyJhdXRob3JpdHkiOiJtYW5hZ2VtZW50OmNyZWF0ZSJ9LHsiYXV0aG9yaXR5IjoibWFuYWdlbWVudDpkZWxldGUifSx7ImF1dGhvcml0eSI6IlJPTEVfQURNSU4ifV0sInN1YiI6ImFkbWluIiwiaWF0IjoxNjkzMjc4MTAwLCJleHAiOjE2OTMyNzgxMzB9.JfRURWCs6KUMow_kiY8RXvMfOxww2cheqAVg9ftI6aw','BEARER',_binary '',_binary '',19),(286,'eyJhbGciOiJIUzI1NiJ9.eyJSb2xlIjpbeyJhdXRob3JpdHkiOiJhZG1pbjp1cGRhdGUifSx7ImF1dGhvcml0eSI6ImFkbWluOnJlYWQifSx7ImF1dGhvcml0eSI6Im1hbmFnZW1lbnQ6dXBkYXRlIn0seyJhdXRob3JpdHkiOiJhZG1pbjpkZWxldGUifSx7ImF1dGhvcml0eSI6Im1hbmFnZW1lbnQ6cmVhZCJ9LHsiYXV0aG9yaXR5IjoiYWRtaW46Y3JlYXRlIn0seyJhdXRob3JpdHkiOiJtYW5hZ2VtZW50OmNyZWF0ZSJ9LHsiYXV0aG9yaXR5IjoibWFuYWdlbWVudDpkZWxldGUifSx7ImF1dGhvcml0eSI6IlJPTEVfQURNSU4ifV0sInN1YiI6ImFkbWluIiwiaWF0IjoxNjkzMjc4NDI1LCJleHAiOjE2OTMyNzg0NTV9.o4kBEF0KSfWoxFIlXiGNlrOLF7TA5VNdBc7bYxldkQM','BEARER',_binary '',_binary '',19),(287,'eyJhbGciOiJIUzI1NiJ9.eyJSb2xlIjpbeyJhdXRob3JpdHkiOiJhZG1pbjp1cGRhdGUifSx7ImF1dGhvcml0eSI6ImFkbWluOnJlYWQifSx7ImF1dGhvcml0eSI6Im1hbmFnZW1lbnQ6dXBkYXRlIn0seyJhdXRob3JpdHkiOiJhZG1pbjpkZWxldGUifSx7ImF1dGhvcml0eSI6Im1hbmFnZW1lbnQ6cmVhZCJ9LHsiYXV0aG9yaXR5IjoiYWRtaW46Y3JlYXRlIn0seyJhdXRob3JpdHkiOiJtYW5hZ2VtZW50OmNyZWF0ZSJ9LHsiYXV0aG9yaXR5IjoibWFuYWdlbWVudDpkZWxldGUifSx7ImF1dGhvcml0eSI6IlJPTEVfQURNSU4ifV0sInN1YiI6ImFkbWluIiwiaWF0IjoxNjkzMjc4ODI3LCJleHAiOjE2OTMyNzg4NTd9.adv2R2U2zld_8fhK7l4W3k45dNkcB649hWZtoySKOzA','BEARER',_binary '',_binary '',19),(288,'eyJhbGciOiJIUzI1NiJ9.eyJSb2xlIjpbeyJhdXRob3JpdHkiOiJhZG1pbjp1cGRhdGUifSx7ImF1dGhvcml0eSI6ImFkbWluOnJlYWQifSx7ImF1dGhvcml0eSI6Im1hbmFnZW1lbnQ6dXBkYXRlIn0seyJhdXRob3JpdHkiOiJhZG1pbjpkZWxldGUifSx7ImF1dGhvcml0eSI6Im1hbmFnZW1lbnQ6cmVhZCJ9LHsiYXV0aG9yaXR5IjoiYWRtaW46Y3JlYXRlIn0seyJhdXRob3JpdHkiOiJtYW5hZ2VtZW50OmNyZWF0ZSJ9LHsiYXV0aG9yaXR5IjoibWFuYWdlbWVudDpkZWxldGUifSx7ImF1dGhvcml0eSI6IlJPTEVfQURNSU4ifV0sInN1YiI6ImFkbWluIiwiaWF0IjoxNjkzMjc5MDA1LCJleHAiOjE2OTMyNzkwMzV9.Nfc-A8QPOedSDeKALS8eYZYwRxhNZPmasi6c8ZgnN-0','BEARER',_binary '',_binary '',19),(289,'eyJhbGciOiJIUzI1NiJ9.eyJSb2xlIjpbeyJhdXRob3JpdHkiOiJhZG1pbjp1cGRhdGUifSx7ImF1dGhvcml0eSI6ImFkbWluOnJlYWQifSx7ImF1dGhvcml0eSI6Im1hbmFnZW1lbnQ6dXBkYXRlIn0seyJhdXRob3JpdHkiOiJhZG1pbjpkZWxldGUifSx7ImF1dGhvcml0eSI6Im1hbmFnZW1lbnQ6cmVhZCJ9LHsiYXV0aG9yaXR5IjoiYWRtaW46Y3JlYXRlIn0seyJhdXRob3JpdHkiOiJtYW5hZ2VtZW50OmNyZWF0ZSJ9LHsiYXV0aG9yaXR5IjoibWFuYWdlbWVudDpkZWxldGUifSx7ImF1dGhvcml0eSI6IlJPTEVfQURNSU4ifV0sInN1YiI6ImFkbWluIiwiaWF0IjoxNjkzMjc5NjQyLCJleHAiOjE2OTMyNzk2NzJ9.jrYBdy9bnYb1AhkRczkk3tVy7QtaZvF6aTmHmtWsCCQ','BEARER',_binary '',_binary '',19),(290,'eyJhbGciOiJIUzI1NiJ9.eyJSb2xlIjpbeyJhdXRob3JpdHkiOiJtYW5hZ2VtZW50OnJlYWQifSx7ImF1dGhvcml0eSI6ImFkbWluOmRlbGV0ZSJ9LHsiYXV0aG9yaXR5IjoibWFuYWdlbWVudDp1cGRhdGUifSx7ImF1dGhvcml0eSI6ImFkbWluOnJlYWQifSx7ImF1dGhvcml0eSI6ImFkbWluOnVwZGF0ZSJ9LHsiYXV0aG9yaXR5IjoibWFuYWdlbWVudDpkZWxldGUifSx7ImF1dGhvcml0eSI6Im1hbmFnZW1lbnQ6Y3JlYXRlIn0seyJhdXRob3JpdHkiOiJhZG1pbjpjcmVhdGUifSx7ImF1dGhvcml0eSI6IlJPTEVfQURNSU4ifV0sInN1YiI6ImFkbWluIiwiaWF0IjoxNjkzMjc5ODgyLCJleHAiOjE2OTMyODAxODJ9.IEYE0lSqlSLaW6xBVdl1-TVn5kCZb0Aq8SEOmK_7sPQ','BEARER',_binary '',_binary '',19),(291,'eyJhbGciOiJIUzI1NiJ9.eyJSb2xlIjpbeyJhdXRob3JpdHkiOiJhZG1pbjp1cGRhdGUifSx7ImF1dGhvcml0eSI6Im1hbmFnZW1lbnQ6dXBkYXRlIn0seyJhdXRob3JpdHkiOiJtYW5hZ2VtZW50OnJlYWQifSx7ImF1dGhvcml0eSI6ImFkbWluOmRlbGV0ZSJ9LHsiYXV0aG9yaXR5IjoiYWRtaW46cmVhZCJ9LHsiYXV0aG9yaXR5IjoibWFuYWdlbWVudDpjcmVhdGUifSx7ImF1dGhvcml0eSI6ImFkbWluOmNyZWF0ZSJ9LHsiYXV0aG9yaXR5IjoibWFuYWdlbWVudDpkZWxldGUifSx7ImF1dGhvcml0eSI6IlJPTEVfQURNSU4ifV0sInN1YiI6ImFkbWluIiwiaWF0IjoxNjkzMjgyMDAyLCJleHAiOjE2OTMyODIwMzJ9.FpaYXF_AWzJEYzC8y57g3iE483L6dLUk1A5Q7Zu3ZeM','BEARER',_binary '',_binary '',19),(292,'eyJhbGciOiJIUzI1NiJ9.eyJSb2xlIjpbeyJhdXRob3JpdHkiOiJhZG1pbjp1cGRhdGUifSx7ImF1dGhvcml0eSI6Im1hbmFnZW1lbnQ6dXBkYXRlIn0seyJhdXRob3JpdHkiOiJtYW5hZ2VtZW50OnJlYWQifSx7ImF1dGhvcml0eSI6ImFkbWluOmRlbGV0ZSJ9LHsiYXV0aG9yaXR5IjoiYWRtaW46cmVhZCJ9LHsiYXV0aG9yaXR5IjoibWFuYWdlbWVudDpjcmVhdGUifSx7ImF1dGhvcml0eSI6ImFkbWluOmNyZWF0ZSJ9LHsiYXV0aG9yaXR5IjoibWFuYWdlbWVudDpkZWxldGUifSx7ImF1dGhvcml0eSI6IlJPTEVfQURNSU4ifV0sInN1YiI6ImFkbWluIiwiaWF0IjoxNjkzMjgyMDE2LCJleHAiOjE2OTMyODIwNDZ9.wzc9ctUorZmHmIq_jkQiWdXhuYY-wKsCrnkaUbnhpXc','BEARER',_binary '',_binary '',19),(293,'eyJhbGciOiJIUzI1NiJ9.eyJSb2xlIjpbeyJhdXRob3JpdHkiOiJhZG1pbjp1cGRhdGUifSx7ImF1dGhvcml0eSI6Im1hbmFnZW1lbnQ6dXBkYXRlIn0seyJhdXRob3JpdHkiOiJtYW5hZ2VtZW50OnJlYWQifSx7ImF1dGhvcml0eSI6ImFkbWluOmRlbGV0ZSJ9LHsiYXV0aG9yaXR5IjoiYWRtaW46cmVhZCJ9LHsiYXV0aG9yaXR5IjoibWFuYWdlbWVudDpjcmVhdGUifSx7ImF1dGhvcml0eSI6ImFkbWluOmNyZWF0ZSJ9LHsiYXV0aG9yaXR5IjoibWFuYWdlbWVudDpkZWxldGUifSx7ImF1dGhvcml0eSI6IlJPTEVfQURNSU4ifV0sInN1YiI6ImFkbWluIiwiaWF0IjoxNjkzMjgyNjQ5LCJleHAiOjE2OTMyODI2Nzl9.KRfvJ6GQmZ9ln4Ht59pjFoLiOm0P_petFRbRd1AbV2s','BEARER',_binary '',_binary '',19),(294,'eyJhbGciOiJIUzI1NiJ9.eyJSb2xlIjpbeyJhdXRob3JpdHkiOiJhZG1pbjp1cGRhdGUifSx7ImF1dGhvcml0eSI6Im1hbmFnZW1lbnQ6dXBkYXRlIn0seyJhdXRob3JpdHkiOiJtYW5hZ2VtZW50OnJlYWQifSx7ImF1dGhvcml0eSI6ImFkbWluOmRlbGV0ZSJ9LHsiYXV0aG9yaXR5IjoiYWRtaW46cmVhZCJ9LHsiYXV0aG9yaXR5IjoibWFuYWdlbWVudDpjcmVhdGUifSx7ImF1dGhvcml0eSI6ImFkbWluOmNyZWF0ZSJ9LHsiYXV0aG9yaXR5IjoibWFuYWdlbWVudDpkZWxldGUifSx7ImF1dGhvcml0eSI6IlJPTEVfQURNSU4ifV0sInN1YiI6ImFkbWluIiwiaWF0IjoxNjkzMjgzMzg4LCJleHAiOjE2OTMyODM0MTh9.SvbhzhaasGYdQNVAhdHuOSEYYdPrQ7WF7Ct1Zd2N0os','BEARER',_binary '',_binary '',19),(295,'eyJhbGciOiJIUzI1NiJ9.eyJSb2xlIjpbeyJhdXRob3JpdHkiOiJhZG1pbjp1cGRhdGUifSx7ImF1dGhvcml0eSI6Im1hbmFnZW1lbnQ6dXBkYXRlIn0seyJhdXRob3JpdHkiOiJtYW5hZ2VtZW50OnJlYWQifSx7ImF1dGhvcml0eSI6ImFkbWluOmRlbGV0ZSJ9LHsiYXV0aG9yaXR5IjoiYWRtaW46cmVhZCJ9LHsiYXV0aG9yaXR5IjoibWFuYWdlbWVudDpjcmVhdGUifSx7ImF1dGhvcml0eSI6ImFkbWluOmNyZWF0ZSJ9LHsiYXV0aG9yaXR5IjoibWFuYWdlbWVudDpkZWxldGUifSx7ImF1dGhvcml0eSI6IlJPTEVfQURNSU4ifV0sInN1YiI6ImFkbWluIiwiaWF0IjoxNjkzMjgzNDA5LCJleHAiOjE2OTMyODM0Mzl9.osAoFqkvI1s_EW2Grpq5RM_wEZ8eOAz6glUDOZ9VHzM','BEARER',_binary '',_binary '',19),(296,'eyJhbGciOiJIUzI1NiJ9.eyJSb2xlIjpbeyJhdXRob3JpdHkiOiJhZG1pbjp1cGRhdGUifSx7ImF1dGhvcml0eSI6Im1hbmFnZW1lbnQ6dXBkYXRlIn0seyJhdXRob3JpdHkiOiJtYW5hZ2VtZW50OnJlYWQifSx7ImF1dGhvcml0eSI6ImFkbWluOmRlbGV0ZSJ9LHsiYXV0aG9yaXR5IjoiYWRtaW46cmVhZCJ9LHsiYXV0aG9yaXR5IjoibWFuYWdlbWVudDpjcmVhdGUifSx7ImF1dGhvcml0eSI6ImFkbWluOmNyZWF0ZSJ9LHsiYXV0aG9yaXR5IjoibWFuYWdlbWVudDpkZWxldGUifSx7ImF1dGhvcml0eSI6IlJPTEVfQURNSU4ifV0sInN1YiI6ImFkbWluIiwiaWF0IjoxNjkzMjgzNDE1LCJleHAiOjE2OTMyODM0NDV9.TdnP4KuB9lgEH22PcSpwN3PpxgQfYOVuV7f10fB1oOA','BEARER',_binary '',_binary '',19),(297,'eyJhbGciOiJIUzI1NiJ9.eyJSb2xlIjpbeyJhdXRob3JpdHkiOiJhZG1pbjp1cGRhdGUifSx7ImF1dGhvcml0eSI6Im1hbmFnZW1lbnQ6dXBkYXRlIn0seyJhdXRob3JpdHkiOiJtYW5hZ2VtZW50OnJlYWQifSx7ImF1dGhvcml0eSI6ImFkbWluOmRlbGV0ZSJ9LHsiYXV0aG9yaXR5IjoiYWRtaW46cmVhZCJ9LHsiYXV0aG9yaXR5IjoibWFuYWdlbWVudDpjcmVhdGUifSx7ImF1dGhvcml0eSI6ImFkbWluOmNyZWF0ZSJ9LHsiYXV0aG9yaXR5IjoibWFuYWdlbWVudDpkZWxldGUifSx7ImF1dGhvcml0eSI6IlJPTEVfQURNSU4ifV0sInN1YiI6ImFkbWluIiwiaWF0IjoxNjkzMjg0MTEyLCJleHAiOjE2OTMyODQxNDJ9.bDVRGGkNTlK1UuQB7nUnAqU6ucTkh-OHV-XK1qIZLto','BEARER',_binary '',_binary '',19),(298,'eyJhbGciOiJIUzI1NiJ9.eyJSb2xlIjpbeyJhdXRob3JpdHkiOiJhZG1pbjp1cGRhdGUifSx7ImF1dGhvcml0eSI6Im1hbmFnZW1lbnQ6dXBkYXRlIn0seyJhdXRob3JpdHkiOiJtYW5hZ2VtZW50OnJlYWQifSx7ImF1dGhvcml0eSI6ImFkbWluOmRlbGV0ZSJ9LHsiYXV0aG9yaXR5IjoiYWRtaW46cmVhZCJ9LHsiYXV0aG9yaXR5IjoibWFuYWdlbWVudDpjcmVhdGUifSx7ImF1dGhvcml0eSI6ImFkbWluOmNyZWF0ZSJ9LHsiYXV0aG9yaXR5IjoibWFuYWdlbWVudDpkZWxldGUifSx7ImF1dGhvcml0eSI6IlJPTEVfQURNSU4ifV0sInN1YiI6ImFkbWluIiwiaWF0IjoxNjkzMjg0MTMzLCJleHAiOjE2OTMyODQxNjN9.obPGd7sGldu_TL1Lx3BAqVjdJSinw2mG4pmCSBasU3s','BEARER',_binary '',_binary '',19),(299,'eyJhbGciOiJIUzI1NiJ9.eyJSb2xlIjpbeyJhdXRob3JpdHkiOiJhZG1pbjp1cGRhdGUifSx7ImF1dGhvcml0eSI6Im1hbmFnZW1lbnQ6dXBkYXRlIn0seyJhdXRob3JpdHkiOiJtYW5hZ2VtZW50OnJlYWQifSx7ImF1dGhvcml0eSI6ImFkbWluOmRlbGV0ZSJ9LHsiYXV0aG9yaXR5IjoiYWRtaW46cmVhZCJ9LHsiYXV0aG9yaXR5IjoibWFuYWdlbWVudDpjcmVhdGUifSx7ImF1dGhvcml0eSI6ImFkbWluOmNyZWF0ZSJ9LHsiYXV0aG9yaXR5IjoibWFuYWdlbWVudDpkZWxldGUifSx7ImF1dGhvcml0eSI6IlJPTEVfQURNSU4ifV0sInN1YiI6ImFkbWluIiwiaWF0IjoxNjkzMjg0MzM2LCJleHAiOjE2OTMyODQzNjZ9.UU1lURUYCE8tq7QkfKCHTYZtQ36FU7RpE6u08PT8AbU','BEARER',_binary '',_binary '',19),(300,'eyJhbGciOiJIUzI1NiJ9.eyJSb2xlIjpbeyJhdXRob3JpdHkiOiJhZG1pbjp1cGRhdGUifSx7ImF1dGhvcml0eSI6Im1hbmFnZW1lbnQ6dXBkYXRlIn0seyJhdXRob3JpdHkiOiJtYW5hZ2VtZW50OnJlYWQifSx7ImF1dGhvcml0eSI6ImFkbWluOmRlbGV0ZSJ9LHsiYXV0aG9yaXR5IjoiYWRtaW46cmVhZCJ9LHsiYXV0aG9yaXR5IjoibWFuYWdlbWVudDpjcmVhdGUifSx7ImF1dGhvcml0eSI6ImFkbWluOmNyZWF0ZSJ9LHsiYXV0aG9yaXR5IjoibWFuYWdlbWVudDpkZWxldGUifSx7ImF1dGhvcml0eSI6IlJPTEVfQURNSU4ifV0sInN1YiI6ImFkbWluIiwiaWF0IjoxNjkzMjg1MTk0LCJleHAiOjE2OTMyODUyMjR9.1Wd3AMCgffF7ppmmzGkuyUchvDkEdTy8J3S95MiTl4k','BEARER',_binary '',_binary '',19),(301,'eyJhbGciOiJIUzI1NiJ9.eyJSb2xlIjpbeyJhdXRob3JpdHkiOiJhZG1pbjp1cGRhdGUifSx7ImF1dGhvcml0eSI6Im1hbmFnZW1lbnQ6dXBkYXRlIn0seyJhdXRob3JpdHkiOiJtYW5hZ2VtZW50OnJlYWQifSx7ImF1dGhvcml0eSI6ImFkbWluOmRlbGV0ZSJ9LHsiYXV0aG9yaXR5IjoiYWRtaW46cmVhZCJ9LHsiYXV0aG9yaXR5IjoibWFuYWdlbWVudDpjcmVhdGUifSx7ImF1dGhvcml0eSI6ImFkbWluOmNyZWF0ZSJ9LHsiYXV0aG9yaXR5IjoibWFuYWdlbWVudDpkZWxldGUifSx7ImF1dGhvcml0eSI6IlJPTEVfQURNSU4ifV0sInN1YiI6ImFkbWluIiwiaWF0IjoxNjkzMjg2ODE2LCJleHAiOjE2OTMyODY4NDZ9.LXRbTh81EUOhTSVuBX_crF2W-VjfErL_yzxyV-V-Uis','BEARER',_binary '',_binary '',19),(302,'eyJhbGciOiJIUzI1NiJ9.eyJSb2xlIjpbeyJhdXRob3JpdHkiOiJhZG1pbjp1cGRhdGUifSx7ImF1dGhvcml0eSI6Im1hbmFnZW1lbnQ6dXBkYXRlIn0seyJhdXRob3JpdHkiOiJtYW5hZ2VtZW50OnJlYWQifSx7ImF1dGhvcml0eSI6ImFkbWluOmRlbGV0ZSJ9LHsiYXV0aG9yaXR5IjoiYWRtaW46cmVhZCJ9LHsiYXV0aG9yaXR5IjoibWFuYWdlbWVudDpjcmVhdGUifSx7ImF1dGhvcml0eSI6ImFkbWluOmNyZWF0ZSJ9LHsiYXV0aG9yaXR5IjoibWFuYWdlbWVudDpkZWxldGUifSx7ImF1dGhvcml0eSI6IlJPTEVfQURNSU4ifV0sInN1YiI6ImFkbWluIiwiaWF0IjoxNjkzMjg2ODI0LCJleHAiOjE2OTMyODY4NTR9.fPI4wGSQGJ6cQKhVDWjWQ4pQVsK7IZzEMHI6b2Bs3ok','BEARER',_binary '',_binary '',19),(303,'eyJhbGciOiJIUzI1NiJ9.eyJSb2xlIjpbeyJhdXRob3JpdHkiOiJhZG1pbjp1cGRhdGUifSx7ImF1dGhvcml0eSI6Im1hbmFnZW1lbnQ6dXBkYXRlIn0seyJhdXRob3JpdHkiOiJtYW5hZ2VtZW50OnJlYWQifSx7ImF1dGhvcml0eSI6ImFkbWluOmRlbGV0ZSJ9LHsiYXV0aG9yaXR5IjoiYWRtaW46cmVhZCJ9LHsiYXV0aG9yaXR5IjoibWFuYWdlbWVudDpjcmVhdGUifSx7ImF1dGhvcml0eSI6ImFkbWluOmNyZWF0ZSJ9LHsiYXV0aG9yaXR5IjoibWFuYWdlbWVudDpkZWxldGUifSx7ImF1dGhvcml0eSI6IlJPTEVfQURNSU4ifV0sInN1YiI6ImFkbWluIiwiaWF0IjoxNjkzMjg2ODI5LCJleHAiOjE2OTMyODY4NTl9.U1XqZYAnoMcP37fqb5nCAKzNS9GgMlOjbX5xqb9G9M0','BEARER',_binary '',_binary '',19),(304,'eyJhbGciOiJIUzI1NiJ9.eyJSb2xlIjpbeyJhdXRob3JpdHkiOiJhZG1pbjp1cGRhdGUifSx7ImF1dGhvcml0eSI6Im1hbmFnZW1lbnQ6dXBkYXRlIn0seyJhdXRob3JpdHkiOiJtYW5hZ2VtZW50OnJlYWQifSx7ImF1dGhvcml0eSI6ImFkbWluOmRlbGV0ZSJ9LHsiYXV0aG9yaXR5IjoiYWRtaW46cmVhZCJ9LHsiYXV0aG9yaXR5IjoibWFuYWdlbWVudDpjcmVhdGUifSx7ImF1dGhvcml0eSI6ImFkbWluOmNyZWF0ZSJ9LHsiYXV0aG9yaXR5IjoibWFuYWdlbWVudDpkZWxldGUifSx7ImF1dGhvcml0eSI6IlJPTEVfQURNSU4ifV0sInN1YiI6ImFkbWluIiwiaWF0IjoxNjkzMjg2ODM0LCJleHAiOjE2OTMyODY4NjR9.DM2j4gK3qgTiQqYGoPtJZwrTL1QKsiOkIQFLD2ZWFSE','BEARER',_binary '',_binary '',19),(305,'eyJhbGciOiJIUzI1NiJ9.eyJSb2xlIjpbeyJhdXRob3JpdHkiOiJhZG1pbjp1cGRhdGUifSx7ImF1dGhvcml0eSI6Im1hbmFnZW1lbnQ6dXBkYXRlIn0seyJhdXRob3JpdHkiOiJtYW5hZ2VtZW50OnJlYWQifSx7ImF1dGhvcml0eSI6ImFkbWluOmRlbGV0ZSJ9LHsiYXV0aG9yaXR5IjoiYWRtaW46cmVhZCJ9LHsiYXV0aG9yaXR5IjoibWFuYWdlbWVudDpjcmVhdGUifSx7ImF1dGhvcml0eSI6ImFkbWluOmNyZWF0ZSJ9LHsiYXV0aG9yaXR5IjoibWFuYWdlbWVudDpkZWxldGUifSx7ImF1dGhvcml0eSI6IlJPTEVfQURNSU4ifV0sInN1YiI6ImFkbWluIiwiaWF0IjoxNjkzMjkwMDE2LCJleHAiOjE2OTMyOTAwNDZ9.r8Q0EvbgbVnR-_xIyZovXWSLdHVBc-wIUSo0iQphMbk','BEARER',_binary '',_binary '',19),(306,'eyJhbGciOiJIUzI1NiJ9.eyJSb2xlIjpbeyJhdXRob3JpdHkiOiJhZG1pbjp1cGRhdGUifSx7ImF1dGhvcml0eSI6Im1hbmFnZW1lbnQ6dXBkYXRlIn0seyJhdXRob3JpdHkiOiJtYW5hZ2VtZW50OnJlYWQifSx7ImF1dGhvcml0eSI6ImFkbWluOmRlbGV0ZSJ9LHsiYXV0aG9yaXR5IjoiYWRtaW46cmVhZCJ9LHsiYXV0aG9yaXR5IjoibWFuYWdlbWVudDpjcmVhdGUifSx7ImF1dGhvcml0eSI6ImFkbWluOmNyZWF0ZSJ9LHsiYXV0aG9yaXR5IjoibWFuYWdlbWVudDpkZWxldGUifSx7ImF1dGhvcml0eSI6IlJPTEVfQURNSU4ifV0sInN1YiI6ImFkbWluIiwiaWF0IjoxNjkzMjkwMDIyLCJleHAiOjE2OTMyOTAwNTJ9.1UXB9OxSSFw3k6_CgZLPAulmlU3yv5IDKxAIcH2AweM','BEARER',_binary '',_binary '',19),(307,'eyJhbGciOiJIUzI1NiJ9.eyJSb2xlIjpbeyJhdXRob3JpdHkiOiJhZG1pbjp1cGRhdGUifSx7ImF1dGhvcml0eSI6Im1hbmFnZW1lbnQ6dXBkYXRlIn0seyJhdXRob3JpdHkiOiJtYW5hZ2VtZW50OnJlYWQifSx7ImF1dGhvcml0eSI6ImFkbWluOmRlbGV0ZSJ9LHsiYXV0aG9yaXR5IjoiYWRtaW46cmVhZCJ9LHsiYXV0aG9yaXR5IjoibWFuYWdlbWVudDpjcmVhdGUifSx7ImF1dGhvcml0eSI6ImFkbWluOmNyZWF0ZSJ9LHsiYXV0aG9yaXR5IjoibWFuYWdlbWVudDpkZWxldGUifSx7ImF1dGhvcml0eSI6IlJPTEVfQURNSU4ifV0sInN1YiI6ImFkbWluIiwiaWF0IjoxNjkzMjkwODAxLCJleHAiOjE2OTMyOTA4MzF9.luGt72RAMdOm3adwtsPDF1svHZnCYgXKcI_1ewgZDPI','BEARER',_binary '',_binary '',19),(308,'eyJhbGciOiJIUzI1NiJ9.eyJSb2xlIjpbeyJhdXRob3JpdHkiOiJhZG1pbjp1cGRhdGUifSx7ImF1dGhvcml0eSI6Im1hbmFnZW1lbnQ6dXBkYXRlIn0seyJhdXRob3JpdHkiOiJtYW5hZ2VtZW50OnJlYWQifSx7ImF1dGhvcml0eSI6ImFkbWluOmRlbGV0ZSJ9LHsiYXV0aG9yaXR5IjoiYWRtaW46cmVhZCJ9LHsiYXV0aG9yaXR5IjoibWFuYWdlbWVudDpjcmVhdGUifSx7ImF1dGhvcml0eSI6ImFkbWluOmNyZWF0ZSJ9LHsiYXV0aG9yaXR5IjoibWFuYWdlbWVudDpkZWxldGUifSx7ImF1dGhvcml0eSI6IlJPTEVfQURNSU4ifV0sInN1YiI6ImFkbWluIiwiaWF0IjoxNjkzMjkxNDQ3LCJleHAiOjE2OTMyOTE0Nzd9.aqTCxEUtIXUi5O_ZA3h5pV4CPlasoEwlYbM9qu-heUc','BEARER',_binary '',_binary '',19),(309,'eyJhbGciOiJIUzI1NiJ9.eyJSb2xlIjpbeyJhdXRob3JpdHkiOiJhZG1pbjp1cGRhdGUifSx7ImF1dGhvcml0eSI6Im1hbmFnZW1lbnQ6dXBkYXRlIn0seyJhdXRob3JpdHkiOiJtYW5hZ2VtZW50OnJlYWQifSx7ImF1dGhvcml0eSI6ImFkbWluOmRlbGV0ZSJ9LHsiYXV0aG9yaXR5IjoiYWRtaW46cmVhZCJ9LHsiYXV0aG9yaXR5IjoibWFuYWdlbWVudDpjcmVhdGUifSx7ImF1dGhvcml0eSI6ImFkbWluOmNyZWF0ZSJ9LHsiYXV0aG9yaXR5IjoibWFuYWdlbWVudDpkZWxldGUifSx7ImF1dGhvcml0eSI6IlJPTEVfQURNSU4ifV0sInN1YiI6ImFkbWluIiwiaWF0IjoxNjkzMjkxNDQ4LCJleHAiOjE2OTMyOTE0Nzh9.-rNUnBdaVsrqSMSvDfqeYWoF-JbTvKze9NY6IghJdKU','BEARER',_binary '',_binary '',19),(310,'eyJhbGciOiJIUzI1NiJ9.eyJSb2xlIjpbeyJhdXRob3JpdHkiOiJhZG1pbjp1cGRhdGUifSx7ImF1dGhvcml0eSI6Im1hbmFnZW1lbnQ6dXBkYXRlIn0seyJhdXRob3JpdHkiOiJtYW5hZ2VtZW50OnJlYWQifSx7ImF1dGhvcml0eSI6ImFkbWluOmRlbGV0ZSJ9LHsiYXV0aG9yaXR5IjoiYWRtaW46cmVhZCJ9LHsiYXV0aG9yaXR5IjoibWFuYWdlbWVudDpjcmVhdGUifSx7ImF1dGhvcml0eSI6ImFkbWluOmNyZWF0ZSJ9LHsiYXV0aG9yaXR5IjoibWFuYWdlbWVudDpkZWxldGUifSx7ImF1dGhvcml0eSI6IlJPTEVfQURNSU4ifV0sInN1YiI6ImFkbWluIiwiaWF0IjoxNjkzMjkxNDUwLCJleHAiOjE2OTMyOTE0ODB9.wZQmm61XS5mOA1Uu_KbAiHHrmT4L0ryUUDK9hP7q6Vs','BEARER',_binary '',_binary '',19),(311,'eyJhbGciOiJIUzI1NiJ9.eyJSb2xlIjpbeyJhdXRob3JpdHkiOiJtYW5hZ2VtZW50OnJlYWQifSx7ImF1dGhvcml0eSI6ImFkbWluOmRlbGV0ZSJ9LHsiYXV0aG9yaXR5IjoibWFuYWdlbWVudDp1cGRhdGUifSx7ImF1dGhvcml0eSI6ImFkbWluOnJlYWQifSx7ImF1dGhvcml0eSI6ImFkbWluOnVwZGF0ZSJ9LHsiYXV0aG9yaXR5IjoibWFuYWdlbWVudDpkZWxldGUifSx7ImF1dGhvcml0eSI6Im1hbmFnZW1lbnQ6Y3JlYXRlIn0seyJhdXRob3JpdHkiOiJhZG1pbjpjcmVhdGUifSx7ImF1dGhvcml0eSI6IlJPTEVfQURNSU4ifV0sInN1YiI6ImFkbWluIiwiaWF0IjoxNjkzMzAxNDg5LCJleHAiOjE2OTMzMDE3ODl9.K8BtzhRVZobrdZDwTQGwyCRZuH4Nu8nAa1WzsLZUPqo','BEARER',_binary '',_binary '',19),(312,'eyJhbGciOiJIUzI1NiJ9.eyJSb2xlIjpbeyJhdXRob3JpdHkiOiJtYW5hZ2VtZW50OnJlYWQifSx7ImF1dGhvcml0eSI6ImFkbWluOmRlbGV0ZSJ9LHsiYXV0aG9yaXR5IjoibWFuYWdlbWVudDp1cGRhdGUifSx7ImF1dGhvcml0eSI6ImFkbWluOnJlYWQifSx7ImF1dGhvcml0eSI6ImFkbWluOnVwZGF0ZSJ9LHsiYXV0aG9yaXR5IjoibWFuYWdlbWVudDpkZWxldGUifSx7ImF1dGhvcml0eSI6Im1hbmFnZW1lbnQ6Y3JlYXRlIn0seyJhdXRob3JpdHkiOiJhZG1pbjpjcmVhdGUifSx7ImF1dGhvcml0eSI6IlJPTEVfQURNSU4ifV0sInN1YiI6ImFkbWluIiwiaWF0IjoxNjkzMzAxNDkxLCJleHAiOjE2OTMzMDE3OTF9.RnAub9rk9-duwTwa7zeobQ2eLP2pOt-gfoh-tIUNh_0','BEARER',_binary '',_binary '',19),(313,'eyJhbGciOiJIUzI1NiJ9.eyJSb2xlIjpbeyJhdXRob3JpdHkiOiJtYW5hZ2VtZW50OnVwZGF0ZSJ9LHsiYXV0aG9yaXR5IjoiYWRtaW46cmVhZCJ9LHsiYXV0aG9yaXR5IjoiYWRtaW46dXBkYXRlIn0seyJhdXRob3JpdHkiOiJtYW5hZ2VtZW50OmRlbGV0ZSJ9LHsiYXV0aG9yaXR5IjoibWFuYWdlbWVudDpjcmVhdGUifSx7ImF1dGhvcml0eSI6ImFkbWluOmNyZWF0ZSJ9LHsiYXV0aG9yaXR5IjoibWFuYWdlbWVudDpyZWFkIn0seyJhdXRob3JpdHkiOiJhZG1pbjpkZWxldGUifSx7ImF1dGhvcml0eSI6IlJPTEVfQURNSU4ifV0sInN1YiI6ImFkbWluIiwiaWF0IjoxNjkzMzAyNTAyLCJleHAiOjE2OTMzMDI4MDJ9.8QROuhgFfrAF1XqlcZ8ebSKMJ0lo7MX0HffL52I3Oy0','BEARER',_binary '',_binary '',19),(314,'eyJhbGciOiJIUzI1NiJ9.eyJSb2xlIjpbeyJhdXRob3JpdHkiOiJtYW5hZ2VtZW50OmRlbGV0ZSJ9LHsiYXV0aG9yaXR5IjoiYWRtaW46Y3JlYXRlIn0seyJhdXRob3JpdHkiOiJtYW5hZ2VtZW50OmNyZWF0ZSJ9LHsiYXV0aG9yaXR5IjoiYWRtaW46cmVhZCJ9LHsiYXV0aG9yaXR5IjoiYWRtaW46ZGVsZXRlIn0seyJhdXRob3JpdHkiOiJtYW5hZ2VtZW50OnJlYWQifSx7ImF1dGhvcml0eSI6Im1hbmFnZW1lbnQ6dXBkYXRlIn0seyJhdXRob3JpdHkiOiJhZG1pbjp1cGRhdGUifSx7ImF1dGhvcml0eSI6IlJPTEVfQURNSU4ifV0sInN1YiI6ImFkbWluIiwiaWF0IjoxNjkzMzAzNTQ2LCJleHAiOjE2OTMzMDM1NzZ9.DoDmoAX9puytQW6dkFHWQKiU2jVVtJgB841zQS1AM3I','BEARER',_binary '',_binary '',19),(315,'eyJhbGciOiJIUzI1NiJ9.eyJSb2xlIjpbeyJhdXRob3JpdHkiOiJtYW5hZ2VtZW50OmRlbGV0ZSJ9LHsiYXV0aG9yaXR5IjoiYWRtaW46Y3JlYXRlIn0seyJhdXRob3JpdHkiOiJtYW5hZ2VtZW50OmNyZWF0ZSJ9LHsiYXV0aG9yaXR5IjoiYWRtaW46cmVhZCJ9LHsiYXV0aG9yaXR5IjoiYWRtaW46ZGVsZXRlIn0seyJhdXRob3JpdHkiOiJtYW5hZ2VtZW50OnJlYWQifSx7ImF1dGhvcml0eSI6Im1hbmFnZW1lbnQ6dXBkYXRlIn0seyJhdXRob3JpdHkiOiJhZG1pbjp1cGRhdGUifSx7ImF1dGhvcml0eSI6IlJPTEVfQURNSU4ifV0sInN1YiI6ImFkbWluIiwiaWF0IjoxNjkzMzAzNTY1LCJleHAiOjE2OTMzMDM1OTV9.tva5owJ5HA0DUaUrnmOkNP8CDPzfn2ffDt0qTB5zNXs','BEARER',_binary '',_binary '',19),(316,'eyJhbGciOiJIUzI1NiJ9.eyJSb2xlIjpbeyJhdXRob3JpdHkiOiJtYW5hZ2VtZW50OnJlYWQifSx7ImF1dGhvcml0eSI6ImFkbWluOmRlbGV0ZSJ9LHsiYXV0aG9yaXR5IjoibWFuYWdlbWVudDp1cGRhdGUifSx7ImF1dGhvcml0eSI6ImFkbWluOnJlYWQifSx7ImF1dGhvcml0eSI6ImFkbWluOnVwZGF0ZSJ9LHsiYXV0aG9yaXR5IjoibWFuYWdlbWVudDpkZWxldGUifSx7ImF1dGhvcml0eSI6Im1hbmFnZW1lbnQ6Y3JlYXRlIn0seyJhdXRob3JpdHkiOiJhZG1pbjpjcmVhdGUifSx7ImF1dGhvcml0eSI6IlJPTEVfQURNSU4ifV0sInN1YiI6ImFkbWluIiwiaWF0IjoxNjkzMzExNzgzLCJleHAiOjE2OTMzMTE4MTN9.P1pmLeJAu1guACS2c9GVNcUgT4qmtEOLNVkItZX6brw','BEARER',_binary '',_binary '',19),(317,'eyJhbGciOiJIUzI1NiJ9.eyJSb2xlIjpbeyJhdXRob3JpdHkiOiJtYW5hZ2VtZW50OnJlYWQifSx7ImF1dGhvcml0eSI6ImFkbWluOmRlbGV0ZSJ9LHsiYXV0aG9yaXR5IjoibWFuYWdlbWVudDp1cGRhdGUifSx7ImF1dGhvcml0eSI6ImFkbWluOnJlYWQifSx7ImF1dGhvcml0eSI6ImFkbWluOnVwZGF0ZSJ9LHsiYXV0aG9yaXR5IjoibWFuYWdlbWVudDpkZWxldGUifSx7ImF1dGhvcml0eSI6Im1hbmFnZW1lbnQ6Y3JlYXRlIn0seyJhdXRob3JpdHkiOiJhZG1pbjpjcmVhdGUifSx7ImF1dGhvcml0eSI6IlJPTEVfQURNSU4ifV0sInN1YiI6ImFkbWluIiwiaWF0IjoxNjkzMzExNzkzLCJleHAiOjE2OTMzMTE4MjN9.FGjQh11CgvvqnXj7ZPp8yW7OrWSw7MCVn6bgnpdLbG8','BEARER',_binary '',_binary '',19),(318,'eyJhbGciOiJIUzI1NiJ9.eyJSb2xlIjpbeyJhdXRob3JpdHkiOiJtYW5hZ2VtZW50OnJlYWQifSx7ImF1dGhvcml0eSI6ImFkbWluOmRlbGV0ZSJ9LHsiYXV0aG9yaXR5IjoibWFuYWdlbWVudDp1cGRhdGUifSx7ImF1dGhvcml0eSI6ImFkbWluOnJlYWQifSx7ImF1dGhvcml0eSI6ImFkbWluOnVwZGF0ZSJ9LHsiYXV0aG9yaXR5IjoibWFuYWdlbWVudDpkZWxldGUifSx7ImF1dGhvcml0eSI6Im1hbmFnZW1lbnQ6Y3JlYXRlIn0seyJhdXRob3JpdHkiOiJhZG1pbjpjcmVhdGUifSx7ImF1dGhvcml0eSI6IlJPTEVfQURNSU4ifV0sInN1YiI6ImFkbWluIiwiaWF0IjoxNjkzMzExODAyLCJleHAiOjE2OTMzMTE4MzJ9.8Y7LP0dxUXzKtRyghqymS1ZjXjtNuRWBiQwmcNo2cMA','BEARER',_binary '',_binary '',19),(319,'eyJhbGciOiJIUzI1NiJ9.eyJSb2xlIjpbeyJhdXRob3JpdHkiOiJtYW5hZ2VtZW50OmNyZWF0ZSJ9LHsiYXV0aG9yaXR5IjoibWFuYWdlbWVudDpkZWxldGUifSx7ImF1dGhvcml0eSI6ImFkbWluOnVwZGF0ZSJ9LHsiYXV0aG9yaXR5IjoiYWRtaW46cmVhZCJ9LHsiYXV0aG9yaXR5IjoibWFuYWdlbWVudDp1cGRhdGUifSx7ImF1dGhvcml0eSI6ImFkbWluOmRlbGV0ZSJ9LHsiYXV0aG9yaXR5IjoibWFuYWdlbWVudDpyZWFkIn0seyJhdXRob3JpdHkiOiJhZG1pbjpjcmVhdGUifSx7ImF1dGhvcml0eSI6IlJPTEVfQURNSU4ifV0sInN1YiI6ImFkbWluIiwiaWF0IjoxNjkzMzEzNTcxLCJleHAiOjE2OTMzMTM2MDF9.5GBeqnonM8hCQhDtgpMLDRSW5uXP8-at7ylgC2_-L5w','BEARER',_binary '',_binary '',19),(320,'eyJhbGciOiJIUzI1NiJ9.eyJSb2xlIjpbeyJhdXRob3JpdHkiOiJtYW5hZ2VtZW50OmNyZWF0ZSJ9LHsiYXV0aG9yaXR5IjoiYWRtaW46Y3JlYXRlIn0seyJhdXRob3JpdHkiOiJtYW5hZ2VtZW50OmRlbGV0ZSJ9LHsiYXV0aG9yaXR5IjoiYWRtaW46dXBkYXRlIn0seyJhdXRob3JpdHkiOiJtYW5hZ2VtZW50OnVwZGF0ZSJ9LHsiYXV0aG9yaXR5IjoibWFuYWdlbWVudDpyZWFkIn0seyJhdXRob3JpdHkiOiJhZG1pbjpkZWxldGUifSx7ImF1dGhvcml0eSI6ImFkbWluOnJlYWQifSx7ImF1dGhvcml0eSI6IlJPTEVfQURNSU4ifV0sInN1YiI6ImFkbWluIiwiaWF0IjoxNjkzMzE0NjU2LCJleHAiOjE2OTMzMTQ2ODZ9.gMh7Ji6y4iZL9IxnPbpH34xdSt6MoSgHK1zjBhUJb5A','BEARER',_binary '',_binary '',19),(321,'eyJhbGciOiJIUzI1NiJ9.eyJSb2xlIjpbeyJhdXRob3JpdHkiOiJhZG1pbjpjcmVhdGUifSx7ImF1dGhvcml0eSI6ImFkbWluOnJlYWQifSx7ImF1dGhvcml0eSI6ImFkbWluOmRlbGV0ZSJ9LHsiYXV0aG9yaXR5IjoibWFuYWdlbWVudDpjcmVhdGUifSx7ImF1dGhvcml0eSI6Im1hbmFnZW1lbnQ6dXBkYXRlIn0seyJhdXRob3JpdHkiOiJhZG1pbjp1cGRhdGUifSx7ImF1dGhvcml0eSI6Im1hbmFnZW1lbnQ6ZGVsZXRlIn0seyJhdXRob3JpdHkiOiJtYW5hZ2VtZW50OnJlYWQifSx7ImF1dGhvcml0eSI6IlJPTEVfQURNSU4ifV0sInN1YiI6ImFkbWluIiwiaWF0IjoxNjkzMzE1NDAwLCJleHAiOjE2OTMzMTU0MzB9._9JOZEtTWNvFYKUuSCWXQJafTMWTxl-48Z0teCYR_zE','BEARER',_binary '',_binary '',19),(322,'eyJhbGciOiJIUzI1NiJ9.eyJSb2xlIjpbeyJhdXRob3JpdHkiOiJhZG1pbjpjcmVhdGUifSx7ImF1dGhvcml0eSI6ImFkbWluOnJlYWQifSx7ImF1dGhvcml0eSI6ImFkbWluOmRlbGV0ZSJ9LHsiYXV0aG9yaXR5IjoibWFuYWdlbWVudDpjcmVhdGUifSx7ImF1dGhvcml0eSI6Im1hbmFnZW1lbnQ6dXBkYXRlIn0seyJhdXRob3JpdHkiOiJhZG1pbjp1cGRhdGUifSx7ImF1dGhvcml0eSI6Im1hbmFnZW1lbnQ6ZGVsZXRlIn0seyJhdXRob3JpdHkiOiJtYW5hZ2VtZW50OnJlYWQifSx7ImF1dGhvcml0eSI6IlJPTEVfQURNSU4ifV0sInN1YiI6ImFkbWluIiwiaWF0IjoxNjkzMzE1NDAyLCJleHAiOjE2OTMzMTU0MzJ9.uUnd_98c_UVbkSoQG8-CXg13hqf_eMdAcIAvBWTThoM','BEARER',_binary '',_binary '',19),(323,'eyJhbGciOiJIUzI1NiJ9.eyJSb2xlIjpbeyJhdXRob3JpdHkiOiJST0xFX1VTRVIifV0sInN1YiI6InQiLCJpYXQiOjE2OTMzMTU0MTIsImV4cCI6MTY5MzMxNTQ0Mn0.Y7B1JXnu8u26qkffDtTnOEXsIMd8XnLYBTg4nn1QPcM','BEARER',_binary '',_binary '',24),(324,'eyJhbGciOiJIUzI1NiJ9.eyJSb2xlIjpbeyJhdXRob3JpdHkiOiJhZG1pbjpjcmVhdGUifSx7ImF1dGhvcml0eSI6ImFkbWluOnJlYWQifSx7ImF1dGhvcml0eSI6ImFkbWluOmRlbGV0ZSJ9LHsiYXV0aG9yaXR5IjoibWFuYWdlbWVudDpjcmVhdGUifSx7ImF1dGhvcml0eSI6Im1hbmFnZW1lbnQ6dXBkYXRlIn0seyJhdXRob3JpdHkiOiJhZG1pbjp1cGRhdGUifSx7ImF1dGhvcml0eSI6Im1hbmFnZW1lbnQ6ZGVsZXRlIn0seyJhdXRob3JpdHkiOiJtYW5hZ2VtZW50OnJlYWQifSx7ImF1dGhvcml0eSI6IlJPTEVfQURNSU4ifV0sInN1YiI6ImFkbWluIiwiaWF0IjoxNjkzMzE2NTc3LCJleHAiOjE2OTMzMTY2MDd9.9CgpOxaf7pohLxkT_tjF13yxaImpDJsetlpYXrYvUtU','BEARER',_binary '',_binary '',19),(325,'eyJhbGciOiJIUzI1NiJ9.eyJSb2xlIjpbeyJhdXRob3JpdHkiOiJtYW5hZ2VtZW50OnJlYWQifSx7ImF1dGhvcml0eSI6ImFkbWluOmRlbGV0ZSJ9LHsiYXV0aG9yaXR5IjoiYWRtaW46Y3JlYXRlIn0seyJhdXRob3JpdHkiOiJtYW5hZ2VtZW50OmRlbGV0ZSJ9LHsiYXV0aG9yaXR5IjoibWFuYWdlbWVudDpjcmVhdGUifSx7ImF1dGhvcml0eSI6ImFkbWluOnJlYWQifSx7ImF1dGhvcml0eSI6ImFkbWluOnVwZGF0ZSJ9LHsiYXV0aG9yaXR5IjoibWFuYWdlbWVudDp1cGRhdGUifSx7ImF1dGhvcml0eSI6IlJPTEVfQURNSU4ifV0sInN1YiI6ImFkbWluIiwiaWF0IjoxNjkzMzE4MjMyLCJleHAiOjE2OTMzMTgyNjJ9.R-zC30M9FgfxU86G9h629jTwNP9y1i6nCkiSIqE7wv4','BEARER',_binary '',_binary '',19),(326,'eyJhbGciOiJIUzI1NiJ9.eyJSb2xlIjpbeyJhdXRob3JpdHkiOiJtYW5hZ2VtZW50OnJlYWQifSx7ImF1dGhvcml0eSI6ImFkbWluOmRlbGV0ZSJ9LHsiYXV0aG9yaXR5IjoiYWRtaW46Y3JlYXRlIn0seyJhdXRob3JpdHkiOiJtYW5hZ2VtZW50OmRlbGV0ZSJ9LHsiYXV0aG9yaXR5IjoibWFuYWdlbWVudDpjcmVhdGUifSx7ImF1dGhvcml0eSI6ImFkbWluOnJlYWQifSx7ImF1dGhvcml0eSI6ImFkbWluOnVwZGF0ZSJ9LHsiYXV0aG9yaXR5IjoibWFuYWdlbWVudDp1cGRhdGUifSx7ImF1dGhvcml0eSI6IlJPTEVfQURNSU4ifV0sInN1YiI6ImFkbWluIiwiaWF0IjoxNjkzMzE4MjM5LCJleHAiOjE2OTMzMTgyNjl9.YHHKVjzm0uyXRi311L-uXE60q1AuUSRH7AZIB3sNZqo','BEARER',_binary '',_binary '',19),(327,'eyJhbGciOiJIUzI1NiJ9.eyJSb2xlIjpbeyJhdXRob3JpdHkiOiJtYW5hZ2VtZW50OnJlYWQifSx7ImF1dGhvcml0eSI6ImFkbWluOmRlbGV0ZSJ9LHsiYXV0aG9yaXR5IjoiYWRtaW46Y3JlYXRlIn0seyJhdXRob3JpdHkiOiJtYW5hZ2VtZW50OmRlbGV0ZSJ9LHsiYXV0aG9yaXR5IjoibWFuYWdlbWVudDpjcmVhdGUifSx7ImF1dGhvcml0eSI6ImFkbWluOnJlYWQifSx7ImF1dGhvcml0eSI6ImFkbWluOnVwZGF0ZSJ9LHsiYXV0aG9yaXR5IjoibWFuYWdlbWVudDp1cGRhdGUifSx7ImF1dGhvcml0eSI6IlJPTEVfQURNSU4ifV0sInN1YiI6ImFkbWluIiwiaWF0IjoxNjkzMzE4MjQzLCJleHAiOjE2OTMzMTgyNzN9.2LOoaOPg3mBUF7zpdBXAIXIWbk2h6K_Sacc-yK0WFtg','BEARER',_binary '',_binary '',19),(328,'eyJhbGciOiJIUzI1NiJ9.eyJSb2xlIjpbeyJhdXRob3JpdHkiOiJtYW5hZ2VtZW50OnJlYWQifSx7ImF1dGhvcml0eSI6ImFkbWluOmRlbGV0ZSJ9LHsiYXV0aG9yaXR5IjoiYWRtaW46Y3JlYXRlIn0seyJhdXRob3JpdHkiOiJtYW5hZ2VtZW50OmRlbGV0ZSJ9LHsiYXV0aG9yaXR5IjoibWFuYWdlbWVudDpjcmVhdGUifSx7ImF1dGhvcml0eSI6ImFkbWluOnJlYWQifSx7ImF1dGhvcml0eSI6ImFkbWluOnVwZGF0ZSJ9LHsiYXV0aG9yaXR5IjoibWFuYWdlbWVudDp1cGRhdGUifSx7ImF1dGhvcml0eSI6IlJPTEVfQURNSU4ifV0sInN1YiI6ImFkbWluIiwiaWF0IjoxNjkzMzE4MzI4LCJleHAiOjE2OTMzMTgzNTh9.mu1w5c0xePCVavNoZj_DpyY1PazN6cxhI8tegw2BzA4','BEARER',_binary '',_binary '',19),(329,'eyJhbGciOiJIUzI1NiJ9.eyJSb2xlIjpbeyJhdXRob3JpdHkiOiJtYW5hZ2VtZW50OnJlYWQifSx7ImF1dGhvcml0eSI6ImFkbWluOmRlbGV0ZSJ9LHsiYXV0aG9yaXR5IjoiYWRtaW46Y3JlYXRlIn0seyJhdXRob3JpdHkiOiJtYW5hZ2VtZW50OmRlbGV0ZSJ9LHsiYXV0aG9yaXR5IjoibWFuYWdlbWVudDpjcmVhdGUifSx7ImF1dGhvcml0eSI6ImFkbWluOnJlYWQifSx7ImF1dGhvcml0eSI6ImFkbWluOnVwZGF0ZSJ9LHsiYXV0aG9yaXR5IjoibWFuYWdlbWVudDp1cGRhdGUifSx7ImF1dGhvcml0eSI6IlJPTEVfQURNSU4ifV0sInN1YiI6ImFkbWluIiwiaWF0IjoxNjkzMzE4MzkwLCJleHAiOjE2OTMzMTg0MjB9.sSzKmq8n_TyH8yv9_SldZ6jDTJEQktJYlFhA1VwsGj0','BEARER',_binary '',_binary '',19),(330,'eyJhbGciOiJIUzI1NiJ9.eyJSb2xlIjpbeyJhdXRob3JpdHkiOiJhZG1pbjp1cGRhdGUifSx7ImF1dGhvcml0eSI6Im1hbmFnZW1lbnQ6cmVhZCJ9LHsiYXV0aG9yaXR5IjoiYWRtaW46cmVhZCJ9LHsiYXV0aG9yaXR5IjoibWFuYWdlbWVudDpkZWxldGUifSx7ImF1dGhvcml0eSI6ImFkbWluOmRlbGV0ZSJ9LHsiYXV0aG9yaXR5IjoibWFuYWdlbWVudDpjcmVhdGUifSx7ImF1dGhvcml0eSI6ImFkbWluOmNyZWF0ZSJ9LHsiYXV0aG9yaXR5IjoibWFuYWdlbWVudDp1cGRhdGUifSx7ImF1dGhvcml0eSI6IlJPTEVfQURNSU4ifV0sInN1YiI6ImFkbWluIiwiaWF0IjoxNjkzMzE4NTkwLCJleHAiOjE2OTMzMTg2MjB9.pLC5Tm4O-rzKBHvllAWEEzbDKqtq9akmzrhGAZ2trdY','BEARER',_binary '',_binary '',19),(331,'eyJhbGciOiJIUzI1NiJ9.eyJSb2xlIjpbeyJhdXRob3JpdHkiOiJhZG1pbjp1cGRhdGUifSx7ImF1dGhvcml0eSI6Im1hbmFnZW1lbnQ6cmVhZCJ9LHsiYXV0aG9yaXR5IjoiYWRtaW46cmVhZCJ9LHsiYXV0aG9yaXR5IjoibWFuYWdlbWVudDpkZWxldGUifSx7ImF1dGhvcml0eSI6ImFkbWluOmRlbGV0ZSJ9LHsiYXV0aG9yaXR5IjoibWFuYWdlbWVudDpjcmVhdGUifSx7ImF1dGhvcml0eSI6ImFkbWluOmNyZWF0ZSJ9LHsiYXV0aG9yaXR5IjoibWFuYWdlbWVudDp1cGRhdGUifSx7ImF1dGhvcml0eSI6IlJPTEVfQURNSU4ifV0sInN1YiI6ImFkbWluIiwiaWF0IjoxNjkzMzE4NjAyLCJleHAiOjE2OTMzMTg2MzJ9.BTXwkk6MgUBy2okd6NDZri7WI8bEJ38L_XRcbXYBqEg','BEARER',_binary '',_binary '',19),(332,'eyJhbGciOiJIUzI1NiJ9.eyJSb2xlIjpbeyJhdXRob3JpdHkiOiJhZG1pbjp1cGRhdGUifSx7ImF1dGhvcml0eSI6Im1hbmFnZW1lbnQ6cmVhZCJ9LHsiYXV0aG9yaXR5IjoiYWRtaW46cmVhZCJ9LHsiYXV0aG9yaXR5IjoibWFuYWdlbWVudDpkZWxldGUifSx7ImF1dGhvcml0eSI6ImFkbWluOmRlbGV0ZSJ9LHsiYXV0aG9yaXR5IjoibWFuYWdlbWVudDpjcmVhdGUifSx7ImF1dGhvcml0eSI6ImFkbWluOmNyZWF0ZSJ9LHsiYXV0aG9yaXR5IjoibWFuYWdlbWVudDp1cGRhdGUifSx7ImF1dGhvcml0eSI6IlJPTEVfQURNSU4ifV0sInN1YiI6ImFkbWluIiwiaWF0IjoxNjkzMzE4NzAyLCJleHAiOjE2OTMzMTg3MzJ9.3mqGTDgDkTdKuvMoLlNVR2O4ToeeuaGr6pEAm0mIVhM','BEARER',_binary '',_binary '',19),(333,'eyJhbGciOiJIUzI1NiJ9.eyJSb2xlIjpbeyJhdXRob3JpdHkiOiJhZG1pbjp1cGRhdGUifSx7ImF1dGhvcml0eSI6Im1hbmFnZW1lbnQ6cmVhZCJ9LHsiYXV0aG9yaXR5IjoiYWRtaW46cmVhZCJ9LHsiYXV0aG9yaXR5IjoibWFuYWdlbWVudDpkZWxldGUifSx7ImF1dGhvcml0eSI6ImFkbWluOmRlbGV0ZSJ9LHsiYXV0aG9yaXR5IjoibWFuYWdlbWVudDpjcmVhdGUifSx7ImF1dGhvcml0eSI6ImFkbWluOmNyZWF0ZSJ9LHsiYXV0aG9yaXR5IjoibWFuYWdlbWVudDp1cGRhdGUifSx7ImF1dGhvcml0eSI6IlJPTEVfQURNSU4ifV0sInN1YiI6ImFkbWluIiwiaWF0IjoxNjkzMzE4ODU1LCJleHAiOjE2OTMzMTg4ODV9.0UOE-sT5-oHJ2AHGVW9EBm17_5KDVblslU8dWxrACGE','BEARER',_binary '',_binary '',19),(334,'eyJhbGciOiJIUzI1NiJ9.eyJSb2xlIjpbeyJhdXRob3JpdHkiOiJhZG1pbjp1cGRhdGUifSx7ImF1dGhvcml0eSI6Im1hbmFnZW1lbnQ6cmVhZCJ9LHsiYXV0aG9yaXR5IjoiYWRtaW46cmVhZCJ9LHsiYXV0aG9yaXR5IjoibWFuYWdlbWVudDpkZWxldGUifSx7ImF1dGhvcml0eSI6ImFkbWluOmRlbGV0ZSJ9LHsiYXV0aG9yaXR5IjoibWFuYWdlbWVudDpjcmVhdGUifSx7ImF1dGhvcml0eSI6ImFkbWluOmNyZWF0ZSJ9LHsiYXV0aG9yaXR5IjoibWFuYWdlbWVudDp1cGRhdGUifSx7ImF1dGhvcml0eSI6IlJPTEVfQURNSU4ifV0sInN1YiI6ImFkbWluIiwiaWF0IjoxNjkzMzE4ODU1LCJleHAiOjE2OTMzMTg4ODV9.0UOE-sT5-oHJ2AHGVW9EBm17_5KDVblslU8dWxrACGE','BEARER',_binary '',_binary '',19),(335,'eyJhbGciOiJIUzI1NiJ9.eyJSb2xlIjpbeyJhdXRob3JpdHkiOiJhZG1pbjp1cGRhdGUifSx7ImF1dGhvcml0eSI6Im1hbmFnZW1lbnQ6cmVhZCJ9LHsiYXV0aG9yaXR5IjoiYWRtaW46cmVhZCJ9LHsiYXV0aG9yaXR5IjoibWFuYWdlbWVudDpkZWxldGUifSx7ImF1dGhvcml0eSI6ImFkbWluOmRlbGV0ZSJ9LHsiYXV0aG9yaXR5IjoibWFuYWdlbWVudDpjcmVhdGUifSx7ImF1dGhvcml0eSI6ImFkbWluOmNyZWF0ZSJ9LHsiYXV0aG9yaXR5IjoibWFuYWdlbWVudDp1cGRhdGUifSx7ImF1dGhvcml0eSI6IlJPTEVfQURNSU4ifV0sInN1YiI6ImFkbWluIiwiaWF0IjoxNjkzMzE4ODc5LCJleHAiOjE2OTMzMTg5MDl9.J4E2vFHn7a7YWzfq5DV1B4JinCVNJAe_AQ2wECDbl1Q','BEARER',_binary '',_binary '',19),(336,'eyJhbGciOiJIUzI1NiJ9.eyJSb2xlIjpbeyJhdXRob3JpdHkiOiJhZG1pbjp1cGRhdGUifSx7ImF1dGhvcml0eSI6Im1hbmFnZW1lbnQ6cmVhZCJ9LHsiYXV0aG9yaXR5IjoiYWRtaW46cmVhZCJ9LHsiYXV0aG9yaXR5IjoibWFuYWdlbWVudDpkZWxldGUifSx7ImF1dGhvcml0eSI6ImFkbWluOmRlbGV0ZSJ9LHsiYXV0aG9yaXR5IjoibWFuYWdlbWVudDpjcmVhdGUifSx7ImF1dGhvcml0eSI6ImFkbWluOmNyZWF0ZSJ9LHsiYXV0aG9yaXR5IjoibWFuYWdlbWVudDp1cGRhdGUifSx7ImF1dGhvcml0eSI6IlJPTEVfQURNSU4ifV0sInN1YiI6ImFkbWluIiwiaWF0IjoxNjkzMzE4OTYwLCJleHAiOjE2OTMzMTg5OTB9.x5XiYvzVgySUvvNInrAoqjudLgRweXI_wQN2G-OEz5M','BEARER',_binary '',_binary '',19),(337,'eyJhbGciOiJIUzI1NiJ9.eyJSb2xlIjpbeyJhdXRob3JpdHkiOiJhZG1pbjp1cGRhdGUifSx7ImF1dGhvcml0eSI6Im1hbmFnZW1lbnQ6cmVhZCJ9LHsiYXV0aG9yaXR5IjoiYWRtaW46cmVhZCJ9LHsiYXV0aG9yaXR5IjoibWFuYWdlbWVudDpkZWxldGUifSx7ImF1dGhvcml0eSI6ImFkbWluOmRlbGV0ZSJ9LHsiYXV0aG9yaXR5IjoibWFuYWdlbWVudDpjcmVhdGUifSx7ImF1dGhvcml0eSI6ImFkbWluOmNyZWF0ZSJ9LHsiYXV0aG9yaXR5IjoibWFuYWdlbWVudDp1cGRhdGUifSx7ImF1dGhvcml0eSI6IlJPTEVfQURNSU4ifV0sInN1YiI6ImFkbWluIiwiaWF0IjoxNjkzMzE5NDQwLCJleHAiOjE2OTMzMTk0NzB9.pz-NJVvA9xV_KkyNf6ySaHsrP0kCictRr5Dgx2IsyFI','BEARER',_binary '',_binary '',19),(338,'eyJhbGciOiJIUzI1NiJ9.eyJSb2xlIjpbeyJhdXRob3JpdHkiOiJhZG1pbjp1cGRhdGUifSx7ImF1dGhvcml0eSI6Im1hbmFnZW1lbnQ6cmVhZCJ9LHsiYXV0aG9yaXR5IjoiYWRtaW46cmVhZCJ9LHsiYXV0aG9yaXR5IjoibWFuYWdlbWVudDpkZWxldGUifSx7ImF1dGhvcml0eSI6ImFkbWluOmRlbGV0ZSJ9LHsiYXV0aG9yaXR5IjoibWFuYWdlbWVudDpjcmVhdGUifSx7ImF1dGhvcml0eSI6ImFkbWluOmNyZWF0ZSJ9LHsiYXV0aG9yaXR5IjoibWFuYWdlbWVudDp1cGRhdGUifSx7ImF1dGhvcml0eSI6IlJPTEVfQURNSU4ifV0sInN1YiI6ImFkbWluIiwiaWF0IjoxNjkzMzE5NjIyLCJleHAiOjE2OTMzMTk2NTJ9.t6UNP1oNcdkmepUekcHNXD3oAY1oalAHqs1n56NT_4E','BEARER',_binary '',_binary '',19),(339,'eyJhbGciOiJIUzI1NiJ9.eyJSb2xlIjpbeyJhdXRob3JpdHkiOiJtYW5hZ2VtZW50OnVwZGF0ZSJ9LHsiYXV0aG9yaXR5IjoiYWRtaW46Y3JlYXRlIn0seyJhdXRob3JpdHkiOiJhZG1pbjpkZWxldGUifSx7ImF1dGhvcml0eSI6Im1hbmFnZW1lbnQ6Y3JlYXRlIn0seyJhdXRob3JpdHkiOiJtYW5hZ2VtZW50OmRlbGV0ZSJ9LHsiYXV0aG9yaXR5IjoiYWRtaW46cmVhZCJ9LHsiYXV0aG9yaXR5IjoiYWRtaW46dXBkYXRlIn0seyJhdXRob3JpdHkiOiJtYW5hZ2VtZW50OnJlYWQifSx7ImF1dGhvcml0eSI6IlJPTEVfQURNSU4ifV0sInN1YiI6ImFkbWluIiwiaWF0IjoxNjkzMzIwMzIxLCJleHAiOjE2OTMzMjAzNTF9.BAIRzT5LS2JE2EuX2ixSXV6sfp7yadSqzkY-LtBamFo','BEARER',_binary '',_binary '',19),(340,'eyJhbGciOiJIUzI1NiJ9.eyJSb2xlIjpbeyJhdXRob3JpdHkiOiJtYW5hZ2VtZW50OnVwZGF0ZSJ9LHsiYXV0aG9yaXR5IjoiYWRtaW46Y3JlYXRlIn0seyJhdXRob3JpdHkiOiJhZG1pbjpkZWxldGUifSx7ImF1dGhvcml0eSI6Im1hbmFnZW1lbnQ6Y3JlYXRlIn0seyJhdXRob3JpdHkiOiJtYW5hZ2VtZW50OmRlbGV0ZSJ9LHsiYXV0aG9yaXR5IjoiYWRtaW46cmVhZCJ9LHsiYXV0aG9yaXR5IjoiYWRtaW46dXBkYXRlIn0seyJhdXRob3JpdHkiOiJtYW5hZ2VtZW50OnJlYWQifSx7ImF1dGhvcml0eSI6IlJPTEVfQURNSU4ifV0sInN1YiI6ImFkbWluIiwiaWF0IjoxNjkzMzIwNDM1LCJleHAiOjE2OTMzMjA0NjV9.pYtJKGCmR3dZMGlMvnOJjSYHfEuGmtXon1yOXlTNnwk','BEARER',_binary '',_binary '',19),(341,'eyJhbGciOiJIUzI1NiJ9.eyJSb2xlIjpbeyJhdXRob3JpdHkiOiJhZG1pbjpyZWFkIn0seyJhdXRob3JpdHkiOiJtYW5hZ2VtZW50OmRlbGV0ZSJ9LHsiYXV0aG9yaXR5IjoiYWRtaW46dXBkYXRlIn0seyJhdXRob3JpdHkiOiJhZG1pbjpjcmVhdGUifSx7ImF1dGhvcml0eSI6Im1hbmFnZW1lbnQ6cmVhZCJ9LHsiYXV0aG9yaXR5IjoibWFuYWdlbWVudDpjcmVhdGUifSx7ImF1dGhvcml0eSI6Im1hbmFnZW1lbnQ6dXBkYXRlIn0seyJhdXRob3JpdHkiOiJhZG1pbjpkZWxldGUifSx7ImF1dGhvcml0eSI6IlJPTEVfQURNSU4ifV0sInN1YiI6ImFkbWluIiwiaWF0IjoxNjkzMzcxMjg4LCJleHAiOjE2OTMzNzEzMTh9.iiWFMtCtLQC_0WHj6TtqMLPYxIsj-rSFY2YCMvSmGjQ','BEARER',_binary '',_binary '',19),(342,'eyJhbGciOiJIUzI1NiJ9.eyJSb2xlIjpbeyJhdXRob3JpdHkiOiJhZG1pbjpyZWFkIn0seyJhdXRob3JpdHkiOiJtYW5hZ2VtZW50OmRlbGV0ZSJ9LHsiYXV0aG9yaXR5IjoiYWRtaW46dXBkYXRlIn0seyJhdXRob3JpdHkiOiJhZG1pbjpjcmVhdGUifSx7ImF1dGhvcml0eSI6Im1hbmFnZW1lbnQ6cmVhZCJ9LHsiYXV0aG9yaXR5IjoibWFuYWdlbWVudDpjcmVhdGUifSx7ImF1dGhvcml0eSI6Im1hbmFnZW1lbnQ6dXBkYXRlIn0seyJhdXRob3JpdHkiOiJhZG1pbjpkZWxldGUifSx7ImF1dGhvcml0eSI6IlJPTEVfQURNSU4ifV0sInN1YiI6ImFkbWluIiwiaWF0IjoxNjkzMzcxNTcxLCJleHAiOjE2OTMzNzE2MDF9.zzymBzBEyA5vQqNx0809NEVoXozLCXyoIq7Ebi5pIJg','BEARER',_binary '',_binary '',19),(343,'eyJhbGciOiJIUzI1NiJ9.eyJSb2xlIjpbeyJhdXRob3JpdHkiOiJhZG1pbjpyZWFkIn0seyJhdXRob3JpdHkiOiJtYW5hZ2VtZW50OmRlbGV0ZSJ9LHsiYXV0aG9yaXR5IjoiYWRtaW46dXBkYXRlIn0seyJhdXRob3JpdHkiOiJhZG1pbjpjcmVhdGUifSx7ImF1dGhvcml0eSI6Im1hbmFnZW1lbnQ6cmVhZCJ9LHsiYXV0aG9yaXR5IjoibWFuYWdlbWVudDpjcmVhdGUifSx7ImF1dGhvcml0eSI6Im1hbmFnZW1lbnQ6dXBkYXRlIn0seyJhdXRob3JpdHkiOiJhZG1pbjpkZWxldGUifSx7ImF1dGhvcml0eSI6IlJPTEVfQURNSU4ifV0sInN1YiI6ImFkbWluIiwiaWF0IjoxNjkzMzcxNjAyLCJleHAiOjE2OTMzNzE2MzJ9.f7OeIimXjptqcXrT4ZZlviw1J_dgNgaB4N8eolgQ_oE','BEARER',_binary '',_binary '',19),(344,'eyJhbGciOiJIUzI1NiJ9.eyJSb2xlIjpbeyJhdXRob3JpdHkiOiJhZG1pbjpyZWFkIn0seyJhdXRob3JpdHkiOiJtYW5hZ2VtZW50OmRlbGV0ZSJ9LHsiYXV0aG9yaXR5IjoiYWRtaW46dXBkYXRlIn0seyJhdXRob3JpdHkiOiJhZG1pbjpjcmVhdGUifSx7ImF1dGhvcml0eSI6Im1hbmFnZW1lbnQ6cmVhZCJ9LHsiYXV0aG9yaXR5IjoibWFuYWdlbWVudDpjcmVhdGUifSx7ImF1dGhvcml0eSI6Im1hbmFnZW1lbnQ6dXBkYXRlIn0seyJhdXRob3JpdHkiOiJhZG1pbjpkZWxldGUifSx7ImF1dGhvcml0eSI6IlJPTEVfQURNSU4ifV0sInN1YiI6ImFkbWluIiwiaWF0IjoxNjkzMzcyMDAzLCJleHAiOjE2OTMzNzIwMzN9.JCcjyiJiF1rZMd_hipFps5KFUeE1LjPsE52Y_SGSxlE','BEARER',_binary '',_binary '',19),(345,'eyJhbGciOiJIUzI1NiJ9.eyJSb2xlIjpbeyJhdXRob3JpdHkiOiJhZG1pbjpyZWFkIn0seyJhdXRob3JpdHkiOiJtYW5hZ2VtZW50OmRlbGV0ZSJ9LHsiYXV0aG9yaXR5IjoiYWRtaW46dXBkYXRlIn0seyJhdXRob3JpdHkiOiJhZG1pbjpjcmVhdGUifSx7ImF1dGhvcml0eSI6Im1hbmFnZW1lbnQ6cmVhZCJ9LHsiYXV0aG9yaXR5IjoibWFuYWdlbWVudDpjcmVhdGUifSx7ImF1dGhvcml0eSI6Im1hbmFnZW1lbnQ6dXBkYXRlIn0seyJhdXRob3JpdHkiOiJhZG1pbjpkZWxldGUifSx7ImF1dGhvcml0eSI6IlJPTEVfQURNSU4ifV0sInN1YiI6ImFkbWluIiwiaWF0IjoxNjkzMzcyMDg3LCJleHAiOjE2OTMzNzIxMTd9.X3YtW7lWdhKBBx_UTEJSCkbXjCkJTL2tSKpFD5Prja0','BEARER',_binary '',_binary '',19),(346,'eyJhbGciOiJIUzI1NiJ9.eyJSb2xlIjpbeyJhdXRob3JpdHkiOiJST0xFX1VTRVIifV0sInN1YiI6IngiLCJpYXQiOjE2OTMzNzIxMzMsImV4cCI6MTY5MzM3MjE2M30.5fTS_a0yIy3R2HG36kWRFaKPrdgB-VnAZSXJij8d9v0','BEARER',_binary '',_binary '',25),(347,'eyJhbGciOiJIUzI1NiJ9.eyJSb2xlIjpbeyJhdXRob3JpdHkiOiJST0xFX1VTRVIifV0sInN1YiI6IngiLCJpYXQiOjE2OTMzNzIyNDcsImV4cCI6MTY5MzM3MjI3N30.t3SMJAkw_jwaBcJ4aQVihF3K9l1Bct6obdKY7-sTgZk','BEARER',_binary '',_binary '',25),(348,'eyJhbGciOiJIUzI1NiJ9.eyJSb2xlIjpbeyJhdXRob3JpdHkiOiJhZG1pbjpjcmVhdGUifSx7ImF1dGhvcml0eSI6ImFkbWluOnJlYWQifSx7ImF1dGhvcml0eSI6Im1hbmFnZW1lbnQ6Y3JlYXRlIn0seyJhdXRob3JpdHkiOiJtYW5hZ2VtZW50OmRlbGV0ZSJ9LHsiYXV0aG9yaXR5IjoiYWRtaW46ZGVsZXRlIn0seyJhdXRob3JpdHkiOiJhZG1pbjp1cGRhdGUifSx7ImF1dGhvcml0eSI6Im1hbmFnZW1lbnQ6cmVhZCJ9LHsiYXV0aG9yaXR5IjoibWFuYWdlbWVudDp1cGRhdGUifSx7ImF1dGhvcml0eSI6IlJPTEVfQURNSU4ifV0sInN1YiI6ImFkbWluIiwiaWF0IjoxNjkzMzcyNzcyLCJleHAiOjE2OTMzNzI4MDJ9.f5_IZQsihP0HKpOTDKnzCd3PACYSsUxdKQgPQDnlp_I','BEARER',_binary '',_binary '',19),(349,'eyJhbGciOiJIUzI1NiJ9.eyJSb2xlIjpbeyJhdXRob3JpdHkiOiJhZG1pbjpjcmVhdGUifSx7ImF1dGhvcml0eSI6ImFkbWluOnJlYWQifSx7ImF1dGhvcml0eSI6Im1hbmFnZW1lbnQ6Y3JlYXRlIn0seyJhdXRob3JpdHkiOiJtYW5hZ2VtZW50OmRlbGV0ZSJ9LHsiYXV0aG9yaXR5IjoiYWRtaW46ZGVsZXRlIn0seyJhdXRob3JpdHkiOiJhZG1pbjp1cGRhdGUifSx7ImF1dGhvcml0eSI6Im1hbmFnZW1lbnQ6cmVhZCJ9LHsiYXV0aG9yaXR5IjoibWFuYWdlbWVudDp1cGRhdGUifSx7ImF1dGhvcml0eSI6IlJPTEVfQURNSU4ifV0sInN1YiI6ImFkbWluIiwiaWF0IjoxNjkzMzcyODAzLCJleHAiOjE2OTMzNzI4MzN9.4V_7EjDtvS3Kx9M_ZB7qZslgk7bc6POOVSu85OjaUCE','BEARER',_binary '',_binary '',19),(350,'eyJhbGciOiJIUzI1NiJ9.eyJSb2xlIjpbeyJhdXRob3JpdHkiOiJhZG1pbjpjcmVhdGUifSx7ImF1dGhvcml0eSI6ImFkbWluOnJlYWQifSx7ImF1dGhvcml0eSI6Im1hbmFnZW1lbnQ6Y3JlYXRlIn0seyJhdXRob3JpdHkiOiJtYW5hZ2VtZW50OmRlbGV0ZSJ9LHsiYXV0aG9yaXR5IjoiYWRtaW46ZGVsZXRlIn0seyJhdXRob3JpdHkiOiJhZG1pbjp1cGRhdGUifSx7ImF1dGhvcml0eSI6Im1hbmFnZW1lbnQ6cmVhZCJ9LHsiYXV0aG9yaXR5IjoibWFuYWdlbWVudDp1cGRhdGUifSx7ImF1dGhvcml0eSI6IlJPTEVfQURNSU4ifV0sInN1YiI6ImFkbWluIiwiaWF0IjoxNjkzMzcyODE2LCJleHAiOjE2OTMzNzI4NDZ9.QSJYczI1ZGcpSfrVp9N1IJHOCeEaAIiXz1IDoe1xI8w','BEARER',_binary '',_binary '',19),(351,'eyJhbGciOiJIUzI1NiJ9.eyJSb2xlIjpbeyJhdXRob3JpdHkiOiJhZG1pbjpjcmVhdGUifSx7ImF1dGhvcml0eSI6ImFkbWluOnJlYWQifSx7ImF1dGhvcml0eSI6Im1hbmFnZW1lbnQ6Y3JlYXRlIn0seyJhdXRob3JpdHkiOiJtYW5hZ2VtZW50OmRlbGV0ZSJ9LHsiYXV0aG9yaXR5IjoiYWRtaW46ZGVsZXRlIn0seyJhdXRob3JpdHkiOiJhZG1pbjp1cGRhdGUifSx7ImF1dGhvcml0eSI6Im1hbmFnZW1lbnQ6cmVhZCJ9LHsiYXV0aG9yaXR5IjoibWFuYWdlbWVudDp1cGRhdGUifSx7ImF1dGhvcml0eSI6IlJPTEVfQURNSU4ifV0sInN1YiI6ImFkbWluIiwiaWF0IjoxNjkzMzcyODg0LCJleHAiOjE2OTMzNzI5MTR9.byrouubNSW_H35nm8jZNTJ2cEthPedJE7ne-_KJ55nI','BEARER',_binary '',_binary '',19),(352,'eyJhbGciOiJIUzI1NiJ9.eyJSb2xlIjpbeyJhdXRob3JpdHkiOiJhZG1pbjpjcmVhdGUifSx7ImF1dGhvcml0eSI6ImFkbWluOnJlYWQifSx7ImF1dGhvcml0eSI6Im1hbmFnZW1lbnQ6Y3JlYXRlIn0seyJhdXRob3JpdHkiOiJtYW5hZ2VtZW50OmRlbGV0ZSJ9LHsiYXV0aG9yaXR5IjoiYWRtaW46ZGVsZXRlIn0seyJhdXRob3JpdHkiOiJhZG1pbjp1cGRhdGUifSx7ImF1dGhvcml0eSI6Im1hbmFnZW1lbnQ6cmVhZCJ9LHsiYXV0aG9yaXR5IjoibWFuYWdlbWVudDp1cGRhdGUifSx7ImF1dGhvcml0eSI6IlJPTEVfQURNSU4ifV0sInN1YiI6ImFkbWluIiwiaWF0IjoxNjkzMzcyOTUxLCJleHAiOjE2OTMzNzI5ODF9.M3hFvAGpUWTlaVBIQcZYKdEmtK1xBXJ8Yq6lM5lPR8U','BEARER',_binary '',_binary '',19),(353,'eyJhbGciOiJIUzI1NiJ9.eyJSb2xlIjpbeyJhdXRob3JpdHkiOiJhZG1pbjpjcmVhdGUifSx7ImF1dGhvcml0eSI6ImFkbWluOnJlYWQifSx7ImF1dGhvcml0eSI6Im1hbmFnZW1lbnQ6Y3JlYXRlIn0seyJhdXRob3JpdHkiOiJtYW5hZ2VtZW50OmRlbGV0ZSJ9LHsiYXV0aG9yaXR5IjoiYWRtaW46ZGVsZXRlIn0seyJhdXRob3JpdHkiOiJhZG1pbjp1cGRhdGUifSx7ImF1dGhvcml0eSI6Im1hbmFnZW1lbnQ6cmVhZCJ9LHsiYXV0aG9yaXR5IjoibWFuYWdlbWVudDp1cGRhdGUifSx7ImF1dGhvcml0eSI6IlJPTEVfQURNSU4ifV0sInN1YiI6ImFkbWluIiwiaWF0IjoxNjkzMzczMTg4LCJleHAiOjE2OTMzNzMyMTh9.c3SGbxT-K0yKWEFBe_wJA61SW6plfXerRNxC6ejd6Q4','BEARER',_binary '',_binary '',19),(354,'eyJhbGciOiJIUzI1NiJ9.eyJSb2xlIjpbeyJhdXRob3JpdHkiOiJhZG1pbjpjcmVhdGUifSx7ImF1dGhvcml0eSI6ImFkbWluOnJlYWQifSx7ImF1dGhvcml0eSI6Im1hbmFnZW1lbnQ6Y3JlYXRlIn0seyJhdXRob3JpdHkiOiJtYW5hZ2VtZW50OmRlbGV0ZSJ9LHsiYXV0aG9yaXR5IjoiYWRtaW46ZGVsZXRlIn0seyJhdXRob3JpdHkiOiJhZG1pbjp1cGRhdGUifSx7ImF1dGhvcml0eSI6Im1hbmFnZW1lbnQ6cmVhZCJ9LHsiYXV0aG9yaXR5IjoibWFuYWdlbWVudDp1cGRhdGUifSx7ImF1dGhvcml0eSI6IlJPTEVfQURNSU4ifV0sInN1YiI6ImFkbWluIiwiaWF0IjoxNjkzMzczODg3LCJleHAiOjE2OTMzNzM5MTd9.Z8avvYtgMXajGmnRE2gjIJUYmLbVqBQOAG0FXSFfJZI','BEARER',_binary '',_binary '',19),(355,'eyJhbGciOiJIUzI1NiJ9.eyJSb2xlIjpbeyJhdXRob3JpdHkiOiJhZG1pbjpjcmVhdGUifSx7ImF1dGhvcml0eSI6ImFkbWluOnJlYWQifSx7ImF1dGhvcml0eSI6Im1hbmFnZW1lbnQ6Y3JlYXRlIn0seyJhdXRob3JpdHkiOiJtYW5hZ2VtZW50OmRlbGV0ZSJ9LHsiYXV0aG9yaXR5IjoiYWRtaW46ZGVsZXRlIn0seyJhdXRob3JpdHkiOiJhZG1pbjp1cGRhdGUifSx7ImF1dGhvcml0eSI6Im1hbmFnZW1lbnQ6cmVhZCJ9LHsiYXV0aG9yaXR5IjoibWFuYWdlbWVudDp1cGRhdGUifSx7ImF1dGhvcml0eSI6IlJPTEVfQURNSU4ifV0sInN1YiI6ImFkbWluIiwiaWF0IjoxNjkzMzczODk1LCJleHAiOjE2OTMzNzM5MjV9.VdRdcEIFLG87mZlAf-RzTs34fKYiR3plTnIugkyIy1w','BEARER',_binary '',_binary '',19),(356,'eyJhbGciOiJIUzI1NiJ9.eyJSb2xlIjpbeyJhdXRob3JpdHkiOiJhZG1pbjpjcmVhdGUifSx7ImF1dGhvcml0eSI6ImFkbWluOnJlYWQifSx7ImF1dGhvcml0eSI6Im1hbmFnZW1lbnQ6Y3JlYXRlIn0seyJhdXRob3JpdHkiOiJtYW5hZ2VtZW50OmRlbGV0ZSJ9LHsiYXV0aG9yaXR5IjoiYWRtaW46ZGVsZXRlIn0seyJhdXRob3JpdHkiOiJhZG1pbjp1cGRhdGUifSx7ImF1dGhvcml0eSI6Im1hbmFnZW1lbnQ6cmVhZCJ9LHsiYXV0aG9yaXR5IjoibWFuYWdlbWVudDp1cGRhdGUifSx7ImF1dGhvcml0eSI6IlJPTEVfQURNSU4ifV0sInN1YiI6ImFkbWluIiwiaWF0IjoxNjkzMzc0MjY3LCJleHAiOjE2OTMzNzQyOTd9.qVEQN57mIOb2D_lBNjnycyGDy7xRaTqVZutAm2tM1fE','BEARER',_binary '',_binary '',19),(357,'eyJhbGciOiJIUzI1NiJ9.eyJSb2xlIjpbeyJhdXRob3JpdHkiOiJhZG1pbjpjcmVhdGUifSx7ImF1dGhvcml0eSI6ImFkbWluOnJlYWQifSx7ImF1dGhvcml0eSI6Im1hbmFnZW1lbnQ6Y3JlYXRlIn0seyJhdXRob3JpdHkiOiJtYW5hZ2VtZW50OmRlbGV0ZSJ9LHsiYXV0aG9yaXR5IjoiYWRtaW46ZGVsZXRlIn0seyJhdXRob3JpdHkiOiJhZG1pbjp1cGRhdGUifSx7ImF1dGhvcml0eSI6Im1hbmFnZW1lbnQ6cmVhZCJ9LHsiYXV0aG9yaXR5IjoibWFuYWdlbWVudDp1cGRhdGUifSx7ImF1dGhvcml0eSI6IlJPTEVfQURNSU4ifV0sInN1YiI6ImFkbWluIiwiaWF0IjoxNjkzMzc0Mzk2LCJleHAiOjE2OTMzNzQ0MjZ9.iNOcVDX2brkHipYErwxqKyG5uhbXs6F4T6Ep2-mJM0c','BEARER',_binary '',_binary '',19),(358,'eyJhbGciOiJIUzI1NiJ9.eyJSb2xlIjpbeyJhdXRob3JpdHkiOiJhZG1pbjpjcmVhdGUifSx7ImF1dGhvcml0eSI6ImFkbWluOnJlYWQifSx7ImF1dGhvcml0eSI6Im1hbmFnZW1lbnQ6Y3JlYXRlIn0seyJhdXRob3JpdHkiOiJtYW5hZ2VtZW50OmRlbGV0ZSJ9LHsiYXV0aG9yaXR5IjoiYWRtaW46ZGVsZXRlIn0seyJhdXRob3JpdHkiOiJhZG1pbjp1cGRhdGUifSx7ImF1dGhvcml0eSI6Im1hbmFnZW1lbnQ6cmVhZCJ9LHsiYXV0aG9yaXR5IjoibWFuYWdlbWVudDp1cGRhdGUifSx7ImF1dGhvcml0eSI6IlJPTEVfQURNSU4ifV0sInN1YiI6ImFkbWluIiwiaWF0IjoxNjkzMzc1Mzk3LCJleHAiOjE2OTMzNzU0Mjd9.xm3a7rSuhAcsvZnaWW05_7U24lx2ZQ_ifS1-_Fb000o','BEARER',_binary '',_binary '',19),(359,'eyJhbGciOiJIUzI1NiJ9.eyJSb2xlIjpbeyJhdXRob3JpdHkiOiJhZG1pbjpjcmVhdGUifSx7ImF1dGhvcml0eSI6ImFkbWluOnJlYWQifSx7ImF1dGhvcml0eSI6Im1hbmFnZW1lbnQ6Y3JlYXRlIn0seyJhdXRob3JpdHkiOiJtYW5hZ2VtZW50OmRlbGV0ZSJ9LHsiYXV0aG9yaXR5IjoiYWRtaW46ZGVsZXRlIn0seyJhdXRob3JpdHkiOiJhZG1pbjp1cGRhdGUifSx7ImF1dGhvcml0eSI6Im1hbmFnZW1lbnQ6cmVhZCJ9LHsiYXV0aG9yaXR5IjoibWFuYWdlbWVudDp1cGRhdGUifSx7ImF1dGhvcml0eSI6IlJPTEVfQURNSU4ifV0sInN1YiI6ImFkbWluIiwiaWF0IjoxNjkzMzc1NDczLCJleHAiOjE2OTMzNzU1MDN9.uwEXDRhPX-Eixp_0dtQMsdhbnQPGbmkLL2fSm6_Xdvs','BEARER',_binary '',_binary '',19),(360,'eyJhbGciOiJIUzI1NiJ9.eyJSb2xlIjpbeyJhdXRob3JpdHkiOiJhZG1pbjpjcmVhdGUifSx7ImF1dGhvcml0eSI6ImFkbWluOnJlYWQifSx7ImF1dGhvcml0eSI6Im1hbmFnZW1lbnQ6Y3JlYXRlIn0seyJhdXRob3JpdHkiOiJtYW5hZ2VtZW50OmRlbGV0ZSJ9LHsiYXV0aG9yaXR5IjoiYWRtaW46ZGVsZXRlIn0seyJhdXRob3JpdHkiOiJhZG1pbjp1cGRhdGUifSx7ImF1dGhvcml0eSI6Im1hbmFnZW1lbnQ6cmVhZCJ9LHsiYXV0aG9yaXR5IjoibWFuYWdlbWVudDp1cGRhdGUifSx7ImF1dGhvcml0eSI6IlJPTEVfQURNSU4ifV0sInN1YiI6ImFkbWluIiwiaWF0IjoxNjkzMzc1NjEzLCJleHAiOjE2OTMzNzU2NDN9.VSR8VumYGTidMZptpGo2bUpqH05UV6GA51CXhhmOMCM','BEARER',_binary '',_binary '',19),(361,'eyJhbGciOiJIUzI1NiJ9.eyJSb2xlIjpbeyJhdXRob3JpdHkiOiJhZG1pbjpjcmVhdGUifSx7ImF1dGhvcml0eSI6ImFkbWluOnJlYWQifSx7ImF1dGhvcml0eSI6Im1hbmFnZW1lbnQ6Y3JlYXRlIn0seyJhdXRob3JpdHkiOiJtYW5hZ2VtZW50OmRlbGV0ZSJ9LHsiYXV0aG9yaXR5IjoiYWRtaW46ZGVsZXRlIn0seyJhdXRob3JpdHkiOiJhZG1pbjp1cGRhdGUifSx7ImF1dGhvcml0eSI6Im1hbmFnZW1lbnQ6cmVhZCJ9LHsiYXV0aG9yaXR5IjoibWFuYWdlbWVudDp1cGRhdGUifSx7ImF1dGhvcml0eSI6IlJPTEVfQURNSU4ifV0sInN1YiI6ImFkbWluIiwiaWF0IjoxNjkzMzc1NzczLCJleHAiOjE2OTMzNzU4MDN9.Wnx6l1OX6IdkfvJDIxdIoS6x6OpmpRI4WXc0ybWk32o','BEARER',_binary '',_binary '',19),(362,'eyJhbGciOiJIUzI1NiJ9.eyJSb2xlIjpbeyJhdXRob3JpdHkiOiJhZG1pbjpjcmVhdGUifSx7ImF1dGhvcml0eSI6ImFkbWluOnJlYWQifSx7ImF1dGhvcml0eSI6Im1hbmFnZW1lbnQ6Y3JlYXRlIn0seyJhdXRob3JpdHkiOiJtYW5hZ2VtZW50OmRlbGV0ZSJ9LHsiYXV0aG9yaXR5IjoiYWRtaW46ZGVsZXRlIn0seyJhdXRob3JpdHkiOiJhZG1pbjp1cGRhdGUifSx7ImF1dGhvcml0eSI6Im1hbmFnZW1lbnQ6cmVhZCJ9LHsiYXV0aG9yaXR5IjoibWFuYWdlbWVudDp1cGRhdGUifSx7ImF1dGhvcml0eSI6IlJPTEVfQURNSU4ifV0sInN1YiI6ImFkbWluIiwiaWF0IjoxNjkzMzc2MDc2LCJleHAiOjE2OTMzNzYxMDZ9.gcAbzef50cuhpzqg7k6X9KS_7kXDDzQtBdYRlthDg60','BEARER',_binary '',_binary '',19),(363,'eyJhbGciOiJIUzI1NiJ9.eyJSb2xlIjpbeyJhdXRob3JpdHkiOiJhZG1pbjpjcmVhdGUifSx7ImF1dGhvcml0eSI6ImFkbWluOnJlYWQifSx7ImF1dGhvcml0eSI6Im1hbmFnZW1lbnQ6Y3JlYXRlIn0seyJhdXRob3JpdHkiOiJtYW5hZ2VtZW50OmRlbGV0ZSJ9LHsiYXV0aG9yaXR5IjoiYWRtaW46ZGVsZXRlIn0seyJhdXRob3JpdHkiOiJhZG1pbjp1cGRhdGUifSx7ImF1dGhvcml0eSI6Im1hbmFnZW1lbnQ6cmVhZCJ9LHsiYXV0aG9yaXR5IjoibWFuYWdlbWVudDp1cGRhdGUifSx7ImF1dGhvcml0eSI6IlJPTEVfQURNSU4ifV0sInN1YiI6ImFkbWluIiwiaWF0IjoxNjkzMzc2MTI0LCJleHAiOjE2OTMzNzYxNTR9.G1CA9iHyuXUJfU9enEzYA6_up3XlvGFvdrgwCQnN7WI','BEARER',_binary '',_binary '',19),(364,'eyJhbGciOiJIUzI1NiJ9.eyJSb2xlIjpbeyJhdXRob3JpdHkiOiJhZG1pbjpjcmVhdGUifSx7ImF1dGhvcml0eSI6ImFkbWluOnJlYWQifSx7ImF1dGhvcml0eSI6Im1hbmFnZW1lbnQ6Y3JlYXRlIn0seyJhdXRob3JpdHkiOiJtYW5hZ2VtZW50OmRlbGV0ZSJ9LHsiYXV0aG9yaXR5IjoiYWRtaW46ZGVsZXRlIn0seyJhdXRob3JpdHkiOiJhZG1pbjp1cGRhdGUifSx7ImF1dGhvcml0eSI6Im1hbmFnZW1lbnQ6cmVhZCJ9LHsiYXV0aG9yaXR5IjoibWFuYWdlbWVudDp1cGRhdGUifSx7ImF1dGhvcml0eSI6IlJPTEVfQURNSU4ifV0sInN1YiI6ImFkbWluIiwiaWF0IjoxNjkzMzc2MTU3LCJleHAiOjE2OTMzNzYxODd9.L_7s2Bc0mijkwIuiYoW_Nqn5HUHjGrT9X3SFlwWsU4I','BEARER',_binary '',_binary '',19),(365,'eyJhbGciOiJIUzI1NiJ9.eyJSb2xlIjpbeyJhdXRob3JpdHkiOiJhZG1pbjpjcmVhdGUifSx7ImF1dGhvcml0eSI6ImFkbWluOnJlYWQifSx7ImF1dGhvcml0eSI6Im1hbmFnZW1lbnQ6Y3JlYXRlIn0seyJhdXRob3JpdHkiOiJtYW5hZ2VtZW50OmRlbGV0ZSJ9LHsiYXV0aG9yaXR5IjoiYWRtaW46ZGVsZXRlIn0seyJhdXRob3JpdHkiOiJhZG1pbjp1cGRhdGUifSx7ImF1dGhvcml0eSI6Im1hbmFnZW1lbnQ6cmVhZCJ9LHsiYXV0aG9yaXR5IjoibWFuYWdlbWVudDp1cGRhdGUifSx7ImF1dGhvcml0eSI6IlJPTEVfQURNSU4ifV0sInN1YiI6ImFkbWluIiwiaWF0IjoxNjkzMzc2MjE1LCJleHAiOjE2OTMzNzYyNDV9.AGn--B8kKOlB8BBYHMOphZ4C_XaNogc5lz7Vxmn1ANQ','BEARER',_binary '',_binary '',19),(366,'eyJhbGciOiJIUzI1NiJ9.eyJSb2xlIjpbeyJhdXRob3JpdHkiOiJhZG1pbjpjcmVhdGUifSx7ImF1dGhvcml0eSI6ImFkbWluOnJlYWQifSx7ImF1dGhvcml0eSI6Im1hbmFnZW1lbnQ6Y3JlYXRlIn0seyJhdXRob3JpdHkiOiJtYW5hZ2VtZW50OmRlbGV0ZSJ9LHsiYXV0aG9yaXR5IjoiYWRtaW46ZGVsZXRlIn0seyJhdXRob3JpdHkiOiJhZG1pbjp1cGRhdGUifSx7ImF1dGhvcml0eSI6Im1hbmFnZW1lbnQ6cmVhZCJ9LHsiYXV0aG9yaXR5IjoibWFuYWdlbWVudDp1cGRhdGUifSx7ImF1dGhvcml0eSI6IlJPTEVfQURNSU4ifV0sInN1YiI6ImFkbWluIiwiaWF0IjoxNjkzMzc2Mjg0LCJleHAiOjE2OTMzNzYzMTR9.jHvdq-xpJqPsEBOLARVvqp9ViqVgka9TWUfpmOyTl3s','BEARER',_binary '',_binary '',19),(367,'eyJhbGciOiJIUzI1NiJ9.eyJSb2xlIjpbeyJhdXRob3JpdHkiOiJhZG1pbjpjcmVhdGUifSx7ImF1dGhvcml0eSI6ImFkbWluOnJlYWQifSx7ImF1dGhvcml0eSI6Im1hbmFnZW1lbnQ6Y3JlYXRlIn0seyJhdXRob3JpdHkiOiJtYW5hZ2VtZW50OmRlbGV0ZSJ9LHsiYXV0aG9yaXR5IjoiYWRtaW46ZGVsZXRlIn0seyJhdXRob3JpdHkiOiJhZG1pbjp1cGRhdGUifSx7ImF1dGhvcml0eSI6Im1hbmFnZW1lbnQ6cmVhZCJ9LHsiYXV0aG9yaXR5IjoibWFuYWdlbWVudDp1cGRhdGUifSx7ImF1dGhvcml0eSI6IlJPTEVfQURNSU4ifV0sInN1YiI6ImFkbWluIiwiaWF0IjoxNjkzMzc2NTgyLCJleHAiOjE2OTMzNzY2MTJ9.cDU79ha7krgq1RgL3hqlPPZtdBQlho-0LpzJG7G-JKI','BEARER',_binary '',_binary '',19),(368,'eyJhbGciOiJIUzI1NiJ9.eyJSb2xlIjpbeyJhdXRob3JpdHkiOiJhZG1pbjpjcmVhdGUifSx7ImF1dGhvcml0eSI6ImFkbWluOnJlYWQifSx7ImF1dGhvcml0eSI6Im1hbmFnZW1lbnQ6Y3JlYXRlIn0seyJhdXRob3JpdHkiOiJtYW5hZ2VtZW50OmRlbGV0ZSJ9LHsiYXV0aG9yaXR5IjoiYWRtaW46ZGVsZXRlIn0seyJhdXRob3JpdHkiOiJhZG1pbjp1cGRhdGUifSx7ImF1dGhvcml0eSI6Im1hbmFnZW1lbnQ6cmVhZCJ9LHsiYXV0aG9yaXR5IjoibWFuYWdlbWVudDp1cGRhdGUifSx7ImF1dGhvcml0eSI6IlJPTEVfQURNSU4ifV0sInN1YiI6ImFkbWluIiwiaWF0IjoxNjkzMzc2NTkyLCJleHAiOjE2OTMzNzY2MjJ9.M4hdHgVr6814MejF7tDJAnLXjRjErBVdES__x75dn6E','BEARER',_binary '',_binary '',19),(369,'eyJhbGciOiJIUzI1NiJ9.eyJSb2xlIjpbeyJhdXRob3JpdHkiOiJhZG1pbjpjcmVhdGUifSx7ImF1dGhvcml0eSI6ImFkbWluOnJlYWQifSx7ImF1dGhvcml0eSI6Im1hbmFnZW1lbnQ6Y3JlYXRlIn0seyJhdXRob3JpdHkiOiJtYW5hZ2VtZW50OmRlbGV0ZSJ9LHsiYXV0aG9yaXR5IjoiYWRtaW46ZGVsZXRlIn0seyJhdXRob3JpdHkiOiJhZG1pbjp1cGRhdGUifSx7ImF1dGhvcml0eSI6Im1hbmFnZW1lbnQ6cmVhZCJ9LHsiYXV0aG9yaXR5IjoibWFuYWdlbWVudDp1cGRhdGUifSx7ImF1dGhvcml0eSI6IlJPTEVfQURNSU4ifV0sInN1YiI6ImFkbWluIiwiaWF0IjoxNjkzMzc2NzQyLCJleHAiOjE2OTMzNzY3NzJ9.FKhtPnwtWn68OX1HLSI3HqUr3V6YohX_tC5gU9x8zl4','BEARER',_binary '',_binary '',19),(370,'eyJhbGciOiJIUzI1NiJ9.eyJSb2xlIjpbeyJhdXRob3JpdHkiOiJtYW5hZ2VtZW50OnJlYWQifSx7ImF1dGhvcml0eSI6ImFkbWluOmNyZWF0ZSJ9LHsiYXV0aG9yaXR5IjoibWFuYWdlbWVudDpjcmVhdGUifSx7ImF1dGhvcml0eSI6Im1hbmFnZW1lbnQ6dXBkYXRlIn0seyJhdXRob3JpdHkiOiJtYW5hZ2VtZW50OmRlbGV0ZSJ9LHsiYXV0aG9yaXR5IjoiYWRtaW46dXBkYXRlIn0seyJhdXRob3JpdHkiOiJhZG1pbjpkZWxldGUifSx7ImF1dGhvcml0eSI6ImFkbWluOnJlYWQifSx7ImF1dGhvcml0eSI6IlJPTEVfQURNSU4ifV0sInN1YiI6ImFkbWluIiwiaWF0IjoxNjkzMzk3NTk0LCJleHAiOjE2OTMzOTc2MjR9.gQ_rqeJJi5_798W_hz1v1j9EEWl_tst5jGgdOT6pPmA','BEARER',_binary '',_binary '',19),(371,'eyJhbGciOiJIUzI1NiJ9.eyJSb2xlIjpbeyJhdXRob3JpdHkiOiJtYW5hZ2VtZW50OnJlYWQifSx7ImF1dGhvcml0eSI6ImFkbWluOmNyZWF0ZSJ9LHsiYXV0aG9yaXR5IjoibWFuYWdlbWVudDpjcmVhdGUifSx7ImF1dGhvcml0eSI6Im1hbmFnZW1lbnQ6dXBkYXRlIn0seyJhdXRob3JpdHkiOiJtYW5hZ2VtZW50OmRlbGV0ZSJ9LHsiYXV0aG9yaXR5IjoiYWRtaW46dXBkYXRlIn0seyJhdXRob3JpdHkiOiJhZG1pbjpkZWxldGUifSx7ImF1dGhvcml0eSI6ImFkbWluOnJlYWQifSx7ImF1dGhvcml0eSI6IlJPTEVfQURNSU4ifV0sInN1YiI6ImFkbWluIiwiaWF0IjoxNjkzMzk3NjAxLCJleHAiOjE2OTMzOTc2MzF9.xuMm5fTjCu8yMxsKVamO-dLlP3SIWxb1KXdjG9RSVuI','BEARER',_binary '',_binary '',19),(372,'eyJhbGciOiJIUzI1NiJ9.eyJSb2xlIjpbeyJhdXRob3JpdHkiOiJtYW5hZ2VtZW50OnJlYWQifSx7ImF1dGhvcml0eSI6ImFkbWluOmNyZWF0ZSJ9LHsiYXV0aG9yaXR5IjoibWFuYWdlbWVudDpjcmVhdGUifSx7ImF1dGhvcml0eSI6Im1hbmFnZW1lbnQ6dXBkYXRlIn0seyJhdXRob3JpdHkiOiJtYW5hZ2VtZW50OmRlbGV0ZSJ9LHsiYXV0aG9yaXR5IjoiYWRtaW46dXBkYXRlIn0seyJhdXRob3JpdHkiOiJhZG1pbjpkZWxldGUifSx7ImF1dGhvcml0eSI6ImFkbWluOnJlYWQifSx7ImF1dGhvcml0eSI6IlJPTEVfQURNSU4ifV0sInN1YiI6ImFkbWluIiwiaWF0IjoxNjkzMzk4NDg2LCJleHAiOjE2OTMzOTg1MTZ9.hhe3UeJ2IXHexro8QMJpKdI7utgjqLr3RiphBMOOC1U','BEARER',_binary '',_binary '',19),(373,'eyJhbGciOiJIUzI1NiJ9.eyJSb2xlIjpbeyJhdXRob3JpdHkiOiJtYW5hZ2VtZW50OnJlYWQifSx7ImF1dGhvcml0eSI6ImFkbWluOmNyZWF0ZSJ9LHsiYXV0aG9yaXR5IjoibWFuYWdlbWVudDpjcmVhdGUifSx7ImF1dGhvcml0eSI6Im1hbmFnZW1lbnQ6dXBkYXRlIn0seyJhdXRob3JpdHkiOiJtYW5hZ2VtZW50OmRlbGV0ZSJ9LHsiYXV0aG9yaXR5IjoiYWRtaW46dXBkYXRlIn0seyJhdXRob3JpdHkiOiJhZG1pbjpkZWxldGUifSx7ImF1dGhvcml0eSI6ImFkbWluOnJlYWQifSx7ImF1dGhvcml0eSI6IlJPTEVfQURNSU4ifV0sInN1YiI6ImFkbWluIiwiaWF0IjoxNjkzMzk4NTE4LCJleHAiOjE2OTMzOTg1NDh9.WaU6kD0tTMjaIdwM0_HodX_4yk3vFkWN5apgoiLPiQk','BEARER',_binary '',_binary '',19),(374,'eyJhbGciOiJIUzI1NiJ9.eyJSb2xlIjpbeyJhdXRob3JpdHkiOiJtYW5hZ2VtZW50OnJlYWQifSx7ImF1dGhvcml0eSI6ImFkbWluOmNyZWF0ZSJ9LHsiYXV0aG9yaXR5IjoibWFuYWdlbWVudDpjcmVhdGUifSx7ImF1dGhvcml0eSI6Im1hbmFnZW1lbnQ6dXBkYXRlIn0seyJhdXRob3JpdHkiOiJtYW5hZ2VtZW50OmRlbGV0ZSJ9LHsiYXV0aG9yaXR5IjoiYWRtaW46dXBkYXRlIn0seyJhdXRob3JpdHkiOiJhZG1pbjpkZWxldGUifSx7ImF1dGhvcml0eSI6ImFkbWluOnJlYWQifSx7ImF1dGhvcml0eSI6IlJPTEVfQURNSU4ifV0sInN1YiI6ImFkbWluIiwiaWF0IjoxNjkzMzk4NTY5LCJleHAiOjE2OTMzOTg1OTl9.0Y6Xdv6fxe-TYhsdHukjOZz_kB29t6ZwroYDll7DQME','BEARER',_binary '',_binary '',19),(375,'eyJhbGciOiJIUzI1NiJ9.eyJSb2xlIjpbeyJhdXRob3JpdHkiOiJtYW5hZ2VtZW50OnJlYWQifSx7ImF1dGhvcml0eSI6ImFkbWluOmNyZWF0ZSJ9LHsiYXV0aG9yaXR5IjoibWFuYWdlbWVudDpjcmVhdGUifSx7ImF1dGhvcml0eSI6Im1hbmFnZW1lbnQ6dXBkYXRlIn0seyJhdXRob3JpdHkiOiJtYW5hZ2VtZW50OmRlbGV0ZSJ9LHsiYXV0aG9yaXR5IjoiYWRtaW46dXBkYXRlIn0seyJhdXRob3JpdHkiOiJhZG1pbjpkZWxldGUifSx7ImF1dGhvcml0eSI6ImFkbWluOnJlYWQifSx7ImF1dGhvcml0eSI6IlJPTEVfQURNSU4ifV0sInN1YiI6ImFkbWluIiwiaWF0IjoxNjkzMzk5NTY4LCJleHAiOjE2OTMzOTk1OTh9.rPibhILcDZR7xQ8cCt3fLoiqdKBmtH2UwrC3FPoTrSg','BEARER',_binary '',_binary '',19),(376,'eyJhbGciOiJIUzI1NiJ9.eyJSb2xlIjpbeyJhdXRob3JpdHkiOiJtYW5hZ2VtZW50OnJlYWQifSx7ImF1dGhvcml0eSI6ImFkbWluOmNyZWF0ZSJ9LHsiYXV0aG9yaXR5IjoibWFuYWdlbWVudDpjcmVhdGUifSx7ImF1dGhvcml0eSI6Im1hbmFnZW1lbnQ6dXBkYXRlIn0seyJhdXRob3JpdHkiOiJtYW5hZ2VtZW50OmRlbGV0ZSJ9LHsiYXV0aG9yaXR5IjoiYWRtaW46dXBkYXRlIn0seyJhdXRob3JpdHkiOiJhZG1pbjpkZWxldGUifSx7ImF1dGhvcml0eSI6ImFkbWluOnJlYWQifSx7ImF1dGhvcml0eSI6IlJPTEVfQURNSU4ifV0sInN1YiI6ImFkbWluIiwiaWF0IjoxNjkzMzk5Nzc1LCJleHAiOjE2OTMzOTk4MDV9.Jw8IvEhaDrutjpy0atpENv2AGVIYYgkDZFQhbeyGFb0','BEARER',_binary '',_binary '',19),(377,'eyJhbGciOiJIUzI1NiJ9.eyJSb2xlIjpbeyJhdXRob3JpdHkiOiJtYW5hZ2VtZW50OnJlYWQifSx7ImF1dGhvcml0eSI6ImFkbWluOmNyZWF0ZSJ9LHsiYXV0aG9yaXR5IjoibWFuYWdlbWVudDpjcmVhdGUifSx7ImF1dGhvcml0eSI6Im1hbmFnZW1lbnQ6dXBkYXRlIn0seyJhdXRob3JpdHkiOiJtYW5hZ2VtZW50OmRlbGV0ZSJ9LHsiYXV0aG9yaXR5IjoiYWRtaW46dXBkYXRlIn0seyJhdXRob3JpdHkiOiJhZG1pbjpkZWxldGUifSx7ImF1dGhvcml0eSI6ImFkbWluOnJlYWQifSx7ImF1dGhvcml0eSI6IlJPTEVfQURNSU4ifV0sInN1YiI6ImFkbWluIiwiaWF0IjoxNjkzMzk5ODcyLCJleHAiOjE2OTMzOTk5MDJ9.CFuCkP0c_nWI_f1455X4nOdiGNQiaI6XbuLMpTB0gcE','BEARER',_binary '',_binary '',19),(378,'eyJhbGciOiJIUzI1NiJ9.eyJSb2xlIjpbeyJhdXRob3JpdHkiOiJtYW5hZ2VtZW50OnJlYWQifSx7ImF1dGhvcml0eSI6ImFkbWluOmNyZWF0ZSJ9LHsiYXV0aG9yaXR5IjoibWFuYWdlbWVudDpjcmVhdGUifSx7ImF1dGhvcml0eSI6Im1hbmFnZW1lbnQ6dXBkYXRlIn0seyJhdXRob3JpdHkiOiJtYW5hZ2VtZW50OmRlbGV0ZSJ9LHsiYXV0aG9yaXR5IjoiYWRtaW46dXBkYXRlIn0seyJhdXRob3JpdHkiOiJhZG1pbjpkZWxldGUifSx7ImF1dGhvcml0eSI6ImFkbWluOnJlYWQifSx7ImF1dGhvcml0eSI6IlJPTEVfQURNSU4ifV0sInN1YiI6ImFkbWluIiwiaWF0IjoxNjkzMzk5OTE1LCJleHAiOjE2OTMzOTk5NDV9.JQDlDmOqGpe9n61H-yebz9wmcCiyHVQ2JNMB-M1Z0_I','BEARER',_binary '',_binary '',19),(379,'eyJhbGciOiJIUzI1NiJ9.eyJSb2xlIjpbeyJhdXRob3JpdHkiOiJhZG1pbjp1cGRhdGUifSx7ImF1dGhvcml0eSI6Im1hbmFnZW1lbnQ6ZGVsZXRlIn0seyJhdXRob3JpdHkiOiJtYW5hZ2VtZW50OnVwZGF0ZSJ9LHsiYXV0aG9yaXR5IjoibWFuYWdlbWVudDpjcmVhdGUifSx7ImF1dGhvcml0eSI6ImFkbWluOmNyZWF0ZSJ9LHsiYXV0aG9yaXR5IjoibWFuYWdlbWVudDpyZWFkIn0seyJhdXRob3JpdHkiOiJhZG1pbjpyZWFkIn0seyJhdXRob3JpdHkiOiJhZG1pbjpkZWxldGUifSx7ImF1dGhvcml0eSI6IlJPTEVfQURNSU4ifV0sInN1YiI6ImFkbWluIiwiaWF0IjoxNjkzNDUyODg1LCJleHAiOjE2OTM0NTI5MTV9.qO07bKydRxCIjvPXVKM_LxlrV5NjMBQkhLeGkUA4wYw','BEARER',_binary '',_binary '',19),(380,'eyJhbGciOiJIUzI1NiJ9.eyJSb2xlIjpbeyJhdXRob3JpdHkiOiJhZG1pbjp1cGRhdGUifSx7ImF1dGhvcml0eSI6Im1hbmFnZW1lbnQ6ZGVsZXRlIn0seyJhdXRob3JpdHkiOiJtYW5hZ2VtZW50OnVwZGF0ZSJ9LHsiYXV0aG9yaXR5IjoibWFuYWdlbWVudDpjcmVhdGUifSx7ImF1dGhvcml0eSI6ImFkbWluOmNyZWF0ZSJ9LHsiYXV0aG9yaXR5IjoibWFuYWdlbWVudDpyZWFkIn0seyJhdXRob3JpdHkiOiJhZG1pbjpyZWFkIn0seyJhdXRob3JpdHkiOiJhZG1pbjpkZWxldGUifSx7ImF1dGhvcml0eSI6IlJPTEVfQURNSU4ifV0sInN1YiI6ImFkbWluIiwiaWF0IjoxNjkzNDUyOTE4LCJleHAiOjE2OTM0NTI5NDh9.fpE-cenjzLzto2ccOvsPmNo7mYyIGZfRtctBy7pbfGw','BEARER',_binary '',_binary '',19),(381,'eyJhbGciOiJIUzI1NiJ9.eyJSb2xlIjpbeyJhdXRob3JpdHkiOiJhZG1pbjp1cGRhdGUifSx7ImF1dGhvcml0eSI6Im1hbmFnZW1lbnQ6ZGVsZXRlIn0seyJhdXRob3JpdHkiOiJtYW5hZ2VtZW50OnVwZGF0ZSJ9LHsiYXV0aG9yaXR5IjoibWFuYWdlbWVudDpjcmVhdGUifSx7ImF1dGhvcml0eSI6ImFkbWluOmNyZWF0ZSJ9LHsiYXV0aG9yaXR5IjoibWFuYWdlbWVudDpyZWFkIn0seyJhdXRob3JpdHkiOiJhZG1pbjpyZWFkIn0seyJhdXRob3JpdHkiOiJhZG1pbjpkZWxldGUifSx7ImF1dGhvcml0eSI6IlJPTEVfQURNSU4ifV0sInN1YiI6ImFkbWluIiwiaWF0IjoxNjkzNDUyOTgwLCJleHAiOjE2OTM0NTMwMTB9.r2OZR8T1D1zkC-V7CGJec0C8eJuCupcZrHfjbnmUY1o','BEARER',_binary '',_binary '',19),(382,'eyJhbGciOiJIUzI1NiJ9.eyJSb2xlIjpbeyJhdXRob3JpdHkiOiJhZG1pbjp1cGRhdGUifSx7ImF1dGhvcml0eSI6Im1hbmFnZW1lbnQ6ZGVsZXRlIn0seyJhdXRob3JpdHkiOiJtYW5hZ2VtZW50OnVwZGF0ZSJ9LHsiYXV0aG9yaXR5IjoibWFuYWdlbWVudDpjcmVhdGUifSx7ImF1dGhvcml0eSI6ImFkbWluOmNyZWF0ZSJ9LHsiYXV0aG9yaXR5IjoibWFuYWdlbWVudDpyZWFkIn0seyJhdXRob3JpdHkiOiJhZG1pbjpyZWFkIn0seyJhdXRob3JpdHkiOiJhZG1pbjpkZWxldGUifSx7ImF1dGhvcml0eSI6IlJPTEVfQURNSU4ifV0sInN1YiI6ImFkbWluIiwiaWF0IjoxNjkzNDUzMDM0LCJleHAiOjE2OTM0NTMwNjR9.O6XLQL58Z4lnE_I2e97tSySKVKAl6s90gkfLb6O7-pw','BEARER',_binary '',_binary '',19),(383,'eyJhbGciOiJIUzI1NiJ9.eyJSb2xlIjpbeyJhdXRob3JpdHkiOiJhZG1pbjp1cGRhdGUifSx7ImF1dGhvcml0eSI6Im1hbmFnZW1lbnQ6ZGVsZXRlIn0seyJhdXRob3JpdHkiOiJtYW5hZ2VtZW50OnVwZGF0ZSJ9LHsiYXV0aG9yaXR5IjoibWFuYWdlbWVudDpjcmVhdGUifSx7ImF1dGhvcml0eSI6ImFkbWluOmNyZWF0ZSJ9LHsiYXV0aG9yaXR5IjoibWFuYWdlbWVudDpyZWFkIn0seyJhdXRob3JpdHkiOiJhZG1pbjpyZWFkIn0seyJhdXRob3JpdHkiOiJhZG1pbjpkZWxldGUifSx7ImF1dGhvcml0eSI6IlJPTEVfQURNSU4ifV0sInN1YiI6ImFkbWluIiwiaWF0IjoxNjkzNDUzMTkzLCJleHAiOjE2OTM0NTMyMjN9.MPNtY2RHO9kkFmVHyla1PafemFE_sq_Oq1xBrPKZY5s','BEARER',_binary '',_binary '',19),(384,'eyJhbGciOiJIUzI1NiJ9.eyJSb2xlIjpbeyJhdXRob3JpdHkiOiJhZG1pbjp1cGRhdGUifSx7ImF1dGhvcml0eSI6Im1hbmFnZW1lbnQ6ZGVsZXRlIn0seyJhdXRob3JpdHkiOiJtYW5hZ2VtZW50OnVwZGF0ZSJ9LHsiYXV0aG9yaXR5IjoibWFuYWdlbWVudDpjcmVhdGUifSx7ImF1dGhvcml0eSI6ImFkbWluOmNyZWF0ZSJ9LHsiYXV0aG9yaXR5IjoibWFuYWdlbWVudDpyZWFkIn0seyJhdXRob3JpdHkiOiJhZG1pbjpyZWFkIn0seyJhdXRob3JpdHkiOiJhZG1pbjpkZWxldGUifSx7ImF1dGhvcml0eSI6IlJPTEVfQURNSU4ifV0sInN1YiI6ImFkbWluIiwiaWF0IjoxNjkzNDUzMzk2LCJleHAiOjE2OTM0NTM0MjZ9.N8JtBnFuzEfqaYtykW9IWCTSMpKwrmk7aMFBZLRHIes','BEARER',_binary '',_binary '',19),(385,'eyJhbGciOiJIUzI1NiJ9.eyJSb2xlIjpbeyJhdXRob3JpdHkiOiJhZG1pbjp1cGRhdGUifSx7ImF1dGhvcml0eSI6Im1hbmFnZW1lbnQ6ZGVsZXRlIn0seyJhdXRob3JpdHkiOiJtYW5hZ2VtZW50OnVwZGF0ZSJ9LHsiYXV0aG9yaXR5IjoibWFuYWdlbWVudDpjcmVhdGUifSx7ImF1dGhvcml0eSI6ImFkbWluOmNyZWF0ZSJ9LHsiYXV0aG9yaXR5IjoibWFuYWdlbWVudDpyZWFkIn0seyJhdXRob3JpdHkiOiJhZG1pbjpyZWFkIn0seyJhdXRob3JpdHkiOiJhZG1pbjpkZWxldGUifSx7ImF1dGhvcml0eSI6IlJPTEVfQURNSU4ifV0sInN1YiI6ImFkbWluIiwiaWF0IjoxNjkzNDUzNjQ1LCJleHAiOjE2OTM0NTM2NzV9.pOoYsZubFRMg08Ul739L7xri9ofleTrPWuJWRFKn3Zs','BEARER',_binary '',_binary '',19),(386,'eyJhbGciOiJIUzI1NiJ9.eyJSb2xlIjpbeyJhdXRob3JpdHkiOiJhZG1pbjp1cGRhdGUifSx7ImF1dGhvcml0eSI6Im1hbmFnZW1lbnQ6ZGVsZXRlIn0seyJhdXRob3JpdHkiOiJtYW5hZ2VtZW50OnVwZGF0ZSJ9LHsiYXV0aG9yaXR5IjoibWFuYWdlbWVudDpjcmVhdGUifSx7ImF1dGhvcml0eSI6ImFkbWluOmNyZWF0ZSJ9LHsiYXV0aG9yaXR5IjoibWFuYWdlbWVudDpyZWFkIn0seyJhdXRob3JpdHkiOiJhZG1pbjpyZWFkIn0seyJhdXRob3JpdHkiOiJhZG1pbjpkZWxldGUifSx7ImF1dGhvcml0eSI6IlJPTEVfQURNSU4ifV0sInN1YiI6ImFkbWluIiwiaWF0IjoxNjkzNDUzODQyLCJleHAiOjE2OTM0NTM4NzJ9.7UFW45zxUr0iTERnRub9uWMaUKkbTG6X2UfmFXaye_g','BEARER',_binary '',_binary '',19),(387,'eyJhbGciOiJIUzI1NiJ9.eyJSb2xlIjpbeyJhdXRob3JpdHkiOiJhZG1pbjp1cGRhdGUifSx7ImF1dGhvcml0eSI6Im1hbmFnZW1lbnQ6ZGVsZXRlIn0seyJhdXRob3JpdHkiOiJtYW5hZ2VtZW50OnVwZGF0ZSJ9LHsiYXV0aG9yaXR5IjoibWFuYWdlbWVudDpjcmVhdGUifSx7ImF1dGhvcml0eSI6ImFkbWluOmNyZWF0ZSJ9LHsiYXV0aG9yaXR5IjoibWFuYWdlbWVudDpyZWFkIn0seyJhdXRob3JpdHkiOiJhZG1pbjpyZWFkIn0seyJhdXRob3JpdHkiOiJhZG1pbjpkZWxldGUifSx7ImF1dGhvcml0eSI6IlJPTEVfQURNSU4ifV0sInN1YiI6ImFkbWluIiwiaWF0IjoxNjkzNDUzOTAzLCJleHAiOjE2OTM0NTM5MzN9.mFUcCmWF0aspwXP0lho7PcdjbgL-wV-IOLp3ApTs0iM','BEARER',_binary '',_binary '',19),(388,'eyJhbGciOiJIUzI1NiJ9.eyJSb2xlIjpbeyJhdXRob3JpdHkiOiJhZG1pbjp1cGRhdGUifSx7ImF1dGhvcml0eSI6Im1hbmFnZW1lbnQ6ZGVsZXRlIn0seyJhdXRob3JpdHkiOiJtYW5hZ2VtZW50OnVwZGF0ZSJ9LHsiYXV0aG9yaXR5IjoibWFuYWdlbWVudDpjcmVhdGUifSx7ImF1dGhvcml0eSI6ImFkbWluOmNyZWF0ZSJ9LHsiYXV0aG9yaXR5IjoibWFuYWdlbWVudDpyZWFkIn0seyJhdXRob3JpdHkiOiJhZG1pbjpyZWFkIn0seyJhdXRob3JpdHkiOiJhZG1pbjpkZWxldGUifSx7ImF1dGhvcml0eSI6IlJPTEVfQURNSU4ifV0sInN1YiI6ImFkbWluIiwiaWF0IjoxNjkzNDU0MTE3LCJleHAiOjE2OTM0NTQxNDd9.8xL0vr1HfwntN5Hg9MoI4qVIa10DuJuxc9EgrdDtLfc','BEARER',_binary '',_binary '',19),(389,'eyJhbGciOiJIUzI1NiJ9.eyJSb2xlIjpbeyJhdXRob3JpdHkiOiJhZG1pbjp1cGRhdGUifSx7ImF1dGhvcml0eSI6Im1hbmFnZW1lbnQ6ZGVsZXRlIn0seyJhdXRob3JpdHkiOiJtYW5hZ2VtZW50OnVwZGF0ZSJ9LHsiYXV0aG9yaXR5IjoibWFuYWdlbWVudDpjcmVhdGUifSx7ImF1dGhvcml0eSI6ImFkbWluOmNyZWF0ZSJ9LHsiYXV0aG9yaXR5IjoibWFuYWdlbWVudDpyZWFkIn0seyJhdXRob3JpdHkiOiJhZG1pbjpyZWFkIn0seyJhdXRob3JpdHkiOiJhZG1pbjpkZWxldGUifSx7ImF1dGhvcml0eSI6IlJPTEVfQURNSU4ifV0sInN1YiI6ImFkbWluIiwiaWF0IjoxNjkzNDU1MDA5LCJleHAiOjE2OTM0NTUwMzl9.lKNbClvk1mqTSiqsxXD85lPs7PtH7Xe7KBvU4xj8CCU','BEARER',_binary '',_binary '',19),(390,'eyJhbGciOiJIUzI1NiJ9.eyJSb2xlIjpbeyJhdXRob3JpdHkiOiJhZG1pbjp1cGRhdGUifSx7ImF1dGhvcml0eSI6Im1hbmFnZW1lbnQ6ZGVsZXRlIn0seyJhdXRob3JpdHkiOiJtYW5hZ2VtZW50OnVwZGF0ZSJ9LHsiYXV0aG9yaXR5IjoibWFuYWdlbWVudDpjcmVhdGUifSx7ImF1dGhvcml0eSI6ImFkbWluOmNyZWF0ZSJ9LHsiYXV0aG9yaXR5IjoibWFuYWdlbWVudDpyZWFkIn0seyJhdXRob3JpdHkiOiJhZG1pbjpyZWFkIn0seyJhdXRob3JpdHkiOiJhZG1pbjpkZWxldGUifSx7ImF1dGhvcml0eSI6IlJPTEVfQURNSU4ifV0sInN1YiI6ImFkbWluIiwiaWF0IjoxNjkzNDU2NTYzLCJleHAiOjE2OTM0NTY1OTN9.NC0tBM7yDbIJTjqAFkB6Zbavt6zmsd0-juYu2rw9k7U','BEARER',_binary '',_binary '',19),(391,'eyJhbGciOiJIUzI1NiJ9.eyJSb2xlIjpbeyJhdXRob3JpdHkiOiJhZG1pbjp1cGRhdGUifSx7ImF1dGhvcml0eSI6Im1hbmFnZW1lbnQ6ZGVsZXRlIn0seyJhdXRob3JpdHkiOiJtYW5hZ2VtZW50OnVwZGF0ZSJ9LHsiYXV0aG9yaXR5IjoibWFuYWdlbWVudDpjcmVhdGUifSx7ImF1dGhvcml0eSI6ImFkbWluOmNyZWF0ZSJ9LHsiYXV0aG9yaXR5IjoibWFuYWdlbWVudDpyZWFkIn0seyJhdXRob3JpdHkiOiJhZG1pbjpyZWFkIn0seyJhdXRob3JpdHkiOiJhZG1pbjpkZWxldGUifSx7ImF1dGhvcml0eSI6IlJPTEVfQURNSU4ifV0sInN1YiI6ImFkbWluIiwiaWF0IjoxNjkzNDU2Njg4LCJleHAiOjE2OTM0NTY3MTh9.5xwvHn8hWz69JwZNxosZsybjSDUEm5ppYs7ZMY_TWkM','BEARER',_binary '',_binary '',19),(392,'eyJhbGciOiJIUzI1NiJ9.eyJSb2xlIjpbeyJhdXRob3JpdHkiOiJhZG1pbjp1cGRhdGUifSx7ImF1dGhvcml0eSI6Im1hbmFnZW1lbnQ6ZGVsZXRlIn0seyJhdXRob3JpdHkiOiJtYW5hZ2VtZW50OnVwZGF0ZSJ9LHsiYXV0aG9yaXR5IjoibWFuYWdlbWVudDpjcmVhdGUifSx7ImF1dGhvcml0eSI6ImFkbWluOmNyZWF0ZSJ9LHsiYXV0aG9yaXR5IjoibWFuYWdlbWVudDpyZWFkIn0seyJhdXRob3JpdHkiOiJhZG1pbjpyZWFkIn0seyJhdXRob3JpdHkiOiJhZG1pbjpkZWxldGUifSx7ImF1dGhvcml0eSI6IlJPTEVfQURNSU4ifV0sInN1YiI6ImFkbWluIiwiaWF0IjoxNjkzNDU2OTM3LCJleHAiOjE2OTM0NTY5Njd9.Jv3ZAABV7Eo34Yh58pjmXACNeP06e0UD-fJuGa9y93k','BEARER',_binary '',_binary '',19),(393,'eyJhbGciOiJIUzI1NiJ9.eyJSb2xlIjpbeyJhdXRob3JpdHkiOiJhZG1pbjp1cGRhdGUifSx7ImF1dGhvcml0eSI6Im1hbmFnZW1lbnQ6ZGVsZXRlIn0seyJhdXRob3JpdHkiOiJtYW5hZ2VtZW50OnVwZGF0ZSJ9LHsiYXV0aG9yaXR5IjoibWFuYWdlbWVudDpjcmVhdGUifSx7ImF1dGhvcml0eSI6ImFkbWluOmNyZWF0ZSJ9LHsiYXV0aG9yaXR5IjoibWFuYWdlbWVudDpyZWFkIn0seyJhdXRob3JpdHkiOiJhZG1pbjpyZWFkIn0seyJhdXRob3JpdHkiOiJhZG1pbjpkZWxldGUifSx7ImF1dGhvcml0eSI6IlJPTEVfQURNSU4ifV0sInN1YiI6ImFkbWluIiwiaWF0IjoxNjkzNDU2OTgyLCJleHAiOjE2OTM0NTcwMTJ9.b1K2cEjZ6V1UT6bP7SUwSERUc59S0jizC1OT5z6NsKY','BEARER',_binary '',_binary '',19),(394,'eyJhbGciOiJIUzI1NiJ9.eyJSb2xlIjpbeyJhdXRob3JpdHkiOiJhZG1pbjp1cGRhdGUifSx7ImF1dGhvcml0eSI6Im1hbmFnZW1lbnQ6ZGVsZXRlIn0seyJhdXRob3JpdHkiOiJtYW5hZ2VtZW50OnVwZGF0ZSJ9LHsiYXV0aG9yaXR5IjoibWFuYWdlbWVudDpjcmVhdGUifSx7ImF1dGhvcml0eSI6ImFkbWluOmNyZWF0ZSJ9LHsiYXV0aG9yaXR5IjoibWFuYWdlbWVudDpyZWFkIn0seyJhdXRob3JpdHkiOiJhZG1pbjpyZWFkIn0seyJhdXRob3JpdHkiOiJhZG1pbjpkZWxldGUifSx7ImF1dGhvcml0eSI6IlJPTEVfQURNSU4ifV0sInN1YiI6ImFkbWluIiwiaWF0IjoxNjkzNDU3NjUwLCJleHAiOjE2OTM0NTc2ODB9.uKkX_95VSw1z2_d0OD7jRvpJmBL680o4SXiuqKAF8tM','BEARER',_binary '',_binary '',19),(395,'eyJhbGciOiJIUzI1NiJ9.eyJSb2xlIjpbeyJhdXRob3JpdHkiOiJhZG1pbjp1cGRhdGUifSx7ImF1dGhvcml0eSI6Im1hbmFnZW1lbnQ6ZGVsZXRlIn0seyJhdXRob3JpdHkiOiJtYW5hZ2VtZW50OnVwZGF0ZSJ9LHsiYXV0aG9yaXR5IjoibWFuYWdlbWVudDpjcmVhdGUifSx7ImF1dGhvcml0eSI6ImFkbWluOmNyZWF0ZSJ9LHsiYXV0aG9yaXR5IjoibWFuYWdlbWVudDpyZWFkIn0seyJhdXRob3JpdHkiOiJhZG1pbjpyZWFkIn0seyJhdXRob3JpdHkiOiJhZG1pbjpkZWxldGUifSx7ImF1dGhvcml0eSI6IlJPTEVfQURNSU4ifV0sInN1YiI6ImFkbWluIiwiaWF0IjoxNjkzNDU4ODk3LCJleHAiOjE2OTM0NTg5Mjd9._IEdhyOoLVRuTUHb5YIckegut5_Nl54Tt8GIZTQkrQg','BEARER',_binary '',_binary '',19),(396,'eyJhbGciOiJIUzI1NiJ9.eyJSb2xlIjpbeyJhdXRob3JpdHkiOiJhZG1pbjp1cGRhdGUifSx7ImF1dGhvcml0eSI6Im1hbmFnZW1lbnQ6dXBkYXRlIn0seyJhdXRob3JpdHkiOiJhZG1pbjpyZWFkIn0seyJhdXRob3JpdHkiOiJtYW5hZ2VtZW50OnJlYWQifSx7ImF1dGhvcml0eSI6Im1hbmFnZW1lbnQ6ZGVsZXRlIn0seyJhdXRob3JpdHkiOiJhZG1pbjpkZWxldGUifSx7ImF1dGhvcml0eSI6ImFkbWluOmNyZWF0ZSJ9LHsiYXV0aG9yaXR5IjoibWFuYWdlbWVudDpjcmVhdGUifSx7ImF1dGhvcml0eSI6IlJPTEVfQURNSU4ifV0sInN1YiI6ImFkbWluIiwiaWF0IjoxNjkzNTQxNzc1LCJleHAiOjE2OTM1NDE4MDV9.ljjVXIztZ9Bi_FCOIm1C2TmrYFaA1hguqPiNAKSvycg','BEARER',_binary '',_binary '',19),(397,'eyJhbGciOiJIUzI1NiJ9.eyJSb2xlIjpbeyJhdXRob3JpdHkiOiJST0xFX1VTRVIifV0sInN1YiI6InQiLCJpYXQiOjE2OTM1NDE4MTgsImV4cCI6MTY5MzU0MTg0OH0.PIcYY7WoXwCmUK16NaCFDKczLtQh1CBhzmJy9kosI_E','BEARER',_binary '',_binary '',24),(398,'eyJhbGciOiJIUzI1NiJ9.eyJSb2xlIjpbeyJhdXRob3JpdHkiOiJST0xFX1VTRVIifV0sInN1YiI6InQiLCJpYXQiOjE2OTM1NDE4NTAsImV4cCI6MTY5MzU0MTg4MH0.WZAAUyXH8K0LOZoQYSQud1raiQw6zk25YjPsVf3CVfg','BEARER',_binary '',_binary '',24),(399,'eyJhbGciOiJIUzI1NiJ9.eyJSb2xlIjpbeyJhdXRob3JpdHkiOiJST0xFX1VTRVIifV0sInN1YiI6InQiLCJpYXQiOjE2OTM1NDE4ODcsImV4cCI6MTY5MzU0MTkxN30.cWNMsGuPSBqQ-pSvEG0GWEuHZAqPJCq-X0xQuEnBoLI','BEARER',_binary '',_binary '',24),(400,'eyJhbGciOiJIUzI1NiJ9.eyJSb2xlIjpbeyJhdXRob3JpdHkiOiJST0xFX1VTRVIifV0sInN1YiI6InQiLCJpYXQiOjE2OTM1NDE5MjgsImV4cCI6MTY5MzU0MTk1OH0.1tB_6WHqtmd8I3tArxpWXB0CLR2GSBrW5wezK9imb6U','BEARER',_binary '',_binary '',24),(401,'eyJhbGciOiJIUzI1NiJ9.eyJSb2xlIjpbeyJhdXRob3JpdHkiOiJST0xFX1VTRVIifV0sInN1YiI6InQiLCJpYXQiOjE2OTM1NDE5NDcsImV4cCI6MTY5MzU0MTk3N30.K0Ze3nr4SwqWxUT_gL0oV0F4Fkz1MZQgCx2bzM7YtR8','BEARER',_binary '',_binary '',24),(402,'eyJhbGciOiJIUzI1NiJ9.eyJSb2xlIjpbeyJhdXRob3JpdHkiOiJST0xFX1VTRVIifV0sInN1YiI6InQiLCJpYXQiOjE2OTM1NDI3MTAsImV4cCI6MTY5MzU0Mjc0MH0.DiKVKhDTX8WqowJIDJwt7ZoAP8GBfmNRrmEjDYulAZo','BEARER',_binary '',_binary '',24),(403,'eyJhbGciOiJIUzI1NiJ9.eyJSb2xlIjpbeyJhdXRob3JpdHkiOiJST0xFX1VTRVIifV0sInN1YiI6InQiLCJpYXQiOjE2OTM1NDI3MjUsImV4cCI6MTY5MzU0Mjc1NX0.gQjuKSKMmxRsF2rixxBdQIkrIr2zQiEswKUK90eqRdw','BEARER',_binary '',_binary '',24),(404,'eyJhbGciOiJIUzI1NiJ9.eyJSb2xlIjpbeyJhdXRob3JpdHkiOiJST0xFX1VTRVIifV0sInN1YiI6InQiLCJpYXQiOjE2OTM1NDM2NDQsImV4cCI6MTY5MzU0MzY3NH0.slYaKAOwL-SGJRK3mwfzvBfryccAfQ4-gjFwSXq7fz4','BEARER',_binary '',_binary '',24),(405,'eyJhbGciOiJIUzI1NiJ9.eyJSb2xlIjpbeyJhdXRob3JpdHkiOiJST0xFX1VTRVIifV0sInN1YiI6InQiLCJpYXQiOjE2OTM1NDM3NjEsImV4cCI6MTY5MzU0Mzc5MX0.uPFLS9fmP6LqdP6MLyLHj-Haz4ZoAwwG6fFJe6hqTbs','BEARER',_binary '',_binary '',24),(406,'eyJhbGciOiJIUzI1NiJ9.eyJSb2xlIjpbeyJhdXRob3JpdHkiOiJST0xFX1VTRVIifV0sInN1YiI6InQiLCJpYXQiOjE2OTM1NDM3NjEsImV4cCI6MTY5MzU0Mzc5MX0.uPFLS9fmP6LqdP6MLyLHj-Haz4ZoAwwG6fFJe6hqTbs','BEARER',_binary '',_binary '',24),(407,'eyJhbGciOiJIUzI1NiJ9.eyJSb2xlIjpbeyJhdXRob3JpdHkiOiJST0xFX1VTRVIifV0sInN1YiI6InQiLCJpYXQiOjE2OTM1NDM4NjksImV4cCI6MTY5MzU0Mzg5OX0.noNDujsr5r3eDFkrOCqAp0h23Bsx8bEvEWqI01yq7c8','BEARER',_binary '',_binary '',24),(408,'eyJhbGciOiJIUzI1NiJ9.eyJSb2xlIjpbeyJhdXRob3JpdHkiOiJST0xFX1VTRVIifV0sInN1YiI6InQiLCJpYXQiOjE2OTM1NDQyMTYsImV4cCI6MTY5MzU0NDI0Nn0.9uW4cl8XaN2hQUT_wP2JVRkpxCZpp66_JtpU4JccIQg','BEARER',_binary '',_binary '',24),(409,'eyJhbGciOiJIUzI1NiJ9.eyJSb2xlIjpbeyJhdXRob3JpdHkiOiJST0xFX1VTRVIifV0sInN1YiI6InQiLCJpYXQiOjE2OTM1NDQyMzIsImV4cCI6MTY5MzU0NDI2Mn0.Kc22l-Bl7nlV-JA8ExtU11B8vGoUxhRkkGNeKAPXbSE','BEARER',_binary '',_binary '',24),(410,'eyJhbGciOiJIUzI1NiJ9.eyJSb2xlIjpbeyJhdXRob3JpdHkiOiJhZG1pbjp1cGRhdGUifSx7ImF1dGhvcml0eSI6Im1hbmFnZW1lbnQ6dXBkYXRlIn0seyJhdXRob3JpdHkiOiJhZG1pbjpyZWFkIn0seyJhdXRob3JpdHkiOiJtYW5hZ2VtZW50OnJlYWQifSx7ImF1dGhvcml0eSI6Im1hbmFnZW1lbnQ6ZGVsZXRlIn0seyJhdXRob3JpdHkiOiJhZG1pbjpkZWxldGUifSx7ImF1dGhvcml0eSI6ImFkbWluOmNyZWF0ZSJ9LHsiYXV0aG9yaXR5IjoibWFuYWdlbWVudDpjcmVhdGUifSx7ImF1dGhvcml0eSI6IlJPTEVfQURNSU4ifV0sInN1YiI6ImFkbWluIiwiaWF0IjoxNjkzNTQ0MjY4LCJleHAiOjE2OTM1NDQyOTh9.rsQQN2875sFHjpK2R94I6RQnOkIcIKJV79Ue0ZHHtFg','BEARER',_binary '',_binary '',19),(411,'eyJhbGciOiJIUzI1NiJ9.eyJSb2xlIjpbeyJhdXRob3JpdHkiOiJST0xFX1VTRVIifV0sInN1YiI6InQiLCJpYXQiOjE2OTM1NDQ5MDQsImV4cCI6MTY5MzU0NDkzNH0.KgqTsq6nktKYNPmGBPwdckrE2zNEDXNs8kMjVGorVvE','BEARER',_binary '',_binary '',24),(412,'eyJhbGciOiJIUzI1NiJ9.eyJSb2xlIjpbeyJhdXRob3JpdHkiOiJST0xFX1VTRVIifV0sInN1YiI6InQiLCJpYXQiOjE2OTM1NDQ5MzQsImV4cCI6MTY5MzU0NDk2NH0.N1Sct-MEkn9xdJVctewWVkCKbk608knx3HwzG8lzUD0','BEARER',_binary '',_binary '',24),(413,'eyJhbGciOiJIUzI1NiJ9.eyJSb2xlIjpbeyJhdXRob3JpdHkiOiJST0xFX1VTRVIifV0sInN1YiI6InQiLCJpYXQiOjE2OTM1NDUyMDksImV4cCI6MTY5MzU0NTIzOX0.MQH1dINO28jBe8kgEL3W7CxXW1N5Ql3nFfvanh7lXqU','BEARER',_binary '',_binary '',24),(414,'eyJhbGciOiJIUzI1NiJ9.eyJSb2xlIjpbIlJPTEVfVVNFUiJdLCJzdWIiOiJ0IiwiaWF0IjoxNjkzNTQ1NzQ1LCJleHAiOjE2OTM1NDU3NzV9.4XvLoBUh8k2HWaOM2k09QY_cfRq_8fdl6qRWCSEXWAc','BEARER',_binary '',_binary '',24),(415,'eyJhbGciOiJIUzI1NiJ9.eyJSb2xlIjpbIlJPTEVfVVNFUiJdLCJzdWIiOiJ0IiwiaWF0IjoxNjkzNTQ2MDY4LCJleHAiOjE2OTM1NDYwOTh9.QGkH7A41N22uye6FE4T_9krIKYReWQDhVFuFq4mjLBg','BEARER',_binary '',_binary '',24),(416,'eyJhbGciOiJIUzI1NiJ9.eyJyb2xlIjpbIlJPTEVfVVNFUiJdLCJzdWIiOiJ0IiwiaWF0IjoxNjkzNTQ2MjI1LCJleHAiOjE2OTM1NDYyNTV9.soCds7z4fKv45cqxX9AIpwLi_T-gTQqHCI1XitpykxU','BEARER',_binary '',_binary '',24),(417,'eyJhbGciOiJIUzI1NiJ9.eyJyb2xlIjpbIlJPTEVfVVNFUiJdLCJzdWIiOiJ0IiwiaWF0IjoxNjkzNTQ2MjczLCJleHAiOjE2OTM1NDYzMDN9.muBsIAGsxC6nDdS6jIGVgmTpe8C-SMoXk7MM5BR00Os','BEARER',_binary '',_binary '',24),(418,'eyJhbGciOiJIUzI1NiJ9.eyJyb2xlIjpbImFkbWluOnJlYWQiLCJtYW5hZ2VtZW50OnVwZGF0ZSIsIm1hbmFnZW1lbnQ6cmVhZCIsImFkbWluOmNyZWF0ZSIsImFkbWluOnVwZGF0ZSIsIm1hbmFnZW1lbnQ6ZGVsZXRlIiwibWFuYWdlbWVudDpjcmVhdGUiLCJhZG1pbjpkZWxldGUiLCJST0xFX0FETUlOIl0sInN1YiI6ImFkbWluIiwiaWF0IjoxNjkzNjM3OTMzLCJleHAiOjE2OTM2Mzc5NjN9.SnEXMnDfO0VeV1TXghXxjRdj-ls2_Kls_qSGSxx0RY8','BEARER',_binary '',_binary '',19),(419,'eyJhbGciOiJIUzI1NiJ9.eyJyb2xlIjpbImFkbWluOnJlYWQiLCJtYW5hZ2VtZW50OnVwZGF0ZSIsIm1hbmFnZW1lbnQ6cmVhZCIsImFkbWluOmNyZWF0ZSIsImFkbWluOnVwZGF0ZSIsIm1hbmFnZW1lbnQ6ZGVsZXRlIiwibWFuYWdlbWVudDpjcmVhdGUiLCJhZG1pbjpkZWxldGUiLCJST0xFX0FETUlOIl0sInN1YiI6ImFkbWluIiwiaWF0IjoxNjkzNjM4MDExLCJleHAiOjE2OTM2MzgwNDF9.gMMyx7lEfoSSyXPCy39CB95UJ-5JxgRkNT6mVOA9r9M','BEARER',_binary '',_binary '',19),(420,'eyJhbGciOiJIUzI1NiJ9.eyJyb2xlIjpbImFkbWluOnJlYWQiLCJtYW5hZ2VtZW50OnVwZGF0ZSIsIm1hbmFnZW1lbnQ6cmVhZCIsImFkbWluOmNyZWF0ZSIsImFkbWluOnVwZGF0ZSIsIm1hbmFnZW1lbnQ6ZGVsZXRlIiwibWFuYWdlbWVudDpjcmVhdGUiLCJhZG1pbjpkZWxldGUiLCJST0xFX0FETUlOIl0sInN1YiI6ImFkbWluIiwiaWF0IjoxNjkzNjM4MDU1LCJleHAiOjE2OTM2MzgwODV9.zbDzM2SIMY947nxk1Ce1xsRXnjsD9KdT_KdYeB4Zjus','BEARER',_binary '',_binary '',19),(421,'eyJhbGciOiJIUzI1NiJ9.eyJyb2xlIjpbImFkbWluOnJlYWQiLCJtYW5hZ2VtZW50OnVwZGF0ZSIsIm1hbmFnZW1lbnQ6cmVhZCIsImFkbWluOmNyZWF0ZSIsImFkbWluOnVwZGF0ZSIsIm1hbmFnZW1lbnQ6ZGVsZXRlIiwibWFuYWdlbWVudDpjcmVhdGUiLCJhZG1pbjpkZWxldGUiLCJST0xFX0FETUlOIl0sInN1YiI6ImFkbWluIiwiaWF0IjoxNjkzNjM4MTAzLCJleHAiOjE2OTM2MzgxMzN9.YNUekTneCoo91QJmJWYxuCSehtBqyimTwAtQ_mhmSYs','BEARER',_binary '',_binary '',19),(422,'eyJhbGciOiJIUzI1NiJ9.eyJyb2xlIjpbImFkbWluOnJlYWQiLCJtYW5hZ2VtZW50OnVwZGF0ZSIsIm1hbmFnZW1lbnQ6cmVhZCIsImFkbWluOmNyZWF0ZSIsImFkbWluOnVwZGF0ZSIsIm1hbmFnZW1lbnQ6ZGVsZXRlIiwibWFuYWdlbWVudDpjcmVhdGUiLCJhZG1pbjpkZWxldGUiLCJST0xFX0FETUlOIl0sInN1YiI6ImFkbWluIiwiaWF0IjoxNjkzNjM4MjI0LCJleHAiOjE2OTM2MzgyNTR9.ULszUHM9Dnfp6cFIFRexBbgto9PEw3lirs4VRnJ80IA','BEARER',_binary '',_binary '',19),(423,'eyJhbGciOiJIUzI1NiJ9.eyJyb2xlIjpbImFkbWluOmRlbGV0ZSIsImFkbWluOmNyZWF0ZSIsIm1hbmFnZW1lbnQ6cmVhZCIsIm1hbmFnZW1lbnQ6dXBkYXRlIiwiYWRtaW46cmVhZCIsIm1hbmFnZW1lbnQ6ZGVsZXRlIiwiYWRtaW46dXBkYXRlIiwibWFuYWdlbWVudDpjcmVhdGUiLCJST0xFX0FETUlOIl0sInN1YiI6ImFkbWluIiwiaWF0IjoxNjkzNjM4NDYzLCJleHAiOjE2OTM2Mzg0OTN9.N7GvNbfQ3P-AqonfJ3pzkjsP5tlTGrtIhIjG2NC-KYM','BEARER',_binary '',_binary '',19),(424,'eyJhbGciOiJIUzI1NiJ9.eyJyb2xlIjpbImFkbWluOnJlYWQiLCJhZG1pbjpkZWxldGUiLCJtYW5hZ2VtZW50OmNyZWF0ZSIsIm1hbmFnZW1lbnQ6ZGVsZXRlIiwiYWRtaW46dXBkYXRlIiwiYWRtaW46Y3JlYXRlIiwibWFuYWdlbWVudDpyZWFkIiwibWFuYWdlbWVudDp1cGRhdGUiLCJST0xFX0FETUlOIl0sInN1YiI6ImFkbWluIiwiaWF0IjoxNjkzNjM4NTMzLCJleHAiOjE2OTM2Mzg1NjN9.iJfuEUliGAFdv5Zj_bWpbNX4YP1Xm4bYEASrdYaUIKw','BEARER',_binary '',_binary '',19),(425,'eyJhbGciOiJIUzI1NiJ9.eyJyb2xlIjpbImFkbWluOmRlbGV0ZSIsIm1hbmFnZW1lbnQ6Y3JlYXRlIiwibWFuYWdlbWVudDpkZWxldGUiLCJhZG1pbjpyZWFkIiwiYWRtaW46dXBkYXRlIiwibWFuYWdlbWVudDpyZWFkIiwiYWRtaW46Y3JlYXRlIiwibWFuYWdlbWVudDp1cGRhdGUiLCJST0xFX0FETUlOIl0sInN1YiI6ImFkbWluIiwiaWF0IjoxNjkzNjQ2MDQyLCJleHAiOjE2OTM2NDYwNzJ9.sTPcdMONKsWSxcS9uGXrl7rKauvNqrtVlq0_6iATqQI','BEARER',_binary '',_binary '',19),(426,'eyJhbGciOiJIUzI1NiJ9.eyJyb2xlIjpbIm1hbmFnZW1lbnQ6dXBkYXRlIiwibWFuYWdlbWVudDpyZWFkIiwiYWRtaW46Y3JlYXRlIiwiYWRtaW46dXBkYXRlIiwibWFuYWdlbWVudDpkZWxldGUiLCJtYW5hZ2VtZW50OmNyZWF0ZSIsImFkbWluOmRlbGV0ZSIsImFkbWluOnJlYWQiLCJST0xFX0FETUlOIl0sInN1YiI6ImFkbWluIiwiaWF0IjoxNjkzNjQ2NzUzLCJleHAiOjE2OTM2NDY3ODN9.POD0dSrU7vejhb6TuX0aBYSOuzl4AqfIjLWrGhbLleM','BEARER',_binary '',_binary '',19),(427,'eyJhbGciOiJIUzI1NiJ9.eyJyb2xlIjpbImFkbWluOnVwZGF0ZSIsIm1hbmFnZW1lbnQ6ZGVsZXRlIiwibWFuYWdlbWVudDpjcmVhdGUiLCJhZG1pbjpkZWxldGUiLCJhZG1pbjpyZWFkIiwibWFuYWdlbWVudDp1cGRhdGUiLCJtYW5hZ2VtZW50OnJlYWQiLCJhZG1pbjpjcmVhdGUiLCJST0xFX0FETUlOIl0sInN1YiI6ImFkbWluIiwiaWF0IjoxNjkzNjQ2ODQwLCJleHAiOjE2OTM2NDY4NzB9.jcTRnjtWjavo9eu5m0Uv3z71-aCixvZA5c71EA4CvVg','BEARER',_binary '',_binary '',19),(428,'eyJhbGciOiJIUzI1NiJ9.eyJyb2xlIjpbImFkbWluOmRlbGV0ZSIsIm1hbmFnZW1lbnQ6Y3JlYXRlIiwibWFuYWdlbWVudDpkZWxldGUiLCJhZG1pbjp1cGRhdGUiLCJhZG1pbjpjcmVhdGUiLCJtYW5hZ2VtZW50OnJlYWQiLCJtYW5hZ2VtZW50OnVwZGF0ZSIsImFkbWluOnJlYWQiLCJST0xFX0FETUlOIl0sInN1YiI6ImFkbWluIiwiaWF0IjoxNjkzNjQ3MDU5LCJleHAiOjE2OTM2NDcwODl9.gyONKDZhZdNvs2-DycjksgdSxfFeqNJSJgZxGMMV6ys','BEARER',_binary '',_binary '',19),(429,'eyJhbGciOiJIUzI1NiJ9.eyJyb2xlIjpbIm1hbmFnZW1lbnQ6Y3JlYXRlIiwibWFuYWdlbWVudDpkZWxldGUiLCJhZG1pbjp1cGRhdGUiLCJhZG1pbjpjcmVhdGUiLCJtYW5hZ2VtZW50OnJlYWQiLCJtYW5hZ2VtZW50OnVwZGF0ZSIsImFkbWluOnJlYWQiLCJhZG1pbjpkZWxldGUiLCJST0xFX0FETUlOIl0sInN1YiI6ImFkbWluIiwiaWF0IjoxNjkzNjQ3MzE1LCJleHAiOjE2OTM2NDc2MTV9.oFud5f_yj3FSUXj_X8ts8WViOOmHEEmm744MM2CbMvg','BEARER',_binary '',_binary '',19),(430,'eyJhbGciOiJIUzI1NiJ9.eyJyb2xlIjpbIm1hbmFnZW1lbnQ6dXBkYXRlIiwiYWRtaW46cmVhZCIsIm1hbmFnZW1lbnQ6ZGVsZXRlIiwiYWRtaW46dXBkYXRlIiwibWFuYWdlbWVudDpjcmVhdGUiLCJhZG1pbjpkZWxldGUiLCJhZG1pbjpjcmVhdGUiLCJtYW5hZ2VtZW50OnJlYWQiLCJST0xFX0FETUlOIl0sInN1YiI6ImFkbWluIiwiaWF0IjoxNjkzNjQ3Nzg5LCJleHAiOjE2OTM2NDgwODl9.pY8zOQ0-wtZHmyIw_luf-IzcUmcbQACv_io2bW0GXjM','BEARER',_binary '',_binary '',19),(431,'eyJhbGciOiJIUzI1NiJ9.eyJyb2xlIjpbImFkbWluOmRlbGV0ZSIsIm1hbmFnZW1lbnQ6ZGVsZXRlIiwiYWRtaW46Y3JlYXRlIiwiYWRtaW46cmVhZCIsIm1hbmFnZW1lbnQ6Y3JlYXRlIiwiYWRtaW46dXBkYXRlIiwibWFuYWdlbWVudDpyZWFkIiwibWFuYWdlbWVudDp1cGRhdGUiLCJST0xFX0FETUlOIl0sInN1YiI6ImFkbWluIiwiaWF0IjoxNjkzNjQ4MTA4LCJleHAiOjE2OTM2NDg0MDh9.6CO2tCE6HzuCoa-KIjkJwb7ymvdtt8kNOu2cYVcC0y8','BEARER',_binary '',_binary '',19),(432,'eyJhbGciOiJIUzI1NiJ9.eyJyb2xlIjpbIm1hbmFnZW1lbnQ6dXBkYXRlIiwiYWRtaW46dXBkYXRlIiwibWFuYWdlbWVudDpyZWFkIiwibWFuYWdlbWVudDpjcmVhdGUiLCJhZG1pbjpyZWFkIiwiYWRtaW46ZGVsZXRlIiwiYWRtaW46Y3JlYXRlIiwibWFuYWdlbWVudDpkZWxldGUiLCJST0xFX0FETUlOIl0sInN1YiI6ImFkbWluIiwiaWF0IjoxNjkzNzIxMjE3LCJleHAiOjE2OTM3MjE1MTd9.e0JhbcByPdzGQbpi_deA06i7gPDmYDbEwWOFfOiksz0','BEARER',_binary '',_binary '',19),(433,'eyJhbGciOiJIUzI1NiJ9.eyJyb2xlIjpbImFkbWluOnJlYWQiLCJtYW5hZ2VtZW50OmNyZWF0ZSIsIm1hbmFnZW1lbnQ6ZGVsZXRlIiwibWFuYWdlbWVudDpyZWFkIiwiYWRtaW46dXBkYXRlIiwiYWRtaW46ZGVsZXRlIiwibWFuYWdlbWVudDp1cGRhdGUiLCJhZG1pbjpjcmVhdGUiLCJST0xFX0FETUlOIl0sInN1YiI6ImFkbWluIiwiaWF0IjoxNjkzNzIxODQwLCJleHAiOjE2OTM3MjIxNDB9.jhQZKHDMalPcaopfKV1EvMYXCSsrZPaYd7VRzHaFraQ','BEARER',_binary '',_binary '',19),(434,'eyJhbGciOiJIUzI1NiJ9.eyJyb2xlIjpbIlJPTEVfVVNFUiJdLCJzdWIiOiJ0IiwiaWF0IjoxNjkzNzQ2OTMxLCJleHAiOjE2OTM3NTA1MzF9._biTkmJVnYyR7W23R-ZhgNTzXduGtmcidVdOHwWbCQQ','BEARER',_binary '',_binary '',24),(435,'eyJhbGciOiJIUzI1NiJ9.eyJyb2xlIjpbIm1hbmFnZW1lbnQ6Y3JlYXRlIiwiYWRtaW46dXBkYXRlIiwibWFuYWdlbWVudDpyZWFkIiwibWFuYWdlbWVudDp1cGRhdGUiLCJhZG1pbjpkZWxldGUiLCJtYW5hZ2VtZW50OmRlbGV0ZSIsImFkbWluOmNyZWF0ZSIsImFkbWluOnJlYWQiLCJST0xFX0FETUlOIl0sInN1YiI6ImFkbWluIiwiaWF0IjoxNjkzNzQ2OTQ0LCJleHAiOjE2OTM3NTA1NDR9.0tPMwqiEW-5WRdXqgqr-kTs0kpgvukIdxtPMBLRE3iw','BEARER',_binary '',_binary '',19),(436,'eyJhbGciOiJIUzI1NiJ9.eyJyb2xlIjpbIm1hbmFnZW1lbnQ6Y3JlYXRlIiwiYWRtaW46dXBkYXRlIiwibWFuYWdlbWVudDpyZWFkIiwibWFuYWdlbWVudDp1cGRhdGUiLCJhZG1pbjpkZWxldGUiLCJtYW5hZ2VtZW50OmRlbGV0ZSIsImFkbWluOmNyZWF0ZSIsImFkbWluOnJlYWQiLCJST0xFX0FETUlOIl0sInN1YiI6ImFkbWluIiwiaWF0IjoxNjkzNzUwNjc1LCJleHAiOjE2OTM3NTQyNzV9.iQ8D96is7SJ8Bb_Kmf12DMpcSoYA4o03pogfDw4IgLM','BEARER',_binary '',_binary '',19),(437,'eyJhbGciOiJIUzI1NiJ9.eyJyb2xlIjpbImFkbWluOmNyZWF0ZSIsImFkbWluOnJlYWQiLCJtYW5hZ2VtZW50OnVwZGF0ZSIsImFkbWluOmRlbGV0ZSIsImFkbWluOnVwZGF0ZSIsIm1hbmFnZW1lbnQ6Y3JlYXRlIiwibWFuYWdlbWVudDpyZWFkIiwibWFuYWdlbWVudDpkZWxldGUiLCJST0xFX0FETUlOIl0sInN1YiI6ImFkbWluIiwiaWF0IjoxNjkzODMwOTI5LCJleHAiOjE2OTM4NjY5Mjl9.jwy34UYE0ugFHNNiMr7TQpvSnZGFQ0ruvoAhyUlg7PY','BEARER',_binary '',_binary '',19),(438,'eyJhbGciOiJIUzI1NiJ9.eyJyb2xlIjpbImFkbWluOmNyZWF0ZSIsImFkbWluOnJlYWQiLCJtYW5hZ2VtZW50OnVwZGF0ZSIsImFkbWluOmRlbGV0ZSIsImFkbWluOnVwZGF0ZSIsIm1hbmFnZW1lbnQ6Y3JlYXRlIiwibWFuYWdlbWVudDpyZWFkIiwibWFuYWdlbWVudDpkZWxldGUiLCJST0xFX0FETUlOIl0sInN1YiI6ImFkbWluIiwiaWF0IjoxNjkzODMxMjAwLCJleHAiOjE2OTM4NjcyMDB9.7ZAV0tVJ4E9mPa96AGQIeteQq9yycpZaurdi4wXv5-s','BEARER',_binary '',_binary '',19),(439,'eyJhbGciOiJIUzI1NiJ9.eyJyb2xlIjpbImFkbWluOmNyZWF0ZSIsImFkbWluOnJlYWQiLCJtYW5hZ2VtZW50OnVwZGF0ZSIsImFkbWluOmRlbGV0ZSIsImFkbWluOnVwZGF0ZSIsIm1hbmFnZW1lbnQ6Y3JlYXRlIiwibWFuYWdlbWVudDpyZWFkIiwibWFuYWdlbWVudDpkZWxldGUiLCJST0xFX0FETUlOIl0sInN1YiI6ImFkbWluIiwiaWF0IjoxNjkzODQwODQ5LCJleHAiOjE2OTM4NzY4NDl9.MoVW5TMkLptR1Qd2SeAIrrwinHPLzl4mMyst9nDAFZA','BEARER',_binary '',_binary '',19),(440,'eyJhbGciOiJIUzI1NiJ9.eyJyb2xlIjpbImFkbWluOmNyZWF0ZSIsImFkbWluOnJlYWQiLCJtYW5hZ2VtZW50OnVwZGF0ZSIsImFkbWluOmRlbGV0ZSIsImFkbWluOnVwZGF0ZSIsIm1hbmFnZW1lbnQ6Y3JlYXRlIiwibWFuYWdlbWVudDpyZWFkIiwibWFuYWdlbWVudDpkZWxldGUiLCJST0xFX0FETUlOIl0sInN1YiI6ImFkbWluIiwiaWF0IjoxNjkzODQwODk0LCJleHAiOjE2OTM4NzY4OTR9.H8IR23fEzAgGE1Tg9kiL1_mivkgTbCt7qXXAAU1vk3Q','BEARER',_binary '',_binary '',19),(441,'eyJhbGciOiJIUzI1NiJ9.eyJyb2xlIjpbImFkbWluOmNyZWF0ZSIsImFkbWluOnJlYWQiLCJtYW5hZ2VtZW50OnVwZGF0ZSIsImFkbWluOmRlbGV0ZSIsImFkbWluOnVwZGF0ZSIsIm1hbmFnZW1lbnQ6Y3JlYXRlIiwibWFuYWdlbWVudDpyZWFkIiwibWFuYWdlbWVudDpkZWxldGUiLCJST0xFX0FETUlOIl0sInN1YiI6ImFkbWluIiwiaWF0IjoxNjkzODQwOTQwLCJleHAiOjE2OTM4NzY5NDB9.GBoXL0CZmwj3vmJTo3idptI42AKioKXV-MSd0tvLEKo','BEARER',_binary '',_binary '',19),(442,'eyJhbGciOiJIUzI1NiJ9.eyJyb2xlIjpbIm1hbmFnZW1lbnQ6cmVhZCIsIm1hbmFnZW1lbnQ6ZGVsZXRlIiwiYWRtaW46Y3JlYXRlIiwiYWRtaW46cmVhZCIsImFkbWluOmRlbGV0ZSIsImFkbWluOnVwZGF0ZSIsIm1hbmFnZW1lbnQ6dXBkYXRlIiwibWFuYWdlbWVudDpjcmVhdGUiLCJST0xFX0FETUlOIl0sInN1YiI6ImFkbWluIiwiaWF0IjoxNjkzODgxMzE1LCJleHAiOjE2OTM5MTczMTV9.Y0fLOnGrrLxh4PSS5mQ_EIsNXoU25XIEKs91X1eEfWY','BEARER',_binary '',_binary '',19),(443,'eyJhbGciOiJIUzI1NiJ9.eyJyb2xlIjpbIm1hbmFnZW1lbnQ6cmVhZCIsIm1hbmFnZW1lbnQ6ZGVsZXRlIiwiYWRtaW46Y3JlYXRlIiwiYWRtaW46cmVhZCIsImFkbWluOmRlbGV0ZSIsImFkbWluOnVwZGF0ZSIsIm1hbmFnZW1lbnQ6dXBkYXRlIiwibWFuYWdlbWVudDpjcmVhdGUiLCJST0xFX0FETUlOIl0sInN1YiI6ImFkbWluIiwiaWF0IjoxNjkzODgyMTAxLCJleHAiOjE2OTM5MTgxMDF9.g5ohiqa_chwhK52BP-V9HvWjCzLUmteyDvaou-RF5Ss','BEARER',_binary '',_binary '',19),(444,'eyJhbGciOiJIUzI1NiJ9.eyJyb2xlIjpbIm1hbmFnZW1lbnQ6cmVhZCIsIm1hbmFnZW1lbnQ6ZGVsZXRlIiwiYWRtaW46Y3JlYXRlIiwiYWRtaW46cmVhZCIsImFkbWluOmRlbGV0ZSIsImFkbWluOnVwZGF0ZSIsIm1hbmFnZW1lbnQ6dXBkYXRlIiwibWFuYWdlbWVudDpjcmVhdGUiLCJST0xFX0FETUlOIl0sInN1YiI6ImFkbWluIiwiaWF0IjoxNjkzODgyMzMyLCJleHAiOjE2OTM5MTgzMzJ9.mrQV_aSNTnCfg-ov7DI8cG126C6rsqymhypVIEXlkkE','BEARER',_binary '',_binary '',19),(445,'eyJhbGciOiJIUzI1NiJ9.eyJyb2xlIjpbIm1hbmFnZW1lbnQ6cmVhZCIsIm1hbmFnZW1lbnQ6ZGVsZXRlIiwiYWRtaW46Y3JlYXRlIiwiYWRtaW46cmVhZCIsImFkbWluOmRlbGV0ZSIsImFkbWluOnVwZGF0ZSIsIm1hbmFnZW1lbnQ6dXBkYXRlIiwibWFuYWdlbWVudDpjcmVhdGUiLCJST0xFX0FETUlOIl0sInN1YiI6ImFkbWluIiwiaWF0IjoxNjkzODgyMzQ2LCJleHAiOjE2OTM5MTgzNDZ9.kpXJfaQiEICYua91zLma8lWR-MlDYjjvq_s0pbIgM7o','BEARER',_binary '',_binary '',19),(446,'eyJhbGciOiJIUzI1NiJ9.eyJyb2xlIjpbIm1hbmFnZW1lbnQ6cmVhZCIsIm1hbmFnZW1lbnQ6ZGVsZXRlIiwiYWRtaW46Y3JlYXRlIiwiYWRtaW46cmVhZCIsImFkbWluOmRlbGV0ZSIsImFkbWluOnVwZGF0ZSIsIm1hbmFnZW1lbnQ6dXBkYXRlIiwibWFuYWdlbWVudDpjcmVhdGUiLCJST0xFX0FETUlOIl0sInN1YiI6ImFkbWluIiwiaWF0IjoxNjkzODgyMzk0LCJleHAiOjE2OTM5MTgzOTR9.-EbgbV26JZd44z3akyHaFYougI0Io1EE5INcoADgfDg','BEARER',_binary '',_binary '',19),(447,'eyJhbGciOiJIUzI1NiJ9.eyJyb2xlIjpbIm1hbmFnZW1lbnQ6cmVhZCIsImFkbWluOmNyZWF0ZSIsImFkbWluOmRlbGV0ZSIsIm1hbmFnZW1lbnQ6dXBkYXRlIiwibWFuYWdlbWVudDpkZWxldGUiLCJtYW5hZ2VtZW50OmNyZWF0ZSIsImFkbWluOnJlYWQiLCJhZG1pbjp1cGRhdGUiLCJST0xFX0FETUlOIl0sInN1YiI6ImFkbWluIiwiaWF0IjoxNjkzOTI3OTM5LCJleHAiOjE2OTM5NjM5Mzl9.yWS92FEpIoC5ewiBZxLhG74FdUpDyXO4U0_--26jUM8','BEARER',_binary '',_binary '',19),(448,'eyJhbGciOiJIUzI1NiJ9.eyJyb2xlIjpbIm1hbmFnZW1lbnQ6cmVhZCIsIm1hbmFnZW1lbnQ6ZGVsZXRlIiwibWFuYWdlbWVudDpjcmVhdGUiLCJhZG1pbjpyZWFkIiwiYWRtaW46Y3JlYXRlIiwibWFuYWdlbWVudDp1cGRhdGUiLCJhZG1pbjpkZWxldGUiLCJhZG1pbjp1cGRhdGUiLCJST0xFX0FETUlOIl0sInN1YiI6ImFkbWluIiwiaWF0IjoxNjkzOTY4NzI5LCJleHAiOjE2OTQwMDQ3Mjl9.bGOa5c3zoRhK90aT4yj6afyuaA5IUkNA_-fNhCf_Fcw','BEARER',_binary '',_binary '',19),(449,'eyJhbGciOiJIUzI1NiJ9.eyJyb2xlIjpbIm1hbmFnZW1lbnQ6cmVhZCIsIm1hbmFnZW1lbnQ6ZGVsZXRlIiwibWFuYWdlbWVudDpjcmVhdGUiLCJhZG1pbjpyZWFkIiwiYWRtaW46Y3JlYXRlIiwibWFuYWdlbWVudDp1cGRhdGUiLCJhZG1pbjpkZWxldGUiLCJhZG1pbjp1cGRhdGUiLCJST0xFX0FETUlOIl0sInN1YiI6ImFkbWluIiwiaWF0IjoxNjkzOTY5NjI0LCJleHAiOjE2OTQwMDU2MjR9.xPnseKAsIes64OOeepdUSF9n9VTFNSIzQE0GKW_fhow','BEARER',_binary '',_binary '',19),(450,'eyJhbGciOiJIUzI1NiJ9.eyJyb2xlIjpbIm1hbmFnZW1lbnQ6cmVhZCIsIm1hbmFnZW1lbnQ6ZGVsZXRlIiwibWFuYWdlbWVudDpjcmVhdGUiLCJhZG1pbjpyZWFkIiwiYWRtaW46Y3JlYXRlIiwibWFuYWdlbWVudDp1cGRhdGUiLCJhZG1pbjpkZWxldGUiLCJhZG1pbjp1cGRhdGUiLCJST0xFX0FETUlOIl0sInN1YiI6ImFkbWluIiwiaWF0IjoxNjkzOTY5ODM3LCJleHAiOjE2OTQwMDU4Mzd9.sWya20ch6XjtzbIt4c1cwr8y_J1dPBj0GyOMO7kAmt0','BEARER',_binary '',_binary '',19),(451,'eyJhbGciOiJIUzI1NiJ9.eyJyb2xlIjpbIm1hbmFnZW1lbnQ6cmVhZCIsIm1hbmFnZW1lbnQ6ZGVsZXRlIiwibWFuYWdlbWVudDpjcmVhdGUiLCJhZG1pbjpyZWFkIiwiYWRtaW46Y3JlYXRlIiwibWFuYWdlbWVudDp1cGRhdGUiLCJhZG1pbjpkZWxldGUiLCJhZG1pbjp1cGRhdGUiLCJST0xFX0FETUlOIl0sInN1YiI6ImFkbWluIiwiaWF0IjoxNjkzOTY5ODcxLCJleHAiOjE2OTQwMDU4NzF9.Esj_NI7iOfqIPTQhSsrxFPuv7noLBQFrefGViF7iiFY','BEARER',_binary '',_binary '',19),(452,'eyJhbGciOiJIUzI1NiJ9.eyJyb2xlIjpbIm1hbmFnZW1lbnQ6cmVhZCIsIm1hbmFnZW1lbnQ6ZGVsZXRlIiwibWFuYWdlbWVudDpjcmVhdGUiLCJhZG1pbjpyZWFkIiwiYWRtaW46Y3JlYXRlIiwibWFuYWdlbWVudDp1cGRhdGUiLCJhZG1pbjpkZWxldGUiLCJhZG1pbjp1cGRhdGUiLCJST0xFX0FETUlOIl0sInN1YiI6ImFkbWluIiwiaWF0IjoxNjkzOTY5ODcyLCJleHAiOjE2OTQwMDU4NzJ9.N4rDHW4bj1M6ld7rfxxxlgkYysQyM-2ceZHP3voitNM','BEARER',_binary '',_binary '',19),(453,'eyJhbGciOiJIUzI1NiJ9.eyJyb2xlIjpbIm1hbmFnZW1lbnQ6cmVhZCIsIm1hbmFnZW1lbnQ6ZGVsZXRlIiwibWFuYWdlbWVudDpjcmVhdGUiLCJhZG1pbjpyZWFkIiwiYWRtaW46Y3JlYXRlIiwibWFuYWdlbWVudDp1cGRhdGUiLCJhZG1pbjpkZWxldGUiLCJhZG1pbjp1cGRhdGUiLCJST0xFX0FETUlOIl0sInN1YiI6ImFkbWluIiwiaWF0IjoxNjkzOTcwMTEwLCJleHAiOjE2OTQwMDYxMTB9.l-pUyWnpv9su9rCPwZ4nEILZwGAXZ_GEkd8_l8y4Gbg','BEARER',_binary '',_binary '',19),(454,'eyJhbGciOiJIUzI1NiJ9.eyJyb2xlIjpbIm1hbmFnZW1lbnQ6cmVhZCIsIm1hbmFnZW1lbnQ6ZGVsZXRlIiwibWFuYWdlbWVudDpjcmVhdGUiLCJhZG1pbjpyZWFkIiwiYWRtaW46Y3JlYXRlIiwibWFuYWdlbWVudDp1cGRhdGUiLCJhZG1pbjpkZWxldGUiLCJhZG1pbjp1cGRhdGUiLCJST0xFX0FETUlOIl0sInN1YiI6ImFkbWluIiwiaWF0IjoxNjkzOTcwMTEwLCJleHAiOjE2OTQwMDYxMTB9.l-pUyWnpv9su9rCPwZ4nEILZwGAXZ_GEkd8_l8y4Gbg','BEARER',_binary '',_binary '',19),(455,'eyJhbGciOiJIUzI1NiJ9.eyJyb2xlIjpbIm1hbmFnZW1lbnQ6ZGVsZXRlIiwiYWRtaW46Y3JlYXRlIiwibWFuYWdlbWVudDpyZWFkIiwiYWRtaW46cmVhZCIsImFkbWluOnVwZGF0ZSIsIm1hbmFnZW1lbnQ6Y3JlYXRlIiwibWFuYWdlbWVudDp1cGRhdGUiLCJhZG1pbjpkZWxldGUiLCJST0xFX0FETUlOIl0sInN1YiI6ImFkbWluIiwiaWF0IjoxNjkzOTc0MjU2LCJleHAiOjE2OTQwMTAyNTZ9.BqulNZQE6fdcAGG24Bc0KzuexUYvlhC_jJjc5fF89aU','BEARER',_binary '',_binary '',19),(456,'eyJhbGciOiJIUzI1NiJ9.eyJyb2xlIjpbImFkbWluOmRlbGV0ZSIsImFkbWluOmNyZWF0ZSIsIm1hbmFnZW1lbnQ6ZGVsZXRlIiwibWFuYWdlbWVudDp1cGRhdGUiLCJhZG1pbjp1cGRhdGUiLCJtYW5hZ2VtZW50OnJlYWQiLCJtYW5hZ2VtZW50OmNyZWF0ZSIsImFkbWluOnJlYWQiLCJST0xFX0FETUlOIl0sInN1YiI6ImFkbWluIiwiaWF0IjoxNjk0MDc2Mjc0LCJleHAiOjE2OTQxMTIyNzR9.k23gy-FvrHYmSOB1BGikLgEKdxEMJC_9IQwAANmNNgY','BEARER',_binary '',_binary '',19),(457,'eyJhbGciOiJIUzI1NiJ9.eyJyb2xlIjpbIm1hbmFnZW1lbnQ6dXBkYXRlIiwibWFuYWdlbWVudDpyZWFkIiwiYWRtaW46dXBkYXRlIiwiYWRtaW46cmVhZCIsIm1hbmFnZW1lbnQ6ZGVsZXRlIiwibWFuYWdlbWVudDpjcmVhdGUiLCJhZG1pbjpkZWxldGUiLCJhZG1pbjpjcmVhdGUiLCJST0xFX0FETUlOIl0sInN1YiI6ImFkbWluIiwiaWF0IjoxNjk0MTYyNjM5LCJleHAiOjE2OTQxOTg2Mzl9.f1KE3PXJ2MqUiA_SEW7y6yirAKrIEF32X1l-ltjREEQ','BEARER',_binary '',_binary '',19),(458,'eyJhbGciOiJIUzI1NiJ9.eyJyb2xlIjpbIm1hbmFnZW1lbnQ6dXBkYXRlIiwibWFuYWdlbWVudDpyZWFkIiwiYWRtaW46dXBkYXRlIiwiYWRtaW46cmVhZCIsIm1hbmFnZW1lbnQ6ZGVsZXRlIiwibWFuYWdlbWVudDpjcmVhdGUiLCJhZG1pbjpkZWxldGUiLCJhZG1pbjpjcmVhdGUiLCJST0xFX0FETUlOIl0sInN1YiI6ImFkbWluIiwiaWF0IjoxNjk0MTY2NzI3LCJleHAiOjE2OTQyMDI3Mjd9.srzseo0HKWq1EVyekkf0Y4bMpyh4o25HmloP47NU_MY','BEARER',_binary '',_binary '',19),(459,'eyJhbGciOiJIUzI1NiJ9.eyJyb2xlIjpbImFkbWluOmRlbGV0ZSIsIm1hbmFnZW1lbnQ6dXBkYXRlIiwiYWRtaW46Y3JlYXRlIiwiYWRtaW46cmVhZCIsIm1hbmFnZW1lbnQ6Y3JlYXRlIiwibWFuYWdlbWVudDpkZWxldGUiLCJtYW5hZ2VtZW50OnJlYWQiLCJhZG1pbjp1cGRhdGUiLCJST0xFX0FETUlOIl0sInN1YiI6ImFkbWluIiwiaWF0IjoxNjk0MTg2NjQ2LCJleHAiOjE2OTQyMjI2NDZ9.macTBMJjCiES3FOBwoWWBiInmLaWu5a8wfhaejvm8AQ','BEARER',_binary '',_binary '',19),(460,'eyJhbGciOiJIUzI1NiJ9.eyJyb2xlIjpbImFkbWluOmRlbGV0ZSIsIm1hbmFnZW1lbnQ6dXBkYXRlIiwiYWRtaW46Y3JlYXRlIiwiYWRtaW46cmVhZCIsIm1hbmFnZW1lbnQ6Y3JlYXRlIiwibWFuYWdlbWVudDpkZWxldGUiLCJtYW5hZ2VtZW50OnJlYWQiLCJhZG1pbjp1cGRhdGUiLCJST0xFX0FETUlOIl0sInN1YiI6ImFkbWluIiwiaWF0IjoxNjk0MTg2NjUzLCJleHAiOjE2OTQyMjI2NTN9.M37RRWHz_Xg9JeObeqSkJTf6U2jFyCVCt2OZ_8a1xBs','BEARER',_binary '',_binary '',19),(461,'eyJhbGciOiJIUzI1NiJ9.eyJyb2xlIjpbImFkbWluOmRlbGV0ZSIsIm1hbmFnZW1lbnQ6dXBkYXRlIiwiYWRtaW46Y3JlYXRlIiwiYWRtaW46cmVhZCIsIm1hbmFnZW1lbnQ6Y3JlYXRlIiwibWFuYWdlbWVudDpkZWxldGUiLCJtYW5hZ2VtZW50OnJlYWQiLCJhZG1pbjp1cGRhdGUiLCJST0xFX0FETUlOIl0sInN1YiI6ImFkbWluIiwiaWF0IjoxNjk0MTg2NjU2LCJleHAiOjE2OTQyMjI2NTZ9.HyErSMTXezVKwoe4iXN_VnB9_t_4VFZKq60kcxAbHwU','BEARER',_binary '',_binary '',19),(462,'eyJhbGciOiJIUzI1NiJ9.eyJyb2xlIjpbImFkbWluOmRlbGV0ZSIsIm1hbmFnZW1lbnQ6dXBkYXRlIiwiYWRtaW46Y3JlYXRlIiwiYWRtaW46cmVhZCIsIm1hbmFnZW1lbnQ6Y3JlYXRlIiwibWFuYWdlbWVudDpkZWxldGUiLCJtYW5hZ2VtZW50OnJlYWQiLCJhZG1pbjp1cGRhdGUiLCJST0xFX0FETUlOIl0sInN1YiI6ImFkbWluIiwiaWF0IjoxNjk0MTg3NTczLCJleHAiOjE2OTQyMjM1NzN9.vGWL_-7gGl_koiHkFLX1dN0mc6eShqvTwFGq0346VAI','BEARER',_binary '',_binary '',19),(463,'eyJhbGciOiJIUzI1NiJ9.eyJyb2xlIjpbImFkbWluOmRlbGV0ZSIsIm1hbmFnZW1lbnQ6dXBkYXRlIiwiYWRtaW46Y3JlYXRlIiwiYWRtaW46cmVhZCIsIm1hbmFnZW1lbnQ6Y3JlYXRlIiwibWFuYWdlbWVudDpkZWxldGUiLCJtYW5hZ2VtZW50OnJlYWQiLCJhZG1pbjp1cGRhdGUiLCJST0xFX0FETUlOIl0sInN1YiI6ImFkbWluIiwiaWF0IjoxNjk0MTg3Njg4LCJleHAiOjE2OTQyMjM2ODh9.oS80hWEoxceTQwrbe-XElmE99xE92jsNfzyyt7g4qZk','BEARER',_binary '',_binary '',19),(464,'eyJhbGciOiJIUzI1NiJ9.eyJyb2xlIjpbImFkbWluOmRlbGV0ZSIsIm1hbmFnZW1lbnQ6dXBkYXRlIiwiYWRtaW46Y3JlYXRlIiwiYWRtaW46cmVhZCIsIm1hbmFnZW1lbnQ6Y3JlYXRlIiwibWFuYWdlbWVudDpkZWxldGUiLCJtYW5hZ2VtZW50OnJlYWQiLCJhZG1pbjp1cGRhdGUiLCJST0xFX0FETUlOIl0sInN1YiI6ImFkbWluIiwiaWF0IjoxNjk0MTg3NzcyLCJleHAiOjE2OTQyMjM3NzJ9.RJcEu-HhffcMg6b6ffewlqFDspYjI0iYL0H6LMQ2CIg','BEARER',_binary '',_binary '',19),(465,'eyJhbGciOiJIUzI1NiJ9.eyJyb2xlIjpbIm1hbmFnZW1lbnQ6cmVhZCIsIm1hbmFnZW1lbnQ6dXBkYXRlIiwiYWRtaW46ZGVsZXRlIiwiYWRtaW46dXBkYXRlIiwibWFuYWdlbWVudDpkZWxldGUiLCJtYW5hZ2VtZW50OmNyZWF0ZSIsImFkbWluOmNyZWF0ZSIsImFkbWluOnJlYWQiLCJST0xFX0FETUlOIl0sInN1YiI6ImFkbWluIiwiaWF0IjoxNjk0MjI3ODE0LCJleHAiOjE2OTQyNjM4MTR9.EaUf2Ec_LcWECvr1vWKQIxoT60rqN53gPBykUNnXSdU','BEARER',_binary '',_binary '',19),(466,'eyJhbGciOiJIUzI1NiJ9.eyJyb2xlIjpbInN0YWZmOmNyZWF0ZSIsImFkbWluOmNyZWF0ZSIsImFkbWluOnJlYWQiLCJhZG1pbjp1cGRhdGUiLCJzdGFmZjpyZWFkIiwic3RhZmY6dXBkYXRlIiwiYWRtaW46ZGVsZXRlIiwic3RhZmY6ZGVsZXRlIiwiUk9MRV9BRE1JTiJdLCJzdWIiOiJhZG1pbiIsImlhdCI6MTY5NDI0ODgwMSwiZXhwIjoxNjk0Mjg0ODAxfQ.8WfLtUgHDPWNsgMe9k6BwZ5rk0LZ3jU_nEFCV5OMFXw','BEARER',_binary '',_binary '',19),(467,'eyJhbGciOiJIUzI1NiJ9.eyJyb2xlIjpbInN0YWZmOnJlYWQiLCJhZG1pbjpyZWFkIiwiYWRtaW46Y3JlYXRlIiwic3RhZmY6Y3JlYXRlIiwic3RhZmY6ZGVsZXRlIiwiYWRtaW46dXBkYXRlIiwiYWRtaW46ZGVsZXRlIiwic3RhZmY6dXBkYXRlIiwiUk9MRV9BRE1JTiJdLCJzdWIiOiJhZG1pbiIsImlhdCI6MTY5NDI0ODk3MywiZXhwIjoxNjk0Mjg0OTczfQ.iDzUrW1BkoldBmNsMbjCgWyfDo_DpP9IfWhU-qQijLg','BEARER',_binary '',_binary '',19),(468,'eyJhbGciOiJIUzI1NiJ9.eyJyb2xlIjpbInN0YWZmOnJlYWQiLCJhZG1pbjpyZWFkIiwiYWRtaW46Y3JlYXRlIiwic3RhZmY6Y3JlYXRlIiwic3RhZmY6ZGVsZXRlIiwiYWRtaW46dXBkYXRlIiwiYWRtaW46ZGVsZXRlIiwic3RhZmY6dXBkYXRlIiwiUk9MRV9BRE1JTiJdLCJzdWIiOiJhZG1pbiIsImlhdCI6MTY5NDI0ODk3NywiZXhwIjoxNjk0Mjg0OTc3fQ.Zxe0IvaCveBINxM4MTKf8tNK787tTwQev_yWZGe0p0E','BEARER',_binary '',_binary '',19),(469,'eyJhbGciOiJIUzI1NiJ9.eyJyb2xlIjpbImFkbWluOmRlbGV0ZSIsInN0YWZmOmNyZWF0ZSIsImFkbWluOnJlYWQiLCJhZG1pbjpjcmVhdGUiLCJzdGFmZjpyZWFkIiwiYWRtaW46dXBkYXRlIiwic3RhZmY6ZGVsZXRlIiwic3RhZmY6dXBkYXRlIiwiUk9MRV9BRE1JTiJdLCJzdWIiOiJhZG1pbiIsImlhdCI6MTY5NDI2NTk5NCwiZXhwIjoxNjk0MzAxOTk0fQ.3UHI5Gmz1P4CV8PwRbvvjWzLO8j574vrClT2RcoEA70','BEARER',_binary '',_binary '',19),(470,'eyJhbGciOiJIUzI1NiJ9.eyJyb2xlIjpbImFkbWluOmRlbGV0ZSIsInN0YWZmOmNyZWF0ZSIsImFkbWluOnJlYWQiLCJhZG1pbjpjcmVhdGUiLCJzdGFmZjpyZWFkIiwiYWRtaW46dXBkYXRlIiwic3RhZmY6ZGVsZXRlIiwic3RhZmY6dXBkYXRlIiwiUk9MRV9BRE1JTiJdLCJzdWIiOiJhZG1pbiIsImlhdCI6MTY5NDI2NjAxMCwiZXhwIjoxNjk0MzAyMDEwfQ.hXneeWLIzNz4yb8ukD9-KPn0wwdHe1yE-KlYtGsgRug','BEARER',_binary '',_binary '',19),(471,'eyJhbGciOiJIUzI1NiJ9.eyJyb2xlIjpbImFkbWluOnJlYWQiLCJhZG1pbjp1cGRhdGUiLCJzdGFmZjpyZWFkIiwic3RhZmY6dXBkYXRlIiwiYWRtaW46ZGVsZXRlIiwic3RhZmY6ZGVsZXRlIiwic3RhZmY6Y3JlYXRlIiwiYWRtaW46Y3JlYXRlIiwiUk9MRV9BRE1JTiJdLCJzdWIiOiJhZG1pbiIsImlhdCI6MTY5NDI2Nzk0MiwiZXhwIjoxNjk0MzAzOTQyfQ.sTyyacwY8WTptKuGY-bNUlwWo8zXB20hp0Y00mUf8MQ','BEARER',_binary '',_binary '',19),(472,'eyJhbGciOiJIUzI1NiJ9.eyJyb2xlIjpbImFkbWluOnVwZGF0ZSIsImFkbWluOnJlYWQiLCJhZG1pbjpkZWxldGUiLCJzdGFmZjpjcmVhdGUiLCJzdGFmZjp1cGRhdGUiLCJhZG1pbjpjcmVhdGUiLCJzdGFmZjpkZWxldGUiLCJzdGFmZjpyZWFkIiwiUk9MRV9BRE1JTiJdLCJzdWIiOiJhZG1pbiIsImlhdCI6MTY5NDMxNDU1MSwiZXhwIjoxNjk0MzUwNTUxfQ._FbTANiz-Cy36bYq_48naVCWENsB67thls2P4scXEnk','BEARER',_binary '',_binary '',19),(473,'eyJhbGciOiJIUzI1NiJ9.eyJyb2xlIjpbImFkbWluOnVwZGF0ZSIsImFkbWluOnJlYWQiLCJhZG1pbjpkZWxldGUiLCJzdGFmZjpjcmVhdGUiLCJzdGFmZjp1cGRhdGUiLCJhZG1pbjpjcmVhdGUiLCJzdGFmZjpkZWxldGUiLCJzdGFmZjpyZWFkIiwiUk9MRV9BRE1JTiJdLCJzdWIiOiJhZG1pbiIsImlhdCI6MTY5NDMxNzE1MSwiZXhwIjoxNjk0MzUzMTUxfQ.UtYtNZHmNUVnPJXKw2y8wXFqYfgBE5G52EWu99PFS4c','BEARER',_binary '',_binary '',19),(474,'eyJhbGciOiJIUzI1NiJ9.eyJyb2xlIjpbImFkbWluOmNyZWF0ZSIsInN0YWZmOmRlbGV0ZSIsInN0YWZmOnJlYWQiLCJhZG1pbjp1cGRhdGUiLCJhZG1pbjpyZWFkIiwiYWRtaW46ZGVsZXRlIiwic3RhZmY6Y3JlYXRlIiwic3RhZmY6dXBkYXRlIiwiUk9MRV9BRE1JTiJdLCJzdWIiOiJhZG1pbiIsImlhdCI6MTY5NDMxODI1OSwiZXhwIjoxNjk0MzU0MjU5fQ.-rGUXVERUMTvrrOy9htbXf4LUMdwmCRj48FBDc-OLug','BEARER',_binary '',_binary '',19),(475,'eyJhbGciOiJIUzI1NiJ9.eyJyb2xlIjpbImFkbWluOnJlYWQiLCJhZG1pbjpjcmVhdGUiLCJzdGFmZjpjcmVhdGUiLCJzdGFmZjpkZWxldGUiLCJhZG1pbjp1cGRhdGUiLCJhZG1pbjpkZWxldGUiLCJzdGFmZjp1cGRhdGUiLCJzdGFmZjpyZWFkIiwiUk9MRV9BRE1JTiJdLCJzdWIiOiJhZG1pbiIsImlhdCI6MTY5NDMxODU0MywiZXhwIjoxNjk0MzU0NTQzfQ.Y181-vszzcXdtZPaMngqRbaEnrn7Q1f4vfSp_Bv7kAg','BEARER',_binary '',_binary '',19),(476,'eyJhbGciOiJIUzI1NiJ9.eyJyb2xlIjpbImFkbWluOnJlYWQiLCJhZG1pbjpjcmVhdGUiLCJzdGFmZjpjcmVhdGUiLCJzdGFmZjpkZWxldGUiLCJhZG1pbjp1cGRhdGUiLCJhZG1pbjpkZWxldGUiLCJzdGFmZjp1cGRhdGUiLCJzdGFmZjpyZWFkIiwiUk9MRV9BRE1JTiJdLCJzdWIiOiJhZG1pbiIsImlhdCI6MTY5NDMxODYyOSwiZXhwIjoxNjk0MzU0NjI5fQ.PAo53mFy1r1mjruv0EoLqI0uWKtwsRvLMlz-sp_GaGY','BEARER',_binary '',_binary '',19),(477,'eyJhbGciOiJIUzI1NiJ9.eyJyb2xlIjpbImFkbWluOnJlYWQiLCJzdGFmZjpyZWFkIiwiYWRtaW46Y3JlYXRlIiwic3RhZmY6dXBkYXRlIiwic3RhZmY6ZGVsZXRlIiwic3RhZmY6Y3JlYXRlIiwiYWRtaW46ZGVsZXRlIiwiYWRtaW46dXBkYXRlIiwiUk9MRV9BRE1JTiJdLCJzdWIiOiJhZG1pbiIsImlhdCI6MTY5NDMxOTQxMCwiZXhwIjoxNjk0MzU1NDEwfQ.k6MC3buCzpL-ZNZpGNpDam0rPpMvR9SUs7TZnpTMeTs','BEARER',_binary '',_binary '',19),(478,'eyJhbGciOiJIUzI1NiJ9.eyJyb2xlIjpbImFkbWluOnJlYWQiLCJzdGFmZjpyZWFkIiwiYWRtaW46Y3JlYXRlIiwic3RhZmY6dXBkYXRlIiwic3RhZmY6ZGVsZXRlIiwic3RhZmY6Y3JlYXRlIiwiYWRtaW46ZGVsZXRlIiwiYWRtaW46dXBkYXRlIiwiUk9MRV9BRE1JTiJdLCJzdWIiOiJhZG1pbiIsImlhdCI6MTY5NDMxOTU3NCwiZXhwIjoxNjk0MzU1NTc0fQ.3INNNJKm9GPu1tTcI90c7xNTwUweCEWe3GRfVOL6yTA','BEARER',_binary '',_binary '',19),(479,'eyJhbGciOiJIUzI1NiJ9.eyJyb2xlIjpbImFkbWluOnJlYWQiLCJzdGFmZjpyZWFkIiwiYWRtaW46Y3JlYXRlIiwic3RhZmY6dXBkYXRlIiwic3RhZmY6ZGVsZXRlIiwic3RhZmY6Y3JlYXRlIiwiYWRtaW46ZGVsZXRlIiwiYWRtaW46dXBkYXRlIiwiUk9MRV9BRE1JTiJdLCJzdWIiOiJhZG1pbiIsImlhdCI6MTY5NDMxOTYyNywiZXhwIjoxNjk0MzU1NjI3fQ.0QeiAn1fgOdV52rsaNXGlaG8lzlT8SOmyj097Kp1U5Y','BEARER',_binary '',_binary '',19),(480,'eyJhbGciOiJIUzI1NiJ9.eyJyb2xlIjpbImFkbWluOnJlYWQiLCJzdGFmZjpyZWFkIiwiYWRtaW46Y3JlYXRlIiwic3RhZmY6dXBkYXRlIiwic3RhZmY6ZGVsZXRlIiwic3RhZmY6Y3JlYXRlIiwiYWRtaW46ZGVsZXRlIiwiYWRtaW46dXBkYXRlIiwiUk9MRV9BRE1JTiJdLCJzdWIiOiJhZG1pbiIsImlhdCI6MTY5NDMxOTkzNiwiZXhwIjoxNjk0MzU1OTM2fQ.v-V2DiAW3ykNYGGkYFsb1BwIkeyqwLa-yE0z5_tS31o','BEARER',_binary '',_binary '',19),(481,'eyJhbGciOiJIUzI1NiJ9.eyJyb2xlIjpbImFkbWluOnVwZGF0ZSIsImFkbWluOmRlbGV0ZSIsInN0YWZmOmNyZWF0ZSIsInN0YWZmOmRlbGV0ZSIsInN0YWZmOnVwZGF0ZSIsImFkbWluOmNyZWF0ZSIsInN0YWZmOnJlYWQiLCJhZG1pbjpyZWFkIiwiUk9MRV9BRE1JTiJdLCJzdWIiOiJhZG1pbiIsImlhdCI6MTY5NDMyMDEyNywiZXhwIjoxNjk0MzU2MTI3fQ.HzGoFmiRRqFnPSEh8gW8JXoi7tGEdyrgWQMpUF8Wosk','BEARER',_binary '',_binary '',19),(482,'eyJhbGciOiJIUzI1NiJ9.eyJyb2xlIjpbImFkbWluOmRlbGV0ZSIsImFkbWluOmNyZWF0ZSIsInN0YWZmOnJlYWQiLCJzdGFmZjpkZWxldGUiLCJhZG1pbjpyZWFkIiwiYWRtaW46dXBkYXRlIiwic3RhZmY6Y3JlYXRlIiwic3RhZmY6dXBkYXRlIiwiUk9MRV9BRE1JTiJdLCJzdWIiOiJhZG1pbiIsImlhdCI6MTY5NDMyMDY4OSwiZXhwIjoxNjk0MzU2Njg5fQ.64pOEGDplvgX6TuIhWoDjujrZvAlg5XK_VWgTU5e1kc','BEARER',_binary '',_binary '',19),(483,'eyJhbGciOiJIUzI1NiJ9.eyJyb2xlIjpbImFkbWluOmRlbGV0ZSIsImFkbWluOmNyZWF0ZSIsInN0YWZmOnJlYWQiLCJzdGFmZjpkZWxldGUiLCJhZG1pbjpyZWFkIiwiYWRtaW46dXBkYXRlIiwic3RhZmY6Y3JlYXRlIiwic3RhZmY6dXBkYXRlIiwiUk9MRV9BRE1JTiJdLCJzdWIiOiJhZG1pbiIsImlhdCI6MTY5NDMyMTUzOSwiZXhwIjoxNjk0MzU3NTM5fQ.6NEkhZTElAU0A4CGdVxf5HHB2sYeOfzOw5g0It70CVc','BEARER',_binary '',_binary '',19),(484,'eyJhbGciOiJIUzI1NiJ9.eyJyb2xlIjpbImFkbWluOnJlYWQiLCJhZG1pbjpjcmVhdGUiLCJzdGFmZjpjcmVhdGUiLCJzdGFmZjpkZWxldGUiLCJhZG1pbjp1cGRhdGUiLCJhZG1pbjpkZWxldGUiLCJzdGFmZjp1cGRhdGUiLCJzdGFmZjpyZWFkIiwiUk9MRV9BRE1JTiJdLCJzdWIiOiJhZG1pbiIsImlhdCI6MTY5NDMyMjIzMiwiZXhwIjoxNjk0MzU4MjMyfQ.9huOj2GelYldfaojLUwl7Ovb1dEs3wVI_Zp0xvu4f1Y','BEARER',_binary '',_binary '',19),(485,'eyJhbGciOiJIUzI1NiJ9.eyJyb2xlIjpbImVtcGxveWVlOmNyZWF0ZSIsImVtcGxveWVlOmRlbGV0ZSIsImVtcGxveWVlOnJlYWQiLCJlbXBsb3llZTp1cGRhdGUiLCJST0xFX0VNUExPWUVFIl0sInN1YiI6ImVtcGxveWVlIiwiaWF0IjoxNjk0MzU4ODAwLCJleHAiOjE2OTQzOTQ4MDB9.SpkcmS6Dvj0t1ZJh74JAFxHYmSfe9GXNbb0yIZUB9BA','BEARER',_binary '',_binary '',20),(486,'eyJhbGciOiJIUzI1NiJ9.eyJyb2xlIjpbImVtcGxveWVlOmNyZWF0ZSIsImVtcGxveWVlOnJlYWQiLCJlbXBsb3llZTpkZWxldGUiLCJlbXBsb3llZTp1cGRhdGUiLCJST0xFX0VNUExPWUVFIl0sInN1YiI6ImVtcGxveWVlIiwiaWF0IjoxNjk0NDA2NTE1LCJleHAiOjE2OTQ0NDI1MTV9.msOhYE0FFYsxabsM3A2vC-8gAFxTFke1OT2OXQZHo4E','BEARER',_binary '',_binary '',20),(487,'eyJhbGciOiJIUzI1NiJ9.eyJyb2xlIjpbImVtcGxveWVlOnVwZGF0ZSIsImVtcGxveWVlOnJlYWQiLCJlbXBsb3llZTpjcmVhdGUiLCJhZG1pbjpjcmVhdGUiLCJlbXBsb3llZTpkZWxldGUiLCJhZG1pbjpkZWxldGUiLCJhZG1pbjpyZWFkIiwiYWRtaW46dXBkYXRlIiwiUk9MRV9BRE1JTiJdLCJzdWIiOiJhZG1pbiIsImlhdCI6MTY5NDQxNjg2MywiZXhwIjoxNjk0NDUyODYzfQ.6EbE7mB2pWkWsGZpwMEK8oYQfcv-MbbJwZSNA1-X81I','BEARER',_binary '',_binary '',19),(488,'eyJhbGciOiJIUzI1NiJ9.eyJyb2xlIjpbImVtcGxveWVlOmNyZWF0ZSIsImFkbWluOmNyZWF0ZSIsImVtcGxveWVlOmRlbGV0ZSIsImFkbWluOmRlbGV0ZSIsImFkbWluOnJlYWQiLCJhZG1pbjp1cGRhdGUiLCJlbXBsb3llZTp1cGRhdGUiLCJlbXBsb3llZTpyZWFkIiwiUk9MRV9BRE1JTiJdLCJzdWIiOiJhZG1pbiIsImlhdCI6MTY5NDQzNjAzNiwiZXhwIjoxNjk0NDcyMDM2fQ.FAZMMG9NxmkkRi-1Jd76gwDu102QnMnB0HzOxQoMP9k','BEARER',_binary '',_binary '',19),(489,'eyJhbGciOiJIUzI1NiJ9.eyJyb2xlIjpbImVtcGxveWVlOmNyZWF0ZSIsImFkbWluOmNyZWF0ZSIsImVtcGxveWVlOmRlbGV0ZSIsImFkbWluOmRlbGV0ZSIsImFkbWluOnJlYWQiLCJhZG1pbjp1cGRhdGUiLCJlbXBsb3llZTp1cGRhdGUiLCJlbXBsb3llZTpyZWFkIiwiUk9MRV9BRE1JTiJdLCJzdWIiOiJhZG1pbiIsImlhdCI6MTY5NDQzNjA3NSwiZXhwIjoxNjk0NDcyMDc1fQ.z46006_8JG0JRjVMHj-k_O3ePkM-OjftGvOWGKOFuWo','BEARER',_binary '',_binary '',19),(490,'eyJhbGciOiJIUzI1NiJ9.eyJyb2xlIjpbImVtcGxveWVlOmNyZWF0ZSIsImFkbWluOmNyZWF0ZSIsImVtcGxveWVlOmRlbGV0ZSIsImFkbWluOmRlbGV0ZSIsImFkbWluOnJlYWQiLCJhZG1pbjp1cGRhdGUiLCJlbXBsb3llZTp1cGRhdGUiLCJlbXBsb3llZTpyZWFkIiwiUk9MRV9BRE1JTiJdLCJzdWIiOiJhZG1pbiIsImlhdCI6MTY5NDQ0MTgwNSwiZXhwIjoxNjk0NDc3ODA1fQ.yYAqwZnzzC2-Llu7WCVQ2YlKLiuNYSjwullnj5IONdI','BEARER',_binary '',_binary '',19),(491,'eyJhbGciOiJIUzI1NiJ9.eyJyb2xlIjpbImFkbWluOmRlbGV0ZSIsImFkbWluOnJlYWQiLCJhZG1pbjp1cGRhdGUiLCJlbXBsb3llZTp1cGRhdGUiLCJlbXBsb3llZTpyZWFkIiwiZW1wbG95ZWU6Y3JlYXRlIiwiYWRtaW46Y3JlYXRlIiwiZW1wbG95ZWU6ZGVsZXRlIiwiUk9MRV9BRE1JTiJdLCJzdWIiOiJhZG1pbiIsImlhdCI6MTY5NDQ0MjAzNywiZXhwIjoxNjk0NDc4MDM3fQ.qHMLGg7zrFUDJenU06hmN2fKwMrf0mYdxQ_PvLXPfb0','BEARER',_binary '',_binary '',19),(492,'eyJhbGciOiJIUzI1NiJ9.eyJyb2xlIjpbImVtcGxveWVlOnJlYWQiLCJlbXBsb3llZTp1cGRhdGUiLCJlbXBsb3llZTpkZWxldGUiLCJlbXBsb3llZTpjcmVhdGUiLCJST0xFX0VNUExPWUVFIl0sInN1YiI6ImVtcGxveWVlIiwiaWF0IjoxNjk0NDg2NDE5LCJleHAiOjE2OTQ1MjI0MTl9.moyvmiXM73ONeznNlFRuSv3G9xmoq-Onzt36-Wa1Ih4','BEARER',_binary '',_binary '',20),(493,'eyJhbGciOiJIUzI1NiJ9.eyJyb2xlIjpbImVtcGxveWVlOnJlYWQiLCJlbXBsb3llZTpjcmVhdGUiLCJlbXBsb3llZTpkZWxldGUiLCJlbXBsb3llZTp1cGRhdGUiLCJST0xFX0VNUExPWUVFIl0sInN1YiI6ImVtcGxveWVlIiwiaWF0IjoxNjk0NDg4OTMzLCJleHAiOjE2OTQ1MjQ5MzN9.pvYGGjS1g_NprbcgAoPXMHDl9qmvwdYqsJIQTqeYSDA','BEARER',_binary '',_binary '',20),(494,'eyJhbGciOiJIUzI1NiJ9.eyJyb2xlIjpbImVtcGxveWVlOnJlYWQiLCJhZG1pbjpjcmVhdGUiLCJlbXBsb3llZTpjcmVhdGUiLCJhZG1pbjp1cGRhdGUiLCJhZG1pbjpkZWxldGUiLCJlbXBsb3llZTp1cGRhdGUiLCJlbXBsb3llZTpkZWxldGUiLCJhZG1pbjpyZWFkIiwiUk9MRV9BRE1JTiJdLCJzdWIiOiJhZG1pbiIsImlhdCI6MTY5NDQ5MjIxOSwiZXhwIjoxNjk0NTI4MjE5fQ.Mj5sBlIHvMM7jrYeDXrDHgHt7_KzDTae5UUfUn3POC4','BEARER',_binary '',_binary '',19),(495,'eyJhbGciOiJIUzI1NiJ9.eyJyb2xlIjpbImFkbWluOmNyZWF0ZSIsImVtcGxveWVlOmRlbGV0ZSIsImVtcGxveWVlOmNyZWF0ZSIsImFkbWluOmRlbGV0ZSIsImFkbWluOnVwZGF0ZSIsImVtcGxveWVlOnJlYWQiLCJlbXBsb3llZTp1cGRhdGUiLCJhZG1pbjpyZWFkIiwiUk9MRV9BRE1JTiJdLCJzdWIiOiJhZG1pbiIsImlhdCI6MTY5NDUyNjExMiwiZXhwIjoxNjk0NTYyMTEyfQ.bnlovxrmdGkW-slwhhb0Jvo5U4elv4fDn9Sw7YPhUJY','BEARER',_binary '',_binary '',19),(496,'eyJhbGciOiJIUzI1NiJ9.eyJyb2xlIjpbImVtcGxveWVlOnJlYWQiLCJlbXBsb3llZTp1cGRhdGUiLCJlbXBsb3llZTpjcmVhdGUiLCJlbXBsb3llZTpkZWxldGUiLCJST0xFX0VNUExPWUVFIl0sInN1YiI6ImVtcGxveWVlIiwiaWF0IjoxNjk0NTI2MTMyLCJleHAiOjE2OTQ1NjIxMzJ9.qQrEAl2R2TpnKMaXdA--IkJt5fAGq9vghrD9nkSAJAE','BEARER',_binary '',_binary '',20),(497,'eyJhbGciOiJIUzI1NiJ9.eyJyb2xlIjpbImFkbWluOmNyZWF0ZSIsImVtcGxveWVlOmRlbGV0ZSIsImVtcGxveWVlOmNyZWF0ZSIsImFkbWluOmRlbGV0ZSIsImFkbWluOnVwZGF0ZSIsImVtcGxveWVlOnJlYWQiLCJlbXBsb3llZTp1cGRhdGUiLCJhZG1pbjpyZWFkIiwiUk9MRV9BRE1JTiJdLCJzdWIiOiJhZG1pbiIsImlhdCI6MTY5NDUyNjE0MiwiZXhwIjoxNjk0NTYyMTQyfQ.CCkwvkPpnnCsweGCC5V3m34eI8c_TvCfpW0CQC1LfvE','BEARER',_binary '',_binary '',19),(498,'eyJhbGciOiJIUzI1NiJ9.eyJyb2xlIjpbImFkbWluOmNyZWF0ZSIsImVtcGxveWVlOmRlbGV0ZSIsImVtcGxveWVlOmNyZWF0ZSIsImFkbWluOmRlbGV0ZSIsImFkbWluOnVwZGF0ZSIsImVtcGxveWVlOnJlYWQiLCJlbXBsb3llZTp1cGRhdGUiLCJhZG1pbjpyZWFkIiwiUk9MRV9BRE1JTiJdLCJzdWIiOiJhZG1pbiIsImlhdCI6MTY5NDUyNzYwNCwiZXhwIjoxNjk0NTYzNjA0fQ.vmVo77VQnYqgPaeFZ585UJNfiJXnGI2jn51F7uCBgIE','BEARER',_binary '',_binary '',19),(499,'eyJhbGciOiJIUzI1NiJ9.eyJyb2xlIjpbImFkbWluOnJlYWQiLCJhZG1pbjp1cGRhdGUiLCJlbXBsb3llZTpyZWFkIiwiZW1wbG95ZWU6dXBkYXRlIiwiYWRtaW46Y3JlYXRlIiwiZW1wbG95ZWU6Y3JlYXRlIiwiYWRtaW46ZGVsZXRlIiwiZW1wbG95ZWU6ZGVsZXRlIiwiUk9MRV9BRE1JTiJdLCJzdWIiOiJhZG1pbiIsImlhdCI6MTY5NDUzNDEwOSwiZXhwIjoxNjk0NTcwMTA5fQ.j7zNIOBOyxYe3Rhe9DGiz4RXnRj8HeFBNN3nXO_3LMc','BEARER',_binary '',_binary '',19),(500,'eyJhbGciOiJIUzI1NiJ9.eyJyb2xlIjpbImFkbWluOnJlYWQiLCJhZG1pbjp1cGRhdGUiLCJlbXBsb3llZTpyZWFkIiwiZW1wbG95ZWU6dXBkYXRlIiwiYWRtaW46Y3JlYXRlIiwiZW1wbG95ZWU6Y3JlYXRlIiwiYWRtaW46ZGVsZXRlIiwiZW1wbG95ZWU6ZGVsZXRlIiwiUk9MRV9BRE1JTiJdLCJzdWIiOiJhZG1pbiIsImlhdCI6MTY5NDUzNDExMCwiZXhwIjoxNjk0NTcwMTEwfQ.dHZ-SJuZ9g14fdmA15d0AkFQdAFLKGxbkhgk3fGV5Zo','BEARER',_binary '',_binary '',19),(501,'eyJhbGciOiJIUzI1NiJ9.eyJyb2xlIjpbImFkbWluOnJlYWQiLCJhZG1pbjp1cGRhdGUiLCJlbXBsb3llZTpyZWFkIiwiZW1wbG95ZWU6dXBkYXRlIiwiYWRtaW46Y3JlYXRlIiwiZW1wbG95ZWU6Y3JlYXRlIiwiYWRtaW46ZGVsZXRlIiwiZW1wbG95ZWU6ZGVsZXRlIiwiUk9MRV9BRE1JTiJdLCJzdWIiOiJhZG1pbiIsImlhdCI6MTY5NDUzNDExMCwiZXhwIjoxNjk0NTcwMTEwfQ.dHZ-SJuZ9g14fdmA15d0AkFQdAFLKGxbkhgk3fGV5Zo','BEARER',_binary '',_binary '',19),(502,'eyJhbGciOiJIUzI1NiJ9.eyJyb2xlIjpbImVtcGxveWVlOnVwZGF0ZSIsImVtcGxveWVlOnJlYWQiLCJhZG1pbjp1cGRhdGUiLCJlbXBsb3llZTpjcmVhdGUiLCJhZG1pbjpyZWFkIiwiZW1wbG95ZWU6ZGVsZXRlIiwiYWRtaW46ZGVsZXRlIiwiYWRtaW46Y3JlYXRlIiwiUk9MRV9BRE1JTiJdLCJzdWIiOiJhZG1pbiIsImlhdCI6MTY5NDUzNDQxOCwiZXhwIjoxNjk0NTcwNDE4fQ.6RgSkUUzTT6G7FtdWT1Fn3qdWsZElFZQ3GIO9RIo9G0','BEARER',_binary '',_binary '',19),(503,'eyJhbGciOiJIUzI1NiJ9.eyJyb2xlIjpbImVtcGxveWVlOmNyZWF0ZSIsImVtcGxveWVlOnJlYWQiLCJlbXBsb3llZTpkZWxldGUiLCJlbXBsb3llZTp1cGRhdGUiLCJST0xFX0VNUExPWUVFIl0sInN1YiI6ImVtcGxveWVlIiwiaWF0IjoxNjk0NTM0OTM2LCJleHAiOjE2OTQ1NzA5MzZ9.PUZxug7YeGhAS7XVJ6mqazdtMHlEY_eGqLkXNCnwFLE','BEARER',_binary '',_binary '',20),(504,'eyJhbGciOiJIUzI1NiJ9.eyJyb2xlIjpbImVtcGxveWVlOmNyZWF0ZSIsImVtcGxveWVlOnJlYWQiLCJlbXBsb3llZTpkZWxldGUiLCJlbXBsb3llZTp1cGRhdGUiLCJST0xFX0VNUExPWUVFIl0sInN1YiI6ImVtcGxveWVlIiwiaWF0IjoxNjk0NTM0OTgxLCJleHAiOjE2OTQ1NzA5ODF9.c8VSuDZE7MhqUGadySq9MR3SXwzOpYMfIo_Ci61NDp4','BEARER',_binary '',_binary '',20),(505,'eyJhbGciOiJIUzI1NiJ9.eyJyb2xlIjpbImVtcGxveWVlOmNyZWF0ZSIsImVtcGxveWVlOnJlYWQiLCJlbXBsb3llZTpkZWxldGUiLCJlbXBsb3llZTp1cGRhdGUiLCJST0xFX0VNUExPWUVFIl0sInN1YiI6ImVtcGxveWVlIiwiaWF0IjoxNjk0NTM0OTgzLCJleHAiOjE2OTQ1NzA5ODN9.4cpHs0kQVjIqty1J0b2wMi2a-7V_tqUIi2ATIxqUpYc','BEARER',_binary '',_binary '',20),(506,'eyJhbGciOiJIUzI1NiJ9.eyJyb2xlIjpbImVtcGxveWVlOmNyZWF0ZSIsImVtcGxveWVlOnVwZGF0ZSIsImVtcGxveWVlOnJlYWQiLCJlbXBsb3llZTpkZWxldGUiLCJST0xFX0VNUExPWUVFIl0sInN1YiI6ImVtcGxveWVlIiwiaWF0IjoxNjk0NTM1MjQxLCJleHAiOjE2OTQ1NzEyNDF9.b_djyvtcAS-muWmzElxyr9ofW23t-IAgsYkN8ObBRds','BEARER',_binary '',_binary '',20),(507,'eyJhbGciOiJIUzI1NiJ9.eyJyb2xlIjpbImVtcGxveWVlOmNyZWF0ZSIsImVtcGxveWVlOnVwZGF0ZSIsImVtcGxveWVlOnJlYWQiLCJlbXBsb3llZTpkZWxldGUiLCJST0xFX0VNUExPWUVFIl0sInN1YiI6ImVtcGxveWVlIiwiaWF0IjoxNjk0NTM1MjQ0LCJleHAiOjE2OTQ1NzEyNDR9.6i2F2YqGEUWZV7nzuG1P1kmk-mXvNrEGfObXvH-ZIpE','BEARER',_binary '',_binary '',20),(508,'eyJhbGciOiJIUzI1NiJ9.eyJyb2xlIjpbImVtcGxveWVlOnVwZGF0ZSIsImVtcGxveWVlOmRlbGV0ZSIsImVtcGxveWVlOnJlYWQiLCJlbXBsb3llZTpjcmVhdGUiLCJST0xFX0VNUExPWUVFIl0sInN1YiI6ImVtcGxveWVlIiwiaWF0IjoxNjk0NTM1NDgwLCJleHAiOjE2OTQ1NzE0ODB9.E_cT3tretrWxdEF1gKwZzrvKqPhH6RFrYlACT_eDP-0','BEARER',_binary '',_binary '',20),(509,'eyJhbGciOiJIUzI1NiJ9.eyJyb2xlIjpbImVtcGxveWVlOnVwZGF0ZSIsImVtcGxveWVlOmRlbGV0ZSIsImVtcGxveWVlOnJlYWQiLCJlbXBsb3llZTpjcmVhdGUiLCJST0xFX0VNUExPWUVFIl0sInN1YiI6ImVtcGxveWVlIiwiaWF0IjoxNjk0NTM1NDgwLCJleHAiOjE2OTQ1NzE0ODB9.E_cT3tretrWxdEF1gKwZzrvKqPhH6RFrYlACT_eDP-0','BEARER',_binary '',_binary '',20),(510,'eyJhbGciOiJIUzI1NiJ9.eyJyb2xlIjpbImVtcGxveWVlOmRlbGV0ZSIsImVtcGxveWVlOnJlYWQiLCJlbXBsb3llZTp1cGRhdGUiLCJlbXBsb3llZTpjcmVhdGUiLCJST0xFX0VNUExPWUVFIl0sInN1YiI6ImVtcGxveWVlIiwiaWF0IjoxNjk0NTcyMzcxLCJleHAiOjE2OTQ2MDgzNzF9.5gurD5FJMTfVOkzw2J6DoYjZ8zrSeGGvCt2YYgTU2Qc','BEARER',_binary '',_binary '',20),(511,'eyJhbGciOiJIUzI1NiJ9.eyJyb2xlIjpbImVtcGxveWVlOmRlbGV0ZSIsImVtcGxveWVlOnJlYWQiLCJlbXBsb3llZTp1cGRhdGUiLCJlbXBsb3llZTpjcmVhdGUiLCJST0xFX0VNUExPWUVFIl0sInN1YiI6ImVtcGxveWVlIiwiaWF0IjoxNjk0NTcyNDU4LCJleHAiOjE2OTQ2MDg0NTh9.KZhbDZ6iOaaYGg9ZRS_7vqD1AkEnJjoY5Ec_nSiDcHQ','BEARER',_binary '',_binary '',20),(512,'eyJhbGciOiJIUzI1NiJ9.eyJyb2xlIjpbImVtcGxveWVlOmRlbGV0ZSIsImVtcGxveWVlOnJlYWQiLCJlbXBsb3llZTp1cGRhdGUiLCJlbXBsb3llZTpjcmVhdGUiLCJST0xFX0VNUExPWUVFIl0sInN1YiI6ImVtcGxveWVlIiwiaWF0IjoxNjk0NTcyNDU5LCJleHAiOjE2OTQ2MDg0NTl9.CUvDTUz8S6gcUKXef3dJdQDfydlM-2Jpn0WZw2DU6LE','BEARER',_binary '',_binary '',20),(513,'eyJhbGciOiJIUzI1NiJ9.eyJyb2xlIjpbImVtcGxveWVlOmRlbGV0ZSIsImVtcGxveWVlOnJlYWQiLCJlbXBsb3llZTp1cGRhdGUiLCJlbXBsb3llZTpjcmVhdGUiLCJST0xFX0VNUExPWUVFIl0sInN1YiI6ImVtcGxveWVlIiwiaWF0IjoxNjk0NTcyNDYwLCJleHAiOjE2OTQ2MDg0NjB9.vkbaVb7By6veLUaFElKPl7TltwottF8sTpU5Sl0MUD8','BEARER',_binary '',_binary '',20),(514,'eyJhbGciOiJIUzI1NiJ9.eyJyb2xlIjpbImVtcGxveWVlOmRlbGV0ZSIsImVtcGxveWVlOnJlYWQiLCJlbXBsb3llZTp1cGRhdGUiLCJlbXBsb3llZTpjcmVhdGUiLCJST0xFX0VNUExPWUVFIl0sInN1YiI6ImVtcGxveWVlIiwiaWF0IjoxNjk0NTc0NTQ4LCJleHAiOjE2OTQ2MTA1NDh9.pgz-ogoso1DHvcD0y2jieCdZbk-bIiiHiYhBD2tw_6w','BEARER',_binary '',_binary '',20),(515,'eyJhbGciOiJIUzI1NiJ9.eyJyb2xlIjpbImVtcGxveWVlOmRlbGV0ZSIsImVtcGxveWVlOnJlYWQiLCJlbXBsb3llZTp1cGRhdGUiLCJlbXBsb3llZTpjcmVhdGUiLCJST0xFX0VNUExPWUVFIl0sInN1YiI6ImVtcGxveWVlIiwiaWF0IjoxNjk0NTc0NTQ4LCJleHAiOjE2OTQ2MTA1NDh9.pgz-ogoso1DHvcD0y2jieCdZbk-bIiiHiYhBD2tw_6w','BEARER',_binary '',_binary '',20),(516,'eyJhbGciOiJIUzI1NiJ9.eyJyb2xlIjpbImFkbWluOnVwZGF0ZSIsImVtcGxveWVlOnVwZGF0ZSIsImFkbWluOmNyZWF0ZSIsImFkbWluOmRlbGV0ZSIsImFkbWluOnJlYWQiLCJlbXBsb3llZTpjcmVhdGUiLCJlbXBsb3llZTpyZWFkIiwiZW1wbG95ZWU6ZGVsZXRlIiwiUk9MRV9BRE1JTiJdLCJzdWIiOiJhZG1pbiIsImlhdCI6MTY5NDU3NTkxMCwiZXhwIjoxNjk0NjExOTEwfQ.jnBtafJRaijeb5LfP__AAMKS31dWO77AzOsAvQArWm8','BEARER',_binary '',_binary '',19),(517,'eyJhbGciOiJIUzI1NiJ9.eyJyb2xlIjpbImFkbWluOnVwZGF0ZSIsImVtcGxveWVlOnVwZGF0ZSIsImFkbWluOmNyZWF0ZSIsImFkbWluOmRlbGV0ZSIsImFkbWluOnJlYWQiLCJlbXBsb3llZTpjcmVhdGUiLCJlbXBsb3llZTpyZWFkIiwiZW1wbG95ZWU6ZGVsZXRlIiwiUk9MRV9BRE1JTiJdLCJzdWIiOiJhZG1pbiIsImlhdCI6MTY5NDU4MzM3MiwiZXhwIjoxNjk0NjE5MzcyfQ.OdjqenZLsC8BtUTzVD-B-6TcZLla0Cq7S0YwNkSAKd8','BEARER',_binary '',_binary '',19),(518,'eyJhbGciOiJIUzI1NiJ9.eyJyb2xlIjpbImFkbWluOnVwZGF0ZSIsImVtcGxveWVlOnVwZGF0ZSIsImFkbWluOmNyZWF0ZSIsImFkbWluOmRlbGV0ZSIsImFkbWluOnJlYWQiLCJlbXBsb3llZTpjcmVhdGUiLCJlbXBsb3llZTpyZWFkIiwiZW1wbG95ZWU6ZGVsZXRlIiwiUk9MRV9BRE1JTiJdLCJzdWIiOiJhZG1pbiIsImlhdCI6MTY5NDU4MzQxOCwiZXhwIjoxNjk0NjE5NDE4fQ.sKH1ZJsbb65MmFtucMJqJzb9eEVYmo59_13Z5uBmzNM','BEARER',_binary '',_binary '',19),(519,'eyJhbGciOiJIUzI1NiJ9.eyJyb2xlIjpbImFkbWluOnVwZGF0ZSIsImVtcGxveWVlOmRlbGV0ZSIsImFkbWluOmNyZWF0ZSIsImFkbWluOmRlbGV0ZSIsImVtcGxveWVlOmNyZWF0ZSIsImVtcGxveWVlOnVwZGF0ZSIsImFkbWluOnJlYWQiLCJlbXBsb3llZTpyZWFkIiwiUk9MRV9BRE1JTiJdLCJzdWIiOiJhZG1pbiIsImlhdCI6MTY5NDU5MTkwMSwiZXhwIjoxNjk0NjI3OTAxfQ.u-qC9Ej2bTwp-NI0GUES4BLynDDQMqAnkZffTWaXHCI','BEARER',_binary '',_binary '',19),(520,'eyJhbGciOiJIUzI1NiJ9.eyJyb2xlIjpbImFkbWluOnVwZGF0ZSIsImVtcGxveWVlOmRlbGV0ZSIsImFkbWluOmNyZWF0ZSIsImFkbWluOmRlbGV0ZSIsImVtcGxveWVlOmNyZWF0ZSIsImVtcGxveWVlOnVwZGF0ZSIsImFkbWluOnJlYWQiLCJlbXBsb3llZTpyZWFkIiwiUk9MRV9BRE1JTiJdLCJzdWIiOiJhZG1pbiIsImlhdCI6MTY5NDU5MjA0OSwiZXhwIjoxNjk0NjI4MDQ5fQ.zzqYfKL80_BdckqUmZWf_ws5ghlt7VK2zWCf9MdqWTU','BEARER',_binary '',_binary '',19),(521,'eyJhbGciOiJIUzI1NiJ9.eyJyb2xlIjpbImFkbWluOmRlbGV0ZSIsImVtcGxveWVlOnJlYWQiLCJlbXBsb3llZTpjcmVhdGUiLCJhZG1pbjpyZWFkIiwiYWRtaW46Y3JlYXRlIiwiZW1wbG95ZWU6ZGVsZXRlIiwiZW1wbG95ZWU6dXBkYXRlIiwiYWRtaW46dXBkYXRlIiwiUk9MRV9BRE1JTiJdLCJzdWIiOiJhZG1pbiIsImlhdCI6MTY5NDU5MjE4MCwiZXhwIjoxNjk0NjI4MTgwfQ.i3tpb7gcfPCnD0vNVeJv4S6KpGJ7MogUm5Emzp-vrWU','BEARER',_binary '',_binary '',19),(522,'eyJhbGciOiJIUzI1NiJ9.eyJyb2xlIjpbImVtcGxveWVlOnVwZGF0ZSIsImFkbWluOnVwZGF0ZSIsImFkbWluOmRlbGV0ZSIsImVtcGxveWVlOnJlYWQiLCJlbXBsb3llZTpjcmVhdGUiLCJhZG1pbjpyZWFkIiwiYWRtaW46Y3JlYXRlIiwiZW1wbG95ZWU6ZGVsZXRlIiwiUk9MRV9BRE1JTiJdLCJzdWIiOiJhZG1pbiIsImlhdCI6MTY5NDU5MjkyMCwiZXhwIjoxNjk0NjI4OTIwfQ.I_OIe27zu-h1cAfVqX9yibLMTVL-BK6Luhs8hRXLoAU','BEARER',_binary '',_binary '',19),(523,'eyJhbGciOiJIUzI1NiJ9.eyJyb2xlIjpbImVtcGxveWVlOnVwZGF0ZSIsImFkbWluOnVwZGF0ZSIsImFkbWluOmRlbGV0ZSIsImVtcGxveWVlOnJlYWQiLCJlbXBsb3llZTpjcmVhdGUiLCJhZG1pbjpyZWFkIiwiYWRtaW46Y3JlYXRlIiwiZW1wbG95ZWU6ZGVsZXRlIiwiUk9MRV9BRE1JTiJdLCJzdWIiOiJhZG1pbiIsImlhdCI6MTY5NDU5MjkyMSwiZXhwIjoxNjk0NjI4OTIxfQ.oNj1cW67xT44A6grsw4Y5d-IPCSgVSOXNfR-c-KE9rQ','BEARER',_binary '',_binary '',19),(524,'eyJhbGciOiJIUzI1NiJ9.eyJyb2xlIjpbImVtcGxveWVlOmNyZWF0ZSIsImFkbWluOmRlbGV0ZSIsImFkbWluOmNyZWF0ZSIsImVtcGxveWVlOmRlbGV0ZSIsImFkbWluOnVwZGF0ZSIsImVtcGxveWVlOnJlYWQiLCJhZG1pbjpyZWFkIiwiZW1wbG95ZWU6dXBkYXRlIiwiUk9MRV9BRE1JTiJdLCJzdWIiOiJhZG1pbiIsImlhdCI6MTY5NDYwNDczNywiZXhwIjoxNjk0NjQwNzM3fQ.V0OwcA3s93NRR2bT40An2DxiBbJ0Q7AdYalaf1s1k48','BEARER',_binary '',_binary '',19),(525,'eyJhbGciOiJIUzI1NiJ9.eyJyb2xlIjpbImVtcGxveWVlOmNyZWF0ZSIsImFkbWluOmRlbGV0ZSIsImFkbWluOmNyZWF0ZSIsImVtcGxveWVlOmRlbGV0ZSIsImFkbWluOnVwZGF0ZSIsImVtcGxveWVlOnJlYWQiLCJhZG1pbjpyZWFkIiwiZW1wbG95ZWU6dXBkYXRlIiwiUk9MRV9BRE1JTiJdLCJzdWIiOiJhZG1pbiIsImlhdCI6MTY5NDYwNDczOCwiZXhwIjoxNjk0NjQwNzM4fQ.vfzlBPeJge2XfrgFVFvCy8FIGDYKu35XmM-RpvdBQvI','BEARER',_binary '',_binary '',19),(526,'eyJhbGciOiJIUzI1NiJ9.eyJyb2xlIjpbImVtcGxveWVlOmNyZWF0ZSIsImFkbWluOmRlbGV0ZSIsImFkbWluOmNyZWF0ZSIsImVtcGxveWVlOmRlbGV0ZSIsImFkbWluOnVwZGF0ZSIsImVtcGxveWVlOnJlYWQiLCJhZG1pbjpyZWFkIiwiZW1wbG95ZWU6dXBkYXRlIiwiUk9MRV9BRE1JTiJdLCJzdWIiOiJhZG1pbiIsImlhdCI6MTY5NDYwNDczOCwiZXhwIjoxNjk0NjQwNzM4fQ.vfzlBPeJge2XfrgFVFvCy8FIGDYKu35XmM-RpvdBQvI','BEARER',_binary '',_binary '',19),(527,'eyJhbGciOiJIUzI1NiJ9.eyJyb2xlIjpbImVtcGxveWVlOmRlbGV0ZSIsImVtcGxveWVlOnVwZGF0ZSIsImFkbWluOnVwZGF0ZSIsImFkbWluOmRlbGV0ZSIsImVtcGxveWVlOnJlYWQiLCJlbXBsb3llZTpjcmVhdGUiLCJhZG1pbjpyZWFkIiwiYWRtaW46Y3JlYXRlIiwiUk9MRV9BRE1JTiJdLCJzdWIiOiJhZG1pbiIsImlhdCI6MTY5NDYwOTE2NiwiZXhwIjoxNjk0NjQ1MTY2fQ._PZUoOT6JGWF5Dyf9Y4gD34-HdMZDwHz-vNx3UEszDs','BEARER',_binary '',_binary '',19),(528,'eyJhbGciOiJIUzI1NiJ9.eyJyb2xlIjpbImVtcGxveWVlOmRlbGV0ZSIsImVtcGxveWVlOnVwZGF0ZSIsImFkbWluOnVwZGF0ZSIsImFkbWluOmRlbGV0ZSIsImVtcGxveWVlOnJlYWQiLCJlbXBsb3llZTpjcmVhdGUiLCJhZG1pbjpyZWFkIiwiYWRtaW46Y3JlYXRlIiwiUk9MRV9BRE1JTiJdLCJzdWIiOiJhZG1pbiIsImlhdCI6MTY5NDYwOTE4MSwiZXhwIjoxNjk0NjQ1MTgxfQ.BSHlTbuuaqoQWYAxszTLEiQxPkAjFJWw0GL8_kjg16U','BEARER',_binary '',_binary '',19),(529,'eyJhbGciOiJIUzI1NiJ9.eyJyb2xlIjpbImVtcGxveWVlOmRlbGV0ZSIsImVtcGxveWVlOnVwZGF0ZSIsImFkbWluOnVwZGF0ZSIsImFkbWluOmRlbGV0ZSIsImVtcGxveWVlOnJlYWQiLCJlbXBsb3llZTpjcmVhdGUiLCJhZG1pbjpyZWFkIiwiYWRtaW46Y3JlYXRlIiwiUk9MRV9BRE1JTiJdLCJzdWIiOiJhZG1pbiIsImlhdCI6MTY5NDYxMTAxMiwiZXhwIjoxNjk0NjQ3MDEyfQ.RZe-MLptuyIFkUoAtmkomqWaB_NSUyLGjKJqsZyiJ4E','BEARER',_binary '',_binary '',19),(530,'eyJhbGciOiJIUzI1NiJ9.eyJyb2xlIjpbImVtcGxveWVlOmRlbGV0ZSIsImVtcGxveWVlOnVwZGF0ZSIsImFkbWluOnVwZGF0ZSIsImFkbWluOmRlbGV0ZSIsImVtcGxveWVlOnJlYWQiLCJlbXBsb3llZTpjcmVhdGUiLCJhZG1pbjpyZWFkIiwiYWRtaW46Y3JlYXRlIiwiUk9MRV9BRE1JTiJdLCJzdWIiOiJhZG1pbiIsImlhdCI6MTY5NDYxMTAxNSwiZXhwIjoxNjk0NjQ3MDE1fQ.d9wi36Kh1TUnExqmCgsfM_TiDTtI560LSRcldppY1Zw','BEARER',_binary '',_binary '',19),(531,'eyJhbGciOiJIUzI1NiJ9.eyJyb2xlIjpbImVtcGxveWVlOmRlbGV0ZSIsImVtcGxveWVlOnVwZGF0ZSIsImFkbWluOnVwZGF0ZSIsImFkbWluOmRlbGV0ZSIsImVtcGxveWVlOnJlYWQiLCJlbXBsb3llZTpjcmVhdGUiLCJhZG1pbjpyZWFkIiwiYWRtaW46Y3JlYXRlIiwiUk9MRV9BRE1JTiJdLCJzdWIiOiJhZG1pbiIsImlhdCI6MTY5NDYxMTI1NiwiZXhwIjoxNjk0NjQ3MjU2fQ.lfzpe_71LIBiLQ6oTZS24rzDQX42-6JXoiXh_Ml0VDQ','BEARER',_binary '',_binary '',19),(532,'eyJhbGciOiJIUzI1NiJ9.eyJyb2xlIjpbImVtcGxveWVlOmRlbGV0ZSIsImVtcGxveWVlOnVwZGF0ZSIsImFkbWluOnVwZGF0ZSIsImFkbWluOmRlbGV0ZSIsImVtcGxveWVlOnJlYWQiLCJlbXBsb3llZTpjcmVhdGUiLCJhZG1pbjpyZWFkIiwiYWRtaW46Y3JlYXRlIiwiUk9MRV9BRE1JTiJdLCJzdWIiOiJhZG1pbiIsImlhdCI6MTY5NDYxMTY0OSwiZXhwIjoxNjk0NjQ3NjQ5fQ.L052nF4Cj53DS6uFX0B3xrwtWHa6psJ1W3at43DEsug','BEARER',_binary '',_binary '',19),(533,'eyJhbGciOiJIUzI1NiJ9.eyJyb2xlIjpbImVtcGxveWVlOmRlbGV0ZSIsImVtcGxveWVlOnVwZGF0ZSIsImFkbWluOnVwZGF0ZSIsImFkbWluOmRlbGV0ZSIsImVtcGxveWVlOnJlYWQiLCJlbXBsb3llZTpjcmVhdGUiLCJhZG1pbjpyZWFkIiwiYWRtaW46Y3JlYXRlIiwiUk9MRV9BRE1JTiJdLCJzdWIiOiJhZG1pbiIsImlhdCI6MTY5NDYxMTY0OSwiZXhwIjoxNjk0NjQ3NjQ5fQ.L052nF4Cj53DS6uFX0B3xrwtWHa6psJ1W3at43DEsug','BEARER',_binary '',_binary '',19),(534,'eyJhbGciOiJIUzI1NiJ9.eyJyb2xlIjpbImFkbWluOmNyZWF0ZSIsImFkbWluOmRlbGV0ZSIsImVtcGxveWVlOmNyZWF0ZSIsImVtcGxveWVlOnVwZGF0ZSIsImFkbWluOnJlYWQiLCJlbXBsb3llZTpyZWFkIiwiYWRtaW46dXBkYXRlIiwiZW1wbG95ZWU6ZGVsZXRlIiwiUk9MRV9BRE1JTiJdLCJzdWIiOiJhZG1pbiIsImlhdCI6MTY5NDYxMTg3MSwiZXhwIjoxNjk0NjQ3ODcxfQ.unWKvDOaHk4IpnTtYNdtn85WaXRHkwPUOrV0qwypuRs','BEARER',_binary '',_binary '',19),(535,'eyJhbGciOiJIUzI1NiJ9.eyJyb2xlIjpbImFkbWluOmNyZWF0ZSIsImFkbWluOmRlbGV0ZSIsImVtcGxveWVlOmNyZWF0ZSIsImVtcGxveWVlOnVwZGF0ZSIsImFkbWluOnJlYWQiLCJlbXBsb3llZTpyZWFkIiwiYWRtaW46dXBkYXRlIiwiZW1wbG95ZWU6ZGVsZXRlIiwiUk9MRV9BRE1JTiJdLCJzdWIiOiJhZG1pbiIsImlhdCI6MTY5NDYxMTg5MywiZXhwIjoxNjk0NjQ3ODkzfQ.9TMVcMY7eDsPczMLk_CnDN1UcZfkwIwnHtBlGBlULOQ','BEARER',_binary '',_binary '',19),(536,'eyJhbGciOiJIUzI1NiJ9.eyJyb2xlIjpbImFkbWluOmNyZWF0ZSIsImFkbWluOmRlbGV0ZSIsImVtcGxveWVlOmNyZWF0ZSIsImVtcGxveWVlOnVwZGF0ZSIsImFkbWluOnJlYWQiLCJlbXBsb3llZTpyZWFkIiwiYWRtaW46dXBkYXRlIiwiZW1wbG95ZWU6ZGVsZXRlIiwiUk9MRV9BRE1JTiJdLCJzdWIiOiJhZG1pbiIsImlhdCI6MTY5NDYxMTg5NSwiZXhwIjoxNjk0NjQ3ODk1fQ.hsl8a7Tn7rUXdF6tdekvo0lTZ3zV5PDr-pgG4G4Zijo','BEARER',_binary '',_binary '',19),(537,'eyJhbGciOiJIUzI1NiJ9.eyJyb2xlIjpbImFkbWluOmNyZWF0ZSIsImFkbWluOmRlbGV0ZSIsImVtcGxveWVlOmNyZWF0ZSIsImVtcGxveWVlOnVwZGF0ZSIsImFkbWluOnJlYWQiLCJlbXBsb3llZTpyZWFkIiwiYWRtaW46dXBkYXRlIiwiZW1wbG95ZWU6ZGVsZXRlIiwiUk9MRV9BRE1JTiJdLCJzdWIiOiJhZG1pbiIsImlhdCI6MTY5NDYxMTg5NywiZXhwIjoxNjk0NjQ3ODk3fQ.e-aarpB22cakxhzfMgMyf0ivjzU9Zjl5D8zyVulsGWg','BEARER',_binary '',_binary '',19),(538,'eyJhbGciOiJIUzI1NiJ9.eyJyb2xlIjpbImFkbWluOmNyZWF0ZSIsImFkbWluOmRlbGV0ZSIsImVtcGxveWVlOmNyZWF0ZSIsImVtcGxveWVlOnVwZGF0ZSIsImFkbWluOnJlYWQiLCJlbXBsb3llZTpyZWFkIiwiYWRtaW46dXBkYXRlIiwiZW1wbG95ZWU6ZGVsZXRlIiwiUk9MRV9BRE1JTiJdLCJzdWIiOiJhZG1pbiIsImlhdCI6MTY5NDYxMjAxMSwiZXhwIjoxNjk0NjQ4MDExfQ.gqBxB3K6KQ87oBYykgndgIYVmc-kMMhyqgAU7naexSk','BEARER',_binary '',_binary '',19),(539,'eyJhbGciOiJIUzI1NiJ9.eyJyb2xlIjpbImFkbWluOnVwZGF0ZSIsImVtcGxveWVlOnVwZGF0ZSIsImVtcGxveWVlOmRlbGV0ZSIsImFkbWluOmNyZWF0ZSIsImFkbWluOnJlYWQiLCJlbXBsb3llZTpjcmVhdGUiLCJlbXBsb3llZTpyZWFkIiwiYWRtaW46ZGVsZXRlIiwiUk9MRV9BRE1JTiJdLCJzdWIiOiJhZG1pbiIsImlhdCI6MTY5NDYxMjExMywiZXhwIjoxNjk0NjQ4MTEzfQ.dYhLHkKEiZQoIvicFF3TtC-qGcojtJ6fTIBPdzDuBtc','BEARER',_binary '',_binary '',19),(540,'eyJhbGciOiJIUzI1NiJ9.eyJyb2xlIjpbImFkbWluOmRlbGV0ZSIsImFkbWluOnVwZGF0ZSIsImVtcGxveWVlOnVwZGF0ZSIsImVtcGxveWVlOmRlbGV0ZSIsImFkbWluOmNyZWF0ZSIsImFkbWluOnJlYWQiLCJlbXBsb3llZTpjcmVhdGUiLCJlbXBsb3llZTpyZWFkIiwiUk9MRV9BRE1JTiJdLCJzdWIiOiJhZG1pbiIsImlhdCI6MTY5NDYxMjY3NCwiZXhwIjoxNjk0NjQ4Njc0fQ.bXjMv4c3UdS_44gFzWOhVV3jpPo3TRLDqSzX8h6NRiI','BEARER',_binary '',_binary '',19),(541,'eyJhbGciOiJIUzI1NiJ9.eyJyb2xlIjpbImVtcGxveWVlOmNyZWF0ZSIsImFkbWluOmRlbGV0ZSIsImFkbWluOmNyZWF0ZSIsImVtcGxveWVlOmRlbGV0ZSIsImFkbWluOnVwZGF0ZSIsImVtcGxveWVlOnJlYWQiLCJhZG1pbjpyZWFkIiwiZW1wbG95ZWU6dXBkYXRlIiwiUk9MRV9BRE1JTiJdLCJzdWIiOiJhZG1pbiIsImlhdCI6MTY5NDYxMjc5OSwiZXhwIjoxNjk0NjQ4Nzk5fQ.nFEhr6ZCLXx9gB7c95zzRZAe6xmACysCf3cs4y12wBY','BEARER',_binary '',_binary '',19),(542,'eyJhbGciOiJIUzI1NiJ9.eyJyb2xlIjpbImVtcGxveWVlOmNyZWF0ZSIsImFkbWluOmRlbGV0ZSIsImFkbWluOmNyZWF0ZSIsImVtcGxveWVlOmRlbGV0ZSIsImFkbWluOnVwZGF0ZSIsImVtcGxveWVlOnJlYWQiLCJhZG1pbjpyZWFkIiwiZW1wbG95ZWU6dXBkYXRlIiwiUk9MRV9BRE1JTiJdLCJzdWIiOiJhZG1pbiIsImlhdCI6MTY5NDYxMzg5MiwiZXhwIjoxNjk0NjQ5ODkyfQ.-WDEND72BYlzKJ196c-tfJgHfYOKpfAuZc5_IwqURmk','BEARER',_binary '',_binary '',19),(543,'eyJhbGciOiJIUzI1NiJ9.eyJyb2xlIjpbImVtcGxveWVlOmNyZWF0ZSIsImFkbWluOmRlbGV0ZSIsImFkbWluOmNyZWF0ZSIsImVtcGxveWVlOmRlbGV0ZSIsImFkbWluOnVwZGF0ZSIsImVtcGxveWVlOnJlYWQiLCJhZG1pbjpyZWFkIiwiZW1wbG95ZWU6dXBkYXRlIiwiUk9MRV9BRE1JTiJdLCJzdWIiOiJhZG1pbiIsImlhdCI6MTY5NDYxMzg5MywiZXhwIjoxNjk0NjQ5ODkzfQ.z_nwxdPzHnSv3AxJ2CR-soVmEpOA_s5u4GTqyQtIXoY','BEARER',_binary '',_binary '',19),(544,'eyJhbGciOiJIUzI1NiJ9.eyJyb2xlIjpbImVtcGxveWVlOmNyZWF0ZSIsImFkbWluOmRlbGV0ZSIsImFkbWluOmNyZWF0ZSIsImVtcGxveWVlOmRlbGV0ZSIsImFkbWluOnVwZGF0ZSIsImVtcGxveWVlOnJlYWQiLCJhZG1pbjpyZWFkIiwiZW1wbG95ZWU6dXBkYXRlIiwiUk9MRV9BRE1JTiJdLCJzdWIiOiJhZG1pbiIsImlhdCI6MTY5NDYxMzk3MCwiZXhwIjoxNjk0NjQ5OTcwfQ.q8p_b8FyY9RL4BJ7kVk9IDN_3DgE7qWEOzVZtjlTKw8','BEARER',_binary '',_binary '',19),(545,'eyJhbGciOiJIUzI1NiJ9.eyJyb2xlIjpbImVtcGxveWVlOmNyZWF0ZSIsImFkbWluOmRlbGV0ZSIsImFkbWluOmNyZWF0ZSIsImVtcGxveWVlOmRlbGV0ZSIsImFkbWluOnVwZGF0ZSIsImVtcGxveWVlOnJlYWQiLCJhZG1pbjpyZWFkIiwiZW1wbG95ZWU6dXBkYXRlIiwiUk9MRV9BRE1JTiJdLCJzdWIiOiJhZG1pbiIsImlhdCI6MTY5NDYxMzk3MiwiZXhwIjoxNjk0NjQ5OTcyfQ.pxJV4f_X9O1-0FUs037nhSq_h5ctq8PAz2fVifGI69A','BEARER',_binary '',_binary '',19),(546,'eyJhbGciOiJIUzI1NiJ9.eyJyb2xlIjpbImVtcGxveWVlOmRlbGV0ZSIsImFkbWluOmNyZWF0ZSIsImFkbWluOmRlbGV0ZSIsImVtcGxveWVlOmNyZWF0ZSIsImVtcGxveWVlOnVwZGF0ZSIsImFkbWluOnJlYWQiLCJlbXBsb3llZTpyZWFkIiwiYWRtaW46dXBkYXRlIiwiUk9MRV9BRE1JTiJdLCJzdWIiOiJhZG1pbiIsImlhdCI6MTY5NDYxNDQyMSwiZXhwIjoxNjk0NjUwNDIxfQ.VFwcdUouTT5WVksFn93bDjkMUoIJJk86WS3XCaDAFIw','BEARER',_binary '',_binary '',19),(547,'eyJhbGciOiJIUzI1NiJ9.eyJyb2xlIjpbImFkbWluOmNyZWF0ZSIsImVtcGxveWVlOnVwZGF0ZSIsImVtcGxveWVlOnJlYWQiLCJhZG1pbjpyZWFkIiwiYWRtaW46dXBkYXRlIiwiZW1wbG95ZWU6Y3JlYXRlIiwiYWRtaW46ZGVsZXRlIiwiZW1wbG95ZWU6ZGVsZXRlIiwiUk9MRV9BRE1JTiJdLCJzdWIiOiJhZG1pbiIsImlhdCI6MTY5NDY1NTQ0NiwiZXhwIjoxNjk0NjkxNDQ2fQ.melBUoFMV7hdy8tPm7oE_ZqRc6IoSXEuORG2MTFXQqg','BEARER',_binary '',_binary '',19),(548,'eyJhbGciOiJIUzI1NiJ9.eyJyb2xlIjpbImFkbWluOmRlbGV0ZSIsImFkbWluOmNyZWF0ZSIsImVtcGxveWVlOnVwZGF0ZSIsImFkbWluOnVwZGF0ZSIsImVtcGxveWVlOmRlbGV0ZSIsImVtcGxveWVlOnJlYWQiLCJlbXBsb3llZTpjcmVhdGUiLCJhZG1pbjpyZWFkIiwiUk9MRV9BRE1JTiJdLCJzdWIiOiJhZG1pbiIsImlhdCI6MTY5NDY2MDQ2NCwiZXhwIjoxNjk0Njk2NDY0fQ.0u-Qb0IM5316o2w2F9hnVe1-FRg1mJ_Qre5xbE14X0k','BEARER',_binary '',_binary '',19),(549,'eyJhbGciOiJIUzI1NiJ9.eyJyb2xlIjpbImFkbWluOmRlbGV0ZSIsImFkbWluOmNyZWF0ZSIsImVtcGxveWVlOnVwZGF0ZSIsImFkbWluOnVwZGF0ZSIsImVtcGxveWVlOmRlbGV0ZSIsImVtcGxveWVlOnJlYWQiLCJlbXBsb3llZTpjcmVhdGUiLCJhZG1pbjpyZWFkIiwiUk9MRV9BRE1JTiJdLCJzdWIiOiJhZG1pbiIsImlhdCI6MTY5NDY2MDU2OSwiZXhwIjoxNjk0Njk2NTY5fQ.tkEvom3zV5svo2MG9_mp9T1FkxIlOb0myS0OG5Rtdss','BEARER',_binary '',_binary '',19),(550,'eyJhbGciOiJIUzI1NiJ9.eyJyb2xlIjpbImFkbWluOnJlYWQiLCJlbXBsb3llZTpjcmVhdGUiLCJhZG1pbjpkZWxldGUiLCJhZG1pbjpjcmVhdGUiLCJlbXBsb3llZTpyZWFkIiwiZW1wbG95ZWU6ZGVsZXRlIiwiZW1wbG95ZWU6dXBkYXRlIiwiYWRtaW46dXBkYXRlIiwiUk9MRV9BRE1JTiJdLCJzdWIiOiJhZG1pbiIsImlhdCI6MTY5NDY2OTc5NywiZXhwIjoxNjk0NzA1Nzk3fQ.RV_-zbPLu50p2d792H6zDmgW9MOzD1gMoVja-AkLLwU','BEARER',_binary '',_binary '',19),(551,'eyJhbGciOiJIUzI1NiJ9.eyJyb2xlIjpbImFkbWluOnJlYWQiLCJlbXBsb3llZTpjcmVhdGUiLCJhZG1pbjpjcmVhdGUiLCJlbXBsb3llZTpyZWFkIiwiYWRtaW46ZGVsZXRlIiwiZW1wbG95ZWU6dXBkYXRlIiwiZW1wbG95ZWU6ZGVsZXRlIiwiYWRtaW46dXBkYXRlIiwiUk9MRV9BRE1JTiJdLCJzdWIiOiJhZG1pbiIsImlhdCI6MTY5NDY3NzE3NSwiZXhwIjoxNjk0NzEzMTc1fQ.HGqogBAm1sJ1T5UuHCZleCUzzGnLdQzMsLynzPP9UiM','BEARER',_binary '',_binary '',19),(552,'eyJhbGciOiJIUzI1NiJ9.eyJyb2xlIjpbImVtcGxveWVlOnVwZGF0ZSIsImVtcGxveWVlOmRlbGV0ZSIsImFkbWluOnVwZGF0ZSIsImFkbWluOnJlYWQiLCJlbXBsb3llZTpjcmVhdGUiLCJhZG1pbjpjcmVhdGUiLCJlbXBsb3llZTpyZWFkIiwiYWRtaW46ZGVsZXRlIiwiUk9MRV9BRE1JTiJdLCJzdWIiOiJhZG1pbiIsImlhdCI6MTY5NDczNzc4OCwiZXhwIjoxNjk0NzczNzg4fQ.DdJ6a5YQfcsoZoB8-IEvOFdEZgsGfzhuyN1Hz_hJGLc','BEARER',_binary '',_binary '',19),(553,'eyJhbGciOiJIUzI1NiJ9.eyJyb2xlIjpbImVtcGxveWVlOnVwZGF0ZSIsImVtcGxveWVlOmRlbGV0ZSIsImVtcGxveWVlOmNyZWF0ZSIsImVtcGxveWVlOnJlYWQiLCJST0xFX0VNUExPWUVFIl0sInN1YiI6ImVtcGxveWVlIiwiaWF0IjoxNjk0NzU4OTQzLCJleHAiOjE2OTQ3OTQ5NDN9.s0Ny3c0qGtHSaoE_FLNxi9_u3q69sSnxi-nWzVtmcGA','BEARER',_binary '',_binary '',20),(554,'eyJhbGciOiJIUzI1NiJ9.eyJyb2xlIjpbImFkbWluOmRlbGV0ZSIsImVtcGxveWVlOmNyZWF0ZSIsImFkbWluOnVwZGF0ZSIsImVtcGxveWVlOnJlYWQiLCJlbXBsb3llZTp1cGRhdGUiLCJhZG1pbjpyZWFkIiwiZW1wbG95ZWU6ZGVsZXRlIiwiYWRtaW46Y3JlYXRlIiwiUk9MRV9BRE1JTiJdLCJzdWIiOiJhZG1pbiIsImlhdCI6MTY5NDgzNTgzMCwiZXhwIjoxNjk0ODcxODMwfQ.eoEeTMH40cGIVTEralfUbw7Ky5kOn0OV5qpwVoN05jw','BEARER',_binary '',_binary '',19),(555,'eyJhbGciOiJIUzI1NiJ9.eyJyb2xlIjpbImVtcGxveWVlOnVwZGF0ZSIsImVtcGxveWVlOmNyZWF0ZSIsImVtcGxveWVlOmRlbGV0ZSIsImVtcGxveWVlOnJlYWQiLCJST0xFX0VNUExPWUVFIl0sInN1YiI6ImVtcGxveWVlIiwiaWF0IjoxNjk0ODM1ODM4LCJleHAiOjE2OTQ4NzE4Mzh9.V5805o_ezxSuCYn_uvKg5tvcKd89yHSk5m10J9q0atc','BEARER',_binary '',_binary '',20),(556,'eyJhbGciOiJIUzI1NiJ9.eyJyb2xlIjpbImVtcGxveWVlOnVwZGF0ZSIsImVtcGxveWVlOmNyZWF0ZSIsImVtcGxveWVlOmRlbGV0ZSIsImVtcGxveWVlOnJlYWQiLCJST0xFX0VNUExPWUVFIl0sInN1YiI6ImVtcGxveWVlIiwiaWF0IjoxNjk0ODQyNzE3LCJleHAiOjE2OTQ4Nzg3MTd9.ly-Vp579LqE-7EGxvxsRiyqOOjGo5kIoFwBTgDQTNzY','BEARER',_binary '',_binary '',20),(557,'eyJhbGciOiJIUzI1NiJ9.eyJyb2xlIjpbImVtcGxveWVlOmRlbGV0ZSIsImVtcGxveWVlOnVwZGF0ZSIsImVtcGxveWVlOnJlYWQiLCJlbXBsb3llZTpjcmVhdGUiLCJST0xFX0VNUExPWUVFIl0sInN1YiI6ImVtcGxveWVlIiwiaWF0IjoxNjk0ODc4OTU2LCJleHAiOjE2OTQ5MTQ5NTZ9.jqMm81OzknXqEBkxC8AsYeTqRJFYoiNrVRiFOWDpBmI','BEARER',_binary '',_binary '',20),(558,'eyJhbGciOiJIUzI1NiJ9.eyJyb2xlIjpbImVtcGxveWVlOmNyZWF0ZSIsImVtcGxveWVlOnJlYWQiLCJlbXBsb3llZTp1cGRhdGUiLCJlbXBsb3llZTpkZWxldGUiLCJST0xFX0VNUExPWUVFIl0sInN1YiI6ImVtcGxveWVlIiwiaWF0IjoxNjk0OTE0OTU3LCJleHAiOjE2OTQ5NTA5NTd9.zyrpECjvcM5JZ_PBwSlK6u-2UhGALGWc0g2GO0Gw8qo','BEARER',_binary '',_binary '',20),(559,'eyJhbGciOiJIUzI1NiJ9.eyJyb2xlIjpbImVtcGxveWVlOnVwZGF0ZSIsImVtcGxveWVlOmRlbGV0ZSIsImFkbWluOnJlYWQiLCJhZG1pbjpjcmVhdGUiLCJhZG1pbjpkZWxldGUiLCJlbXBsb3llZTpjcmVhdGUiLCJhZG1pbjp1cGRhdGUiLCJlbXBsb3llZTpyZWFkIiwiUk9MRV9BRE1JTiJdLCJzdWIiOiJhZG1pbiIsImlhdCI6MTY5NDkyMjMzMCwiZXhwIjoxNjk0OTU4MzMwfQ.fCVfG__v2REqAhAQvHZvxAmvaqZm7vaGisyey1eYCgI','BEARER',_binary '',_binary '',19),(560,'eyJhbGciOiJIUzI1NiJ9.eyJyb2xlIjpbImVtcGxveWVlOnJlYWQiLCJlbXBsb3llZTpjcmVhdGUiLCJhZG1pbjpjcmVhdGUiLCJlbXBsb3llZTpkZWxldGUiLCJhZG1pbjpyZWFkIiwiYWRtaW46ZGVsZXRlIiwiZW1wbG95ZWU6dXBkYXRlIiwiYWRtaW46dXBkYXRlIiwiUk9MRV9BRE1JTiJdLCJzdWIiOiJhZG1pbiIsImlhdCI6MTY5NDkyNTk2NCwiZXhwIjoxNjk0OTYxOTY0fQ.4UF44RRDAvRpgu_X-a5CVQfXhRBwogeIuzGMCaAJc6M','BEARER',_binary '',_binary '',19),(561,'eyJhbGciOiJIUzI1NiJ9.eyJyb2xlIjpbImFkbWluOnJlYWQiLCJhZG1pbjpkZWxldGUiLCJlbXBsb3llZTp1cGRhdGUiLCJhZG1pbjp1cGRhdGUiLCJlbXBsb3llZTpyZWFkIiwiZW1wbG95ZWU6Y3JlYXRlIiwiYWRtaW46Y3JlYXRlIiwiZW1wbG95ZWU6ZGVsZXRlIiwiUk9MRV9BRE1JTiJdLCJzdWIiOiJhZG1pbiIsImlhdCI6MTY5NDkyNjIyMSwiZXhwIjoxNjk0OTYyMjIxfQ.ZbPRIkExC29r73RtiOAo9Phk4pNdvNQI0qXdb_B7XLk','BEARER',_binary '',_binary '',19),(562,'eyJhbGciOiJIUzI1NiJ9.eyJyb2xlIjpbImFkbWluOmRlbGV0ZSIsImVtcGxveWVlOnVwZGF0ZSIsImFkbWluOnVwZGF0ZSIsImVtcGxveWVlOnJlYWQiLCJlbXBsb3llZTpjcmVhdGUiLCJhZG1pbjpjcmVhdGUiLCJlbXBsb3llZTpkZWxldGUiLCJhZG1pbjpyZWFkIiwiUk9MRV9BRE1JTiJdLCJzdWIiOiJhZG1pbiIsImlhdCI6MTY5NDkyNjUxOCwiZXhwIjoxNjk0OTYyNTE4fQ.4grolIQdsfeb1tZ5kEO-ZVVCkdRl4n0mubTnc2-YRkk','BEARER',_binary '',_binary '',19),(563,'eyJhbGciOiJIUzI1NiJ9.eyJyb2xlIjpbImVtcGxveWVlOnJlYWQiLCJlbXBsb3llZTpjcmVhdGUiLCJhZG1pbjpjcmVhdGUiLCJlbXBsb3llZTpkZWxldGUiLCJhZG1pbjpyZWFkIiwiYWRtaW46ZGVsZXRlIiwiZW1wbG95ZWU6dXBkYXRlIiwiYWRtaW46dXBkYXRlIiwiUk9MRV9BRE1JTiJdLCJzdWIiOiJhZG1pbiIsImlhdCI6MTY5NDkyNzY4NywiZXhwIjoxNjk0OTYzNjg3fQ.nOuq8JGugNSirpTQtyNi2F_g1xjFx7ElQj-Tffug4Hk','BEARER',_binary '',_binary '',19),(564,'eyJhbGciOiJIUzI1NiJ9.eyJyb2xlIjpbImVtcGxveWVlOnJlYWQiLCJlbXBsb3llZTpjcmVhdGUiLCJhZG1pbjpjcmVhdGUiLCJlbXBsb3llZTpkZWxldGUiLCJhZG1pbjpyZWFkIiwiYWRtaW46ZGVsZXRlIiwiZW1wbG95ZWU6dXBkYXRlIiwiYWRtaW46dXBkYXRlIiwiUk9MRV9BRE1JTiJdLCJzdWIiOiJhZG1pbiIsImlhdCI6MTY5NDkyNzc1OSwiZXhwIjoxNjk0OTYzNzU5fQ.Hpj8wsWXas0qnUls5Y4K3TqSc0qk42BhkEzrsOX0aKs','BEARER',_binary '',_binary '',19),(565,'eyJhbGciOiJIUzI1NiJ9.eyJyb2xlIjpbImVtcGxveWVlOmRlbGV0ZSIsImVtcGxveWVlOnVwZGF0ZSIsImFkbWluOmRlbGV0ZSIsImFkbWluOnVwZGF0ZSIsImVtcGxveWVlOmNyZWF0ZSIsImVtcGxveWVlOnJlYWQiLCJhZG1pbjpyZWFkIiwiYWRtaW46Y3JlYXRlIiwiUk9MRV9BRE1JTiJdLCJzdWIiOiJhZG1pbiIsImlhdCI6MTY5NDk0MDMwOSwiZXhwIjoxNjk0OTc2MzA5fQ.UJVbwvhkV7WUab6lALM5h5QbJeTOXq6psofl2rZ1pdY','BEARER',_binary '',_binary '',19),(566,'eyJhbGciOiJIUzI1NiJ9.eyJyb2xlIjpbImFkbWluOnJlYWQiLCJlbXBsb3llZTpkZWxldGUiLCJhZG1pbjpkZWxldGUiLCJhZG1pbjpjcmVhdGUiLCJlbXBsb3llZTp1cGRhdGUiLCJlbXBsb3llZTpyZWFkIiwiYWRtaW46dXBkYXRlIiwiZW1wbG95ZWU6Y3JlYXRlIiwiUk9MRV9BRE1JTiJdLCJzdWIiOiJhZG1pbiIsImlhdCI6MTY5NDk0MDQ2MywiZXhwIjoxNjk0OTc2NDYzfQ.Yt9kbhPTu-ry7U6nyN-89ixwMadxSv4hz05xz7Z_Is4','BEARER',_binary '',_binary '',19),(567,'eyJhbGciOiJIUzI1NiJ9.eyJyb2xlIjpbImFkbWluOnJlYWQiLCJlbXBsb3llZTpkZWxldGUiLCJhZG1pbjpkZWxldGUiLCJhZG1pbjpjcmVhdGUiLCJlbXBsb3llZTp1cGRhdGUiLCJlbXBsb3llZTpyZWFkIiwiYWRtaW46dXBkYXRlIiwiZW1wbG95ZWU6Y3JlYXRlIiwiUk9MRV9BRE1JTiJdLCJzdWIiOiJhZG1pbiIsImlhdCI6MTY5NDk0MDQ3MywiZXhwIjoxNjk0OTc2NDczfQ.3RenHMt6-X2dlsMZchZIAI3cRhYd-mCEWZxJF-fj8Hc','BEARER',_binary '',_binary '',19),(568,'eyJhbGciOiJIUzI1NiJ9.eyJyb2xlIjpbImVtcGxveWVlOmRlbGV0ZSIsImFkbWluOmRlbGV0ZSIsImFkbWluOmNyZWF0ZSIsImVtcGxveWVlOnVwZGF0ZSIsImVtcGxveWVlOnJlYWQiLCJhZG1pbjp1cGRhdGUiLCJlbXBsb3llZTpjcmVhdGUiLCJhZG1pbjpyZWFkIiwiUk9MRV9BRE1JTiJdLCJzdWIiOiJhZG1pbiIsImlhdCI6MTY5NDk0MDY4NywiZXhwIjoxNjk0OTc2Njg3fQ.TpMid3Uqt4ITrt8NChxZeotzmLpRbwMK402b0Z0PW00','BEARER',_binary '',_binary '',19),(569,'eyJhbGciOiJIUzI1NiJ9.eyJyb2xlIjpbImFkbWluOmNyZWF0ZSIsImFkbWluOnJlYWQiLCJlbXBsb3llZTpyZWFkIiwiZW1wbG95ZWU6Y3JlYXRlIiwiYWRtaW46dXBkYXRlIiwiYWRtaW46ZGVsZXRlIiwiZW1wbG95ZWU6dXBkYXRlIiwiZW1wbG95ZWU6ZGVsZXRlIiwiUk9MRV9BRE1JTiJdLCJzdWIiOiJhZG1pbiIsImlhdCI6MTY5NDk0MDg2NiwiZXhwIjoxNjk0OTc2ODY2fQ.FobuZFQg_wtU_c4Xme_bpQEsGitaqODcZX0BULRkDlY','BEARER',_binary '',_binary '',19),(570,'eyJhbGciOiJIUzI1NiJ9.eyJyb2xlIjpbImVtcGxveWVlOnJlYWQiLCJlbXBsb3llZTp1cGRhdGUiLCJhZG1pbjpjcmVhdGUiLCJhZG1pbjpkZWxldGUiLCJlbXBsb3llZTpkZWxldGUiLCJhZG1pbjpyZWFkIiwiZW1wbG95ZWU6Y3JlYXRlIiwiYWRtaW46dXBkYXRlIiwiUk9MRV9BRE1JTiJdLCJzdWIiOiJhZG1pbiIsImlhdCI6MTY5NDk0MTI5NywiZXhwIjoxNjk0OTc3Mjk3fQ.FRH2l-Yss_71lklnwqz96KKVOz4Dvdvuinl0tFkFQ70','BEARER',_binary '',_binary '',19),(571,'eyJhbGciOiJIUzI1NiJ9.eyJyb2xlIjpbImVtcGxveWVlOmRlbGV0ZSIsImFkbWluOmRlbGV0ZSIsImFkbWluOmNyZWF0ZSIsImVtcGxveWVlOnVwZGF0ZSIsImVtcGxveWVlOnJlYWQiLCJhZG1pbjp1cGRhdGUiLCJlbXBsb3llZTpjcmVhdGUiLCJhZG1pbjpyZWFkIiwiUk9MRV9BRE1JTiJdLCJzdWIiOiJhZG1pbiIsImlhdCI6MTY5NDk0MTM4NCwiZXhwIjoxNjk0OTc3Mzg0fQ.OzU39d-3eGuYlsDd_g_Trsa6UyDu-w4-Tf-o5YpHgW0','BEARER',_binary '',_binary '',19),(572,'eyJhbGciOiJIUzI1NiJ9.eyJyb2xlIjpbImFkbWluOnJlYWQiLCJlbXBsb3llZTpjcmVhdGUiLCJhZG1pbjp1cGRhdGUiLCJlbXBsb3llZTpyZWFkIiwiZW1wbG95ZWU6dXBkYXRlIiwiYWRtaW46Y3JlYXRlIiwiYWRtaW46ZGVsZXRlIiwiZW1wbG95ZWU6ZGVsZXRlIiwiUk9MRV9BRE1JTiJdLCJzdWIiOiJhZG1pbiIsImlhdCI6MTY5NDk0MTUzNSwiZXhwIjoxNjk0OTc3NTM1fQ.FER2Sd6p2_hggQNHFKSS0sU94-R9skXnlkFOeRUxcxo','BEARER',_binary '',_binary '',19),(573,'eyJhbGciOiJIUzI1NiJ9.eyJyb2xlIjpbImVtcGxveWVlOmNyZWF0ZSIsImVtcGxveWVlOnJlYWQiLCJhZG1pbjpyZWFkIiwiYWRtaW46Y3JlYXRlIiwiZW1wbG95ZWU6ZGVsZXRlIiwiZW1wbG95ZWU6dXBkYXRlIiwiYWRtaW46ZGVsZXRlIiwiYWRtaW46dXBkYXRlIiwiUk9MRV9BRE1JTiJdLCJzdWIiOiJhZG1pbiIsImlhdCI6MTY5NDk0MTcwMSwiZXhwIjoxNjk0OTc3NzAxfQ.SYQfk5GYNrmAah1I9pY3cd8--4Io4HqsVOGBwuZAfYg','BEARER',_binary '',_binary '',19),(574,'eyJhbGciOiJIUzI1NiJ9.eyJyb2xlIjpbImVtcGxveWVlOnJlYWQiLCJlbXBsb3llZTpjcmVhdGUiLCJlbXBsb3llZTp1cGRhdGUiLCJlbXBsb3llZTpkZWxldGUiLCJST0xFX0VNUExPWUVFIl0sInN1YiI6ImVtcGxveWVlIiwiaWF0IjoxNjk0OTYwMzI2LCJleHAiOjE2OTQ5OTYzMjZ9.RpZPo-oTBbQzCJkWs_pJWJhfSxpqKijh2Lyh2sFlOes','BEARER',_binary '',_binary '',20),(575,'eyJhbGciOiJIUzI1NiJ9.eyJyb2xlIjpbImVtcGxveWVlOnJlYWQiLCJlbXBsb3llZTpjcmVhdGUiLCJlbXBsb3llZTp1cGRhdGUiLCJlbXBsb3llZTpkZWxldGUiLCJST0xFX0VNUExPWUVFIl0sInN1YiI6ImVtcGxveWVlIiwiaWF0IjoxNjk0OTYwMzI2LCJleHAiOjE2OTQ5OTYzMjZ9.RpZPo-oTBbQzCJkWs_pJWJhfSxpqKijh2Lyh2sFlOes','BEARER',_binary '',_binary '',20),(576,'eyJhbGciOiJIUzI1NiJ9.eyJyb2xlIjpbImVtcGxveWVlOnJlYWQiLCJlbXBsb3llZTp1cGRhdGUiLCJlbXBsb3llZTpjcmVhdGUiLCJlbXBsb3llZTpkZWxldGUiLCJST0xFX0VNUExPWUVFIl0sInN1YiI6ImVtcGxveWVlIiwiaWF0IjoxNjk0OTYxMTQ5LCJleHAiOjE2OTQ5OTcxNDl9.vGpIlPUuBlwURvI3M7NmC3Nu-jEamRSCR1KGKCwRwmg','BEARER',_binary '',_binary '',20),(577,'eyJhbGciOiJIUzI1NiJ9.eyJyb2xlIjpbImVtcGxveWVlOmRlbGV0ZSIsImVtcGxveWVlOnJlYWQiLCJlbXBsb3llZTpjcmVhdGUiLCJlbXBsb3llZTp1cGRhdGUiLCJST0xFX0VNUExPWUVFIl0sInN1YiI6ImVtcGxveWVlIiwiaWF0IjoxNjk1MDA4NTY3LCJleHAiOjE2OTUwNDQ1Njd9.bTX9GAt_s21IVkoD_m_mObQBwHYCos-xHktg5-vyzMc','BEARER',_binary '',_binary '',20),(578,'eyJhbGciOiJIUzI1NiJ9.eyJyb2xlIjpbImVtcGxveWVlOmRlbGV0ZSIsImVtcGxveWVlOnJlYWQiLCJlbXBsb3llZTpjcmVhdGUiLCJlbXBsb3llZTp1cGRhdGUiLCJST0xFX0VNUExPWUVFIl0sInN1YiI6ImVtcGxveWVlIiwiaWF0IjoxNjk1MDEzODQ4LCJleHAiOjE2OTUwNDk4NDh9.UN9kaau37OwRo3g3TwdjR6gg9CxT_c2VC5AmG_fL0O8','BEARER',_binary '',_binary '',20),(579,'eyJhbGciOiJIUzI1NiJ9.eyJyb2xlIjpbImVtcGxveWVlOmRlbGV0ZSIsImVtcGxveWVlOnJlYWQiLCJlbXBsb3llZTpjcmVhdGUiLCJlbXBsb3llZTp1cGRhdGUiLCJST0xFX0VNUExPWUVFIl0sInN1YiI6ImVtcGxveWVlIiwiaWF0IjoxNjk1MDEzODQ4LCJleHAiOjE2OTUwNDk4NDh9.UN9kaau37OwRo3g3TwdjR6gg9CxT_c2VC5AmG_fL0O8','BEARER',_binary '',_binary '',20),(580,'eyJhbGciOiJIUzI1NiJ9.eyJyb2xlIjpbImVtcGxveWVlOnVwZGF0ZSIsImFkbWluOnVwZGF0ZSIsImVtcGxveWVlOmRlbGV0ZSIsImVtcGxveWVlOnJlYWQiLCJlbXBsb3llZTpjcmVhdGUiLCJhZG1pbjpyZWFkIiwiYWRtaW46ZGVsZXRlIiwiYWRtaW46Y3JlYXRlIiwiUk9MRV9BRE1JTiJdLCJzdWIiOiJhZG1pbiIsImlhdCI6MTY5NTAxNDAzNywiZXhwIjoxNjk1MDUwMDM3fQ.-z0HGMZlSWt1DglQw1sOKgrh66B2qrsOuLJl3RubtIs','BEARER',_binary '',_binary '',19),(581,'eyJhbGciOiJIUzI1NiJ9.eyJyb2xlIjpbIlJPTEVfVVNFUiJdLCJzdWIiOiJvZGFrYSIsImlhdCI6MTY5NTA0MTM3MSwiZXhwIjoxNjk1MDc3MzcxfQ.rJ6DpC_ykcFvAmPmrjnzVtY6j-JoOUlVD9PGtqYBA0o','BEARER',_binary '',_binary '',44),(582,'eyJhbGciOiJIUzI1NiJ9.eyJyb2xlIjpbIlJPTEVfVVNFUiJdLCJzdWIiOiJvZGFrYSIsImlhdCI6MTY5NTA5OTEwNiwiZXhwIjoxNjk1MTM1MTA2fQ.0D4vzf_W1bIR5wfmY-a2k563FYHxKMXcZ5vvesNDycs','BEARER',_binary '',_binary '',44),(583,'eyJhbGciOiJIUzI1NiJ9.eyJyb2xlIjpbImVtcGxveWVlOmNyZWF0ZSIsImFkbWluOmNyZWF0ZSIsImFkbWluOnJlYWQiLCJlbXBsb3llZTp1cGRhdGUiLCJhZG1pbjp1cGRhdGUiLCJlbXBsb3llZTpyZWFkIiwiZW1wbG95ZWU6ZGVsZXRlIiwiYWRtaW46ZGVsZXRlIiwiUk9MRV9BRE1JTiJdLCJzdWIiOiJhZG1pbiIsImlhdCI6MTY5NTEwNDQ1NCwiZXhwIjoxNjk1MTQwNDU0fQ.yr77a7S3McOGnL6g-2QD_UXKTrjQ-zKEAecVek_xn4Y','BEARER',_binary '',_binary '',19),(584,'eyJhbGciOiJIUzI1NiJ9.eyJyb2xlIjpbImFkbWluOmRlbGV0ZSIsImFkbWluOnVwZGF0ZSIsImVtcGxveWVlOnVwZGF0ZSIsImVtcGxveWVlOmRlbGV0ZSIsImVtcGxveWVlOnJlYWQiLCJhZG1pbjpyZWFkIiwiZW1wbG95ZWU6Y3JlYXRlIiwiYWRtaW46Y3JlYXRlIiwiUk9MRV9BRE1JTiJdLCJzdWIiOiJhZG1pbiIsImlhdCI6MTY5NTEwNjI5MCwiZXhwIjoxNjk1MTQyMjkwfQ.ywESCmNJAt2u1y-l5RbORC41h66k4DKqdbA-7TcbAck','BEARER',_binary '',_binary '',19),(585,'eyJhbGciOiJIUzI1NiJ9.eyJyb2xlIjpbImFkbWluOmRlbGV0ZSIsImVtcGxveWVlOmNyZWF0ZSIsImFkbWluOmNyZWF0ZSIsImFkbWluOnJlYWQiLCJlbXBsb3llZTp1cGRhdGUiLCJhZG1pbjp1cGRhdGUiLCJlbXBsb3llZTpyZWFkIiwiZW1wbG95ZWU6ZGVsZXRlIiwiUk9MRV9BRE1JTiJdLCJzdWIiOiJhZG1pbiIsImlhdCI6MTY5NTEwNjYwMiwiZXhwIjoxNjk1MTQyNjAyfQ.jwIsu2dgzlRNYAdKalkRv0RvE1Fg3aFclvJH32DtDtM','BEARER',_binary '',_binary '',19),(586,'eyJhbGciOiJIUzI1NiJ9.eyJyb2xlIjpbImFkbWluOmRlbGV0ZSIsImVtcGxveWVlOmNyZWF0ZSIsImFkbWluOmNyZWF0ZSIsImFkbWluOnJlYWQiLCJlbXBsb3llZTp1cGRhdGUiLCJhZG1pbjp1cGRhdGUiLCJlbXBsb3llZTpyZWFkIiwiZW1wbG95ZWU6ZGVsZXRlIiwiUk9MRV9BRE1JTiJdLCJzdWIiOiJhZG1pbiIsImlhdCI6MTY5NTEwNzQ2NCwiZXhwIjoxNjk1MTQzNDY0fQ.FfHAn0Okjpmnsfn3gL1A7RGKsXLJ8rZtoPPMa9eox8s','BEARER',_binary '',_binary '',19),(587,'eyJhbGciOiJIUzI1NiJ9.eyJyb2xlIjpbImFkbWluOmRlbGV0ZSIsImVtcGxveWVlOmNyZWF0ZSIsImFkbWluOmNyZWF0ZSIsImFkbWluOnJlYWQiLCJlbXBsb3llZTp1cGRhdGUiLCJhZG1pbjp1cGRhdGUiLCJlbXBsb3llZTpyZWFkIiwiZW1wbG95ZWU6ZGVsZXRlIiwiUk9MRV9BRE1JTiJdLCJzdWIiOiJhZG1pbiIsImlhdCI6MTY5NTEwODAxOCwiZXhwIjoxNjk1MTQ0MDE4fQ.-mKGpq-alfYqiKQQzuigGkQWVXCdwtsF03A7IksLgSE','BEARER',_binary '',_binary '',19),(588,'eyJhbGciOiJIUzI1NiJ9.eyJyb2xlIjpbImVtcGxveWVlOmNyZWF0ZSIsImFkbWluOmNyZWF0ZSIsImFkbWluOnJlYWQiLCJlbXBsb3llZTp1cGRhdGUiLCJhZG1pbjp1cGRhdGUiLCJlbXBsb3llZTpyZWFkIiwiZW1wbG95ZWU6ZGVsZXRlIiwiYWRtaW46ZGVsZXRlIiwiUk9MRV9BRE1JTiJdLCJzdWIiOiJhZG1pbiIsImlhdCI6MTY5NTEyMzk1NCwiZXhwIjoxNjk1MTU5OTU0fQ.qDYHqpuRRbFSoIQCbQPdBnDrkEoAnfZQ_8Ddg-NJcVg','BEARER',_binary '',_binary '',19),(589,'eyJhbGciOiJIUzI1NiJ9.eyJyb2xlIjpbImVtcGxveWVlOmNyZWF0ZSIsImFkbWluOmNyZWF0ZSIsImFkbWluOnJlYWQiLCJlbXBsb3llZTp1cGRhdGUiLCJhZG1pbjp1cGRhdGUiLCJlbXBsb3llZTpyZWFkIiwiZW1wbG95ZWU6ZGVsZXRlIiwiYWRtaW46ZGVsZXRlIiwiUk9MRV9BRE1JTiJdLCJzdWIiOiJhZG1pbiIsImlhdCI6MTY5NTEyNTA0NywiZXhwIjoxNjk1MTYxMDQ3fQ.Sa0ejhDrXfow1ccCq-liK8Kek32f0sdRjeWY5FfRkp4','BEARER',_binary '',_binary '',19),(590,'eyJhbGciOiJIUzI1NiJ9.eyJyb2xlIjpbImVtcGxveWVlOmNyZWF0ZSIsImFkbWluOmNyZWF0ZSIsImFkbWluOnJlYWQiLCJlbXBsb3llZTp1cGRhdGUiLCJhZG1pbjp1cGRhdGUiLCJlbXBsb3llZTpyZWFkIiwiZW1wbG95ZWU6ZGVsZXRlIiwiYWRtaW46ZGVsZXRlIiwiUk9MRV9BRE1JTiJdLCJzdWIiOiJhZG1pbiIsImlhdCI6MTY5NTEyNTA5NiwiZXhwIjoxNjk1MTYxMDk2fQ.-47t_6lBzztsaYBgL6mCzRpOfJ4Bs9qlRSo316I7uLY','BEARER',_binary '',_binary '',19),(591,'eyJhbGciOiJIUzI1NiJ9.eyJyb2xlIjpbImVtcGxveWVlOmNyZWF0ZSIsImFkbWluOmNyZWF0ZSIsImFkbWluOnJlYWQiLCJlbXBsb3llZTp1cGRhdGUiLCJhZG1pbjp1cGRhdGUiLCJlbXBsb3llZTpyZWFkIiwiZW1wbG95ZWU6ZGVsZXRlIiwiYWRtaW46ZGVsZXRlIiwiUk9MRV9BRE1JTiJdLCJzdWIiOiJhZG1pbiIsImlhdCI6MTY5NTEyNTg4NCwiZXhwIjoxNjk1MTYxODg0fQ.q_Hi-oWeKO3wsOlz2OSv_BVdm2RnGkujcinWibN3Zo0','BEARER',_binary '',_binary '',19),(592,'eyJhbGciOiJIUzI1NiJ9.eyJyb2xlIjpbImVtcGxveWVlOmNyZWF0ZSIsImFkbWluOmNyZWF0ZSIsImFkbWluOnJlYWQiLCJlbXBsb3llZTp1cGRhdGUiLCJhZG1pbjp1cGRhdGUiLCJlbXBsb3llZTpyZWFkIiwiZW1wbG95ZWU6ZGVsZXRlIiwiYWRtaW46ZGVsZXRlIiwiUk9MRV9BRE1JTiJdLCJzdWIiOiJhZG1pbiIsImlhdCI6MTY5NTEyNTkxMSwiZXhwIjoxNjk1MTYxOTExfQ.m1siNUQfcEyLFeJ0vn9xAt1yN5itB5zgf9SeVN5iINk','BEARER',_binary '',_binary '',19),(593,'eyJhbGciOiJIUzI1NiJ9.eyJyb2xlIjpbImVtcGxveWVlOmNyZWF0ZSIsImFkbWluOmNyZWF0ZSIsImFkbWluOnJlYWQiLCJlbXBsb3llZTp1cGRhdGUiLCJhZG1pbjp1cGRhdGUiLCJlbXBsb3llZTpyZWFkIiwiZW1wbG95ZWU6ZGVsZXRlIiwiYWRtaW46ZGVsZXRlIiwiUk9MRV9BRE1JTiJdLCJzdWIiOiJhZG1pbiIsImlhdCI6MTY5NTEyNjAzNSwiZXhwIjoxNjk1MTYyMDM1fQ.hUPAs64R6dCu-xFbO0gqaE_MidgsT5mImfNQ08a1eqE','BEARER',_binary '',_binary '',19),(594,'eyJhbGciOiJIUzI1NiJ9.eyJyb2xlIjpbImVtcGxveWVlOnVwZGF0ZSIsImVtcGxveWVlOmNyZWF0ZSIsImVtcGxveWVlOnJlYWQiLCJlbXBsb3llZTpkZWxldGUiLCJST0xFX0VNUExPWUVFIl0sInN1YiI6ImVtcGxveWVlIiwiaWF0IjoxNjk1MTI2MDUxLCJleHAiOjE2OTUxNjIwNTF9.xeBAOIklZHAtMUi17AqyaaRiQhdosTc-kn4_e2kx1pY','BEARER',_binary '',_binary '',20),(595,'eyJhbGciOiJIUzI1NiJ9.eyJyb2xlIjpbImVtcGxveWVlOnVwZGF0ZSIsImVtcGxveWVlOmNyZWF0ZSIsImVtcGxveWVlOnJlYWQiLCJlbXBsb3llZTpkZWxldGUiLCJST0xFX0VNUExPWUVFIl0sInN1YiI6ImVtcGxveWVlIiwiaWF0IjoxNjk1MTI2MjE3LCJleHAiOjE2OTUxNjIyMTd9.sGo69oP4MMvFqUaMwcdj7WI9eQ1lUTlhyJDqdUQIdrc','BEARER',_binary '',_binary '',20),(596,'eyJhbGciOiJIUzI1NiJ9.eyJyb2xlIjpbIlJPTEVfVVNFUiJdLCJzdWIiOiJvZGFrYSIsImlhdCI6MTY5NTEyNjcwMCwiZXhwIjoxNjk1MTYyNzAwfQ.XLfK3Qgub02g33MFbM9ORe6N8uMznY6XC9mXNYbO3z4','BEARER',_binary '',_binary '',44),(597,'eyJhbGciOiJIUzI1NiJ9.eyJ1c2VybmFtZSI6Im9kYWthIiwicm9sZSI6WyJST0xFX1VTRVIiXSwic3ViIjoib2Rha2EiLCJpYXQiOjE2OTUxMzAzNDYsImV4cCI6MTY5NTE2NjM0Nn0.UM5C_vT-92_21T8YckFVAhNKtsGeVigzGMyhLO5nsh0','BEARER',_binary '',_binary '',44),(598,'eyJhbGciOiJIUzI1NiJ9.eyJ1c2VybmFtZSI6ImVtcGxveWVlIiwicm9sZSI6WyJlbXBsb3llZTpjcmVhdGUiLCJlbXBsb3llZTp1cGRhdGUiLCJlbXBsb3llZTpkZWxldGUiLCJlbXBsb3llZTpyZWFkIiwiUk9MRV9FTVBMT1lFRSJdLCJzdWIiOiJlbXBsb3llZSIsImlhdCI6MTY5NTEzMDg5NywiZXhwIjoxNjk1MTY2ODk3fQ.hiGFyb7XDBSrvAIwSU42Yf_Bk5ZN8x2R277J4jT3e28','BEARER',_binary '',_binary '',20),(599,'eyJhbGciOiJIUzI1NiJ9.eyJ1c2VybmFtZSI6ImFkbWluIiwicm9sZSI6WyJlbXBsb3llZTpkZWxldGUiLCJlbXBsb3llZTpyZWFkIiwiYWRtaW46dXBkYXRlIiwiZW1wbG95ZWU6dXBkYXRlIiwiYWRtaW46cmVhZCIsImFkbWluOmNyZWF0ZSIsImVtcGxveWVlOmNyZWF0ZSIsImFkbWluOmRlbGV0ZSIsIlJPTEVfQURNSU4iXSwic3ViIjoiYWRtaW4iLCJpYXQiOjE2OTUxMzA5MDksImV4cCI6MTY5NTE2NjkwOX0.PO_YXgAvSLP49k6eH2qKLpr_fhHS2nELgBuGBO1NjGo','BEARER',_binary '',_binary '',19),(600,'eyJhbGciOiJIUzI1NiJ9.eyJ1c2VybmFtZSI6ImFkbWluIiwicm9sZSI6WyJhZG1pbjpyZWFkIiwiZW1wbG95ZWU6ZGVsZXRlIiwiZW1wbG95ZWU6dXBkYXRlIiwiZW1wbG95ZWU6cmVhZCIsImVtcGxveWVlOmNyZWF0ZSIsImFkbWluOnVwZGF0ZSIsImFkbWluOmRlbGV0ZSIsImFkbWluOmNyZWF0ZSIsIlJPTEVfQURNSU4iXSwic3ViIjoiYWRtaW4iLCJpYXQiOjE2OTUyNjY5NjQsImV4cCI6MTY5NTMwMjk2NH0.DrrTaiO8QQ-ya4KndTApqx3vBYUEBjjCtldE3_Bfiko','BEARER',_binary '',_binary '',19),(601,'eyJhbGciOiJIUzI1NiJ9.eyJ1c2VybmFtZSI6ImVtcGxveWVlIiwicm9sZSI6WyJlbXBsb3llZTpjcmVhdGUiLCJlbXBsb3llZTpkZWxldGUiLCJlbXBsb3llZTp1cGRhdGUiLCJlbXBsb3llZTpyZWFkIiwiUk9MRV9FTVBMT1lFRSJdLCJzdWIiOiJlbXBsb3llZSIsImlhdCI6MTY5NTI3Njg2NiwiZXhwIjoxNjk1MzEyODY2fQ.N1-SGVmY-49RHKLHpU5VHwxGGQSMGRdfdxk_RqsK8Fw','BEARER',_binary '',_binary '',20),(602,'eyJhbGciOiJIUzI1NiJ9.eyJyb2xlIjpbImFkbWluOmRlbGV0ZSIsImFkbWluOmNyZWF0ZSIsImFkbWluOnVwZGF0ZSIsImVtcGxveWVlOnJlYWQiLCJlbXBsb3llZTpjcmVhdGUiLCJhZG1pbjpyZWFkIiwiZW1wbG95ZWU6dXBkYXRlIiwiZW1wbG95ZWU6ZGVsZXRlIiwiUk9MRV9BRE1JTiJdLCJ1c2VybmFtZSI6ImFkbWluIiwic3ViIjoiYWRtaW4iLCJpYXQiOjE2OTUzNDM5MDksImV4cCI6MTY5NTM3OTkwOX0.faEH5fiD3wHvk-BYHluVsFJqwOaD6B770N3NzszWyK8','BEARER',_binary '',_binary '',19),(603,'eyJhbGciOiJIUzI1NiJ9.eyJ1c2VybmFtZSI6Im9kYWthIiwicm9sZSI6WyJST0xFX1VTRVIiXSwic3ViIjoib2Rha2EiLCJpYXQiOjE2OTUzNjU1NDgsImV4cCI6MTY5NTQwMTU0OH0.X0TFM1ie0RxIY21i37_gc4j-d9GeoY7VBTCWWLBZwbY','BEARER',_binary '',_binary '',44),(604,'eyJhbGciOiJIUzI1NiJ9.eyJ1c2VybmFtZSI6Im9kYWthIiwicm9sZSI6WyJST0xFX1VTRVIiXSwic3ViIjoib2Rha2EiLCJpYXQiOjE2OTUzNjU2NzUsImV4cCI6MTY5NTQwMTY3NX0.mkqk-cH5yh5KLNQdkIblwR4KKJLHueCQ1KZydEK2h3A','BEARER',_binary '',_binary '',44),(605,'eyJhbGciOiJIUzI1NiJ9.eyJyb2xlIjpbIlJPTEVfVVNFUiJdLCJ1c2VybmFtZSI6Im9kYWthIiwic3ViIjoib2Rha2EiLCJpYXQiOjE2OTUzNjcwNjYsImV4cCI6MTY5NTQwMzA2Nn0.gSnZG84RCBl0rDjxeCLjQ1j4_sLqPYtwHX-_NRVS0fo','BEARER',_binary '',_binary '',44),(606,'eyJhbGciOiJIUzI1NiJ9.eyJ1c2VybmFtZSI6ImFkbWluIiwicm9sZSI6WyJhZG1pbjpjcmVhdGUiLCJhZG1pbjpkZWxldGUiLCJlbXBsb3llZTpjcmVhdGUiLCJhZG1pbjpyZWFkIiwiYWRtaW46dXBkYXRlIiwiZW1wbG95ZWU6ZGVsZXRlIiwiZW1wbG95ZWU6dXBkYXRlIiwiZW1wbG95ZWU6cmVhZCIsIlJPTEVfQURNSU4iXSwic3ViIjoiYWRtaW4iLCJpYXQiOjE2OTUzODY0MTksImV4cCI6MTY5NTQyMjQxOX0.WxNwl69y-JHcRn4zUtsEQzuFaloH3uwzYp8UO4ij8-o','BEARER',_binary '',_binary '',19),(607,'eyJhbGciOiJIUzI1NiJ9.eyJ1c2VybmFtZSI6Im9kYWthIiwicm9sZSI6WyJST0xFX1VTRVIiXSwic3ViIjoib2Rha2EiLCJpYXQiOjE2OTUzOTA2ODcsImV4cCI6MTY5NTQyNjY4N30.OHH2sMTzBQps0jAoa_jMWEGhmn3SKGSqbMQjG4EDp6E','BEARER',_binary '',_binary '',44),(608,'eyJhbGciOiJIUzI1NiJ9.eyJ1c2VybmFtZSI6ImFkbWluIiwicm9sZSI6WyJhZG1pbjpjcmVhdGUiLCJhZG1pbjpkZWxldGUiLCJlbXBsb3llZTpjcmVhdGUiLCJhZG1pbjpyZWFkIiwiYWRtaW46dXBkYXRlIiwiZW1wbG95ZWU6ZGVsZXRlIiwiZW1wbG95ZWU6dXBkYXRlIiwiZW1wbG95ZWU6cmVhZCIsIlJPTEVfQURNSU4iXSwic3ViIjoiYWRtaW4iLCJpYXQiOjE2OTUzOTA5NzQsImV4cCI6MTY5NTQyNjk3NH0.EVd9ZfXMllWlg-RwIJAk_siCfXwKu0YenSH7TAGu7wM','BEARER',_binary '',_binary '',19),(609,'eyJhbGciOiJIUzI1NiJ9.eyJ1c2VybmFtZSI6ImVtcGxveWVlIiwicm9sZSI6WyJlbXBsb3llZTp1cGRhdGUiLCJlbXBsb3llZTpyZWFkIiwiZW1wbG95ZWU6Y3JlYXRlIiwiZW1wbG95ZWU6ZGVsZXRlIiwiUk9MRV9FTVBMT1lFRSJdLCJzdWIiOiJlbXBsb3llZSIsImlhdCI6MTY5NTM5MTg3MywiZXhwIjoxNjk1NDI3ODczfQ.FurW00pB88CHbdG0fsYw31MA6YJDPlIE2gHmIdPkH2A','BEARER',_binary '',_binary '',20),(610,'eyJhbGciOiJIUzI1NiJ9.eyJ1c2VybmFtZSI6ImFkbWluIiwicm9sZSI6WyJhZG1pbjpjcmVhdGUiLCJhZG1pbjpkZWxldGUiLCJlbXBsb3llZTpjcmVhdGUiLCJhZG1pbjpyZWFkIiwiYWRtaW46dXBkYXRlIiwiZW1wbG95ZWU6ZGVsZXRlIiwiZW1wbG95ZWU6dXBkYXRlIiwiZW1wbG95ZWU6cmVhZCIsIlJPTEVfQURNSU4iXSwic3ViIjoiYWRtaW4iLCJpYXQiOjE2OTUzOTU5MzksImV4cCI6MTY5NTQzMTkzOX0.ukacT668zZ61z2AtYLOABYP9SMLRjunHx9c1JnyDee0','BEARER',_binary '',_binary '',19),(611,'eyJhbGciOiJIUzI1NiJ9.eyJ1c2VybmFtZSI6ImFkbWluIiwicm9sZSI6WyJhZG1pbjpjcmVhdGUiLCJhZG1pbjpkZWxldGUiLCJlbXBsb3llZTpjcmVhdGUiLCJhZG1pbjpyZWFkIiwiYWRtaW46dXBkYXRlIiwiZW1wbG95ZWU6ZGVsZXRlIiwiZW1wbG95ZWU6dXBkYXRlIiwiZW1wbG95ZWU6cmVhZCIsIlJPTEVfQURNSU4iXSwic3ViIjoiYWRtaW4iLCJpYXQiOjE2OTUzOTYxMDEsImV4cCI6MTY5NTQzMjEwMX0.wtT7ZN3kj3Ok1zlkhXfceDXW-QTdrKD6PtwTLhv3x2U','BEARER',_binary '',_binary '',19),(612,'eyJhbGciOiJIUzI1NiJ9.eyJ1c2VybmFtZSI6ImVtcGxveWVlIiwicm9sZSI6WyJlbXBsb3llZTp1cGRhdGUiLCJlbXBsb3llZTpyZWFkIiwiZW1wbG95ZWU6Y3JlYXRlIiwiZW1wbG95ZWU6ZGVsZXRlIiwiUk9MRV9FTVBMT1lFRSJdLCJzdWIiOiJlbXBsb3llZSIsImlhdCI6MTY5NTM5NjI1NSwiZXhwIjoxNjk1NDMyMjU1fQ.DeVt70yrwAv5EnOLG9gIuPP5Uzom64abZuJPjOYBnK4','BEARER',_binary '',_binary '',20),(613,'eyJhbGciOiJIUzI1NiJ9.eyJ1c2VybmFtZSI6ImFkbWluIiwicm9sZSI6WyJhZG1pbjpjcmVhdGUiLCJhZG1pbjpkZWxldGUiLCJlbXBsb3llZTpjcmVhdGUiLCJhZG1pbjpyZWFkIiwiYWRtaW46dXBkYXRlIiwiZW1wbG95ZWU6ZGVsZXRlIiwiZW1wbG95ZWU6dXBkYXRlIiwiZW1wbG95ZWU6cmVhZCIsIlJPTEVfQURNSU4iXSwic3ViIjoiYWRtaW4iLCJpYXQiOjE2OTUzOTg4MjksImV4cCI6MTY5NTQzNDgyOX0.zBEGTReHhjFhZiK84HrP6colvcicjOuI1SR_QYKf-xo','BEARER',_binary '',_binary '',19),(614,'eyJhbGciOiJIUzI1NiJ9.eyJ1c2VybmFtZSI6ImVtcGxveWVlIiwicm9sZSI6WyJlbXBsb3llZTp1cGRhdGUiLCJlbXBsb3llZTpyZWFkIiwiZW1wbG95ZWU6Y3JlYXRlIiwiZW1wbG95ZWU6ZGVsZXRlIiwiUk9MRV9FTVBMT1lFRSJdLCJzdWIiOiJlbXBsb3llZSIsImlhdCI6MTY5NTM5OTM2MywiZXhwIjoxNjk1NDM1MzYzfQ.eAh4cx_-wNCVrACPibJy4UwGrDBycuomjvyjyT1Vyqo','BEARER',_binary '',_binary '',20),(615,'eyJhbGciOiJIUzI1NiJ9.eyJ1c2VybmFtZSI6ImFkbWluIiwicm9sZSI6WyJhZG1pbjp1cGRhdGUiLCJlbXBsb3llZTp1cGRhdGUiLCJlbXBsb3llZTpjcmVhdGUiLCJhZG1pbjpyZWFkIiwiZW1wbG95ZWU6cmVhZCIsImFkbWluOmNyZWF0ZSIsImVtcGxveWVlOmRlbGV0ZSIsImFkbWluOmRlbGV0ZSIsIlJPTEVfQURNSU4iXSwic3ViIjoiYWRtaW4iLCJpYXQiOjE2OTU0MzQzNzAsImV4cCI6MTY5NTQ3MDM3MH0.i6TLO4Kj6wOM_EjLGCkfpxpKkqOl9SBSqVBKJ3wueFc','BEARER',_binary '',_binary '',19),(616,'eyJhbGciOiJIUzI1NiJ9.eyJ1c2VybmFtZSI6ImFkbWluIiwicm9sZSI6WyJhZG1pbjp1cGRhdGUiLCJlbXBsb3llZTp1cGRhdGUiLCJlbXBsb3llZTpjcmVhdGUiLCJhZG1pbjpyZWFkIiwiZW1wbG95ZWU6cmVhZCIsImFkbWluOmNyZWF0ZSIsImVtcGxveWVlOmRlbGV0ZSIsImFkbWluOmRlbGV0ZSIsIlJPTEVfQURNSU4iXSwic3ViIjoiYWRtaW4iLCJpYXQiOjE2OTU0NTU1MzYsImV4cCI6MTY5NTQ5MTUzNn0.mcKuP3JBwXec8j9cx2EaHtBXMfGWyjITrxjGxhvT-cI','BEARER',_binary '',_binary '',19),(622,'eyJhbGciOiJIUzI1NiJ9.eyJyb2xlIjpbImVtcGxveWVlOmRlbGV0ZSIsImVtcGxveWVlOnVwZGF0ZSIsImVtcGxveWVlOnJlYWQiLCJhZG1pbjpjcmVhdGUiLCJhZG1pbjpkZWxldGUiLCJlbXBsb3llZTpjcmVhdGUiLCJhZG1pbjpyZWFkIiwiYWRtaW46dXBkYXRlIiwiUk9MRV9BRE1JTiJdLCJ1c2VybmFtZSI6ImFkbWluIiwic3ViIjoiYWRtaW4iLCJpYXQiOjE2OTU0NzExMDgsImV4cCI6MTY5NTUwNzEwOH0.ClZvoNvF7fcaR9mUpEFpHLfv51Ep22-MRVZC-UUP0sQ','BEARER',_binary '',_binary '',19),(623,'eyJhbGciOiJIUzI1NiJ9.eyJyb2xlIjpbImVtcGxveWVlOnVwZGF0ZSIsImVtcGxveWVlOnJlYWQiLCJhZG1pbjpjcmVhdGUiLCJhZG1pbjpkZWxldGUiLCJlbXBsb3llZTpjcmVhdGUiLCJhZG1pbjpyZWFkIiwiYWRtaW46dXBkYXRlIiwiZW1wbG95ZWU6ZGVsZXRlIiwiUk9MRV9BRE1JTiJdLCJ1c2VybmFtZSI6ImFkbWluIiwic3ViIjoiYWRtaW4iLCJpYXQiOjE2OTU1MjYxMjgsImV4cCI6MTY5NTU2MjEyOH0.4WFv1UzTN_cbSaxDM_rFEgUzRvU8z80V2xqDb3F-X6E','BEARER',_binary '',_binary '',19),(624,'eyJhbGciOiJIUzI1NiJ9.eyJyb2xlIjpbImVtcGxveWVlOnVwZGF0ZSIsImVtcGxveWVlOnJlYWQiLCJhZG1pbjpjcmVhdGUiLCJhZG1pbjpkZWxldGUiLCJlbXBsb3llZTpjcmVhdGUiLCJhZG1pbjpyZWFkIiwiYWRtaW46dXBkYXRlIiwiZW1wbG95ZWU6ZGVsZXRlIiwiUk9MRV9BRE1JTiJdLCJ1c2VybmFtZSI6ImFkbWluIiwic3ViIjoiYWRtaW4iLCJpYXQiOjE2OTU1Mjc1ODYsImV4cCI6MTY5NTU2MzU4Nn0.XaMajsJ7sjV1sAR-73Cs-VvgupbokNkvzSdrmIWoFj4','BEARER',_binary '',_binary '',19),(625,'eyJhbGciOiJIUzI1NiJ9.eyJyb2xlIjpbImFkbWluOnVwZGF0ZSIsImFkbWluOnJlYWQiLCJlbXBsb3llZTpjcmVhdGUiLCJhZG1pbjpkZWxldGUiLCJhZG1pbjpjcmVhdGUiLCJlbXBsb3llZTpyZWFkIiwiZW1wbG95ZWU6dXBkYXRlIiwiZW1wbG95ZWU6ZGVsZXRlIiwiUk9MRV9BRE1JTiJdLCJ1c2VybmFtZSI6ImFkbWluIiwic3ViIjoiYWRtaW4iLCJpYXQiOjE2OTU1Mjc4MzAsImV4cCI6MTY5NTU2MzgzMH0.FccUjXVzpUYGdkPcvf2WoJBY4uvMrbnlpCtwqgP6uTA','BEARER',_binary '',_binary '',19),(626,'eyJhbGciOiJIUzI1NiJ9.eyJyb2xlIjpbImVtcGxveWVlOmRlbGV0ZSIsImVtcGxveWVlOnVwZGF0ZSIsImVtcGxveWVlOnJlYWQiLCJhZG1pbjpjcmVhdGUiLCJhZG1pbjpkZWxldGUiLCJlbXBsb3llZTpjcmVhdGUiLCJhZG1pbjpyZWFkIiwiYWRtaW46dXBkYXRlIiwiUk9MRV9BRE1JTiJdLCJ1c2VybmFtZSI6ImFkbWluIiwic3ViIjoiYWRtaW4iLCJpYXQiOjE2OTU1MjgwMjcsImV4cCI6MTY5NTU2NDAyN30.d0Yx_qf74DxMCe6mJZox9Sh5Yb4yEc1FxHGVOMwXVPY','BEARER',_binary '',_binary '',19),(627,'eyJhbGciOiJIUzI1NiJ9.eyJyb2xlIjpbImVtcGxveWVlOmRlbGV0ZSIsImVtcGxveWVlOnVwZGF0ZSIsImVtcGxveWVlOnJlYWQiLCJhZG1pbjpjcmVhdGUiLCJhZG1pbjpkZWxldGUiLCJlbXBsb3llZTpjcmVhdGUiLCJhZG1pbjpyZWFkIiwiYWRtaW46dXBkYXRlIiwiUk9MRV9BRE1JTiJdLCJ1c2VybmFtZSI6ImFkbWluIiwic3ViIjoiYWRtaW4iLCJpYXQiOjE2OTU1MjgzNTksImV4cCI6MTY5NTU2NDM1OX0.QaYQtI4nvY-inm9WkB9qgN0r8C6Ad9BaxUxQrYaL8N4','BEARER',_binary '',_binary '',19),(628,'eyJhbGciOiJIUzI1NiJ9.eyJyb2xlIjpbImVtcGxveWVlOmRlbGV0ZSIsImVtcGxveWVlOnVwZGF0ZSIsImVtcGxveWVlOnJlYWQiLCJhZG1pbjpjcmVhdGUiLCJhZG1pbjpkZWxldGUiLCJlbXBsb3llZTpjcmVhdGUiLCJhZG1pbjpyZWFkIiwiYWRtaW46dXBkYXRlIiwiUk9MRV9BRE1JTiJdLCJ1c2VybmFtZSI6ImFkbWluIiwic3ViIjoiYWRtaW4iLCJpYXQiOjE2OTU1NjgwNjQsImV4cCI6MTY5NTYwNDA2NH0.WeWkr1LfP5OPDRPFs7NT1Iyp_DGwEppA1UsabCCgxg4','BEARER',_binary '',_binary '',19),(629,'eyJhbGciOiJIUzI1NiJ9.eyJ1c2VybmFtZSI6ImFkbWluIiwicm9sZSI6WyJlbXBsb3llZTpyZWFkIiwiZW1wbG95ZWU6dXBkYXRlIiwiYWRtaW46ZGVsZXRlIiwiZW1wbG95ZWU6ZGVsZXRlIiwiYWRtaW46dXBkYXRlIiwiZW1wbG95ZWU6Y3JlYXRlIiwiYWRtaW46Y3JlYXRlIiwiYWRtaW46cmVhZCIsIlJPTEVfQURNSU4iXSwic3ViIjoiYWRtaW4iLCJpYXQiOjE2OTU2MTgwNjAsImV4cCI6MTY5NTY1NDA2MH0.bpH0OeEzJN7J_kcLkzuRVhoU3Ug9G5cGh-QBDEENBPA','BEARER',_binary '',_binary '',19),(630,'eyJhbGciOiJIUzI1NiJ9.eyJyb2xlIjpbImVtcGxveWVlOnVwZGF0ZSIsImVtcGxveWVlOmRlbGV0ZSIsImFkbWluOmRlbGV0ZSIsImVtcGxveWVlOnJlYWQiLCJhZG1pbjp1cGRhdGUiLCJlbXBsb3llZTpjcmVhdGUiLCJhZG1pbjpjcmVhdGUiLCJhZG1pbjpyZWFkIiwiUk9MRV9BRE1JTiJdLCJ1c2VybmFtZSI6ImFkbWluIiwic3ViIjoiYWRtaW4iLCJpYXQiOjE2OTU2NDkyMTYsImV4cCI6MTY5NTY4NTIxNn0.fUq7QIHCHwMnUmsl5UzB0IwrfZYZvLf4qNIKIlBu0NI','BEARER',_binary '',_binary '',19),(631,'eyJhbGciOiJIUzI1NiJ9.eyJyb2xlIjpbImVtcGxveWVlOnVwZGF0ZSIsImVtcGxveWVlOmRlbGV0ZSIsImFkbWluOmRlbGV0ZSIsImVtcGxveWVlOnJlYWQiLCJhZG1pbjp1cGRhdGUiLCJlbXBsb3llZTpjcmVhdGUiLCJhZG1pbjpjcmVhdGUiLCJhZG1pbjpyZWFkIiwiUk9MRV9BRE1JTiJdLCJ1c2VybmFtZSI6ImFkbWluIiwic3ViIjoiYWRtaW4iLCJpYXQiOjE2OTU2NTIxNzgsImV4cCI6MTY5NTY4ODE3OH0.yMTdOiq_1UW99MikeAhPtvgRuPE0mYWJCB9Kc-kXbes','BEARER',_binary '',_binary '',19),(632,'eyJhbGciOiJIUzI1NiJ9.eyJ1c2VybmFtZSI6ImFkbWluIiwicm9sZSI6WyJlbXBsb3llZTp1cGRhdGUiLCJhZG1pbjpkZWxldGUiLCJlbXBsb3llZTpyZWFkIiwiYWRtaW46Y3JlYXRlIiwiYWRtaW46cmVhZCIsImFkbWluOnVwZGF0ZSIsImVtcGxveWVlOmRlbGV0ZSIsImVtcGxveWVlOmNyZWF0ZSIsIlJPTEVfQURNSU4iXSwic3ViIjoiYWRtaW4iLCJpYXQiOjE2OTU2NTI0MzEsImV4cCI6MTY5NTY4ODQzMX0.mb44qOXNoieeSN2Y0YRNqh9B1-_7XzTMJnHTXmSqYl4','BEARER',_binary '',_binary '',19),(633,'eyJhbGciOiJIUzI1NiJ9.eyJ1c2VybmFtZSI6ImFkbWluIiwicm9sZSI6WyJhZG1pbjp1cGRhdGUiLCJhZG1pbjpjcmVhdGUiLCJlbXBsb3llZTp1cGRhdGUiLCJlbXBsb3llZTpjcmVhdGUiLCJhZG1pbjpyZWFkIiwiZW1wbG95ZWU6cmVhZCIsImVtcGxveWVlOmRlbGV0ZSIsImFkbWluOmRlbGV0ZSIsIlJPTEVfQURNSU4iXSwic3ViIjoiYWRtaW4iLCJpYXQiOjE2OTU2OTU5MDAsImV4cCI6MTY5NTczMTkwMH0.QoDVCTIL2eWudoCVNmVHB1AYsUIEf_i1UzpDI-X0ceQ','BEARER',_binary '',_binary '',19),(634,'eyJhbGciOiJIUzI1NiJ9.eyJ1c2VybmFtZSI6ImFkbWluIiwicm9sZSI6WyJhZG1pbjp1cGRhdGUiLCJhZG1pbjpjcmVhdGUiLCJlbXBsb3llZTp1cGRhdGUiLCJlbXBsb3llZTpjcmVhdGUiLCJhZG1pbjpyZWFkIiwiZW1wbG95ZWU6cmVhZCIsImVtcGxveWVlOmRlbGV0ZSIsImFkbWluOmRlbGV0ZSIsIlJPTEVfQURNSU4iXSwic3ViIjoiYWRtaW4iLCJpYXQiOjE2OTU3MDIzMTksImV4cCI6MTY5NTczODMxOX0.7Dda_2OynZZtBtPAJCVHm4pijMpgGSYyJPEQ8NJywRU','BEARER',_binary '',_binary '',19),(635,'eyJhbGciOiJIUzI1NiJ9.eyJyb2xlIjpbImVtcGxveWVlOmRlbGV0ZSIsImVtcGxveWVlOnVwZGF0ZSIsImFkbWluOmNyZWF0ZSIsImFkbWluOnJlYWQiLCJhZG1pbjp1cGRhdGUiLCJhZG1pbjpkZWxldGUiLCJlbXBsb3llZTpyZWFkIiwiZW1wbG95ZWU6Y3JlYXRlIiwiUk9MRV9BRE1JTiJdLCJ1c2VybmFtZSI6ImFkbWluIiwic3ViIjoiYWRtaW4iLCJpYXQiOjE2OTU3MDI0MTIsImV4cCI6MTY5NTczODQxMn0.B18LTL1UZjRH_XpTELOneuxkkU5Fj73uZnUAJXFo49I','BEARER',_binary '',_binary '',19),(636,'eyJhbGciOiJIUzI1NiJ9.eyJyb2xlIjpbImVtcGxveWVlOmRlbGV0ZSIsImVtcGxveWVlOnVwZGF0ZSIsImFkbWluOmNyZWF0ZSIsImFkbWluOnJlYWQiLCJhZG1pbjp1cGRhdGUiLCJhZG1pbjpkZWxldGUiLCJlbXBsb3llZTpyZWFkIiwiZW1wbG95ZWU6Y3JlYXRlIiwiUk9MRV9BRE1JTiJdLCJ1c2VybmFtZSI6ImFkbWluIiwic3ViIjoiYWRtaW4iLCJpYXQiOjE2OTU3MDI0MzAsImV4cCI6MTY5NTczODQzMH0.LkA3FlXC0fXnHl5yCzg5joeN7T4HK5y9AXUVyv-7QcI','BEARER',_binary '',_binary '',19),(637,'eyJhbGciOiJIUzI1NiJ9.eyJyb2xlIjpbImVtcGxveWVlOnJlYWQiLCJhZG1pbjpkZWxldGUiLCJhZG1pbjp1cGRhdGUiLCJhZG1pbjpyZWFkIiwiYWRtaW46Y3JlYXRlIiwiZW1wbG95ZWU6dXBkYXRlIiwiZW1wbG95ZWU6ZGVsZXRlIiwiZW1wbG95ZWU6Y3JlYXRlIiwiUk9MRV9BRE1JTiJdLCJ1c2VybmFtZSI6ImFkbWluIiwic3ViIjoiYWRtaW4iLCJpYXQiOjE2OTU3MDI2MTAsImV4cCI6MTY5NTczODYxMH0.LMZ_pbHDAY0ybI1kyfNXceuKkNgUR5PmWZbbEZzy3r4','BEARER',_binary '',_binary '',19),(638,'eyJhbGciOiJIUzI1NiJ9.eyJyb2xlIjpbImVtcGxveWVlOnJlYWQiLCJhZG1pbjpkZWxldGUiLCJhZG1pbjp1cGRhdGUiLCJhZG1pbjpyZWFkIiwiYWRtaW46Y3JlYXRlIiwiZW1wbG95ZWU6dXBkYXRlIiwiZW1wbG95ZWU6ZGVsZXRlIiwiZW1wbG95ZWU6Y3JlYXRlIiwiUk9MRV9BRE1JTiJdLCJ1c2VybmFtZSI6ImFkbWluIiwic3ViIjoiYWRtaW4iLCJpYXQiOjE2OTU3MDI3MDAsImV4cCI6MTY5NTczODcwMH0.yivxF_9ldBJJTQ5S-aeHbgoO7vilUJ2qN_ahRQMvSDc','BEARER',_binary '',_binary '',19),(639,'eyJhbGciOiJIUzI1NiJ9.eyJ1c2VybmFtZSI6ImFkbWluIiwicm9sZSI6WyJlbXBsb3llZTp1cGRhdGUiLCJhZG1pbjp1cGRhdGUiLCJlbXBsb3llZTpyZWFkIiwiZW1wbG95ZWU6ZGVsZXRlIiwiYWRtaW46cmVhZCIsImFkbWluOmRlbGV0ZSIsImFkbWluOmNyZWF0ZSIsImVtcGxveWVlOmNyZWF0ZSIsIlJPTEVfQURNSU4iXSwic3ViIjoiYWRtaW4iLCJpYXQiOjE2OTU3MDI5NTMsImV4cCI6MTY5NTczODk1M30.EIaNPOp9YwFFTqpt1bCBOKJW1G3aLP8be5SpbarPpSY','BEARER',_binary '',_binary '',19),(640,'eyJhbGciOiJIUzI1NiJ9.eyJ1c2VybmFtZSI6ImFkbWluIiwicm9sZSI6WyJlbXBsb3llZTp1cGRhdGUiLCJhZG1pbjp1cGRhdGUiLCJlbXBsb3llZTpyZWFkIiwiZW1wbG95ZWU6ZGVsZXRlIiwiYWRtaW46cmVhZCIsImFkbWluOmRlbGV0ZSIsImFkbWluOmNyZWF0ZSIsImVtcGxveWVlOmNyZWF0ZSIsIlJPTEVfQURNSU4iXSwic3ViIjoiYWRtaW4iLCJpYXQiOjE2OTU3MDM0OTgsImV4cCI6MTY5NTczOTQ5OH0.wr8_kGvGyHppFB5xKiTlX8uf-uURtOq_kuCtKMbM6LI','BEARER',_binary '',_binary '',19),(641,'eyJhbGciOiJIUzI1NiJ9.eyJ1c2VybmFtZSI6ImFkbWluIiwicm9sZSI6WyJlbXBsb3llZTp1cGRhdGUiLCJhZG1pbjp1cGRhdGUiLCJlbXBsb3llZTpyZWFkIiwiZW1wbG95ZWU6ZGVsZXRlIiwiYWRtaW46cmVhZCIsImFkbWluOmRlbGV0ZSIsImFkbWluOmNyZWF0ZSIsImVtcGxveWVlOmNyZWF0ZSIsIlJPTEVfQURNSU4iXSwic3ViIjoiYWRtaW4iLCJpYXQiOjE2OTU3MDM5MzUsImV4cCI6MTY5NTczOTkzNX0.9LygdgT1WvLMSONBr8_NJYyI1VPpK9PunjrG7-QYNt4','BEARER',_binary '',_binary '',19),(642,'eyJhbGciOiJIUzI1NiJ9.eyJ1c2VybmFtZSI6ImFkbWluIiwicm9sZSI6WyJlbXBsb3llZTp1cGRhdGUiLCJhZG1pbjp1cGRhdGUiLCJlbXBsb3llZTpyZWFkIiwiZW1wbG95ZWU6ZGVsZXRlIiwiYWRtaW46cmVhZCIsImFkbWluOmRlbGV0ZSIsImFkbWluOmNyZWF0ZSIsImVtcGxveWVlOmNyZWF0ZSIsIlJPTEVfQURNSU4iXSwic3ViIjoiYWRtaW4iLCJpYXQiOjE2OTU3MDQ0MzEsImV4cCI6MTY5NTc0MDQzMX0.ZBhDLN3jX8zk9rb9Ph14qihn9sDBVvgkKzJlkOIzhHU','BEARER',_binary '',_binary '',19),(643,'eyJhbGciOiJIUzI1NiJ9.eyJyb2xlIjpbImFkbWluOmRlbGV0ZSIsImFkbWluOmNyZWF0ZSIsImVtcGxveWVlOmNyZWF0ZSIsImVtcGxveWVlOnVwZGF0ZSIsImFkbWluOnVwZGF0ZSIsImVtcGxveWVlOnJlYWQiLCJlbXBsb3llZTpkZWxldGUiLCJhZG1pbjpyZWFkIiwiUk9MRV9BRE1JTiJdLCJ1c2VybmFtZSI6ImFkbWluIiwic3ViIjoiYWRtaW4iLCJpYXQiOjE2OTU3MDQ1ODksImV4cCI6MTY5NTc0MDU4OX0.vH3eroGlXwzM8tag6qMm9JQm6lQ2v4LWo95KFfdZkQ4','BEARER',_binary '',_binary '',19),(644,'eyJhbGciOiJIUzI1NiJ9.eyJyb2xlIjpbImVtcGxveWVlOnJlYWQiLCJlbXBsb3llZTpkZWxldGUiLCJhZG1pbjpyZWFkIiwiYWRtaW46ZGVsZXRlIiwiYWRtaW46Y3JlYXRlIiwiZW1wbG95ZWU6Y3JlYXRlIiwiZW1wbG95ZWU6dXBkYXRlIiwiYWRtaW46dXBkYXRlIiwiUk9MRV9BRE1JTiJdLCJ1c2VybmFtZSI6ImFkbWluIiwic3ViIjoiYWRtaW4iLCJpYXQiOjE2OTU3MDQ3MDUsImV4cCI6MTY5NTc0MDcwNX0.40J25lXx63Ta1DC4OKR58MSstts0OQJw6HDlSeZY0Ys','BEARER',_binary '',_binary '',19),(645,'eyJhbGciOiJIUzI1NiJ9.eyJyb2xlIjpbImVtcGxveWVlOmNyZWF0ZSIsImFkbWluOmNyZWF0ZSIsImFkbWluOmRlbGV0ZSIsImFkbWluOnJlYWQiLCJlbXBsb3llZTpkZWxldGUiLCJlbXBsb3llZTpyZWFkIiwiYWRtaW46dXBkYXRlIiwiZW1wbG95ZWU6dXBkYXRlIiwiUk9MRV9BRE1JTiJdLCJ1c2VybmFtZSI6ImFkbWluIiwic3ViIjoiYWRtaW4iLCJpYXQiOjE2OTU3MDQ4NDYsImV4cCI6MTY5NTc0MDg0Nn0.z5QAMFvZNdk5pwzNk7jP9YC9orPLe1_MJo6mHyeU7bg','BEARER',_binary '',_binary '',19),(646,'eyJhbGciOiJIUzI1NiJ9.eyJ1c2VybmFtZSI6ImFkbWluIiwicm9sZSI6WyJhZG1pbjpkZWxldGUiLCJhZG1pbjpyZWFkIiwiZW1wbG95ZWU6ZGVsZXRlIiwiZW1wbG95ZWU6cmVhZCIsImFkbWluOnVwZGF0ZSIsImVtcGxveWVlOnVwZGF0ZSIsImVtcGxveWVlOmNyZWF0ZSIsImFkbWluOmNyZWF0ZSIsIlJPTEVfQURNSU4iXSwic3ViIjoiYWRtaW4iLCJpYXQiOjE2OTU3MDUwMDYsImV4cCI6MTY5NTc0MTAwNn0.9T2tEONzv8tzEvOCTuZqS3Gv5pXtLhKdKqT-FBakafI','BEARER',_binary '',_binary '',19),(647,'eyJhbGciOiJIUzI1NiJ9.eyJ1c2VybmFtZSI6ImFkbWluIiwicm9sZSI6WyJhZG1pbjpkZWxldGUiLCJhZG1pbjpyZWFkIiwiZW1wbG95ZWU6ZGVsZXRlIiwiZW1wbG95ZWU6cmVhZCIsImFkbWluOnVwZGF0ZSIsImVtcGxveWVlOnVwZGF0ZSIsImVtcGxveWVlOmNyZWF0ZSIsImFkbWluOmNyZWF0ZSIsIlJPTEVfQURNSU4iXSwic3ViIjoiYWRtaW4iLCJpYXQiOjE2OTU3MDUzMDksImV4cCI6MTY5NTc0MTMwOX0.p4ssWKXgGaC4IwjhgxTuVaV90g57Md1FfdB83bFWal0','BEARER',_binary '',_binary '',19),(648,'eyJhbGciOiJIUzI1NiJ9.eyJ1c2VybmFtZSI6ImFkbWluIiwicm9sZSI6WyJhZG1pbjpkZWxldGUiLCJhZG1pbjpyZWFkIiwiZW1wbG95ZWU6ZGVsZXRlIiwiZW1wbG95ZWU6cmVhZCIsImFkbWluOnVwZGF0ZSIsImVtcGxveWVlOnVwZGF0ZSIsImVtcGxveWVlOmNyZWF0ZSIsImFkbWluOmNyZWF0ZSIsIlJPTEVfQURNSU4iXSwic3ViIjoiYWRtaW4iLCJpYXQiOjE2OTU3MDUzMzcsImV4cCI6MTY5NTc0MTMzN30.N4iXJYqEmExyzwVmpjmmG0TRFJYT8A-eNuTv14SEobQ','BEARER',_binary '',_binary '',19),(649,'eyJhbGciOiJIUzI1NiJ9.eyJ1c2VybmFtZSI6ImFkbWluIiwicm9sZSI6WyJhZG1pbjpkZWxldGUiLCJhZG1pbjpyZWFkIiwiZW1wbG95ZWU6ZGVsZXRlIiwiZW1wbG95ZWU6cmVhZCIsImFkbWluOnVwZGF0ZSIsImVtcGxveWVlOnVwZGF0ZSIsImVtcGxveWVlOmNyZWF0ZSIsImFkbWluOmNyZWF0ZSIsIlJPTEVfQURNSU4iXSwic3ViIjoiYWRtaW4iLCJpYXQiOjE2OTU3MDU5NDQsImV4cCI6MTY5NTc0MTk0NH0.t493mBMG9yGPkbjEdMckUZ_o1_9ohL5IFbqXnJn6x5I','BEARER',_binary '',_binary '',19),(650,'eyJhbGciOiJIUzI1NiJ9.eyJ1c2VybmFtZSI6ImFkbWluIiwicm9sZSI6WyJhZG1pbjpkZWxldGUiLCJhZG1pbjpyZWFkIiwiZW1wbG95ZWU6ZGVsZXRlIiwiZW1wbG95ZWU6cmVhZCIsImFkbWluOnVwZGF0ZSIsImVtcGxveWVlOnVwZGF0ZSIsImVtcGxveWVlOmNyZWF0ZSIsImFkbWluOmNyZWF0ZSIsIlJPTEVfQURNSU4iXSwic3ViIjoiYWRtaW4iLCJpYXQiOjE2OTU3MDc0NzksImV4cCI6MTY5NTc0MzQ3OX0.2HptF84s7jX-MkzT8HiXusmB4G6iV0HGTSN_y9PMdeo','BEARER',_binary '',_binary '',19),(651,'eyJhbGciOiJIUzI1NiJ9.eyJ1c2VybmFtZSI6ImFkbWluIiwicm9sZSI6WyJhZG1pbjpkZWxldGUiLCJhZG1pbjpyZWFkIiwiZW1wbG95ZWU6ZGVsZXRlIiwiZW1wbG95ZWU6cmVhZCIsImFkbWluOnVwZGF0ZSIsImVtcGxveWVlOnVwZGF0ZSIsImVtcGxveWVlOmNyZWF0ZSIsImFkbWluOmNyZWF0ZSIsIlJPTEVfQURNSU4iXSwic3ViIjoiYWRtaW4iLCJpYXQiOjE2OTU3MDc1NDQsImV4cCI6MTY5NTc0MzU0NH0.qLwfvV3oxRuH_vS3rQvM7h_EQqwuxCWNQVGsn5o6cr8','BEARER',_binary '',_binary '',19),(652,'eyJhbGciOiJIUzI1NiJ9.eyJ1c2VybmFtZSI6ImFkbWluIiwicm9sZSI6WyJhZG1pbjpkZWxldGUiLCJhZG1pbjpyZWFkIiwiZW1wbG95ZWU6ZGVsZXRlIiwiZW1wbG95ZWU6cmVhZCIsImFkbWluOnVwZGF0ZSIsImVtcGxveWVlOnVwZGF0ZSIsImVtcGxveWVlOmNyZWF0ZSIsImFkbWluOmNyZWF0ZSIsIlJPTEVfQURNSU4iXSwic3ViIjoiYWRtaW4iLCJpYXQiOjE2OTU3MDc1NjcsImV4cCI6MTY5NTc0MzU2N30.jq61Rq35MLw5qvQ1b6AXWuxBumu_4hHcSFzbrm-IWnw','BEARER',_binary '',_binary '',19),(653,'eyJhbGciOiJIUzI1NiJ9.eyJ1c2VybmFtZSI6ImFkbWluIiwicm9sZSI6WyJhZG1pbjpkZWxldGUiLCJhZG1pbjpyZWFkIiwiZW1wbG95ZWU6ZGVsZXRlIiwiZW1wbG95ZWU6cmVhZCIsImFkbWluOnVwZGF0ZSIsImVtcGxveWVlOnVwZGF0ZSIsImVtcGxveWVlOmNyZWF0ZSIsImFkbWluOmNyZWF0ZSIsIlJPTEVfQURNSU4iXSwic3ViIjoiYWRtaW4iLCJpYXQiOjE2OTU3MDc1OTQsImV4cCI6MTY5NTc0MzU5NH0.ZMNRraftGsPmhW7NgypqK58lm8Bca5MZYf1_9To_uGs','BEARER',_binary '',_binary '',19),(654,'eyJhbGciOiJIUzI1NiJ9.eyJ1c2VybmFtZSI6ImFkbWluIiwicm9sZSI6WyJhZG1pbjpkZWxldGUiLCJhZG1pbjpyZWFkIiwiZW1wbG95ZWU6ZGVsZXRlIiwiZW1wbG95ZWU6cmVhZCIsImFkbWluOnVwZGF0ZSIsImVtcGxveWVlOnVwZGF0ZSIsImVtcGxveWVlOmNyZWF0ZSIsImFkbWluOmNyZWF0ZSIsIlJPTEVfQURNSU4iXSwic3ViIjoiYWRtaW4iLCJpYXQiOjE2OTU3MDc2MjIsImV4cCI6MTY5NTc0MzYyMn0.aeazXhdSLWM8LAAzd8s-kReE-aBVHoCQkBbu8FsirlQ','BEARER',_binary '',_binary '',19),(655,'eyJhbGciOiJIUzI1NiJ9.eyJ1c2VybmFtZSI6ImVtcGxveWVlIiwicm9sZSI6WyJlbXBsb3llZTpjcmVhdGUiLCJlbXBsb3llZTpyZWFkIiwiZW1wbG95ZWU6dXBkYXRlIiwiZW1wbG95ZWU6ZGVsZXRlIiwiUk9MRV9FTVBMT1lFRSJdLCJzdWIiOiJlbXBsb3llZSIsImlhdCI6MTY5NTczNzU1NiwiZXhwIjoxNjk1NzczNTU2fQ.Oh6HpbwbgWIE_mHYlnFbYi3Eju_YLNsw10pT-1VoIhQ','BEARER',_binary '',_binary '',20),(656,'eyJhbGciOiJIUzI1NiJ9.eyJ1c2VybmFtZSI6ImFkbWluIiwicm9sZSI6WyJlbXBsb3llZTpjcmVhdGUiLCJlbXBsb3llZTpyZWFkIiwiYWRtaW46ZGVsZXRlIiwiYWRtaW46dXBkYXRlIiwiYWRtaW46cmVhZCIsImFkbWluOmNyZWF0ZSIsImVtcGxveWVlOnVwZGF0ZSIsImVtcGxveWVlOmRlbGV0ZSIsIlJPTEVfQURNSU4iXSwic3ViIjoiYWRtaW4iLCJpYXQiOjE2OTU3Mzc1OTcsImV4cCI6MTY5NTc3MzU5N30.4GW8l1HPjawN7iPslZMvsWG_AW034CW6A-UBbsTiVJQ','BEARER',_binary '',_binary '',19),(657,'eyJhbGciOiJIUzI1NiJ9.eyJ1c2VybmFtZSI6ImFkbWluIiwicm9sZSI6WyJlbXBsb3llZTpjcmVhdGUiLCJhZG1pbjp1cGRhdGUiLCJhZG1pbjpjcmVhdGUiLCJhZG1pbjpyZWFkIiwiYWRtaW46ZGVsZXRlIiwiZW1wbG95ZWU6ZGVsZXRlIiwiZW1wbG95ZWU6cmVhZCIsImVtcGxveWVlOnVwZGF0ZSIsIlJPTEVfQURNSU4iXSwic3ViIjoiYWRtaW4iLCJpYXQiOjE2OTU4NzAyNzIsImV4cCI6MTY5NTkwNjI3Mn0.4FX1ltwlwbPzBhINFevmM99w8M_24wutHOnCj_8vhV4','BEARER',_binary '',_binary '',19),(658,'eyJhbGciOiJIUzI1NiJ9.eyJ1c2VybmFtZSI6ImFkbWluIiwicm9sZSI6WyJlbXBsb3llZTpjcmVhdGUiLCJhZG1pbjpjcmVhdGUiLCJhZG1pbjpkZWxldGUiLCJhZG1pbjpyZWFkIiwiZW1wbG95ZWU6ZGVsZXRlIiwiZW1wbG95ZWU6cmVhZCIsImFkbWluOnVwZGF0ZSIsImVtcGxveWVlOnVwZGF0ZSIsIlJPTEVfQURNSU4iXSwic3ViIjoiYWRtaW4iLCJpYXQiOjE2OTU4NzI3NDIsImV4cCI6MTY5NTkwODc0Mn0.FbnRv5-77lr2jduhOFY9nFa0TGlR0RpTM2Wz-qEDCGo','BEARER',_binary '',_binary '',19),(659,'eyJhbGciOiJIUzI1NiJ9.eyJ1c2VybmFtZSI6ImFkbWluIiwicm9sZSI6WyJlbXBsb3llZTpjcmVhdGUiLCJhZG1pbjpjcmVhdGUiLCJhZG1pbjpkZWxldGUiLCJhZG1pbjpyZWFkIiwiZW1wbG95ZWU6ZGVsZXRlIiwiZW1wbG95ZWU6cmVhZCIsImFkbWluOnVwZGF0ZSIsImVtcGxveWVlOnVwZGF0ZSIsIlJPTEVfQURNSU4iXSwic3ViIjoiYWRtaW4iLCJpYXQiOjE2OTU4NzMyNDcsImV4cCI6MTY5NTkwOTI0N30.YeBQOYEV73a7Bnvpddss37lXG4AFZd5s-QI-bbvFcPI','BEARER',_binary '',_binary '',19),(660,'eyJhbGciOiJIUzI1NiJ9.eyJ1c2VybmFtZSI6ImFkbWluIiwicm9sZSI6WyJlbXBsb3llZTp1cGRhdGUiLCJhZG1pbjp1cGRhdGUiLCJlbXBsb3llZTpyZWFkIiwiZW1wbG95ZWU6ZGVsZXRlIiwiYWRtaW46cmVhZCIsImFkbWluOmRlbGV0ZSIsImFkbWluOmNyZWF0ZSIsImVtcGxveWVlOmNyZWF0ZSIsIlJPTEVfQURNSU4iXSwic3ViIjoiYWRtaW4iLCJpYXQiOjE2OTYwNDgxMjIsImV4cCI6MTY5NjA4NDEyMn0.dw4KZPJNoZVLi7MsKlePjtEp4jGrtBgJUtg5B0_h95I','BEARER',_binary '',_binary '',19),(661,'eyJhbGciOiJIUzI1NiJ9.eyJ1c2VybmFtZSI6ImFkbWluIiwicm9sZSI6WyJlbXBsb3llZTp1cGRhdGUiLCJhZG1pbjp1cGRhdGUiLCJlbXBsb3llZTpyZWFkIiwiZW1wbG95ZWU6ZGVsZXRlIiwiYWRtaW46cmVhZCIsImFkbWluOmRlbGV0ZSIsImFkbWluOmNyZWF0ZSIsImVtcGxveWVlOmNyZWF0ZSIsIlJPTEVfQURNSU4iXSwic3ViIjoiYWRtaW4iLCJpYXQiOjE2OTYwNDk5MTYsImV4cCI6MTY5NjA4NTkxNn0.zNMRIIMmu-foO6m-xxyzQWSXutWubhrUzSx_G07XG10','BEARER',_binary '',_binary '',19),(662,'eyJhbGciOiJIUzI1NiJ9.eyJ1c2VybmFtZSI6ImFkbWluIiwicm9sZSI6WyJlbXBsb3llZTp1cGRhdGUiLCJhZG1pbjp1cGRhdGUiLCJlbXBsb3llZTpyZWFkIiwiZW1wbG95ZWU6ZGVsZXRlIiwiYWRtaW46cmVhZCIsImFkbWluOmRlbGV0ZSIsImFkbWluOmNyZWF0ZSIsImVtcGxveWVlOmNyZWF0ZSIsIlJPTEVfQURNSU4iXSwic3ViIjoiYWRtaW4iLCJpYXQiOjE2OTYwNTAwNjMsImV4cCI6MTY5NjA4NjA2M30.l7lOPOrZ5cahGPfLpIUNWgP6v5lQj3kCkxWnmyv332U','BEARER',_binary '',_binary '',19),(663,'eyJhbGciOiJIUzI1NiJ9.eyJ1c2VybmFtZSI6ImFkbWluIiwicm9sZSI6WyJlbXBsb3llZTp1cGRhdGUiLCJhZG1pbjp1cGRhdGUiLCJlbXBsb3llZTpyZWFkIiwiZW1wbG95ZWU6ZGVsZXRlIiwiYWRtaW46cmVhZCIsImFkbWluOmRlbGV0ZSIsImFkbWluOmNyZWF0ZSIsImVtcGxveWVlOmNyZWF0ZSIsIlJPTEVfQURNSU4iXSwic3ViIjoiYWRtaW4iLCJpYXQiOjE2OTYwNTAwODksImV4cCI6MTY5NjA4NjA4OX0.rwMDVTSVQR7Kr7TxZDMHVRs8o06psXGOqueP5iIHhtY','BEARER',_binary '',_binary '',19),(664,'eyJhbGciOiJIUzI1NiJ9.eyJ1c2VybmFtZSI6ImFkbWluIiwicm9sZSI6WyJhZG1pbjpjcmVhdGUiLCJhZG1pbjpkZWxldGUiLCJhZG1pbjpyZWFkIiwiZW1wbG95ZWU6ZGVsZXRlIiwiZW1wbG95ZWU6cmVhZCIsImFkbWluOnVwZGF0ZSIsImVtcGxveWVlOnVwZGF0ZSIsImVtcGxveWVlOmNyZWF0ZSIsIlJPTEVfQURNSU4iXSwic3ViIjoiYWRtaW4iLCJpYXQiOjE2OTYwNTg5MjUsImV4cCI6MTY5NjA5NDkyNX0.G_ghk3xz2FSH_R75TM_dSbcFENWf-PD5q5__9TbU5_k','BEARER',_binary '',_binary '',19),(665,'eyJhbGciOiJIUzI1NiJ9.eyJ1c2VybmFtZSI6ImFkbWluIiwicm9sZSI6WyJhZG1pbjpjcmVhdGUiLCJhZG1pbjpkZWxldGUiLCJhZG1pbjpyZWFkIiwiZW1wbG95ZWU6ZGVsZXRlIiwiZW1wbG95ZWU6cmVhZCIsImFkbWluOnVwZGF0ZSIsImVtcGxveWVlOnVwZGF0ZSIsImVtcGxveWVlOmNyZWF0ZSIsIlJPTEVfQURNSU4iXSwic3ViIjoiYWRtaW4iLCJpYXQiOjE2OTYwNTg5NTEsImV4cCI6MTY5NjA5NDk1MX0.9wMKEHw5uV7OoyfBmJ5UYI5AdosE3481cDCNomQ9wUo','BEARER',_binary '',_binary '',19),(666,'eyJhbGciOiJIUzI1NiJ9.eyJ1c2VybmFtZSI6ImFkbWluIiwicm9sZSI6WyJhZG1pbjpjcmVhdGUiLCJhZG1pbjpkZWxldGUiLCJhZG1pbjpyZWFkIiwiZW1wbG95ZWU6ZGVsZXRlIiwiZW1wbG95ZWU6cmVhZCIsImFkbWluOnVwZGF0ZSIsImVtcGxveWVlOnVwZGF0ZSIsImVtcGxveWVlOmNyZWF0ZSIsIlJPTEVfQURNSU4iXSwic3ViIjoiYWRtaW4iLCJpYXQiOjE2OTYwNTkzMzYsImV4cCI6MTY5NjA5NTMzNn0.DiCuFXZfffLT-BVhHoacoSQ4SIKKpTETcpvYVzf_jtE','BEARER',_binary '',_binary '',19),(667,'eyJhbGciOiJIUzI1NiJ9.eyJ1c2VybmFtZSI6ImFkbWluIiwicm9sZSI6WyJlbXBsb3llZTpkZWxldGUiLCJlbXBsb3llZTp1cGRhdGUiLCJlbXBsb3llZTpyZWFkIiwiZW1wbG95ZWU6Y3JlYXRlIiwiYWRtaW46dXBkYXRlIiwiYWRtaW46cmVhZCIsImFkbWluOmNyZWF0ZSIsImFkbWluOmRlbGV0ZSIsIlJPTEVfQURNSU4iXSwic3ViIjoiYWRtaW4iLCJpYXQiOjE2OTYwNTk1NDMsImV4cCI6MTY5NjA5NTU0M30._QaEPBEKsfNiLfq9Cw22-BhfSHJIZjsXN_d7jqaKmEI','BEARER',_binary '',_binary '',19),(668,'eyJhbGciOiJIUzI1NiJ9.eyJ1c2VybmFtZSI6ImFkbWluIiwicm9sZSI6WyJlbXBsb3llZTpkZWxldGUiLCJlbXBsb3llZTp1cGRhdGUiLCJlbXBsb3llZTpyZWFkIiwiZW1wbG95ZWU6Y3JlYXRlIiwiYWRtaW46dXBkYXRlIiwiYWRtaW46cmVhZCIsImFkbWluOmNyZWF0ZSIsImFkbWluOmRlbGV0ZSIsIlJPTEVfQURNSU4iXSwic3ViIjoiYWRtaW4iLCJpYXQiOjE2OTYwNTk1NDQsImV4cCI6MTY5NjA5NTU0NH0.-IqRka1LBeolbh8jldZMYbTyRDZXQ66dWZnAI8ugsts','BEARER',_binary '',_binary '',19),(669,'eyJhbGciOiJIUzI1NiJ9.eyJyb2xlIjpbImFkbWluOmRlbGV0ZSIsImFkbWluOmNyZWF0ZSIsImFkbWluOnJlYWQiLCJhZG1pbjp1cGRhdGUiLCJlbXBsb3llZTpjcmVhdGUiLCJlbXBsb3llZTpyZWFkIiwiZW1wbG95ZWU6dXBkYXRlIiwiZW1wbG95ZWU6ZGVsZXRlIiwiUk9MRV9BRE1JTiJdLCJ1c2VybmFtZSI6ImFkbWluIiwic3ViIjoiYWRtaW4iLCJpYXQiOjE2OTYwNTk4MzgsImV4cCI6MTY5NjA5NTgzOH0.nzXxnshHn1ja0D7agQZNCgVK1ua-V_A5de3VJBlVYD4','BEARER',_binary '',_binary '',19),(670,'eyJhbGciOiJIUzI1NiJ9.eyJyb2xlIjpbImVtcGxveWVlOmNyZWF0ZSIsImFkbWluOmNyZWF0ZSIsImVtcGxveWVlOnJlYWQiLCJlbXBsb3llZTp1cGRhdGUiLCJlbXBsb3llZTpkZWxldGUiLCJhZG1pbjpyZWFkIiwiYWRtaW46dXBkYXRlIiwiYWRtaW46ZGVsZXRlIiwiUk9MRV9BRE1JTiJdLCJ1c2VybmFtZSI6ImFkbWluIiwic3ViIjoiYWRtaW4iLCJpYXQiOjE2OTYwNjAwNDQsImV4cCI6MTY5NjA5NjA0NH0.4AoFz6TnCt3hBP8BntOizCxUGWHmzdL3drTy0-UtdxE','BEARER',_binary '',_binary '',19),(671,'eyJhbGciOiJIUzI1NiJ9.eyJyb2xlIjpbImVtcGxveWVlOmNyZWF0ZSIsImFkbWluOmNyZWF0ZSIsImVtcGxveWVlOnJlYWQiLCJlbXBsb3llZTp1cGRhdGUiLCJlbXBsb3llZTpkZWxldGUiLCJhZG1pbjpyZWFkIiwiYWRtaW46dXBkYXRlIiwiYWRtaW46ZGVsZXRlIiwiUk9MRV9BRE1JTiJdLCJ1c2VybmFtZSI6ImFkbWluIiwic3ViIjoiYWRtaW4iLCJpYXQiOjE2OTYwNjEwMTksImV4cCI6MTY5NjA5NzAxOX0.koiM4-zYjZ0UgE3gfo1XtRbN-GlFtog5Bz-wqCbIskQ','BEARER',_binary '',_binary '',19),(672,'eyJhbGciOiJIUzI1NiJ9.eyJ1c2VybmFtZSI6ImFkbWluIiwicm9sZSI6WyJhZG1pbjpyZWFkIiwiYWRtaW46dXBkYXRlIiwiZW1wbG95ZWU6Y3JlYXRlIiwiZW1wbG95ZWU6cmVhZCIsImVtcGxveWVlOnVwZGF0ZSIsImVtcGxveWVlOmRlbGV0ZSIsImFkbWluOmRlbGV0ZSIsImFkbWluOmNyZWF0ZSIsIlJPTEVfQURNSU4iXSwic3ViIjoiYWRtaW4iLCJpYXQiOjE2OTYwNjEwNzUsImV4cCI6MTY5NjA5NzA3NX0.-bFNABTQdiPCQXaubilwKXiZ2Z4DFyKgu0HgrScqLFk','BEARER',_binary '',_binary '',19),(673,'eyJhbGciOiJIUzI1NiJ9.eyJ1c2VybmFtZSI6ImFkbWluIiwicm9sZSI6WyJhZG1pbjpyZWFkIiwiZW1wbG95ZWU6ZGVsZXRlIiwiZW1wbG95ZWU6dXBkYXRlIiwiZW1wbG95ZWU6cmVhZCIsImFkbWluOmNyZWF0ZSIsImVtcGxveWVlOmNyZWF0ZSIsImFkbWluOmRlbGV0ZSIsImFkbWluOnVwZGF0ZSIsIlJPTEVfQURNSU4iXSwic3ViIjoiYWRtaW4iLCJpYXQiOjE2OTYxMzQ4MzUsImV4cCI6MTY5NjE3MDgzNX0.EiBYU0RdcvNajFtTB4WhlDpXk-5MiZVJVOrgfkGM1Do','BEARER',_binary '',_binary '',19),(674,'eyJhbGciOiJIUzI1NiJ9.eyJ1c2VybmFtZSI6ImFkbWluIiwicm9sZSI6WyJhZG1pbjpjcmVhdGUiLCJhZG1pbjpyZWFkIiwiZW1wbG95ZWU6cmVhZCIsImVtcGxveWVlOnVwZGF0ZSIsImVtcGxveWVlOmNyZWF0ZSIsImFkbWluOnVwZGF0ZSIsImFkbWluOmRlbGV0ZSIsImVtcGxveWVlOmRlbGV0ZSIsIlJPTEVfQURNSU4iXSwic3ViIjoiYWRtaW4iLCJpYXQiOjE2OTYyMDk4ODYsImV4cCI6MTY5NjI0NTg4Nn0.nhatAFyle_epA9KhOjUfjkVfCIkkb0SCieqNx5ptibY','BEARER',_binary '',_binary '',19),(675,'eyJhbGciOiJIUzI1NiJ9.eyJyb2xlIjpbImFkbWluOmRlbGV0ZSIsImFkbWluOnJlYWQiLCJhZG1pbjpjcmVhdGUiLCJlbXBsb3llZTpkZWxldGUiLCJlbXBsb3llZTp1cGRhdGUiLCJlbXBsb3llZTpjcmVhdGUiLCJlbXBsb3llZTpyZWFkIiwiYWRtaW46dXBkYXRlIiwiUk9MRV9BRE1JTiJdLCJ1c2VybmFtZSI6ImFkbWluIiwic3ViIjoiYWRtaW4iLCJpYXQiOjE2OTYyMTU0MjcsImV4cCI6MTY5NjI1MTQyN30.fdt5gsvp3ABFp7-3Phf3zPxSlEncGfaEf2TkmGPL5nI','BEARER',_binary '',_binary '',19),(676,'eyJhbGciOiJIUzI1NiJ9.eyJ1c2VybmFtZSI6ImFkbWluIiwicm9sZSI6WyJhZG1pbjpjcmVhdGUiLCJhZG1pbjpyZWFkIiwiZW1wbG95ZWU6cmVhZCIsImVtcGxveWVlOnVwZGF0ZSIsImVtcGxveWVlOmNyZWF0ZSIsImFkbWluOnVwZGF0ZSIsImFkbWluOmRlbGV0ZSIsImVtcGxveWVlOmRlbGV0ZSIsIlJPTEVfQURNSU4iXSwic3ViIjoiYWRtaW4iLCJpYXQiOjE2OTYyOTgwNTcsImV4cCI6MTY5NjMzNDA1N30.zFcn_u5YSoIr6hsExVPYKC15MBGVI7aWwO2CRZN_D3A','BEARER',_binary '',_binary '',19),(677,'eyJhbGciOiJIUzI1NiJ9.eyJyb2xlIjpbImFkbWluOmNyZWF0ZSIsImVtcGxveWVlOnJlYWQiLCJhZG1pbjp1cGRhdGUiLCJhZG1pbjpyZWFkIiwiYWRtaW46ZGVsZXRlIiwiZW1wbG95ZWU6Y3JlYXRlIiwiZW1wbG95ZWU6dXBkYXRlIiwiZW1wbG95ZWU6ZGVsZXRlIiwiUk9MRV9BRE1JTiJdLCJ1c2VybmFtZSI6ImFkbWluIiwic3ViIjoiYWRtaW4iLCJpYXQiOjE2OTYyOTgyMTgsImV4cCI6MTY5NjMzNDIxOH0.kPAMD58brFNleh6CfTfWi8VT32UgQOEZJQlac0vBVZ4','BEARER',_binary '',_binary '',19),(678,'eyJhbGciOiJIUzI1NiJ9.eyJ1c2VybmFtZSI6ImFkbWluIiwicm9sZSI6WyJlbXBsb3llZTpjcmVhdGUiLCJhZG1pbjp1cGRhdGUiLCJhZG1pbjpjcmVhdGUiLCJlbXBsb3llZTp1cGRhdGUiLCJhZG1pbjpkZWxldGUiLCJlbXBsb3llZTpkZWxldGUiLCJlbXBsb3llZTpyZWFkIiwiYWRtaW46cmVhZCIsIlJPTEVfQURNSU4iXSwic3ViIjoiYWRtaW4iLCJpYXQiOjE2OTYyOTk2MDUsImV4cCI6MTY5NjMzNTYwNX0.lKiEqBW63Y0DIO19KIhwAgk-lClbL3YSKroDXxtVZdo','BEARER',_binary '',_binary '',19),(679,'eyJhbGciOiJIUzI1NiJ9.eyJ1c2VybmFtZSI6ImFkbWluIiwicm9sZSI6WyJlbXBsb3llZTpjcmVhdGUiLCJhZG1pbjpjcmVhdGUiLCJlbXBsb3llZTpkZWxldGUiLCJhZG1pbjpyZWFkIiwiYWRtaW46ZGVsZXRlIiwiZW1wbG95ZWU6cmVhZCIsImFkbWluOnVwZGF0ZSIsImVtcGxveWVlOnVwZGF0ZSIsIlJPTEVfQURNSU4iXSwic3ViIjoiYWRtaW4iLCJpYXQiOjE2OTYyOTk3MzgsImV4cCI6MTY5NjMzNTczOH0.rJRsC9ptB5G5R3AsO0QfeGBPQoqH7aDwxVTXUmYk9MU','BEARER',_binary '',_binary '',19),(680,'eyJhbGciOiJIUzI1NiJ9.eyJyb2xlIjpbImVtcGxveWVlOmNyZWF0ZSIsImFkbWluOmNyZWF0ZSIsImVtcGxveWVlOmRlbGV0ZSIsImFkbWluOnJlYWQiLCJhZG1pbjpkZWxldGUiLCJlbXBsb3llZTpyZWFkIiwiYWRtaW46dXBkYXRlIiwiZW1wbG95ZWU6dXBkYXRlIiwiUk9MRV9BRE1JTiJdLCJ1c2VybmFtZSI6ImFkbWluIiwic3ViIjoiYWRtaW4iLCJpYXQiOjE2OTYzMTQ2MzAsImV4cCI6MTY5NjM1MDYzMH0.OSyuBxkTMkMgv3RU4Ndy2tHZXnww7rTvavHxCexz1j4','BEARER',_binary '',_binary '',19),(681,'eyJhbGciOiJIUzI1NiJ9.eyJyb2xlIjpbImVtcGxveWVlOmNyZWF0ZSIsImFkbWluOmNyZWF0ZSIsImVtcGxveWVlOmRlbGV0ZSIsImFkbWluOnJlYWQiLCJhZG1pbjpkZWxldGUiLCJlbXBsb3llZTpyZWFkIiwiYWRtaW46dXBkYXRlIiwiZW1wbG95ZWU6dXBkYXRlIiwiUk9MRV9BRE1JTiJdLCJ1c2VybmFtZSI6ImFkbWluIiwic3ViIjoiYWRtaW4iLCJpYXQiOjE2OTYzMTQ2ODcsImV4cCI6MTY5NjM1MDY4N30.fVkkxLYwIBteWHI8mmnKQ57ctMA1mscedaXtTxzxBF0','BEARER',_binary '',_binary '',19),(682,'eyJhbGciOiJIUzI1NiJ9.eyJyb2xlIjpbImFkbWluOmRlbGV0ZSIsImVtcGxveWVlOnVwZGF0ZSIsImFkbWluOmNyZWF0ZSIsImFkbWluOnVwZGF0ZSIsImVtcGxveWVlOmNyZWF0ZSIsImFkbWluOnJlYWQiLCJlbXBsb3llZTpyZWFkIiwiZW1wbG95ZWU6ZGVsZXRlIiwiUk9MRV9BRE1JTiJdLCJ1c2VybmFtZSI6ImFkbWluIiwic3ViIjoiYWRtaW4iLCJpYXQiOjE2OTYzMTcwNDMsImV4cCI6MTY5NjM1MzA0M30.Wc06ZfyNJNVTiOM_0HvMQVEAZnPKmMfMCbOdIsn7uP0','BEARER',_binary '',_binary '',19),(683,'eyJhbGciOiJIUzI1NiJ9.eyJyb2xlIjpbImFkbWluOmRlbGV0ZSIsImVtcGxveWVlOnVwZGF0ZSIsImFkbWluOmNyZWF0ZSIsImFkbWluOnVwZGF0ZSIsImVtcGxveWVlOmNyZWF0ZSIsImFkbWluOnJlYWQiLCJlbXBsb3llZTpyZWFkIiwiZW1wbG95ZWU6ZGVsZXRlIiwiUk9MRV9BRE1JTiJdLCJ1c2VybmFtZSI6ImFkbWluIiwic3ViIjoiYWRtaW4iLCJpYXQiOjE2OTYzMTcxNTAsImV4cCI6MTY5NjM1MzE1MH0.7m7FridBc9v2Gs2hI0AS-pHegKP7WvCpJVINnJcCJkY','BEARER',_binary '',_binary '',19),(684,'eyJhbGciOiJIUzI1NiJ9.eyJ1c2VybmFtZSI6ImFkbWluIiwicm9sZSI6WyJlbXBsb3llZTpyZWFkIiwiYWRtaW46ZGVsZXRlIiwiYWRtaW46dXBkYXRlIiwiZW1wbG95ZWU6Y3JlYXRlIiwiYWRtaW46Y3JlYXRlIiwiYWRtaW46cmVhZCIsImVtcGxveWVlOnVwZGF0ZSIsImVtcGxveWVlOmRlbGV0ZSIsIlJPTEVfQURNSU4iXSwic3ViIjoiYWRtaW4iLCJpYXQiOjE2OTYzMTc1NDIsImV4cCI6MTY5NjM1MzU0Mn0.rlCCGTfrwXTg9W-Ci3x8SsixIeu9ffEbnnJY24btHLM','BEARER',_binary '',_binary '',19),(685,'eyJhbGciOiJIUzI1NiJ9.eyJ1c2VybmFtZSI6ImFkbWluIiwicm9sZSI6WyJlbXBsb3llZTpyZWFkIiwiYWRtaW46ZGVsZXRlIiwiYWRtaW46dXBkYXRlIiwiZW1wbG95ZWU6Y3JlYXRlIiwiYWRtaW46Y3JlYXRlIiwiYWRtaW46cmVhZCIsImVtcGxveWVlOnVwZGF0ZSIsImVtcGxveWVlOmRlbGV0ZSIsIlJPTEVfQURNSU4iXSwic3ViIjoiYWRtaW4iLCJpYXQiOjE2OTYzMTc2MTgsImV4cCI6MTY5NjM1MzYxOH0.-sCILOOZyD40pU_vlZniSAWJ2unUglBHwYsN92CAmG4','BEARER',_binary '',_binary '',19),(686,'eyJhbGciOiJIUzI1NiJ9.eyJ1c2VybmFtZSI6ImFkbWluIiwicm9sZSI6WyJlbXBsb3llZTpyZWFkIiwiYWRtaW46ZGVsZXRlIiwiYWRtaW46dXBkYXRlIiwiZW1wbG95ZWU6Y3JlYXRlIiwiYWRtaW46Y3JlYXRlIiwiYWRtaW46cmVhZCIsImVtcGxveWVlOnVwZGF0ZSIsImVtcGxveWVlOmRlbGV0ZSIsIlJPTEVfQURNSU4iXSwic3ViIjoiYWRtaW4iLCJpYXQiOjE2OTYzMTc2NjUsImV4cCI6MTY5NjM1MzY2NX0.zl8a2mKYjS6_x26SdSHZDjdMgpzZwh6U4aHjf42PmYc','BEARER',_binary '',_binary '',19),(687,'eyJhbGciOiJIUzI1NiJ9.eyJyb2xlIjpbImVtcGxveWVlOmRlbGV0ZSIsImFkbWluOmRlbGV0ZSIsImVtcGxveWVlOnVwZGF0ZSIsImVtcGxveWVlOmNyZWF0ZSIsImFkbWluOnVwZGF0ZSIsImFkbWluOmNyZWF0ZSIsImFkbWluOnJlYWQiLCJlbXBsb3llZTpyZWFkIiwiUk9MRV9BRE1JTiJdLCJ1c2VybmFtZSI6ImFkbWluIiwic3ViIjoiYWRtaW4iLCJpYXQiOjE2OTYzNDM5MzAsImV4cCI6MTY5NjM3OTkzMH0.BgGiT_eboZjCKd6VQjZqmDNJ9ZdObwBbp7kbt-j2000','BEARER',_binary '',_binary '',19),(688,'eyJhbGciOiJIUzI1NiJ9.eyJyb2xlIjpbImVtcGxveWVlOmRlbGV0ZSIsImVtcGxveWVlOnVwZGF0ZSIsImVtcGxveWVlOmNyZWF0ZSIsImVtcGxveWVlOnJlYWQiLCJhZG1pbjp1cGRhdGUiLCJhZG1pbjpyZWFkIiwiYWRtaW46ZGVsZXRlIiwiYWRtaW46Y3JlYXRlIiwiUk9MRV9BRE1JTiJdLCJ1c2VybmFtZSI6ImFkbWluIiwic3ViIjoiYWRtaW4iLCJpYXQiOjE2OTYzODQwNDksImV4cCI6MTY5NjQyMDA0OX0.ovW9YbPipAHUQW046M_zbVZjnKP0i7YTSPGr7edTfb8','BEARER',_binary '',_binary '',19),(689,'eyJhbGciOiJIUzI1NiJ9.eyJ1c2VybmFtZSI6ImFkbWluIiwicm9sZSI6WyJhZG1pbjpyZWFkIiwiYWRtaW46Y3JlYXRlIiwiYWRtaW46ZGVsZXRlIiwiYWRtaW46dXBkYXRlIiwiZW1wbG95ZWU6Y3JlYXRlIiwiZW1wbG95ZWU6ZGVsZXRlIiwiZW1wbG95ZWU6dXBkYXRlIiwiZW1wbG95ZWU6cmVhZCIsIlJPTEVfQURNSU4iXSwic3ViIjoiYWRtaW4iLCJpYXQiOjE2OTY0ODM3OTcsImV4cCI6MTY5NjUxOTc5N30.85bUqF-D_YoMnozeedUt9o-1PpwJoGTrW0RdxH8RDh8','BEARER',_binary '',_binary '',19),(690,'eyJhbGciOiJIUzI1NiJ9.eyJyb2xlIjpbImFkbWluOmNyZWF0ZSIsImVtcGxveWVlOnVwZGF0ZSIsImVtcGxveWVlOmNyZWF0ZSIsImVtcGxveWVlOnJlYWQiLCJhZG1pbjpyZWFkIiwiYWRtaW46dXBkYXRlIiwiYWRtaW46ZGVsZXRlIiwiZW1wbG95ZWU6ZGVsZXRlIiwiUk9MRV9BRE1JTiJdLCJ1c2VybmFtZSI6ImFkbWluIiwic3ViIjoiYWRtaW4iLCJpYXQiOjE2OTY0ODg1MTgsImV4cCI6MTY5NjUyNDUxOH0.tii6fbNN34OSLSw91KUQ72nN7yPZH3GmTKthjV0QHUQ','BEARER',_binary '',_binary '',19),(691,'eyJhbGciOiJIUzI1NiJ9.eyJyb2xlIjpbImFkbWluOmNyZWF0ZSIsImVtcGxveWVlOnVwZGF0ZSIsImVtcGxveWVlOmNyZWF0ZSIsImVtcGxveWVlOnJlYWQiLCJhZG1pbjpyZWFkIiwiYWRtaW46dXBkYXRlIiwiYWRtaW46ZGVsZXRlIiwiZW1wbG95ZWU6ZGVsZXRlIiwiUk9MRV9BRE1JTiJdLCJ1c2VybmFtZSI6ImFkbWluIiwic3ViIjoiYWRtaW4iLCJpYXQiOjE2OTY0ODk1OTAsImV4cCI6MTY5NjUyNTU5MH0.ikUrA68J8DxkeAWbBrawCuNxw_mnl8ULkxK1sToaWhw','BEARER',_binary '',_binary '',19),(692,'eyJhbGciOiJIUzI1NiJ9.eyJyb2xlIjpbIlJPTEVfVVNFUiJdLCJ1c2VybmFtZSI6Im9kYWthIiwic3ViIjoib2Rha2EiLCJpYXQiOjE2OTY0OTAwMTIsImV4cCI6MTY5NjUyNjAxMn0.iKohZreGN4UAkZ9p2QFh2m7Tn-hmQU7OjHy4NJWQv-E','BEARER',_binary '',_binary '',44),(693,'eyJhbGciOiJIUzI1NiJ9.eyJyb2xlIjpbInVzZXI6dXBkYXRlIiwidXNlcjpyZWFkIiwiUk9MRV9VU0VSIl0sInVzZXJuYW1lIjoib2Rha2EiLCJzdWIiOiJvZGFrYSIsImlhdCI6MTY5NjQ5MzUzMCwiZXhwIjoxNjk2NTI5NTMwfQ.EsL5o9uoeO8ZaItlFMaLOpHIL4Uqp7wtK7rhnU81_xM','BEARER',_binary '',_binary '',44),(694,'eyJhbGciOiJIUzI1NiJ9.eyJyb2xlIjpbInVzZXI6dXBkYXRlIiwidXNlcjpyZWFkIiwiUk9MRV9VU0VSIl0sInVzZXJuYW1lIjoib2Rha2EiLCJzdWIiOiJvZGFrYSIsImlhdCI6MTY5NjQ5Mzg0NiwiZXhwIjoxNjk2NTI5ODQ2fQ.fTRCFfy2tA2O-zaE7mR7zN1G5V8kqKa40qKRk6b3kHU','BEARER',_binary '',_binary '',44),(695,'eyJhbGciOiJIUzI1NiJ9.eyJyb2xlIjpbInVzZXI6dXBkYXRlIiwidXNlcjpyZWFkIiwiUk9MRV9VU0VSIl0sInVzZXJuYW1lIjoib2Rha2EiLCJzdWIiOiJvZGFrYSIsImlhdCI6MTY5NjQ5Mzk3MiwiZXhwIjoxNjk2NTI5OTcyfQ.Ob2na8g7sKtRUul7uC11ywL11fKz38NRRfh0JELggLY','BEARER',_binary '',_binary '',44),(696,'eyJhbGciOiJIUzI1NiJ9.eyJyb2xlIjpbImFkbWluOmNyZWF0ZSIsImFkbWluOmRlbGV0ZSIsImVtcGxveWVlOmNyZWF0ZSIsImVtcGxveWVlOnJlYWQiLCJlbXBsb3llZTpkZWxldGUiLCJhZG1pbjp1cGRhdGUiLCJhZG1pbjpyZWFkIiwiZW1wbG95ZWU6dXBkYXRlIiwiUk9MRV9BRE1JTiJdLCJ1c2VybmFtZSI6ImFkbWluIiwic3ViIjoiYWRtaW4iLCJpYXQiOjE2OTY0OTQwODEsImV4cCI6MTY5NjUzMDA4MX0.koZBTShVgdnGFGPFC-svo50fXkLC51UrYDO3Aq4db2I','BEARER',_binary '',_binary '',19),(697,'eyJhbGciOiJIUzI1NiJ9.eyJyb2xlIjpbImFkbWluOmNyZWF0ZSIsImFkbWluOmRlbGV0ZSIsImVtcGxveWVlOmNyZWF0ZSIsImVtcGxveWVlOnJlYWQiLCJlbXBsb3llZTpkZWxldGUiLCJhZG1pbjp1cGRhdGUiLCJhZG1pbjpyZWFkIiwiZW1wbG95ZWU6dXBkYXRlIiwiUk9MRV9BRE1JTiJdLCJ1c2VybmFtZSI6ImFkbWluIiwic3ViIjoiYWRtaW4iLCJpYXQiOjE2OTY0OTQxMjcsImV4cCI6MTY5NjUzMDEyN30.IlWdGhMRY9h_KrZl31ozcmnqWa92iJmH4YWR6G8sz7o','BEARER',_binary '',_binary '',19),(698,'eyJhbGciOiJIUzI1NiJ9.eyJyb2xlIjpbImFkbWluOmNyZWF0ZSIsImFkbWluOmRlbGV0ZSIsImVtcGxveWVlOmNyZWF0ZSIsImVtcGxveWVlOnJlYWQiLCJlbXBsb3llZTpkZWxldGUiLCJhZG1pbjp1cGRhdGUiLCJhZG1pbjpyZWFkIiwiZW1wbG95ZWU6dXBkYXRlIiwiUk9MRV9BRE1JTiJdLCJ1c2VybmFtZSI6ImFkbWluIiwic3ViIjoiYWRtaW4iLCJpYXQiOjE2OTY0OTU0ODUsImV4cCI6MTY5NjUzMTQ4NX0.cCD2__iew0yNWQJFxYzlNZj5enNEmfvQsxgLtkJdjrc','BEARER',_binary '',_binary '',19),(699,'eyJhbGciOiJIUzI1NiJ9.eyJ1c2VybmFtZSI6ImFkbWluIiwicm9sZSI6WyJlbXBsb3llZTp1cGRhdGUiLCJlbXBsb3llZTpjcmVhdGUiLCJhZG1pbjp1cGRhdGUiLCJhZG1pbjpjcmVhdGUiLCJhZG1pbjpyZWFkIiwiZW1wbG95ZWU6ZGVsZXRlIiwiZW1wbG95ZWU6cmVhZCIsImFkbWluOmRlbGV0ZSIsIlJPTEVfQURNSU4iXSwic3ViIjoiYWRtaW4iLCJpYXQiOjE2OTY0OTU2MzUsImV4cCI6MTY5NjUzMTYzNX0.lndo_Ga5tiPIM6YwlHdsPibGvB4FwG5lv1kHjjvU_Nk','BEARER',_binary '',_binary '',19),(700,'eyJhbGciOiJIUzI1NiJ9.eyJyb2xlIjpbImFkbWluOnVwZGF0ZSIsImFkbWluOmNyZWF0ZSIsImFkbWluOnJlYWQiLCJlbXBsb3llZTpjcmVhdGUiLCJlbXBsb3llZTpyZWFkIiwiZW1wbG95ZWU6dXBkYXRlIiwiYWRtaW46ZGVsZXRlIiwiZW1wbG95ZWU6ZGVsZXRlIiwiUk9MRV9BRE1JTiJdLCJ1c2VybmFtZSI6ImFkbWluIiwic3ViIjoiYWRtaW4iLCJpYXQiOjE2OTY0OTU2NzksImV4cCI6MTY5NjUzMTY3OX0.esLzYLp5CPxOlpKDN4v7ImsWqz7MTQgM_qiYUqmhopo','BEARER',_binary '',_binary '',19),(701,'eyJhbGciOiJIUzI1NiJ9.eyJ1c2VybmFtZSI6ImFkbWluIiwicm9sZSI6WyJlbXBsb3llZTpkZWxldGUiLCJlbXBsb3llZTp1cGRhdGUiLCJhZG1pbjpkZWxldGUiLCJhZG1pbjp1cGRhdGUiLCJhZG1pbjpyZWFkIiwiYWRtaW46Y3JlYXRlIiwiZW1wbG95ZWU6Y3JlYXRlIiwiZW1wbG95ZWU6cmVhZCIsIlJPTEVfQURNSU4iXSwic3ViIjoiYWRtaW4iLCJpYXQiOjE2OTY1OTk0NjIsImV4cCI6MTY5NjYzNTQ2Mn0.io0uFdladIRSNPyxbmahcpna6OtCxS7r6ACUi0o9onw','BEARER',_binary '',_binary '',19),(702,'eyJhbGciOiJIUzI1NiJ9.eyJyb2xlIjpbImVtcGxveWVlOmRlbGV0ZSIsImFkbWluOmNyZWF0ZSIsImFkbWluOmRlbGV0ZSIsImFkbWluOnJlYWQiLCJlbXBsb3llZTp1cGRhdGUiLCJhZG1pbjp1cGRhdGUiLCJlbXBsb3llZTpyZWFkIiwiZW1wbG95ZWU6Y3JlYXRlIiwiUk9MRV9BRE1JTiJdLCJ1c2VybmFtZSI6ImFkbWluIiwic3ViIjoiYWRtaW4iLCJpYXQiOjE2OTY3NDM3NDAsImV4cCI6MTY5Njc3OTc0MH0.T5tCdnDuVwmej1SVAuvApIIbvVZhJHgVfZoPLzTvGy0','BEARER',_binary '',_binary '',19),(703,'eyJhbGciOiJIUzI1NiJ9.eyJyb2xlIjpbImVtcGxveWVlOmRlbGV0ZSIsImFkbWluOmNyZWF0ZSIsImFkbWluOmRlbGV0ZSIsImFkbWluOnJlYWQiLCJlbXBsb3llZTp1cGRhdGUiLCJhZG1pbjp1cGRhdGUiLCJlbXBsb3llZTpyZWFkIiwiZW1wbG95ZWU6Y3JlYXRlIiwiUk9MRV9BRE1JTiJdLCJ1c2VybmFtZSI6ImFkbWluIiwic3ViIjoiYWRtaW4iLCJpYXQiOjE2OTY3NDM3NzEsImV4cCI6MTY5Njc3OTc3MX0.YUGEP_Gl-tndoRdb8hiExqUWMUvyb8L7x81-YlwaT-8','BEARER',_binary '',_binary '',19),(704,'eyJhbGciOiJIUzI1NiJ9.eyJyb2xlIjpbImVtcGxveWVlOmRlbGV0ZSIsImFkbWluOmNyZWF0ZSIsImFkbWluOmRlbGV0ZSIsImFkbWluOnJlYWQiLCJlbXBsb3llZTp1cGRhdGUiLCJhZG1pbjp1cGRhdGUiLCJlbXBsb3llZTpyZWFkIiwiZW1wbG95ZWU6Y3JlYXRlIiwiUk9MRV9BRE1JTiJdLCJ1c2VybmFtZSI6ImFkbWluIiwic3ViIjoiYWRtaW4iLCJpYXQiOjE2OTY3NDM3NzMsImV4cCI6MTY5Njc3OTc3M30.JhHV8nbDivftG9plRE-lSQ-40zHWSiumWJ4_-z8Gz_E','BEARER',_binary '',_binary '',19),(705,'eyJhbGciOiJIUzI1NiJ9.eyJyb2xlIjpbImVtcGxveWVlOmRlbGV0ZSIsImFkbWluOmNyZWF0ZSIsImFkbWluOmRlbGV0ZSIsImFkbWluOnJlYWQiLCJlbXBsb3llZTp1cGRhdGUiLCJhZG1pbjp1cGRhdGUiLCJlbXBsb3llZTpyZWFkIiwiZW1wbG95ZWU6Y3JlYXRlIiwiUk9MRV9BRE1JTiJdLCJ1c2VybmFtZSI6ImFkbWluIiwic3ViIjoiYWRtaW4iLCJpYXQiOjE2OTY3NDQwNjYsImV4cCI6MTY5Njc4MDA2Nn0.2YYiZyPZO-AiwlwxaxkwMz40JLD_gWN4qRt8CJTJ-hs','BEARER',_binary '',_binary '',19),(706,'eyJhbGciOiJIUzI1NiJ9.eyJyb2xlIjpbImVtcGxveWVlOmRlbGV0ZSIsImFkbWluOmNyZWF0ZSIsImFkbWluOmRlbGV0ZSIsImFkbWluOnJlYWQiLCJlbXBsb3llZTp1cGRhdGUiLCJhZG1pbjp1cGRhdGUiLCJlbXBsb3llZTpyZWFkIiwiZW1wbG95ZWU6Y3JlYXRlIiwiUk9MRV9BRE1JTiJdLCJ1c2VybmFtZSI6ImFkbWluIiwic3ViIjoiYWRtaW4iLCJpYXQiOjE2OTY3NDc0OTEsImV4cCI6MTY5Njc4MzQ5MX0.XQ-a8qe2QR3FOZmj39PgbiPdVsnKgIh2ev8R71jraH0','BEARER',_binary '',_binary '',19),(707,'eyJhbGciOiJIUzI1NiJ9.eyJyb2xlIjpbImVtcGxveWVlOmRlbGV0ZSIsImFkbWluOmNyZWF0ZSIsImFkbWluOmRlbGV0ZSIsImFkbWluOnJlYWQiLCJlbXBsb3llZTp1cGRhdGUiLCJhZG1pbjp1cGRhdGUiLCJlbXBsb3llZTpyZWFkIiwiZW1wbG95ZWU6Y3JlYXRlIiwiUk9MRV9BRE1JTiJdLCJ1c2VybmFtZSI6ImFkbWluIiwic3ViIjoiYWRtaW4iLCJpYXQiOjE2OTY3NDc1MDMsImV4cCI6MTY5Njc4MzUwM30.8Kel7bvkiGLksjak3P9yrcl7SJseHBWy0bMaTH8bnoI','BEARER',_binary '',_binary '',19),(708,'eyJhbGciOiJIUzI1NiJ9.eyJyb2xlIjpbImVtcGxveWVlOmRlbGV0ZSIsImFkbWluOmNyZWF0ZSIsImFkbWluOmRlbGV0ZSIsImFkbWluOnJlYWQiLCJlbXBsb3llZTp1cGRhdGUiLCJhZG1pbjp1cGRhdGUiLCJlbXBsb3llZTpyZWFkIiwiZW1wbG95ZWU6Y3JlYXRlIiwiUk9MRV9BRE1JTiJdLCJ1c2VybmFtZSI6ImFkbWluIiwic3ViIjoiYWRtaW4iLCJpYXQiOjE2OTY3NDc1NzYsImV4cCI6MTY5Njc4MzU3Nn0.NncDP4dIDk429MYV0htEDRvVgXkBQCeMq0LPuvg9U1E','BEARER',_binary '',_binary '',19),(709,'eyJhbGciOiJIUzI1NiJ9.eyJyb2xlIjpbImVtcGxveWVlOmRlbGV0ZSIsImFkbWluOmNyZWF0ZSIsImFkbWluOmRlbGV0ZSIsImFkbWluOnJlYWQiLCJlbXBsb3llZTp1cGRhdGUiLCJhZG1pbjp1cGRhdGUiLCJlbXBsb3llZTpyZWFkIiwiZW1wbG95ZWU6Y3JlYXRlIiwiUk9MRV9BRE1JTiJdLCJ1c2VybmFtZSI6ImFkbWluIiwic3ViIjoiYWRtaW4iLCJpYXQiOjE2OTY3NDc2MjksImV4cCI6MTY5Njc4MzYyOX0.M8OCaWwikKgvN3RRHlUYjq6wIIxgz1_1tMfWi-1I6eg','BEARER',_binary '',_binary '',19),(710,'eyJhbGciOiJIUzI1NiJ9.eyJyb2xlIjpbImVtcGxveWVlOmRlbGV0ZSIsImFkbWluOmNyZWF0ZSIsImFkbWluOmRlbGV0ZSIsImFkbWluOnJlYWQiLCJlbXBsb3llZTp1cGRhdGUiLCJhZG1pbjp1cGRhdGUiLCJlbXBsb3llZTpyZWFkIiwiZW1wbG95ZWU6Y3JlYXRlIiwiUk9MRV9BRE1JTiJdLCJ1c2VybmFtZSI6ImFkbWluIiwic3ViIjoiYWRtaW4iLCJpYXQiOjE2OTY3NDc4MjQsImV4cCI6MTY5Njc4MzgyNH0.slP10ckZgs9nJqoZ83VwKVrASmFMpx16FtGOl3cPQHo','BEARER',_binary '',_binary '',19),(711,'eyJhbGciOiJIUzI1NiJ9.eyJyb2xlIjpbImVtcGxveWVlOmRlbGV0ZSIsImFkbWluOmNyZWF0ZSIsImFkbWluOmRlbGV0ZSIsImFkbWluOnJlYWQiLCJlbXBsb3llZTp1cGRhdGUiLCJhZG1pbjp1cGRhdGUiLCJlbXBsb3llZTpyZWFkIiwiZW1wbG95ZWU6Y3JlYXRlIiwiUk9MRV9BRE1JTiJdLCJ1c2VybmFtZSI6ImFkbWluIiwic3ViIjoiYWRtaW4iLCJpYXQiOjE2OTY3NDc4NTIsImV4cCI6MTY5Njc4Mzg1Mn0.xdcq8unqioJwY0cuejVkroXmUhIeHHBFq7w_I9hp17E','BEARER',_binary '',_binary '',19),(712,'eyJhbGciOiJIUzI1NiJ9.eyJyb2xlIjpbImVtcGxveWVlOmRlbGV0ZSIsImFkbWluOmNyZWF0ZSIsImFkbWluOmRlbGV0ZSIsImFkbWluOnJlYWQiLCJlbXBsb3llZTp1cGRhdGUiLCJhZG1pbjp1cGRhdGUiLCJlbXBsb3llZTpyZWFkIiwiZW1wbG95ZWU6Y3JlYXRlIiwiUk9MRV9BRE1JTiJdLCJ1c2VybmFtZSI6ImFkbWluIiwic3ViIjoiYWRtaW4iLCJpYXQiOjE2OTY3NDgxNjIsImV4cCI6MTY5Njc4NDE2Mn0.4zGwiRuF2bYyMLVAe8ZO7334XlLZQ1CsCZsB1P_gfXY','BEARER',_binary '',_binary '',19),(713,'eyJhbGciOiJIUzI1NiJ9.eyJyb2xlIjpbImVtcGxveWVlOmRlbGV0ZSIsImFkbWluOmNyZWF0ZSIsImFkbWluOmRlbGV0ZSIsImFkbWluOnJlYWQiLCJlbXBsb3llZTp1cGRhdGUiLCJhZG1pbjp1cGRhdGUiLCJlbXBsb3llZTpyZWFkIiwiZW1wbG95ZWU6Y3JlYXRlIiwiUk9MRV9BRE1JTiJdLCJ1c2VybmFtZSI6ImFkbWluIiwic3ViIjoiYWRtaW4iLCJpYXQiOjE2OTY3NDg0MjEsImV4cCI6MTY5Njc4NDQyMX0.sSxcOgZvhP3GkzTdjF-hcUzH_piimvUtSxUVoM0E5x8','BEARER',_binary '',_binary '',19),(714,'eyJhbGciOiJIUzI1NiJ9.eyJyb2xlIjpbImVtcGxveWVlOmRlbGV0ZSIsImFkbWluOmNyZWF0ZSIsImFkbWluOmRlbGV0ZSIsImFkbWluOnJlYWQiLCJlbXBsb3llZTp1cGRhdGUiLCJhZG1pbjp1cGRhdGUiLCJlbXBsb3llZTpyZWFkIiwiZW1wbG95ZWU6Y3JlYXRlIiwiUk9MRV9BRE1JTiJdLCJ1c2VybmFtZSI6ImFkbWluIiwic3ViIjoiYWRtaW4iLCJpYXQiOjE2OTY3NDg1NTMsImV4cCI6MTY5Njc4NDU1M30.KtzJLUstl4LRvNgkQvETEIh9PeMiqJfv9kMAFmFJ9A0','BEARER',_binary '',_binary '',19),(715,'eyJhbGciOiJIUzI1NiJ9.eyJyb2xlIjpbImVtcGxveWVlOmRlbGV0ZSIsImFkbWluOmNyZWF0ZSIsImFkbWluOmRlbGV0ZSIsImFkbWluOnJlYWQiLCJlbXBsb3llZTp1cGRhdGUiLCJhZG1pbjp1cGRhdGUiLCJlbXBsb3llZTpyZWFkIiwiZW1wbG95ZWU6Y3JlYXRlIiwiUk9MRV9BRE1JTiJdLCJ1c2VybmFtZSI6ImFkbWluIiwic3ViIjoiYWRtaW4iLCJpYXQiOjE2OTY3NDg1NTUsImV4cCI6MTY5Njc4NDU1NX0.pT9RMKt0cnUyVMwKbmr4qcUYYl0Fp09IGM_WZDW0gDQ','BEARER',_binary '',_binary '',19),(716,'eyJhbGciOiJIUzI1NiJ9.eyJyb2xlIjpbImVtcGxveWVlOmRlbGV0ZSIsImFkbWluOmNyZWF0ZSIsImFkbWluOmRlbGV0ZSIsImFkbWluOnJlYWQiLCJlbXBsb3llZTp1cGRhdGUiLCJhZG1pbjp1cGRhdGUiLCJlbXBsb3llZTpyZWFkIiwiZW1wbG95ZWU6Y3JlYXRlIiwiUk9MRV9BRE1JTiJdLCJ1c2VybmFtZSI6ImFkbWluIiwic3ViIjoiYWRtaW4iLCJpYXQiOjE2OTY3NDg1NTUsImV4cCI6MTY5Njc4NDU1NX0.pT9RMKt0cnUyVMwKbmr4qcUYYl0Fp09IGM_WZDW0gDQ','BEARER',_binary '',_binary '',19),(717,'eyJhbGciOiJIUzI1NiJ9.eyJyb2xlIjpbInVzZXI6dXBkYXRlIiwidXNlcjpyZWFkIiwiUk9MRV9VU0VSIl0sInVzZXJuYW1lIjoib2Rha2EiLCJzdWIiOiJvZGFrYSIsImlhdCI6MTY5Njc1MDA1MCwiZXhwIjoxNjk2Nzg2MDUwfQ.__wfGaD0zxA6YO8YjKN6SjJa-g8hQ9OukAKoJ3isf7Y','BEARER',_binary '',_binary '',44),(718,'eyJhbGciOiJIUzI1NiJ9.eyJyb2xlIjpbImFkbWluOmNyZWF0ZSIsImFkbWluOmRlbGV0ZSIsImFkbWluOnVwZGF0ZSIsImVtcGxveWVlOmNyZWF0ZSIsImVtcGxveWVlOnVwZGF0ZSIsImVtcGxveWVlOmRlbGV0ZSIsImFkbWluOnJlYWQiLCJlbXBsb3llZTpyZWFkIiwiUk9MRV9BRE1JTiJdLCJ1c2VybmFtZSI6ImFkbWluIiwic3ViIjoiYWRtaW4iLCJpYXQiOjE2OTcwODM0NzgsImV4cCI6MTY5NzExOTQ3OH0.StH1FX7SmJpAZgEFMbUAAqODNG0q6Ca79K6b9unkZ7M','BEARER',_binary '',_binary '',19),(719,'eyJhbGciOiJIUzI1NiJ9.eyJ1c2VybmFtZSI6ImFkbWluIiwicm9sZSI6WyJhZG1pbjp1cGRhdGUiLCJhZG1pbjpyZWFkIiwiZW1wbG95ZWU6Y3JlYXRlIiwiYWRtaW46ZGVsZXRlIiwiYWRtaW46Y3JlYXRlIiwiZW1wbG95ZWU6ZGVsZXRlIiwiZW1wbG95ZWU6dXBkYXRlIiwiZW1wbG95ZWU6cmVhZCIsIlJPTEVfQURNSU4iXSwic3ViIjoiYWRtaW4iLCJpYXQiOjE2OTcxMjA3MTUsImV4cCI6MTY5NzE1NjcxNX0.1tB2W1vdVIHU3j61LvWbkDdiKAZjRjalsMfAG_0uuNo','BEARER',_binary '',_binary '',19),(720,'eyJhbGciOiJIUzI1NiJ9.eyJyb2xlIjpbInVzZXI6dXBkYXRlIiwidXNlcjpyZWFkIiwiUk9MRV9VU0VSIl0sInVzZXJuYW1lIjoib2Rha2EiLCJzdWIiOiJvZGFrYSIsImlhdCI6MTY5NzI5MDA2OCwiZXhwIjoxNjk3MzI2MDY4fQ.pEqvL9dR_iSXZyG4M1WLOIzqU60iMdVN7vHNpmG4C3o','BEARER',_binary '',_binary '',44),(721,'eyJhbGciOiJIUzI1NiJ9.eyJyb2xlIjpbImFkbWluOnJlYWQiLCJlbXBsb3llZTpjcmVhdGUiLCJhZG1pbjpjcmVhdGUiLCJlbXBsb3llZTpyZWFkIiwiYWRtaW46dXBkYXRlIiwiYWRtaW46ZGVsZXRlIiwiZW1wbG95ZWU6dXBkYXRlIiwiZW1wbG95ZWU6ZGVsZXRlIiwiUk9MRV9BRE1JTiJdLCJ1c2VybmFtZSI6ImFkbWluIiwic3ViIjoiYWRtaW4iLCJpYXQiOjE2OTcyOTIxMzcsImV4cCI6MTY5NzMyODEzN30.LAzypyNd8OkB5KMhxh4su_h2awFESUBB_y1fTo4lhrI','BEARER',_binary '',_binary '',19),(722,'eyJhbGciOiJIUzI1NiJ9.eyJyb2xlIjpbImVtcGxveWVlOmRlbGV0ZSIsImFkbWluOnVwZGF0ZSIsImFkbWluOnJlYWQiLCJlbXBsb3llZTpyZWFkIiwiZW1wbG95ZWU6dXBkYXRlIiwiYWRtaW46ZGVsZXRlIiwiYWRtaW46Y3JlYXRlIiwiZW1wbG95ZWU6Y3JlYXRlIiwiUk9MRV9BRE1JTiJdLCJ1c2VybmFtZSI6ImFkbWluIiwic3ViIjoiYWRtaW4iLCJpYXQiOjE2OTczMzYyNjYsImV4cCI6MTY5NzM3MjI2Nn0.oFKn22IHhzu0jbVw7ZK-XQRrBZHESNl-D9MoQIPS4RE','BEARER',_binary '',_binary '',19),(723,'eyJhbGciOiJIUzI1NiJ9.eyJyb2xlIjpbImVtcGxveWVlOnVwZGF0ZSIsImVtcGxveWVlOnJlYWQiLCJhZG1pbjp1cGRhdGUiLCJlbXBsb3llZTpkZWxldGUiLCJhZG1pbjpyZWFkIiwiZW1wbG95ZWU6Y3JlYXRlIiwiYWRtaW46Y3JlYXRlIiwiYWRtaW46ZGVsZXRlIiwiUk9MRV9BRE1JTiJdLCJ1c2VybmFtZSI6ImFkbWluIiwic3ViIjoiYWRtaW4iLCJpYXQiOjE2OTczMzY2MTksImV4cCI6MTY5NzM3MjYxOX0.yEfZeIMg2gE4ChamFlpDR-qyx0_GHXP4kvB7HIPcSzk','BEARER',_binary '',_binary '',19),(724,'eyJhbGciOiJIUzI1NiJ9.eyJ1c2VybmFtZSI6ImFkbWluIiwicm9sZSI6WyJlbXBsb3llZTpkZWxldGUiLCJlbXBsb3llZTpjcmVhdGUiLCJhZG1pbjpyZWFkIiwiYWRtaW46Y3JlYXRlIiwiYWRtaW46dXBkYXRlIiwiZW1wbG95ZWU6dXBkYXRlIiwiYWRtaW46ZGVsZXRlIiwiZW1wbG95ZWU6cmVhZCIsIlJPTEVfQURNSU4iXSwic3ViIjoiYWRtaW4iLCJpYXQiOjE2OTc5NTQ4MDgsImV4cCI6MTY5Nzk5MDgwOH0.Fw7ju7C6NlRu-ZdJs0r9Tt1Px1XSmdRME24caC2D4CY','BEARER',_binary '',_binary '',19),(725,'eyJhbGciOiJIUzI1NiJ9.eyJyb2xlIjpbInVzZXI6dXBkYXRlIiwidXNlcjpyZWFkIiwiUk9MRV9VU0VSIl0sInVzZXJuYW1lIjoib2Rha2EiLCJzdWIiOiJvZGFrYSIsImlhdCI6MTY5ODA0MzI3MSwiZXhwIjoxNjk4MDc5MjcxfQ.U7YSXxkaRR-AnnXqfIilSkVixduaNGH2ZXpvuGnpnRY','BEARER',_binary '',_binary '',44),(726,'eyJhbGciOiJIUzI1NiJ9.eyJ1c2VybmFtZSI6Im9kYWthIiwicm9sZSI6WyJ1c2VyOnJlYWQiLCJ1c2VyOnVwZGF0ZSIsIlJPTEVfVVNFUiJdLCJzdWIiOiJvZGFrYSIsImlhdCI6MTY5ODI5NDE1NywiZXhwIjoxNjk4MzMwMTU3fQ.dOEMf5oKMCZdsjX1o0tdOOCQk6HPUR2pGingJz3a61w','BEARER',_binary '',_binary '',44),(727,'eyJhbGciOiJIUzI1NiJ9.eyJyb2xlIjpbInVzZXI6dXBkYXRlIiwidXNlcjpyZWFkIiwiUk9MRV9VU0VSIl0sInVzZXJuYW1lIjoib2Rha2EiLCJzdWIiOiJvZGFrYSIsImlhdCI6MTY5ODI5NDMwOCwiZXhwIjoxNjk4MzMwMzA4fQ.7BYXXvYxvB8JFzEKPR0auioUSQPnvE_SACjk4L7Yu7U','BEARER',_binary '',_binary '',44),(728,'eyJhbGciOiJIUzI1NiJ9.eyJyb2xlIjpbInVzZXI6dXBkYXRlIiwidXNlcjpyZWFkIiwiUk9MRV9VU0VSIl0sInVzZXJuYW1lIjoib2Rha2EiLCJzdWIiOiJvZGFrYSIsImlhdCI6MTY5ODI5NDMyMiwiZXhwIjoxNjk4MzMwMzIyfQ.XqgvAWg62uX8T7erlUKxltvOGGHX82fxjtyudSSFmp4','BEARER',_binary '',_binary '',44),(729,'eyJhbGciOiJIUzI1NiJ9.eyJ1c2VybmFtZSI6Im9kYWthIiwicm9sZSI6WyJ1c2VyOnJlYWQiLCJ1c2VyOnVwZGF0ZSIsIlJPTEVfVVNFUiJdLCJzdWIiOiJvZGFrYSIsImlhdCI6MTY5ODI5NDUyMCwiZXhwIjoxNjk4Mjk0NTUwfQ.si3RAwyZRKaRTHjF8kj4Dq1WMMhxZ-6K1p2L2G4hr9Y','BEARER',_binary '',_binary '',44),(730,'eyJhbGciOiJIUzI1NiJ9.eyJ1c2VybmFtZSI6ImFkbWluIiwicm9sZSI6WyJhZG1pbjpyZWFkIiwiZW1wbG95ZWU6dXBkYXRlIiwiYWRtaW46Y3JlYXRlIiwiZW1wbG95ZWU6Y3JlYXRlIiwiYWRtaW46dXBkYXRlIiwiZW1wbG95ZWU6cmVhZCIsImFkbWluOmRlbGV0ZSIsImVtcGxveWVlOmRlbGV0ZSIsIlJPTEVfQURNSU4iXSwic3ViIjoiYWRtaW4iLCJpYXQiOjE2OTgyOTQ3MjgsImV4cCI6MTY5ODI5NDc1OH0.H0UTUs9IeYSA0pa2HQQOPcCRpUaicFq0RF1_NkHWkZU','BEARER',_binary '',_binary '',19),(731,'eyJhbGciOiJIUzI1NiJ9.eyJ1c2VybmFtZSI6ImFkbWluIiwicm9sZSI6WyJhZG1pbjpyZWFkIiwiZW1wbG95ZWU6dXBkYXRlIiwiYWRtaW46Y3JlYXRlIiwiZW1wbG95ZWU6Y3JlYXRlIiwiYWRtaW46dXBkYXRlIiwiZW1wbG95ZWU6cmVhZCIsImFkbWluOmRlbGV0ZSIsImVtcGxveWVlOmRlbGV0ZSIsIlJPTEVfQURNSU4iXSwic3ViIjoiYWRtaW4iLCJpYXQiOjE2OTgyOTQ4NjQsImV4cCI6MTY5ODI5NDg5NH0.dxH9iQfd3_-xSbQqQ-vulyarmyT0yVRIGH8VWzCUNKc','BEARER',_binary '',_binary '',19),(732,'eyJhbGciOiJIUzI1NiJ9.eyJ1c2VybmFtZSI6ImFkbWluIiwicm9sZSI6WyJhZG1pbjpyZWFkIiwiZW1wbG95ZWU6dXBkYXRlIiwiYWRtaW46Y3JlYXRlIiwiZW1wbG95ZWU6Y3JlYXRlIiwiYWRtaW46dXBkYXRlIiwiZW1wbG95ZWU6cmVhZCIsImFkbWluOmRlbGV0ZSIsImVtcGxveWVlOmRlbGV0ZSIsIlJPTEVfQURNSU4iXSwic3ViIjoiYWRtaW4iLCJpYXQiOjE2OTgyOTQ5OTksImV4cCI6MTY5ODI5NTAyOX0.GDTq0CNqzvTCtLxs016Sf1PMMoztdPKDGs0aLCgTURA','BEARER',_binary '',_binary '',19),(733,'eyJhbGciOiJIUzI1NiJ9.eyJ1c2VybmFtZSI6ImFkbWluIiwicm9sZSI6WyJhZG1pbjpyZWFkIiwiZW1wbG95ZWU6dXBkYXRlIiwiYWRtaW46Y3JlYXRlIiwiZW1wbG95ZWU6Y3JlYXRlIiwiYWRtaW46dXBkYXRlIiwiZW1wbG95ZWU6cmVhZCIsImFkbWluOmRlbGV0ZSIsImVtcGxveWVlOmRlbGV0ZSIsIlJPTEVfQURNSU4iXSwic3ViIjoiYWRtaW4iLCJpYXQiOjE2OTgyOTUxMTQsImV4cCI6MTY5ODI5NTE0NH0.Mh46llzmVHQskWRx811JwgLEwzUIVSqbJARwp5BQ04E','BEARER',_binary '',_binary '',19),(734,'eyJhbGciOiJIUzI1NiJ9.eyJyb2xlIjpbImVtcGxveWVlOmNyZWF0ZSIsImVtcGxveWVlOnVwZGF0ZSIsImFkbWluOmRlbGV0ZSIsImFkbWluOmNyZWF0ZSIsImFkbWluOnJlYWQiLCJlbXBsb3llZTpyZWFkIiwiZW1wbG95ZWU6ZGVsZXRlIiwiYWRtaW46dXBkYXRlIiwiUk9MRV9BRE1JTiJdLCJ1c2VybmFtZSI6ImFkbWluIiwic3ViIjoiYWRtaW4iLCJpYXQiOjE2OTgyOTY4NDEsImV4cCI6MTY5ODI5Njg3MX0.Bk9Xt7-RxWD2RxE1tWUMVZW65zHIgloAiu3DoGe1xZA','BEARER',_binary '',_binary '',19),(735,'eyJhbGciOiJIUzI1NiJ9.eyJ1c2VybmFtZSI6Im9kYWthIiwicm9sZSI6WyJ1c2VyOnJlYWQiLCJ1c2VyOnVwZGF0ZSIsIlJPTEVfVVNFUiJdLCJzdWIiOiJvZGFrYSIsImlhdCI6MTY5ODI5NzA5NywiZXhwIjoxNjk4Mjk3MTI3fQ.n9e-gSBVtjfgKDC8R_fY-qI8x2cIU9M4oKEfJNhioNo','BEARER',_binary '',_binary '',44),(736,'eyJhbGciOiJIUzI1NiJ9.eyJ1c2VybmFtZSI6ImFkbWluIiwicm9sZSI6WyJlbXBsb3llZTpkZWxldGUiLCJhZG1pbjpyZWFkIiwiZW1wbG95ZWU6dXBkYXRlIiwiYWRtaW46Y3JlYXRlIiwiZW1wbG95ZWU6Y3JlYXRlIiwiYWRtaW46dXBkYXRlIiwiZW1wbG95ZWU6cmVhZCIsImFkbWluOmRlbGV0ZSIsIlJPTEVfQURNSU4iXSwic3ViIjoiYWRtaW4iLCJpYXQiOjE2OTgyOTc2NTIsImV4cCI6MTY5ODI5NzY4Mn0.DujxfOUU_PkYtBxyw1XHM7ID5Ht12D1D2lR-3njx68w','BEARER',_binary '',_binary '',19),(737,'eyJhbGciOiJIUzI1NiJ9.eyJ1c2VybmFtZSI6ImFkbWluIiwicm9sZSI6WyJlbXBsb3llZTpkZWxldGUiLCJhZG1pbjpyZWFkIiwiZW1wbG95ZWU6dXBkYXRlIiwiYWRtaW46Y3JlYXRlIiwiZW1wbG95ZWU6Y3JlYXRlIiwiYWRtaW46dXBkYXRlIiwiZW1wbG95ZWU6cmVhZCIsImFkbWluOmRlbGV0ZSIsIlJPTEVfQURNSU4iXSwic3ViIjoiYWRtaW4iLCJpYXQiOjE2OTgyOTc3MzIsImV4cCI6MTY5ODI5Nzc2Mn0.dcm_ac-z8GWkFkVUHDZ2nsJHRhqQ--4ASvfmOfVyldU','BEARER',_binary '',_binary '',19),(738,'eyJhbGciOiJIUzI1NiJ9.eyJ1c2VybmFtZSI6ImFkbWluIiwicm9sZSI6WyJlbXBsb3llZTpkZWxldGUiLCJhZG1pbjpyZWFkIiwiZW1wbG95ZWU6dXBkYXRlIiwiYWRtaW46Y3JlYXRlIiwiZW1wbG95ZWU6Y3JlYXRlIiwiYWRtaW46dXBkYXRlIiwiZW1wbG95ZWU6cmVhZCIsImFkbWluOmRlbGV0ZSIsIlJPTEVfQURNSU4iXSwic3ViIjoiYWRtaW4iLCJpYXQiOjE2OTgyOTc4MzMsImV4cCI6MTY5ODI5Nzg2M30.kkjYofPu1uLiOu7SqmQsMUhzyULiguGepOmOW2UQLiQ','BEARER',_binary '',_binary '',19),(739,'eyJhbGciOiJIUzI1NiJ9.eyJ1c2VybmFtZSI6ImFkbWluIiwicm9sZSI6WyJlbXBsb3llZTpkZWxldGUiLCJlbXBsb3llZTpyZWFkIiwiYWRtaW46dXBkYXRlIiwiZW1wbG95ZWU6dXBkYXRlIiwiYWRtaW46Y3JlYXRlIiwiYWRtaW46cmVhZCIsImVtcGxveWVlOmNyZWF0ZSIsImFkbWluOmRlbGV0ZSIsIlJPTEVfQURNSU4iXSwic3ViIjoiYWRtaW4iLCJpYXQiOjE2OTgyOTg5NjEsImV4cCI6MTY5ODI5ODk5MX0.69q_rezGIfti0ij22_iR1XlVNT7xxKu9fsOhzfN9xkk','BEARER',_binary '',_binary '',19),(740,'eyJhbGciOiJIUzI1NiJ9.eyJ1c2VybmFtZSI6ImFkbWluIiwicm9sZSI6WyJlbXBsb3llZTpjcmVhdGUiLCJlbXBsb3llZTpyZWFkIiwiYWRtaW46cmVhZCIsImVtcGxveWVlOmRlbGV0ZSIsImVtcGxveWVlOnVwZGF0ZSIsImFkbWluOnVwZGF0ZSIsImFkbWluOmNyZWF0ZSIsImFkbWluOmRlbGV0ZSIsIlJPTEVfQURNSU4iXSwic3ViIjoiYWRtaW4iLCJpYXQiOjE2OTgyOTk2MDYsImV4cCI6MTY5ODI5OTYzNn0.WcUWbDDykHqXuBYrpPIWG5HECFq7FQqPSCaDasXEQoU','BEARER',_binary '',_binary '',19),(741,'eyJhbGciOiJIUzI1NiJ9.eyJyb2xlIjpbImFkbWluOnVwZGF0ZSIsImVtcGxveWVlOnJlYWQiLCJhZG1pbjpyZWFkIiwiZW1wbG95ZWU6dXBkYXRlIiwiYWRtaW46Y3JlYXRlIiwiZW1wbG95ZWU6ZGVsZXRlIiwiZW1wbG95ZWU6Y3JlYXRlIiwiYWRtaW46ZGVsZXRlIiwiUk9MRV9BRE1JTiJdLCJ1c2VybmFtZSI6ImFkbWluIiwic3ViIjoiYWRtaW4iLCJpYXQiOjE2OTgyOTk5MTksImV4cCI6MTY5ODI5OTk0OX0.n_WSyUKNho_3V4OTwgZzyycvOVy2zK-7QejbZHnMf1M','BEARER',_binary '',_binary '',19),(742,'eyJhbGciOiJIUzI1NiJ9.eyJyb2xlIjpbImFkbWluOnVwZGF0ZSIsImVtcGxveWVlOnJlYWQiLCJhZG1pbjpyZWFkIiwiZW1wbG95ZWU6dXBkYXRlIiwiYWRtaW46Y3JlYXRlIiwiZW1wbG95ZWU6ZGVsZXRlIiwiZW1wbG95ZWU6Y3JlYXRlIiwiYWRtaW46ZGVsZXRlIiwiUk9MRV9BRE1JTiJdLCJ1c2VybmFtZSI6ImFkbWluIiwic3ViIjoiYWRtaW4iLCJpYXQiOjE2OTgzMDY4MjAsImV4cCI6MTY5ODMwNjg1MH0.xffUKsJcuAkoBRNst8dML1ad9Sl0mwrC2_hrxFSCEx4','BEARER',_binary '',_binary '',19),(743,'eyJhbGciOiJIUzI1NiJ9.eyJyb2xlIjpbImFkbWluOnVwZGF0ZSIsImVtcGxveWVlOnJlYWQiLCJhZG1pbjpyZWFkIiwiZW1wbG95ZWU6dXBkYXRlIiwiYWRtaW46Y3JlYXRlIiwiZW1wbG95ZWU6ZGVsZXRlIiwiZW1wbG95ZWU6Y3JlYXRlIiwiYWRtaW46ZGVsZXRlIiwiUk9MRV9BRE1JTiJdLCJ1c2VybmFtZSI6ImFkbWluIiwic3ViIjoiYWRtaW4iLCJpYXQiOjE2OTgzMDY4ODcsImV4cCI6MTY5ODMwNjkxN30.bJU8vmkaGIQ1SYbloupIQLo088N-cixs_gzi1fqFaFM','BEARER',_binary '',_binary '',19),(744,'eyJhbGciOiJIUzI1NiJ9.eyJyb2xlIjpbImFkbWluOnVwZGF0ZSIsImVtcGxveWVlOnJlYWQiLCJhZG1pbjpyZWFkIiwiZW1wbG95ZWU6dXBkYXRlIiwiYWRtaW46Y3JlYXRlIiwiZW1wbG95ZWU6ZGVsZXRlIiwiZW1wbG95ZWU6Y3JlYXRlIiwiYWRtaW46ZGVsZXRlIiwiUk9MRV9BRE1JTiJdLCJ1c2VybmFtZSI6ImFkbWluIiwic3ViIjoiYWRtaW4iLCJpYXQiOjE2OTgzMDY5MjQsImV4cCI6MTY5ODMwNjk1NH0.cR0WhQqZdg4GBLl8ciP3XL7pWjtkpCJeWjhEhIjdTSI','BEARER',_binary '',_binary '',19),(745,'eyJhbGciOiJIUzI1NiJ9.eyJyb2xlIjpbImFkbWluOnVwZGF0ZSIsImVtcGxveWVlOnJlYWQiLCJhZG1pbjpyZWFkIiwiZW1wbG95ZWU6dXBkYXRlIiwiYWRtaW46Y3JlYXRlIiwiZW1wbG95ZWU6ZGVsZXRlIiwiZW1wbG95ZWU6Y3JlYXRlIiwiYWRtaW46ZGVsZXRlIiwiUk9MRV9BRE1JTiJdLCJ1c2VybmFtZSI6ImFkbWluIiwic3ViIjoiYWRtaW4iLCJpYXQiOjE2OTgzMDY5NzMsImV4cCI6MTY5ODMwNzAwM30.RYlfVhUOW5Ju7JMEy-apAhFvTwdFjcMeriDHzBqbxks','BEARER',_binary '',_binary '',19),(746,'eyJhbGciOiJIUzI1NiJ9.eyJyb2xlIjpbImFkbWluOnVwZGF0ZSIsImVtcGxveWVlOnJlYWQiLCJhZG1pbjpyZWFkIiwiZW1wbG95ZWU6dXBkYXRlIiwiYWRtaW46Y3JlYXRlIiwiZW1wbG95ZWU6ZGVsZXRlIiwiZW1wbG95ZWU6Y3JlYXRlIiwiYWRtaW46ZGVsZXRlIiwiUk9MRV9BRE1JTiJdLCJ1c2VybmFtZSI6ImFkbWluIiwic3ViIjoiYWRtaW4iLCJpYXQiOjE2OTgzMTI0NTksImV4cCI6MTY5ODMxMjQ4OX0.chE8ELDWWtjAWv-rqQKIlU0cVZnUpnRoiFyvx7b85Pk','BEARER',_binary '',_binary '',19),(747,'eyJhbGciOiJIUzI1NiJ9.eyJ1c2VybmFtZSI6ImFkbWluIiwicm9sZSI6WyJhZG1pbjpjcmVhdGUiLCJlbXBsb3llZTp1cGRhdGUiLCJhZG1pbjp1cGRhdGUiLCJlbXBsb3llZTpyZWFkIiwiZW1wbG95ZWU6ZGVsZXRlIiwiYWRtaW46ZGVsZXRlIiwiZW1wbG95ZWU6Y3JlYXRlIiwiYWRtaW46cmVhZCIsIlJPTEVfQURNSU4iXSwic3ViIjoiYWRtaW4iLCJpYXQiOjE2OTgzMjgwODUsImV4cCI6MTY5ODMyODExNX0.reXDMIyqkoqiUp-nzxqgGTPtjABcLC5dBbA8z9xqsKY','BEARER',_binary '',_binary '',19),(748,'eyJhbGciOiJIUzI1NiJ9.eyJ1c2VybmFtZSI6ImFkbWluIiwicm9sZSI6WyJhZG1pbjpjcmVhdGUiLCJlbXBsb3llZTp1cGRhdGUiLCJhZG1pbjp1cGRhdGUiLCJlbXBsb3llZTpyZWFkIiwiZW1wbG95ZWU6ZGVsZXRlIiwiYWRtaW46ZGVsZXRlIiwiZW1wbG95ZWU6Y3JlYXRlIiwiYWRtaW46cmVhZCIsIlJPTEVfQURNSU4iXSwic3ViIjoiYWRtaW4iLCJpYXQiOjE2OTgzMjgyMTYsImV4cCI6MTY5ODMyODI0Nn0.pQjPn1k3SnEMkWsYYiCQZMkHPg-n5714bmgpaboNnoo','BEARER',_binary '',_binary '',19),(749,'eyJhbGciOiJIUzI1NiJ9.eyJ1c2VybmFtZSI6ImFkbWluIiwicm9sZSI6WyJhZG1pbjpjcmVhdGUiLCJlbXBsb3llZTp1cGRhdGUiLCJhZG1pbjp1cGRhdGUiLCJlbXBsb3llZTpyZWFkIiwiZW1wbG95ZWU6ZGVsZXRlIiwiYWRtaW46ZGVsZXRlIiwiZW1wbG95ZWU6Y3JlYXRlIiwiYWRtaW46cmVhZCIsIlJPTEVfQURNSU4iXSwic3ViIjoiYWRtaW4iLCJpYXQiOjE2OTgzMjgzMjUsImV4cCI6MTY5ODMyODM1NX0.31xtgXPEJ8cgmo1uRjJbDyYDAJwPsokx-3KPI8eX778','BEARER',_binary '',_binary '',19),(750,'eyJhbGciOiJIUzI1NiJ9.eyJ1c2VybmFtZSI6ImFkbWluIiwicm9sZSI6WyJhZG1pbjpjcmVhdGUiLCJlbXBsb3llZTp1cGRhdGUiLCJhZG1pbjp1cGRhdGUiLCJlbXBsb3llZTpyZWFkIiwiZW1wbG95ZWU6ZGVsZXRlIiwiYWRtaW46ZGVsZXRlIiwiZW1wbG95ZWU6Y3JlYXRlIiwiYWRtaW46cmVhZCIsIlJPTEVfQURNSU4iXSwic3ViIjoiYWRtaW4iLCJpYXQiOjE2OTgzMjgzNjEsImV4cCI6MTY5ODMyODM5MX0.pyQhWEguRR76HATjymRwsa223oFNAiOfF4DM9gBtdFQ','BEARER',_binary '',_binary '',19),(751,'eyJhbGciOiJIUzI1NiJ9.eyJ1c2VybmFtZSI6ImFkbWluIiwicm9sZSI6WyJhZG1pbjpjcmVhdGUiLCJlbXBsb3llZTp1cGRhdGUiLCJhZG1pbjp1cGRhdGUiLCJlbXBsb3llZTpyZWFkIiwiZW1wbG95ZWU6ZGVsZXRlIiwiYWRtaW46ZGVsZXRlIiwiZW1wbG95ZWU6Y3JlYXRlIiwiYWRtaW46cmVhZCIsIlJPTEVfQURNSU4iXSwic3ViIjoiYWRtaW4iLCJpYXQiOjE2OTgzMjg1OTEsImV4cCI6MTY5ODMyODYyMX0.81ibaenQaz-tyhwiYP5Y888NTWATLj5UiodnI81szwU','BEARER',_binary '',_binary '',19),(752,'eyJhbGciOiJIUzI1NiJ9.eyJ1c2VybmFtZSI6ImFkbWluIiwicm9sZSI6WyJhZG1pbjpjcmVhdGUiLCJlbXBsb3llZTp1cGRhdGUiLCJhZG1pbjp1cGRhdGUiLCJlbXBsb3llZTpyZWFkIiwiZW1wbG95ZWU6ZGVsZXRlIiwiYWRtaW46ZGVsZXRlIiwiZW1wbG95ZWU6Y3JlYXRlIiwiYWRtaW46cmVhZCIsIlJPTEVfQURNSU4iXSwic3ViIjoiYWRtaW4iLCJpYXQiOjE2OTgzMjg2NjIsImV4cCI6MTY5ODMyODY5Mn0.pfgQcWSI7wJJhCKxq2tXHuboGyKXKJo-vLzbs-4RdX4','BEARER',_binary '',_binary '',19),(753,'eyJhbGciOiJIUzI1NiJ9.eyJ1c2VybmFtZSI6ImFkbWluIiwicm9sZSI6WyJhZG1pbjpjcmVhdGUiLCJlbXBsb3llZTp1cGRhdGUiLCJhZG1pbjp1cGRhdGUiLCJlbXBsb3llZTpyZWFkIiwiZW1wbG95ZWU6ZGVsZXRlIiwiYWRtaW46ZGVsZXRlIiwiZW1wbG95ZWU6Y3JlYXRlIiwiYWRtaW46cmVhZCIsIlJPTEVfQURNSU4iXSwic3ViIjoiYWRtaW4iLCJpYXQiOjE2OTgzMjg3MjQsImV4cCI6MTY5ODMyODc1NH0.KzeCORVnoa5soVs8VOXlNhA0pGanrt7S1Vda9xYvOHU','BEARER',_binary '',_binary '',19),(754,'eyJhbGciOiJIUzI1NiJ9.eyJyb2xlIjpbImVtcGxveWVlOnVwZGF0ZSIsImFkbWluOmNyZWF0ZSIsImVtcGxveWVlOnJlYWQiLCJhZG1pbjp1cGRhdGUiLCJlbXBsb3llZTpkZWxldGUiLCJhZG1pbjpyZWFkIiwiZW1wbG95ZWU6Y3JlYXRlIiwiYWRtaW46ZGVsZXRlIiwiUk9MRV9BRE1JTiJdLCJ1c2VybmFtZSI6ImFkbWluIiwic3ViIjoiYWRtaW4iLCJpYXQiOjE2OTgzNzMzNjAsImV4cCI6MTY5ODM3MzM5MH0.AtBnxfwVLTA3waP7vw91Uz_svq3g1zepPYUyfQIFSDU','BEARER',_binary '',_binary '',19),(755,'eyJhbGciOiJIUzI1NiJ9.eyJyb2xlIjpbImVtcGxveWVlOnVwZGF0ZSIsImFkbWluOmNyZWF0ZSIsImVtcGxveWVlOnJlYWQiLCJhZG1pbjp1cGRhdGUiLCJlbXBsb3llZTpkZWxldGUiLCJhZG1pbjpyZWFkIiwiZW1wbG95ZWU6Y3JlYXRlIiwiYWRtaW46ZGVsZXRlIiwiUk9MRV9BRE1JTiJdLCJ1c2VybmFtZSI6ImFkbWluIiwic3ViIjoiYWRtaW4iLCJpYXQiOjE2OTgzNzQxNjQsImV4cCI6MTY5ODM3NDE5NH0.FPH17tmg-7XGdyl9R_sTGJNKi_FZ9nRmdERamHc0RxE','BEARER',_binary '',_binary '',19),(756,'eyJhbGciOiJIUzI1NiJ9.eyJyb2xlIjpbImVtcGxveWVlOnVwZGF0ZSIsImFkbWluOmNyZWF0ZSIsImVtcGxveWVlOnJlYWQiLCJhZG1pbjp1cGRhdGUiLCJlbXBsb3llZTpkZWxldGUiLCJhZG1pbjpyZWFkIiwiZW1wbG95ZWU6Y3JlYXRlIiwiYWRtaW46ZGVsZXRlIiwiUk9MRV9BRE1JTiJdLCJ1c2VybmFtZSI6ImFkbWluIiwic3ViIjoiYWRtaW4iLCJpYXQiOjE2OTgzNzQyNDgsImV4cCI6MTY5ODM3NDI3OH0.NDFWM_DyRY64QEEtmHls9THjfpy2wPgqgsRhRPrCW0M','BEARER',_binary '',_binary '',19),(757,'eyJhbGciOiJIUzI1NiJ9.eyJyb2xlIjpbImVtcGxveWVlOnVwZGF0ZSIsImFkbWluOmNyZWF0ZSIsImVtcGxveWVlOnJlYWQiLCJhZG1pbjp1cGRhdGUiLCJlbXBsb3llZTpkZWxldGUiLCJhZG1pbjpyZWFkIiwiZW1wbG95ZWU6Y3JlYXRlIiwiYWRtaW46ZGVsZXRlIiwiUk9MRV9BRE1JTiJdLCJ1c2VybmFtZSI6ImFkbWluIiwic3ViIjoiYWRtaW4iLCJpYXQiOjE2OTgzNzQ0MDQsImV4cCI6MTY5ODM3NDQzNH0.WSwio98EZf2mEl58X-oZr6hAsbJT_NJaqren3QY3LwE','BEARER',_binary '',_binary '',19),(758,'eyJhbGciOiJIUzI1NiJ9.eyJ1c2VybmFtZSI6ImFkbWluIiwicm9sZSI6WyJhZG1pbjpkZWxldGUiLCJlbXBsb3llZTpjcmVhdGUiLCJlbXBsb3llZTpkZWxldGUiLCJlbXBsb3llZTp1cGRhdGUiLCJlbXBsb3llZTpyZWFkIiwiYWRtaW46dXBkYXRlIiwiYWRtaW46cmVhZCIsImFkbWluOmNyZWF0ZSIsIlJPTEVfQURNSU4iXSwic3ViIjoiYWRtaW4iLCJpYXQiOjE2OTg0NjYxMzUsImV4cCI6MTY5ODQ2NjE2NX0.i6FXPCEO6pApDE-t61JbnKKcB1p5Pn6RP2ZCF7bKvyA','BEARER',_binary '',_binary '',19),(759,'eyJhbGciOiJIUzI1NiJ9.eyJ1c2VybmFtZSI6ImFkbWluIiwicm9sZSI6WyJhZG1pbjpkZWxldGUiLCJlbXBsb3llZTpjcmVhdGUiLCJlbXBsb3llZTpkZWxldGUiLCJlbXBsb3llZTp1cGRhdGUiLCJlbXBsb3llZTpyZWFkIiwiYWRtaW46dXBkYXRlIiwiYWRtaW46cmVhZCIsImFkbWluOmNyZWF0ZSIsIlJPTEVfQURNSU4iXSwic3ViIjoiYWRtaW4iLCJpYXQiOjE2OTg0NjY0MDAsImV4cCI6MTY5ODQ2NjQzMH0.uwumMy9HJjSBMAf50hanW153ORcdnzez4KFSxVw2UHY','BEARER',_binary '',_binary '',19),(760,'eyJhbGciOiJIUzI1NiJ9.eyJ1c2VybmFtZSI6ImFkbWluIiwicm9sZSI6WyJlbXBsb3llZTpyZWFkIiwiYWRtaW46Y3JlYXRlIiwiZW1wbG95ZWU6Y3JlYXRlIiwiYWRtaW46cmVhZCIsImVtcGxveWVlOmRlbGV0ZSIsImFkbWluOnVwZGF0ZSIsImFkbWluOmRlbGV0ZSIsImVtcGxveWVlOnVwZGF0ZSIsIlJPTEVfQURNSU4iXSwic3ViIjoiYWRtaW4iLCJpYXQiOjE2OTg0NjgyNjIsImV4cCI6MTY5ODQ2ODI5Mn0.S_NcAz2isYOftcQc5hkCWRSdcgxcwXKWq4o2llYY2Gk','BEARER',_binary '',_binary '',19),(761,'eyJhbGciOiJIUzI1NiJ9.eyJ1c2VybmFtZSI6ImFkbWluIiwicm9sZSI6WyJlbXBsb3llZTpyZWFkIiwiYWRtaW46Y3JlYXRlIiwiZW1wbG95ZWU6Y3JlYXRlIiwiYWRtaW46cmVhZCIsImVtcGxveWVlOmRlbGV0ZSIsImFkbWluOnVwZGF0ZSIsImFkbWluOmRlbGV0ZSIsImVtcGxveWVlOnVwZGF0ZSIsIlJPTEVfQURNSU4iXSwic3ViIjoiYWRtaW4iLCJpYXQiOjE2OTg0Njg0MDksImV4cCI6MTY5ODQ2ODQzOX0.E8tWcJ_d2IYi6YkB8k4jqIjCP01MuSewLvtl9m0u-Gc','BEARER',_binary '',_binary '',19),(762,'eyJhbGciOiJIUzI1NiJ9.eyJ1c2VybmFtZSI6ImFkbWluIiwicm9sZSI6WyJlbXBsb3llZTpyZWFkIiwiYWRtaW46Y3JlYXRlIiwiZW1wbG95ZWU6Y3JlYXRlIiwiYWRtaW46cmVhZCIsImVtcGxveWVlOmRlbGV0ZSIsImFkbWluOnVwZGF0ZSIsImFkbWluOmRlbGV0ZSIsImVtcGxveWVlOnVwZGF0ZSIsIlJPTEVfQURNSU4iXSwic3ViIjoiYWRtaW4iLCJpYXQiOjE2OTg0Njg0NTQsImV4cCI6MTY5ODQ2ODQ4NH0.5V1nvqqNLzUt2-Qa70DLFfqihJ6YWIYDuNwEAR6jAJU','BEARER',_binary '',_binary '',19),(763,'eyJhbGciOiJIUzI1NiJ9.eyJ1c2VybmFtZSI6ImFkbWluIiwicm9sZSI6WyJlbXBsb3llZTpyZWFkIiwiYWRtaW46Y3JlYXRlIiwiZW1wbG95ZWU6Y3JlYXRlIiwiYWRtaW46cmVhZCIsImVtcGxveWVlOmRlbGV0ZSIsImFkbWluOnVwZGF0ZSIsImFkbWluOmRlbGV0ZSIsImVtcGxveWVlOnVwZGF0ZSIsIlJPTEVfQURNSU4iXSwic3ViIjoiYWRtaW4iLCJpYXQiOjE2OTg0Njg1MDQsImV4cCI6MTY5ODQ2ODUzNH0.FpXUTA8GzD9GqwNOPyGL6S1UBz7nE2Mo9vrMvuixtBQ','BEARER',_binary '',_binary '',19),(764,'eyJhbGciOiJIUzI1NiJ9.eyJ1c2VybmFtZSI6ImFkbWluIiwicm9sZSI6WyJlbXBsb3llZTpyZWFkIiwiYWRtaW46Y3JlYXRlIiwiZW1wbG95ZWU6Y3JlYXRlIiwiYWRtaW46cmVhZCIsImVtcGxveWVlOmRlbGV0ZSIsImFkbWluOnVwZGF0ZSIsImFkbWluOmRlbGV0ZSIsImVtcGxveWVlOnVwZGF0ZSIsIlJPTEVfQURNSU4iXSwic3ViIjoiYWRtaW4iLCJpYXQiOjE2OTg0Njg2MTcsImV4cCI6MTY5ODQ2ODY0N30.LwAureFfc46HanFPf8rFqhNjpvq4SHyMXorBb0ezBNM','BEARER',_binary '',_binary '',19),(765,'eyJhbGciOiJIUzI1NiJ9.eyJ1c2VybmFtZSI6ImFkbWluIiwicm9sZSI6WyJlbXBsb3llZTpyZWFkIiwiYWRtaW46Y3JlYXRlIiwiZW1wbG95ZWU6Y3JlYXRlIiwiYWRtaW46cmVhZCIsImVtcGxveWVlOmRlbGV0ZSIsImFkbWluOnVwZGF0ZSIsImFkbWluOmRlbGV0ZSIsImVtcGxveWVlOnVwZGF0ZSIsIlJPTEVfQURNSU4iXSwic3ViIjoiYWRtaW4iLCJpYXQiOjE2OTg0Njg2ODgsImV4cCI6MTY5ODQ2ODcxOH0.w07h_UsiJe-bsm6D2qkwduntQUPPz-x70qfWeE5ni_0','BEARER',_binary '',_binary '',19),(766,'eyJhbGciOiJIUzI1NiJ9.eyJ1c2VybmFtZSI6ImFkbWluIiwicm9sZSI6WyJlbXBsb3llZTpyZWFkIiwiYWRtaW46Y3JlYXRlIiwiZW1wbG95ZWU6Y3JlYXRlIiwiYWRtaW46cmVhZCIsImVtcGxveWVlOmRlbGV0ZSIsImFkbWluOnVwZGF0ZSIsImFkbWluOmRlbGV0ZSIsImVtcGxveWVlOnVwZGF0ZSIsIlJPTEVfQURNSU4iXSwic3ViIjoiYWRtaW4iLCJpYXQiOjE2OTg0Njg3MzAsImV4cCI6MTY5ODQ2ODc2MH0.EY2NzUMhYzsIaWR6o6Do2UfY1zwVEB4gtJ7E19BSYgk','BEARER',_binary '',_binary '',19),(767,'eyJhbGciOiJIUzI1NiJ9.eyJ1c2VybmFtZSI6ImFkbWluIiwicm9sZSI6WyJlbXBsb3llZTpyZWFkIiwiYWRtaW46Y3JlYXRlIiwiZW1wbG95ZWU6Y3JlYXRlIiwiYWRtaW46cmVhZCIsImVtcGxveWVlOmRlbGV0ZSIsImFkbWluOnVwZGF0ZSIsImFkbWluOmRlbGV0ZSIsImVtcGxveWVlOnVwZGF0ZSIsIlJPTEVfQURNSU4iXSwic3ViIjoiYWRtaW4iLCJpYXQiOjE2OTg0NjkyNTksImV4cCI6MTY5ODQ2OTI4OX0.NpaKIQz2w6zLcfwHy-i_kn-Kr_hB15l9TCa1WsT-rXw','BEARER',_binary '',_binary '',19),(768,'eyJhbGciOiJIUzI1NiJ9.eyJ1c2VybmFtZSI6ImFkbWluIiwicm9sZSI6WyJlbXBsb3llZTpyZWFkIiwiYWRtaW46Y3JlYXRlIiwiZW1wbG95ZWU6Y3JlYXRlIiwiYWRtaW46cmVhZCIsImVtcGxveWVlOmRlbGV0ZSIsImFkbWluOnVwZGF0ZSIsImFkbWluOmRlbGV0ZSIsImVtcGxveWVlOnVwZGF0ZSIsIlJPTEVfQURNSU4iXSwic3ViIjoiYWRtaW4iLCJpYXQiOjE2OTg0NjkzMjUsImV4cCI6MTY5ODQ2OTM1NX0.QF9lAkVNcX5IiuiHrf-kyFWMoTZqNeLGV5ZIAmGf_xI','BEARER',_binary '',_binary '',19),(769,'eyJhbGciOiJIUzI1NiJ9.eyJ1c2VybmFtZSI6ImFkbWluIiwicm9sZSI6WyJlbXBsb3llZTpyZWFkIiwiYWRtaW46Y3JlYXRlIiwiZW1wbG95ZWU6Y3JlYXRlIiwiYWRtaW46cmVhZCIsImVtcGxveWVlOmRlbGV0ZSIsImFkbWluOnVwZGF0ZSIsImFkbWluOmRlbGV0ZSIsImVtcGxveWVlOnVwZGF0ZSIsIlJPTEVfQURNSU4iXSwic3ViIjoiYWRtaW4iLCJpYXQiOjE2OTg0NjkzNjEsImV4cCI6MTY5ODQ2OTM5MX0.HyP6dwhVNfqO5k6vBWh9TXkzISDbMMJInAeYkb9-gag','BEARER',_binary '',_binary '',19),(770,'eyJhbGciOiJIUzI1NiJ9.eyJ1c2VybmFtZSI6ImFkbWluIiwicm9sZSI6WyJlbXBsb3llZTpyZWFkIiwiYWRtaW46Y3JlYXRlIiwiZW1wbG95ZWU6Y3JlYXRlIiwiYWRtaW46cmVhZCIsImVtcGxveWVlOmRlbGV0ZSIsImFkbWluOnVwZGF0ZSIsImFkbWluOmRlbGV0ZSIsImVtcGxveWVlOnVwZGF0ZSIsIlJPTEVfQURNSU4iXSwic3ViIjoiYWRtaW4iLCJpYXQiOjE2OTg0NjkzNzgsImV4cCI6MTY5ODQ2OTQwOH0.TB4tgREE280QnxL55RQLoOIY-10JFcTtd0zdnyvidjs','BEARER',_binary '',_binary '',19),(771,'eyJhbGciOiJIUzI1NiJ9.eyJ1c2VybmFtZSI6ImFkbWluIiwicm9sZSI6WyJlbXBsb3llZTpyZWFkIiwiYWRtaW46Y3JlYXRlIiwiZW1wbG95ZWU6Y3JlYXRlIiwiYWRtaW46cmVhZCIsImVtcGxveWVlOmRlbGV0ZSIsImFkbWluOnVwZGF0ZSIsImFkbWluOmRlbGV0ZSIsImVtcGxveWVlOnVwZGF0ZSIsIlJPTEVfQURNSU4iXSwic3ViIjoiYWRtaW4iLCJpYXQiOjE2OTg0Njk0MTUsImV4cCI6MTY5ODQ2OTQ0NX0.QByO8D-Zarckub6qFI_AZZ2DdAUyZbPfBxDWNgrpal4','BEARER',_binary '',_binary '',19),(772,'eyJhbGciOiJIUzI1NiJ9.eyJ1c2VybmFtZSI6ImFkbWluIiwicm9sZSI6WyJlbXBsb3llZTpyZWFkIiwiYWRtaW46Y3JlYXRlIiwiZW1wbG95ZWU6Y3JlYXRlIiwiYWRtaW46cmVhZCIsImVtcGxveWVlOmRlbGV0ZSIsImFkbWluOnVwZGF0ZSIsImFkbWluOmRlbGV0ZSIsImVtcGxveWVlOnVwZGF0ZSIsIlJPTEVfQURNSU4iXSwic3ViIjoiYWRtaW4iLCJpYXQiOjE2OTg0Njk1MTYsImV4cCI6MTY5ODQ2OTU0Nn0.H3yvf66GQLHpx1T7Qg5KQ1tcGlFjpfn-4rIuf62jkgk','BEARER',_binary '',_binary '',19),(773,'eyJhbGciOiJIUzI1NiJ9.eyJ1c2VybmFtZSI6ImFkbWluIiwicm9sZSI6WyJlbXBsb3llZTpyZWFkIiwiYWRtaW46Y3JlYXRlIiwiZW1wbG95ZWU6Y3JlYXRlIiwiYWRtaW46cmVhZCIsImVtcGxveWVlOmRlbGV0ZSIsImFkbWluOnVwZGF0ZSIsImFkbWluOmRlbGV0ZSIsImVtcGxveWVlOnVwZGF0ZSIsIlJPTEVfQURNSU4iXSwic3ViIjoiYWRtaW4iLCJpYXQiOjE2OTg0Njk1NTMsImV4cCI6MTY5ODQ2OTU4M30.b_eLTY7RFSf4Nrfu2oYCVaLdD8McHjmoUMwa_0ipnJk','BEARER',_binary '',_binary '',19),(774,'eyJhbGciOiJIUzI1NiJ9.eyJ1c2VybmFtZSI6ImFkbWluIiwicm9sZSI6WyJlbXBsb3llZTpyZWFkIiwiYWRtaW46Y3JlYXRlIiwiZW1wbG95ZWU6Y3JlYXRlIiwiYWRtaW46cmVhZCIsImVtcGxveWVlOmRlbGV0ZSIsImFkbWluOnVwZGF0ZSIsImFkbWluOmRlbGV0ZSIsImVtcGxveWVlOnVwZGF0ZSIsIlJPTEVfQURNSU4iXSwic3ViIjoiYWRtaW4iLCJpYXQiOjE2OTg0NzA0MTMsImV4cCI6MTY5ODQ3MDQ0M30.ZnM94GwdYN3YscHxHVdzg5xY9RuPHzvFaQMZPEf5IFk','BEARER',_binary '',_binary '',19),(775,'eyJhbGciOiJIUzI1NiJ9.eyJ1c2VybmFtZSI6ImFkbWluIiwicm9sZSI6WyJlbXBsb3llZTpyZWFkIiwiYWRtaW46Y3JlYXRlIiwiZW1wbG95ZWU6Y3JlYXRlIiwiYWRtaW46cmVhZCIsImVtcGxveWVlOmRlbGV0ZSIsImFkbWluOnVwZGF0ZSIsImFkbWluOmRlbGV0ZSIsImVtcGxveWVlOnVwZGF0ZSIsIlJPTEVfQURNSU4iXSwic3ViIjoiYWRtaW4iLCJpYXQiOjE2OTg0NzA0MjEsImV4cCI6MTY5ODQ3MDQ1MX0.rSM_R2jIKjNZPRafM37Rnn6Y5vEavbMDMsN2UVEqwBI','BEARER',_binary '',_binary '',19),(776,'eyJhbGciOiJIUzI1NiJ9.eyJ1c2VybmFtZSI6ImFkbWluIiwicm9sZSI6WyJlbXBsb3llZTpyZWFkIiwiYWRtaW46Y3JlYXRlIiwiZW1wbG95ZWU6Y3JlYXRlIiwiYWRtaW46cmVhZCIsImVtcGxveWVlOmRlbGV0ZSIsImFkbWluOnVwZGF0ZSIsImFkbWluOmRlbGV0ZSIsImVtcGxveWVlOnVwZGF0ZSIsIlJPTEVfQURNSU4iXSwic3ViIjoiYWRtaW4iLCJpYXQiOjE2OTg0NzA0NTQsImV4cCI6MTY5ODQ3MDQ4NH0.UgpslvnUP7pk98oEqlMRuxkNkrR4GStPEzOFicB17z8','BEARER',_binary '',_binary '',19),(777,'eyJhbGciOiJIUzI1NiJ9.eyJ1c2VybmFtZSI6ImFkbWluIiwicm9sZSI6WyJlbXBsb3llZTpyZWFkIiwiYWRtaW46Y3JlYXRlIiwiZW1wbG95ZWU6Y3JlYXRlIiwiYWRtaW46cmVhZCIsImVtcGxveWVlOmRlbGV0ZSIsImFkbWluOnVwZGF0ZSIsImFkbWluOmRlbGV0ZSIsImVtcGxveWVlOnVwZGF0ZSIsIlJPTEVfQURNSU4iXSwic3ViIjoiYWRtaW4iLCJpYXQiOjE2OTg0NzMyNTUsImV4cCI6MTY5ODQ3MzI4NX0.i3Mdw9qnubeQ02zGMYi47gHFp1tzNbdHbdOGv8m8rU0','BEARER',_binary '',_binary '',19),(778,'eyJhbGciOiJIUzI1NiJ9.eyJ1c2VybmFtZSI6ImFkbWluIiwicm9sZSI6WyJlbXBsb3llZTpyZWFkIiwiYWRtaW46Y3JlYXRlIiwiZW1wbG95ZWU6Y3JlYXRlIiwiYWRtaW46cmVhZCIsImVtcGxveWVlOmRlbGV0ZSIsImFkbWluOnVwZGF0ZSIsImFkbWluOmRlbGV0ZSIsImVtcGxveWVlOnVwZGF0ZSIsIlJPTEVfQURNSU4iXSwic3ViIjoiYWRtaW4iLCJpYXQiOjE2OTg0NzM2MTIsImV4cCI6MTY5ODQ3MzY0Mn0.FJ04ddQOD63A9GPSNYdh2Y7QDgiAVy08cORDipa9WLI','BEARER',_binary '',_binary '',19),(779,'eyJhbGciOiJIUzI1NiJ9.eyJ1c2VybmFtZSI6ImFkbWluIiwicm9sZSI6WyJlbXBsb3llZTpyZWFkIiwiYWRtaW46Y3JlYXRlIiwiZW1wbG95ZWU6Y3JlYXRlIiwiYWRtaW46cmVhZCIsImVtcGxveWVlOmRlbGV0ZSIsImFkbWluOnVwZGF0ZSIsImFkbWluOmRlbGV0ZSIsImVtcGxveWVlOnVwZGF0ZSIsIlJPTEVfQURNSU4iXSwic3ViIjoiYWRtaW4iLCJpYXQiOjE2OTg0NzM2ODcsImV4cCI6MTY5ODQ3MzcxN30.UNmRLGBLxM4Ae80-ojhqRE-yk3k5laE-0XUGoyO_5uo','BEARER',_binary '',_binary '',19),(780,'eyJhbGciOiJIUzI1NiJ9.eyJyb2xlIjpbImFkbWluOnJlYWQiLCJhZG1pbjp1cGRhdGUiLCJlbXBsb3llZTpyZWFkIiwiZW1wbG95ZWU6Y3JlYXRlIiwiZW1wbG95ZWU6ZGVsZXRlIiwiYWRtaW46ZGVsZXRlIiwiYWRtaW46Y3JlYXRlIiwiZW1wbG95ZWU6dXBkYXRlIiwiUk9MRV9BRE1JTiJdLCJ1c2VybmFtZSI6ImFkbWluIiwic3ViIjoiYWRtaW4iLCJpYXQiOjE2OTg0NzQ1NzAsImV4cCI6MTY5ODQ3NDYwMH0.Rj_UBAUxcocpMgbhyUnrYZglHH4pEffucElWuq_a9lU','BEARER',_binary '',_binary '',19),(781,'eyJhbGciOiJIUzI1NiJ9.eyJyb2xlIjpbImFkbWluOnJlYWQiLCJhZG1pbjp1cGRhdGUiLCJlbXBsb3llZTpyZWFkIiwiZW1wbG95ZWU6Y3JlYXRlIiwiZW1wbG95ZWU6ZGVsZXRlIiwiYWRtaW46ZGVsZXRlIiwiYWRtaW46Y3JlYXRlIiwiZW1wbG95ZWU6dXBkYXRlIiwiUk9MRV9BRE1JTiJdLCJ1c2VybmFtZSI6ImFkbWluIiwic3ViIjoiYWRtaW4iLCJpYXQiOjE2OTg0NzQ2NzAsImV4cCI6MTY5ODQ3NDcwMH0.YC06CQ7ayz4Irra1b2yhZQ-8WFfejyv1cm25XxJY_98','BEARER',_binary '',_binary '',19),(782,'eyJhbGciOiJIUzI1NiJ9.eyJyb2xlIjpbImFkbWluOnJlYWQiLCJhZG1pbjp1cGRhdGUiLCJlbXBsb3llZTpyZWFkIiwiZW1wbG95ZWU6Y3JlYXRlIiwiZW1wbG95ZWU6ZGVsZXRlIiwiYWRtaW46ZGVsZXRlIiwiYWRtaW46Y3JlYXRlIiwiZW1wbG95ZWU6dXBkYXRlIiwiUk9MRV9BRE1JTiJdLCJ1c2VybmFtZSI6ImFkbWluIiwic3ViIjoiYWRtaW4iLCJpYXQiOjE2OTg0NzQ3ODEsImV4cCI6MTY5ODQ3NDgxMX0.dlQqC-N88x3e_gqRrNw9k_7cVBxAXDm92Br2VF-3-gU','BEARER',_binary '',_binary '',19),(783,'eyJhbGciOiJIUzI1NiJ9.eyJyb2xlIjpbImFkbWluOnJlYWQiLCJhZG1pbjp1cGRhdGUiLCJlbXBsb3llZTpyZWFkIiwiZW1wbG95ZWU6Y3JlYXRlIiwiZW1wbG95ZWU6ZGVsZXRlIiwiYWRtaW46ZGVsZXRlIiwiYWRtaW46Y3JlYXRlIiwiZW1wbG95ZWU6dXBkYXRlIiwiUk9MRV9BRE1JTiJdLCJ1c2VybmFtZSI6ImFkbWluIiwic3ViIjoiYWRtaW4iLCJpYXQiOjE2OTg0NzQ5NDMsImV4cCI6MTY5ODQ3NDk3M30.cUBXfnVDsF5PBS5Ffv7KYtgYgguO0kCPV3g-5Vt7vzM','BEARER',_binary '',_binary '',19),(784,'eyJhbGciOiJIUzI1NiJ9.eyJyb2xlIjpbImFkbWluOnJlYWQiLCJhZG1pbjp1cGRhdGUiLCJlbXBsb3llZTpyZWFkIiwiZW1wbG95ZWU6Y3JlYXRlIiwiZW1wbG95ZWU6ZGVsZXRlIiwiYWRtaW46ZGVsZXRlIiwiYWRtaW46Y3JlYXRlIiwiZW1wbG95ZWU6dXBkYXRlIiwiUk9MRV9BRE1JTiJdLCJ1c2VybmFtZSI6ImFkbWluIiwic3ViIjoiYWRtaW4iLCJpYXQiOjE2OTg0NzUxMTksImV4cCI6MTY5ODQ3NTE0OX0.aYnYJ5rnIzf7IBnpQxF8_EbSidH-AHac8Zn_xGW5z4o','BEARER',_binary '',_binary '',19),(785,'eyJhbGciOiJIUzI1NiJ9.eyJyb2xlIjpbImFkbWluOnJlYWQiLCJhZG1pbjp1cGRhdGUiLCJlbXBsb3llZTpyZWFkIiwiZW1wbG95ZWU6Y3JlYXRlIiwiZW1wbG95ZWU6ZGVsZXRlIiwiYWRtaW46ZGVsZXRlIiwiYWRtaW46Y3JlYXRlIiwiZW1wbG95ZWU6dXBkYXRlIiwiUk9MRV9BRE1JTiJdLCJ1c2VybmFtZSI6ImFkbWluIiwic3ViIjoiYWRtaW4iLCJpYXQiOjE2OTg0NzUxNjIsImV4cCI6MTY5ODQ3NTE5Mn0.a1xf0JiFWvK0j7VfUfe9PMKBxpqLw2NCXMMD0EI1WKk','BEARER',_binary '',_binary '',19),(786,'eyJhbGciOiJIUzI1NiJ9.eyJyb2xlIjpbImFkbWluOnJlYWQiLCJhZG1pbjp1cGRhdGUiLCJlbXBsb3llZTpyZWFkIiwiZW1wbG95ZWU6Y3JlYXRlIiwiZW1wbG95ZWU6ZGVsZXRlIiwiYWRtaW46ZGVsZXRlIiwiYWRtaW46Y3JlYXRlIiwiZW1wbG95ZWU6dXBkYXRlIiwiUk9MRV9BRE1JTiJdLCJ1c2VybmFtZSI6ImFkbWluIiwic3ViIjoiYWRtaW4iLCJpYXQiOjE2OTg0NzUyMzgsImV4cCI6MTY5ODQ3NTI2OH0.aNWecDxS0TBwlZEDMsHO0B5uYXm3lW7MXgrMrZ5n0Y4','BEARER',_binary '',_binary '',19),(787,'eyJhbGciOiJIUzI1NiJ9.eyJyb2xlIjpbImFkbWluOnJlYWQiLCJhZG1pbjp1cGRhdGUiLCJlbXBsb3llZTpyZWFkIiwiZW1wbG95ZWU6Y3JlYXRlIiwiZW1wbG95ZWU6ZGVsZXRlIiwiYWRtaW46ZGVsZXRlIiwiYWRtaW46Y3JlYXRlIiwiZW1wbG95ZWU6dXBkYXRlIiwiUk9MRV9BRE1JTiJdLCJ1c2VybmFtZSI6ImFkbWluIiwic3ViIjoiYWRtaW4iLCJpYXQiOjE2OTg0NzUyNzEsImV4cCI6MTY5ODQ3NTMwMX0.x1jJNZVvuh8w44qQCiZY9NOggRcoXfT9JZJiJe_6nc4','BEARER',_binary '',_binary '',19),(788,'eyJhbGciOiJIUzI1NiJ9.eyJyb2xlIjpbImFkbWluOnJlYWQiLCJhZG1pbjp1cGRhdGUiLCJlbXBsb3llZTpyZWFkIiwiZW1wbG95ZWU6Y3JlYXRlIiwiZW1wbG95ZWU6ZGVsZXRlIiwiYWRtaW46ZGVsZXRlIiwiYWRtaW46Y3JlYXRlIiwiZW1wbG95ZWU6dXBkYXRlIiwiUk9MRV9BRE1JTiJdLCJ1c2VybmFtZSI6ImFkbWluIiwic3ViIjoiYWRtaW4iLCJpYXQiOjE2OTg0NzUzMTgsImV4cCI6MTY5ODQ3NTM0OH0.PmGtbMTUIkec6_mp1A2F1PY7gUvY1PzWvnr0yM_G-tM','BEARER',_binary '',_binary '',19),(789,'eyJhbGciOiJIUzI1NiJ9.eyJyb2xlIjpbImFkbWluOnJlYWQiLCJhZG1pbjp1cGRhdGUiLCJlbXBsb3llZTpyZWFkIiwiZW1wbG95ZWU6Y3JlYXRlIiwiZW1wbG95ZWU6ZGVsZXRlIiwiYWRtaW46ZGVsZXRlIiwiYWRtaW46Y3JlYXRlIiwiZW1wbG95ZWU6dXBkYXRlIiwiUk9MRV9BRE1JTiJdLCJ1c2VybmFtZSI6ImFkbWluIiwic3ViIjoiYWRtaW4iLCJpYXQiOjE2OTg0NzUzNDksImV4cCI6MTY5ODQ3NTM3OX0.ARRYwlGs6W3CGrO23JbfmG23J_VgGmTQPbQfAgVesZs','BEARER',_binary '',_binary '',19),(790,'eyJhbGciOiJIUzI1NiJ9.eyJyb2xlIjpbImFkbWluOnJlYWQiLCJhZG1pbjp1cGRhdGUiLCJlbXBsb3llZTpyZWFkIiwiZW1wbG95ZWU6Y3JlYXRlIiwiZW1wbG95ZWU6ZGVsZXRlIiwiYWRtaW46ZGVsZXRlIiwiYWRtaW46Y3JlYXRlIiwiZW1wbG95ZWU6dXBkYXRlIiwiUk9MRV9BRE1JTiJdLCJ1c2VybmFtZSI6ImFkbWluIiwic3ViIjoiYWRtaW4iLCJpYXQiOjE2OTg0NzU3NzgsImV4cCI6MTY5ODQ3NTgwOH0.MwnAdDoXQPvMwxyCLCv7Sw6AenIkgiCBX29MAw0vtLQ','BEARER',_binary '',_binary '',19),(791,'eyJhbGciOiJIUzI1NiJ9.eyJyb2xlIjpbImFkbWluOnJlYWQiLCJhZG1pbjp1cGRhdGUiLCJlbXBsb3llZTpyZWFkIiwiZW1wbG95ZWU6Y3JlYXRlIiwiZW1wbG95ZWU6ZGVsZXRlIiwiYWRtaW46ZGVsZXRlIiwiYWRtaW46Y3JlYXRlIiwiZW1wbG95ZWU6dXBkYXRlIiwiUk9MRV9BRE1JTiJdLCJ1c2VybmFtZSI6ImFkbWluIiwic3ViIjoiYWRtaW4iLCJpYXQiOjE2OTg0NzU5MTEsImV4cCI6MTY5ODQ3NTk0MX0.ipzyMFZ7GBwMYMKEfnBZ2dAh9-vJSqjOza7AYCZ9ElM','BEARER',_binary '',_binary '',19),(792,'eyJhbGciOiJIUzI1NiJ9.eyJyb2xlIjpbImFkbWluOnJlYWQiLCJhZG1pbjp1cGRhdGUiLCJlbXBsb3llZTpyZWFkIiwiZW1wbG95ZWU6Y3JlYXRlIiwiZW1wbG95ZWU6ZGVsZXRlIiwiYWRtaW46ZGVsZXRlIiwiYWRtaW46Y3JlYXRlIiwiZW1wbG95ZWU6dXBkYXRlIiwiUk9MRV9BRE1JTiJdLCJ1c2VybmFtZSI6ImFkbWluIiwic3ViIjoiYWRtaW4iLCJpYXQiOjE2OTg0NzYzMjQsImV4cCI6MTY5ODQ3NjM1NH0.gP0-yDMzq4PXgNq2K3xbUETA11XHG4krgUDkTRwcbNY','BEARER',_binary '',_binary '',19),(793,'eyJhbGciOiJIUzI1NiJ9.eyJyb2xlIjpbImFkbWluOnJlYWQiLCJhZG1pbjp1cGRhdGUiLCJlbXBsb3llZTpyZWFkIiwiZW1wbG95ZWU6Y3JlYXRlIiwiZW1wbG95ZWU6ZGVsZXRlIiwiYWRtaW46ZGVsZXRlIiwiYWRtaW46Y3JlYXRlIiwiZW1wbG95ZWU6dXBkYXRlIiwiUk9MRV9BRE1JTiJdLCJ1c2VybmFtZSI6ImFkbWluIiwic3ViIjoiYWRtaW4iLCJpYXQiOjE2OTg0NzY0MTYsImV4cCI6MTY5ODQ3NjQ0Nn0.ckkouSA1ke_sG9di2P_lvDAVVxLJzDEa4Rrr8Isksfs','BEARER',_binary '',_binary '',19),(794,'eyJhbGciOiJIUzI1NiJ9.eyJyb2xlIjpbImFkbWluOnJlYWQiLCJhZG1pbjp1cGRhdGUiLCJlbXBsb3llZTpyZWFkIiwiZW1wbG95ZWU6Y3JlYXRlIiwiZW1wbG95ZWU6ZGVsZXRlIiwiYWRtaW46ZGVsZXRlIiwiYWRtaW46Y3JlYXRlIiwiZW1wbG95ZWU6dXBkYXRlIiwiUk9MRV9BRE1JTiJdLCJ1c2VybmFtZSI6ImFkbWluIiwic3ViIjoiYWRtaW4iLCJpYXQiOjE2OTg0NzY0ODcsImV4cCI6MTY5ODQ3NjUxN30.MmOlrWMwes_tKhKNIvnwxsosMiqNJfy0u0_up-yM6Ys','BEARER',_binary '',_binary '',19),(795,'eyJhbGciOiJIUzI1NiJ9.eyJyb2xlIjpbImFkbWluOnJlYWQiLCJhZG1pbjp1cGRhdGUiLCJlbXBsb3llZTpyZWFkIiwiZW1wbG95ZWU6Y3JlYXRlIiwiZW1wbG95ZWU6ZGVsZXRlIiwiYWRtaW46ZGVsZXRlIiwiYWRtaW46Y3JlYXRlIiwiZW1wbG95ZWU6dXBkYXRlIiwiUk9MRV9BRE1JTiJdLCJ1c2VybmFtZSI6ImFkbWluIiwic3ViIjoiYWRtaW4iLCJpYXQiOjE2OTg0NzY1MTksImV4cCI6MTY5ODQ3NjU0OX0.1U6yJc79BS8KI_qYqbgQAixEnR1tN_br08Bm5dkW9UY','BEARER',_binary '',_binary '',19),(796,'eyJhbGciOiJIUzI1NiJ9.eyJyb2xlIjpbImFkbWluOnJlYWQiLCJhZG1pbjp1cGRhdGUiLCJlbXBsb3llZTpyZWFkIiwiZW1wbG95ZWU6Y3JlYXRlIiwiZW1wbG95ZWU6ZGVsZXRlIiwiYWRtaW46ZGVsZXRlIiwiYWRtaW46Y3JlYXRlIiwiZW1wbG95ZWU6dXBkYXRlIiwiUk9MRV9BRE1JTiJdLCJ1c2VybmFtZSI6ImFkbWluIiwic3ViIjoiYWRtaW4iLCJpYXQiOjE2OTg0NzY2NDAsImV4cCI6MTY5ODQ3NjY3MH0.u8OkXGfx4HjpDCJ77J48ssVcxt8JLRbRaWKGSr2zGW8','BEARER',_binary '',_binary '',19),(797,'eyJhbGciOiJIUzI1NiJ9.eyJyb2xlIjpbImFkbWluOnJlYWQiLCJhZG1pbjp1cGRhdGUiLCJlbXBsb3llZTpyZWFkIiwiZW1wbG95ZWU6Y3JlYXRlIiwiZW1wbG95ZWU6ZGVsZXRlIiwiYWRtaW46ZGVsZXRlIiwiYWRtaW46Y3JlYXRlIiwiZW1wbG95ZWU6dXBkYXRlIiwiUk9MRV9BRE1JTiJdLCJ1c2VybmFtZSI6ImFkbWluIiwic3ViIjoiYWRtaW4iLCJpYXQiOjE2OTg0NzY4OTAsImV4cCI6MTY5ODQ3NjkyMH0.uxCSWL0iBCxUwUo3gadNefUKAODGMZW2HTDsRGiTlQg','BEARER',_binary '',_binary '',19),(798,'eyJhbGciOiJIUzI1NiJ9.eyJyb2xlIjpbImFkbWluOnJlYWQiLCJhZG1pbjp1cGRhdGUiLCJlbXBsb3llZTpyZWFkIiwiZW1wbG95ZWU6Y3JlYXRlIiwiZW1wbG95ZWU6ZGVsZXRlIiwiYWRtaW46ZGVsZXRlIiwiYWRtaW46Y3JlYXRlIiwiZW1wbG95ZWU6dXBkYXRlIiwiUk9MRV9BRE1JTiJdLCJ1c2VybmFtZSI6ImFkbWluIiwic3ViIjoiYWRtaW4iLCJpYXQiOjE2OTg0NzY5MzUsImV4cCI6MTY5ODQ3Njk2NX0.JxoQDjbJ1BZ4nfqcYgJ1mgvV3yJ8pqoOPyNGOZTROd8','BEARER',_binary '',_binary '',19),(799,'eyJhbGciOiJIUzI1NiJ9.eyJyb2xlIjpbImFkbWluOnJlYWQiLCJhZG1pbjp1cGRhdGUiLCJlbXBsb3llZTpyZWFkIiwiZW1wbG95ZWU6Y3JlYXRlIiwiZW1wbG95ZWU6ZGVsZXRlIiwiYWRtaW46ZGVsZXRlIiwiYWRtaW46Y3JlYXRlIiwiZW1wbG95ZWU6dXBkYXRlIiwiUk9MRV9BRE1JTiJdLCJ1c2VybmFtZSI6ImFkbWluIiwic3ViIjoiYWRtaW4iLCJpYXQiOjE2OTg0NzY5OTgsImV4cCI6MTY5ODQ3NzAyOH0._F8uX15rZSGShS2cnLmeoBABwnbZVEx0rZQrmSP7DKk','BEARER',_binary '',_binary '',19),(800,'eyJhbGciOiJIUzI1NiJ9.eyJyb2xlIjpbImFkbWluOnJlYWQiLCJhZG1pbjp1cGRhdGUiLCJlbXBsb3llZTpyZWFkIiwiZW1wbG95ZWU6Y3JlYXRlIiwiZW1wbG95ZWU6ZGVsZXRlIiwiYWRtaW46ZGVsZXRlIiwiYWRtaW46Y3JlYXRlIiwiZW1wbG95ZWU6dXBkYXRlIiwiUk9MRV9BRE1JTiJdLCJ1c2VybmFtZSI6ImFkbWluIiwic3ViIjoiYWRtaW4iLCJpYXQiOjE2OTg0NzcwMzQsImV4cCI6MTY5ODQ3NzA2NH0.L4Yx6yw68GN4ceSm4HugZNNVtSiLOMBwOyX22MWh8ns','BEARER',_binary '',_binary '',19),(801,'eyJhbGciOiJIUzI1NiJ9.eyJyb2xlIjpbImFkbWluOnJlYWQiLCJhZG1pbjp1cGRhdGUiLCJlbXBsb3llZTpyZWFkIiwiZW1wbG95ZWU6Y3JlYXRlIiwiZW1wbG95ZWU6ZGVsZXRlIiwiYWRtaW46ZGVsZXRlIiwiYWRtaW46Y3JlYXRlIiwiZW1wbG95ZWU6dXBkYXRlIiwiUk9MRV9BRE1JTiJdLCJ1c2VybmFtZSI6ImFkbWluIiwic3ViIjoiYWRtaW4iLCJpYXQiOjE2OTg0ODI4NDYsImV4cCI6MTY5ODQ4Mjg3Nn0.nah0FB8V9HWXrC0yWxhAnReZ9J7ziGiUkFx8tc7gBOM','BEARER',_binary '',_binary '',19),(802,'eyJhbGciOiJIUzI1NiJ9.eyJyb2xlIjpbImFkbWluOnJlYWQiLCJhZG1pbjp1cGRhdGUiLCJlbXBsb3llZTpyZWFkIiwiZW1wbG95ZWU6Y3JlYXRlIiwiZW1wbG95ZWU6ZGVsZXRlIiwiYWRtaW46ZGVsZXRlIiwiYWRtaW46Y3JlYXRlIiwiZW1wbG95ZWU6dXBkYXRlIiwiUk9MRV9BRE1JTiJdLCJ1c2VybmFtZSI6ImFkbWluIiwic3ViIjoiYWRtaW4iLCJpYXQiOjE2OTg0ODI5NDQsImV4cCI6MTY5ODQ4Mjk3NH0.UNL2MrzpKUb0mcvtxoQSVj74UK_EKA6H2Arm5dcOlDo','BEARER',_binary '',_binary '',19),(803,'eyJhbGciOiJIUzI1NiJ9.eyJyb2xlIjpbImFkbWluOnJlYWQiLCJhZG1pbjp1cGRhdGUiLCJlbXBsb3llZTpyZWFkIiwiZW1wbG95ZWU6Y3JlYXRlIiwiZW1wbG95ZWU6ZGVsZXRlIiwiYWRtaW46ZGVsZXRlIiwiYWRtaW46Y3JlYXRlIiwiZW1wbG95ZWU6dXBkYXRlIiwiUk9MRV9BRE1JTiJdLCJ1c2VybmFtZSI6ImFkbWluIiwic3ViIjoiYWRtaW4iLCJpYXQiOjE2OTg0ODI5NzYsImV4cCI6MTY5ODQ4MzAwNn0.5MWLBgt0bsQ-cFgVYeDpysYvg-ELdvqik-eei3u4r8c','BEARER',_binary '',_binary '',19),(804,'eyJhbGciOiJIUzI1NiJ9.eyJyb2xlIjpbImFkbWluOnJlYWQiLCJhZG1pbjp1cGRhdGUiLCJlbXBsb3llZTpyZWFkIiwiZW1wbG95ZWU6Y3JlYXRlIiwiZW1wbG95ZWU6ZGVsZXRlIiwiYWRtaW46ZGVsZXRlIiwiYWRtaW46Y3JlYXRlIiwiZW1wbG95ZWU6dXBkYXRlIiwiUk9MRV9BRE1JTiJdLCJ1c2VybmFtZSI6ImFkbWluIiwic3ViIjoiYWRtaW4iLCJpYXQiOjE2OTg0ODMwNjcsImV4cCI6MTY5ODQ4MzA5N30.W1PB0Tn7faCvC8rEAU3X0LHr4FbqNDAQFo-l9VCx-9k','BEARER',_binary '',_binary '',19),(805,'eyJhbGciOiJIUzI1NiJ9.eyJyb2xlIjpbImFkbWluOnJlYWQiLCJhZG1pbjp1cGRhdGUiLCJlbXBsb3llZTpyZWFkIiwiZW1wbG95ZWU6Y3JlYXRlIiwiZW1wbG95ZWU6ZGVsZXRlIiwiYWRtaW46ZGVsZXRlIiwiYWRtaW46Y3JlYXRlIiwiZW1wbG95ZWU6dXBkYXRlIiwiUk9MRV9BRE1JTiJdLCJ1c2VybmFtZSI6ImFkbWluIiwic3ViIjoiYWRtaW4iLCJpYXQiOjE2OTg0ODMwOTgsImV4cCI6MTY5ODQ4MzEyOH0.Dw-6-YPSyDdb6dy6vCUk-CgyPik2nqcdLETc-DIRvqw','BEARER',_binary '',_binary '',19),(806,'eyJhbGciOiJIUzI1NiJ9.eyJyb2xlIjpbImFkbWluOnJlYWQiLCJhZG1pbjp1cGRhdGUiLCJlbXBsb3llZTpyZWFkIiwiZW1wbG95ZWU6Y3JlYXRlIiwiZW1wbG95ZWU6ZGVsZXRlIiwiYWRtaW46ZGVsZXRlIiwiYWRtaW46Y3JlYXRlIiwiZW1wbG95ZWU6dXBkYXRlIiwiUk9MRV9BRE1JTiJdLCJ1c2VybmFtZSI6ImFkbWluIiwic3ViIjoiYWRtaW4iLCJpYXQiOjE2OTg0ODMxNDEsImV4cCI6MTY5ODQ4MzE3MX0.uiJS7C_2yVtFYmCiDUK3wFL_kC9NSV5U8ddQUnklaHk','BEARER',_binary '',_binary '',19),(807,'eyJhbGciOiJIUzI1NiJ9.eyJyb2xlIjpbImFkbWluOnJlYWQiLCJhZG1pbjp1cGRhdGUiLCJlbXBsb3llZTpyZWFkIiwiZW1wbG95ZWU6Y3JlYXRlIiwiZW1wbG95ZWU6ZGVsZXRlIiwiYWRtaW46ZGVsZXRlIiwiYWRtaW46Y3JlYXRlIiwiZW1wbG95ZWU6dXBkYXRlIiwiUk9MRV9BRE1JTiJdLCJ1c2VybmFtZSI6ImFkbWluIiwic3ViIjoiYWRtaW4iLCJpYXQiOjE2OTg0ODMxODYsImV4cCI6MTY5ODQ4MzIxNn0.8SEBqL5k-10DDUkwS8dexaxeMxrWz8_GeQijsjVw_Cc','BEARER',_binary '',_binary '',19),(808,'eyJhbGciOiJIUzI1NiJ9.eyJyb2xlIjpbImFkbWluOnJlYWQiLCJhZG1pbjp1cGRhdGUiLCJlbXBsb3llZTpyZWFkIiwiZW1wbG95ZWU6Y3JlYXRlIiwiZW1wbG95ZWU6ZGVsZXRlIiwiYWRtaW46ZGVsZXRlIiwiYWRtaW46Y3JlYXRlIiwiZW1wbG95ZWU6dXBkYXRlIiwiUk9MRV9BRE1JTiJdLCJ1c2VybmFtZSI6ImFkbWluIiwic3ViIjoiYWRtaW4iLCJpYXQiOjE2OTg0ODMyNjgsImV4cCI6MTY5ODQ4MzI5OH0.Z-fQvWQD7ucyDSMNA0Z4bli1Eih7tjJx3211fk3lznI','BEARER',_binary '',_binary '',19),(809,'eyJhbGciOiJIUzI1NiJ9.eyJyb2xlIjpbImFkbWluOnJlYWQiLCJhZG1pbjp1cGRhdGUiLCJlbXBsb3llZTpyZWFkIiwiZW1wbG95ZWU6Y3JlYXRlIiwiZW1wbG95ZWU6ZGVsZXRlIiwiYWRtaW46ZGVsZXRlIiwiYWRtaW46Y3JlYXRlIiwiZW1wbG95ZWU6dXBkYXRlIiwiUk9MRV9BRE1JTiJdLCJ1c2VybmFtZSI6ImFkbWluIiwic3ViIjoiYWRtaW4iLCJpYXQiOjE2OTg0ODMzNDIsImV4cCI6MTY5ODQ4MzM3Mn0.yaj4WKQIm_UJEthxmz8NyTXbYL2_v38JWKPx19AxocE','BEARER',_binary '',_binary '',19),(810,'eyJhbGciOiJIUzI1NiJ9.eyJyb2xlIjpbImFkbWluOnJlYWQiLCJhZG1pbjp1cGRhdGUiLCJlbXBsb3llZTpyZWFkIiwiZW1wbG95ZWU6Y3JlYXRlIiwiZW1wbG95ZWU6ZGVsZXRlIiwiYWRtaW46ZGVsZXRlIiwiYWRtaW46Y3JlYXRlIiwiZW1wbG95ZWU6dXBkYXRlIiwiUk9MRV9BRE1JTiJdLCJ1c2VybmFtZSI6ImFkbWluIiwic3ViIjoiYWRtaW4iLCJpYXQiOjE2OTg0ODM1NDksImV4cCI6MTY5ODQ4MzU3OX0.mFHWHtRFZbe4fgQ1pqAurAc74Nhb7D9ypAKntbd0TgM','BEARER',_binary '',_binary '',19),(811,'eyJhbGciOiJIUzI1NiJ9.eyJyb2xlIjpbImFkbWluOnJlYWQiLCJhZG1pbjp1cGRhdGUiLCJlbXBsb3llZTpyZWFkIiwiZW1wbG95ZWU6Y3JlYXRlIiwiZW1wbG95ZWU6ZGVsZXRlIiwiYWRtaW46ZGVsZXRlIiwiYWRtaW46Y3JlYXRlIiwiZW1wbG95ZWU6dXBkYXRlIiwiUk9MRV9BRE1JTiJdLCJ1c2VybmFtZSI6ImFkbWluIiwic3ViIjoiYWRtaW4iLCJpYXQiOjE2OTg0ODM1ODgsImV4cCI6MTY5ODQ4MzYxOH0.eVocawRA5e6z0P314gkXfTHGu99yKfySay7iSB-DpLc','BEARER',_binary '',_binary '',19),(812,'eyJhbGciOiJIUzI1NiJ9.eyJyb2xlIjpbImFkbWluOnJlYWQiLCJhZG1pbjp1cGRhdGUiLCJlbXBsb3llZTpyZWFkIiwiZW1wbG95ZWU6Y3JlYXRlIiwiZW1wbG95ZWU6ZGVsZXRlIiwiYWRtaW46ZGVsZXRlIiwiYWRtaW46Y3JlYXRlIiwiZW1wbG95ZWU6dXBkYXRlIiwiUk9MRV9BRE1JTiJdLCJ1c2VybmFtZSI6ImFkbWluIiwic3ViIjoiYWRtaW4iLCJpYXQiOjE2OTg0ODM2NTUsImV4cCI6MTY5ODQ4MzY4NX0.18WLVOzbpuw6vFi9iWgaq-JK5Td_ddOjNm_wkZXqIGk','BEARER',_binary '',_binary '',19),(813,'eyJhbGciOiJIUzI1NiJ9.eyJyb2xlIjpbImFkbWluOnJlYWQiLCJhZG1pbjp1cGRhdGUiLCJlbXBsb3llZTpyZWFkIiwiZW1wbG95ZWU6Y3JlYXRlIiwiZW1wbG95ZWU6ZGVsZXRlIiwiYWRtaW46ZGVsZXRlIiwiYWRtaW46Y3JlYXRlIiwiZW1wbG95ZWU6dXBkYXRlIiwiUk9MRV9BRE1JTiJdLCJ1c2VybmFtZSI6ImFkbWluIiwic3ViIjoiYWRtaW4iLCJpYXQiOjE2OTg0ODM3NTQsImV4cCI6MTY5ODQ4Mzc4NH0.pAYBB2Isx05Ag1TJQRjLMv2p68pk7bSCX-8PbNCS1yk','BEARER',_binary '',_binary '',19),(814,'eyJhbGciOiJIUzI1NiJ9.eyJyb2xlIjpbImFkbWluOnJlYWQiLCJhZG1pbjp1cGRhdGUiLCJlbXBsb3llZTpyZWFkIiwiZW1wbG95ZWU6Y3JlYXRlIiwiZW1wbG95ZWU6ZGVsZXRlIiwiYWRtaW46ZGVsZXRlIiwiYWRtaW46Y3JlYXRlIiwiZW1wbG95ZWU6dXBkYXRlIiwiUk9MRV9BRE1JTiJdLCJ1c2VybmFtZSI6ImFkbWluIiwic3ViIjoiYWRtaW4iLCJpYXQiOjE2OTg0ODM4MDIsImV4cCI6MTY5ODQ4MzgzMn0.cTc2qgLFnM5opy0mecCoQQKRsiYRrKgfKoHX_ezzbNg','BEARER',_binary '',_binary '',19),(815,'eyJhbGciOiJIUzI1NiJ9.eyJyb2xlIjpbImFkbWluOnJlYWQiLCJhZG1pbjp1cGRhdGUiLCJlbXBsb3llZTpyZWFkIiwiZW1wbG95ZWU6Y3JlYXRlIiwiZW1wbG95ZWU6ZGVsZXRlIiwiYWRtaW46ZGVsZXRlIiwiYWRtaW46Y3JlYXRlIiwiZW1wbG95ZWU6dXBkYXRlIiwiUk9MRV9BRE1JTiJdLCJ1c2VybmFtZSI6ImFkbWluIiwic3ViIjoiYWRtaW4iLCJpYXQiOjE2OTg0ODM4NTUsImV4cCI6MTY5ODQ4Mzg4NX0.VTQtpIXqd4alnDlwXzODVFmyLVlV1iOVYZpBlqSDPDY','BEARER',_binary '',_binary '',19),(816,'eyJhbGciOiJIUzI1NiJ9.eyJyb2xlIjpbImFkbWluOnJlYWQiLCJhZG1pbjp1cGRhdGUiLCJlbXBsb3llZTpyZWFkIiwiZW1wbG95ZWU6Y3JlYXRlIiwiZW1wbG95ZWU6ZGVsZXRlIiwiYWRtaW46ZGVsZXRlIiwiYWRtaW46Y3JlYXRlIiwiZW1wbG95ZWU6dXBkYXRlIiwiUk9MRV9BRE1JTiJdLCJ1c2VybmFtZSI6ImFkbWluIiwic3ViIjoiYWRtaW4iLCJpYXQiOjE2OTg0ODM5ODgsImV4cCI6MTY5ODQ4NDAxOH0.vDVYsJACISNovU6c-SGqVMWsAzsYuFcJANTGAl6xVhQ','BEARER',_binary '',_binary '',19),(817,'eyJhbGciOiJIUzI1NiJ9.eyJyb2xlIjpbImFkbWluOnJlYWQiLCJhZG1pbjp1cGRhdGUiLCJlbXBsb3llZTpyZWFkIiwiZW1wbG95ZWU6Y3JlYXRlIiwiZW1wbG95ZWU6ZGVsZXRlIiwiYWRtaW46ZGVsZXRlIiwiYWRtaW46Y3JlYXRlIiwiZW1wbG95ZWU6dXBkYXRlIiwiUk9MRV9BRE1JTiJdLCJ1c2VybmFtZSI6ImFkbWluIiwic3ViIjoiYWRtaW4iLCJpYXQiOjE2OTg0ODQxMzUsImV4cCI6MTY5ODQ4NDE2NX0.ekyuluGYD32op7rBXX05_8TB1nj0fuQdvgNwFAELIEA','BEARER',_binary '',_binary '',19),(818,'eyJhbGciOiJIUzI1NiJ9.eyJyb2xlIjpbImFkbWluOnJlYWQiLCJhZG1pbjp1cGRhdGUiLCJlbXBsb3llZTpyZWFkIiwiZW1wbG95ZWU6Y3JlYXRlIiwiZW1wbG95ZWU6ZGVsZXRlIiwiYWRtaW46ZGVsZXRlIiwiYWRtaW46Y3JlYXRlIiwiZW1wbG95ZWU6dXBkYXRlIiwiUk9MRV9BRE1JTiJdLCJ1c2VybmFtZSI6ImFkbWluIiwic3ViIjoiYWRtaW4iLCJpYXQiOjE2OTg0ODQzMjEsImV4cCI6MTY5ODQ4NDM1MX0.fP8laDkrBuqtOSh8XYEgWr0dW7whqVFRk5a3u8J6eqs','BEARER',_binary '',_binary '',19),(819,'eyJhbGciOiJIUzI1NiJ9.eyJyb2xlIjpbImFkbWluOnJlYWQiLCJhZG1pbjp1cGRhdGUiLCJlbXBsb3llZTpyZWFkIiwiZW1wbG95ZWU6Y3JlYXRlIiwiZW1wbG95ZWU6ZGVsZXRlIiwiYWRtaW46ZGVsZXRlIiwiYWRtaW46Y3JlYXRlIiwiZW1wbG95ZWU6dXBkYXRlIiwiUk9MRV9BRE1JTiJdLCJ1c2VybmFtZSI6ImFkbWluIiwic3ViIjoiYWRtaW4iLCJpYXQiOjE2OTg0ODUxMDQsImV4cCI6MTY5ODQ4NTEzNH0._TqfkubfLkNRX39JPEdBz9C9pp4mptYapci2eO-8COU','BEARER',_binary '',_binary '',19),(820,'eyJhbGciOiJIUzI1NiJ9.eyJyb2xlIjpbImFkbWluOnJlYWQiLCJhZG1pbjp1cGRhdGUiLCJlbXBsb3llZTpyZWFkIiwiZW1wbG95ZWU6Y3JlYXRlIiwiZW1wbG95ZWU6ZGVsZXRlIiwiYWRtaW46ZGVsZXRlIiwiYWRtaW46Y3JlYXRlIiwiZW1wbG95ZWU6dXBkYXRlIiwiUk9MRV9BRE1JTiJdLCJ1c2VybmFtZSI6ImFkbWluIiwic3ViIjoiYWRtaW4iLCJpYXQiOjE2OTg0ODU4NTksImV4cCI6MTY5ODQ4NTg4OX0.jR-nXZBzaIWGSWEND7_d0fdCzzh07X74CvGEH6pGefM','BEARER',_binary '',_binary '',19),(821,'eyJhbGciOiJIUzI1NiJ9.eyJyb2xlIjpbImFkbWluOnJlYWQiLCJhZG1pbjp1cGRhdGUiLCJlbXBsb3llZTpyZWFkIiwiZW1wbG95ZWU6Y3JlYXRlIiwiZW1wbG95ZWU6ZGVsZXRlIiwiYWRtaW46ZGVsZXRlIiwiYWRtaW46Y3JlYXRlIiwiZW1wbG95ZWU6dXBkYXRlIiwiUk9MRV9BRE1JTiJdLCJ1c2VybmFtZSI6ImFkbWluIiwic3ViIjoiYWRtaW4iLCJpYXQiOjE2OTg1MDAyNzYsImV4cCI6MTY5ODUwMDMwNn0.uhrFpPMYLGgaz1vrQOnqJa4dYTCxU0AFBNcZEehTARc','BEARER',_binary '',_binary '',19),(822,'eyJhbGciOiJIUzI1NiJ9.eyJyb2xlIjpbImFkbWluOnJlYWQiLCJhZG1pbjp1cGRhdGUiLCJlbXBsb3llZTpyZWFkIiwiZW1wbG95ZWU6Y3JlYXRlIiwiZW1wbG95ZWU6ZGVsZXRlIiwiYWRtaW46ZGVsZXRlIiwiYWRtaW46Y3JlYXRlIiwiZW1wbG95ZWU6dXBkYXRlIiwiUk9MRV9BRE1JTiJdLCJ1c2VybmFtZSI6ImFkbWluIiwic3ViIjoiYWRtaW4iLCJpYXQiOjE2OTg1MDA3NDEsImV4cCI6MTY5ODUwMDc3MX0.0fdutCik_PsMqpW7h3KBVufdC2s1RKJFY4lxDzF04Ho','BEARER',_binary '',_binary '',19),(823,'eyJhbGciOiJIUzI1NiJ9.eyJ1c2VybmFtZSI6ImFkbWluIiwicm9sZSI6WyJlbXBsb3llZTpyZWFkIiwiYWRtaW46dXBkYXRlIiwiYWRtaW46cmVhZCIsImVtcGxveWVlOnVwZGF0ZSIsImFkbWluOmNyZWF0ZSIsImFkbWluOmRlbGV0ZSIsImVtcGxveWVlOmRlbGV0ZSIsImVtcGxveWVlOmNyZWF0ZSIsIlJPTEVfQURNSU4iXSwic3ViIjoiYWRtaW4iLCJpYXQiOjE2OTg1MDIyMDcsImV4cCI6MTY5ODUzODIwN30.e843jSugokmvZgA2mHBCAB7qjtQslm8M_y9Ceo9qL-w','BEARER',_binary '',_binary '',19),(824,'eyJhbGciOiJIUzI1NiJ9.eyJ1c2VybmFtZSI6ImFkbWluIiwicm9sZSI6WyJlbXBsb3llZTpyZWFkIiwiYWRtaW46dXBkYXRlIiwiYWRtaW46cmVhZCIsImVtcGxveWVlOnVwZGF0ZSIsImFkbWluOmNyZWF0ZSIsImFkbWluOmRlbGV0ZSIsImVtcGxveWVlOmRlbGV0ZSIsImVtcGxveWVlOmNyZWF0ZSIsIlJPTEVfQURNSU4iXSwic3ViIjoiYWRtaW4iLCJpYXQiOjE2OTg1MDIyOTYsImV4cCI6MTY5ODUzODI5Nn0.uASI2DkQm75L570auOYSoVUz1d1MaqY9GszZyPuHngs','BEARER',_binary '',_binary '',19),(825,'eyJhbGciOiJIUzI1NiJ9.eyJ1c2VybmFtZSI6ImFkbWluIiwicm9sZSI6WyJlbXBsb3llZTpyZWFkIiwiYWRtaW46dXBkYXRlIiwiYWRtaW46cmVhZCIsImVtcGxveWVlOnVwZGF0ZSIsImFkbWluOmNyZWF0ZSIsImFkbWluOmRlbGV0ZSIsImVtcGxveWVlOmRlbGV0ZSIsImVtcGxveWVlOmNyZWF0ZSIsIlJPTEVfQURNSU4iXSwic3ViIjoiYWRtaW4iLCJpYXQiOjE2OTg1MDIzMTcsImV4cCI6MTY5ODUzODMxN30.b2z1PHXv8oYKjr49eUp9EN5ldWUNm9mK_-LatUuVzMM','BEARER',_binary '',_binary '',19),(826,'eyJhbGciOiJIUzI1NiJ9.eyJ1c2VybmFtZSI6ImFkbWluIiwicm9sZSI6WyJlbXBsb3llZTpyZWFkIiwiYWRtaW46dXBkYXRlIiwiYWRtaW46cmVhZCIsImVtcGxveWVlOnVwZGF0ZSIsImFkbWluOmNyZWF0ZSIsImFkbWluOmRlbGV0ZSIsImVtcGxveWVlOmRlbGV0ZSIsImVtcGxveWVlOmNyZWF0ZSIsIlJPTEVfQURNSU4iXSwic3ViIjoiYWRtaW4iLCJpYXQiOjE2OTg1MDIzMjEsImV4cCI6MTY5ODUzODMyMX0.w_HyjDf7UmDvfKoRjtfKR9jmv9ImUfjoSPHs_CeX6Pg','BEARER',_binary '',_binary '',19),(827,'eyJhbGciOiJIUzI1NiJ9.eyJ1c2VybmFtZSI6Im9kYWthIiwicm9sZSI6WyJ1c2VyOnVwZGF0ZSIsInVzZXI6cmVhZCIsIlJPTEVfVVNFUiJdLCJzdWIiOiJvZGFrYSIsImlhdCI6MTY5ODUwNjE0NiwiZXhwIjoxNjk4NTQyMTQ2fQ.iVj4JuA46MDL_gT7vqx95l2xg9wmWh1wJBbsPcvra5M','BEARER',_binary '',_binary '',44),(828,'eyJhbGciOiJIUzI1NiJ9.eyJ1c2VybmFtZSI6Im9kYWthIiwicm9sZSI6WyJ1c2VyOnJlYWQiLCJ1c2VyOnVwZGF0ZSIsIlJPTEVfVVNFUiJdLCJzdWIiOiJvZGFrYSIsImlhdCI6MTY5ODU1MjcxNywiZXhwIjoxNjk4NTg4NzE3fQ.HlZQwr2W9NprxnfTnrP55oyLexSuN8uX5aOeN2yvoPU','BEARER',_binary '',_binary '',44),(829,'eyJhbGciOiJIUzI1NiJ9.eyJ1c2VybmFtZSI6ImFkbWluIiwicm9sZSI6WyJlbXBsb3llZTp1cGRhdGUiLCJlbXBsb3llZTpyZWFkIiwiYWRtaW46Y3JlYXRlIiwiZW1wbG95ZWU6Y3JlYXRlIiwiYWRtaW46dXBkYXRlIiwiYWRtaW46cmVhZCIsImFkbWluOmRlbGV0ZSIsImVtcGxveWVlOmRlbGV0ZSIsIlJPTEVfQURNSU4iXSwic3ViIjoiYWRtaW4iLCJpYXQiOjE2OTg1NTI3NjEsImV4cCI6MTY5ODU4ODc2MX0.4KWibExfizE0rOAvO_vQje5AvOWAsvKcyQBfpupoMMU','BEARER',_binary '',_binary '',19),(830,'eyJhbGciOiJIUzI1NiJ9.eyJ1c2VybmFtZSI6ImFkbWluIiwicm9sZSI6WyJlbXBsb3llZTp1cGRhdGUiLCJlbXBsb3llZTpyZWFkIiwiYWRtaW46Y3JlYXRlIiwiZW1wbG95ZWU6Y3JlYXRlIiwiYWRtaW46dXBkYXRlIiwiYWRtaW46cmVhZCIsImFkbWluOmRlbGV0ZSIsImVtcGxveWVlOmRlbGV0ZSIsIlJPTEVfQURNSU4iXSwic3ViIjoiYWRtaW4iLCJpYXQiOjE2OTg1NzI3NzksImV4cCI6MTY5ODYwODc3OX0.HTBLy0RNmJTRkorkuAV1D1w-D2mqm1nB0c59oE0NUWM','BEARER',_binary '',_binary '',19),(831,'eyJhbGciOiJIUzI1NiJ9.eyJ1c2VybmFtZSI6ImFkbWluIiwicm9sZSI6WyJlbXBsb3llZTp1cGRhdGUiLCJlbXBsb3llZTpyZWFkIiwiYWRtaW46Y3JlYXRlIiwiZW1wbG95ZWU6Y3JlYXRlIiwiYWRtaW46dXBkYXRlIiwiYWRtaW46cmVhZCIsImFkbWluOmRlbGV0ZSIsImVtcGxveWVlOmRlbGV0ZSIsIlJPTEVfQURNSU4iXSwic3ViIjoiYWRtaW4iLCJpYXQiOjE2OTg1NzI3ODYsImV4cCI6MTY5ODYwODc4Nn0.l_KNl34dc7ZSLTzyqG5ldmDKP9uBsyk-l87Jts1lIwk','BEARER',_binary '',_binary '',19),(832,'eyJhbGciOiJIUzI1NiJ9.eyJ1c2VybmFtZSI6Im9kYWthIiwicm9sZSI6WyJ1c2VyOnJlYWQiLCJ1c2VyOnVwZGF0ZSIsIlJPTEVfVVNFUiJdLCJzdWIiOiJvZGFrYSIsImlhdCI6MTY5ODU4NTM5MywiZXhwIjoxNjk4NjIxMzkzfQ.MKxr4571RjK62dODncbXCRaTl6b0F3nu5Txu6jvay44','BEARER',_binary '',_binary '',44),(833,'eyJhbGciOiJIUzI1NiJ9.eyJyb2xlIjpbInVzZXI6dXBkYXRlIiwidXNlcjpjcmVhdGUiLCJ1c2VyOnJlYWQiLCJST0xFX1VTRVIiXSwidXNlcm5hbWUiOiJvZGFrYSIsInN1YiI6Im9kYWthIiwiaWF0IjoxNjk4NTg5MDY5LCJleHAiOjE2OTg2MjUwNjl9.n9cNAT23HhN6YJ-GXKBny52ZUjPV2Vsf4nNJFufrqlA','BEARER',_binary '',_binary '',44),(834,'eyJhbGciOiJIUzI1NiJ9.eyJyb2xlIjpbInVzZXI6cmVhZCIsInVzZXI6Y3JlYXRlIiwidXNlcjp1cGRhdGUiLCJST0xFX1VTRVIiXSwidXNlcm5hbWUiOiJvZGFrYSIsInN1YiI6Im9kYWthIiwiaWF0IjoxNjk4NTg5MTM2LCJleHAiOjE2OTg2MjUxMzZ9.Nd6-h-35Z2vXDf5L8J_ifLlhlVItsPfz5cRRb8crTbs','BEARER',_binary '',_binary '',44),(835,'eyJhbGciOiJIUzI1NiJ9.eyJ1c2VybmFtZSI6Im9kYWthIiwicm9sZSI6WyJ1c2VyOnJlYWQiLCJ1c2VyOmNyZWF0ZSIsInVzZXI6dXBkYXRlIiwiUk9MRV9VU0VSIl0sInN1YiI6Im9kYWthIiwiaWF0IjoxNjk4NTg5Mjc3LCJleHAiOjE2OTg2MjUyNzd9.eBWj6YWZUMcX4sRMpSI73JCkzGJzYTYN3r6mwdtOAPE','BEARER',_binary '',_binary '',44),(836,'eyJhbGciOiJIUzI1NiJ9.eyJyb2xlIjpbInVzZXI6cmVhZCIsInVzZXI6Y3JlYXRlIiwidXNlcjp1cGRhdGUiLCJST0xFX1VTRVIiXSwidXNlcm5hbWUiOiJvZGFrYSIsInN1YiI6Im9kYWthIiwiaWF0IjoxNjk4NTg5NTE0LCJleHAiOjE2OTg2MjU1MTR9.DGc9VGF7GIdq0xIVyrQMsdnUzWVA2zqR0Z0qhz9WZiA','BEARER',_binary '',_binary '',44),(837,'eyJhbGciOiJIUzI1NiJ9.eyJ1c2VybmFtZSI6Im9kYWthIiwicm9sZSI6WyJ1c2VyOmNyZWF0ZSIsInVzZXI6cmVhZCIsInVzZXI6dXBkYXRlIiwiUk9MRV9VU0VSIl0sInN1YiI6Im9kYWthIiwiaWF0IjoxNjk4NTg5ODAyLCJleHAiOjE2OTg2MjU4MDJ9.ohHq6rAN_bXTyVJTn2wCvW__O-bLd2TNu7qk01kZxNE','BEARER',_binary '',_binary '',44),(838,'eyJhbGciOiJIUzI1NiJ9.eyJyb2xlIjpbInVzZXI6Y3JlYXRlIiwidXNlcjp1cGRhdGUiLCJ1c2VyOnJlYWQiLCJST0xFX1VTRVIiXSwidXNlcm5hbWUiOiJvZGFrYSIsInN1YiI6Im9kYWthIiwiaWF0IjoxNjk4NTg5OTMwLCJleHAiOjE2OTg2MjU5MzB9.ZQtr_HpYv0zxaWiVLOcMLTn_cidHiWm_CaaeFJBWJKE','BEARER',_binary '',_binary '',44),(839,'eyJhbGciOiJIUzI1NiJ9.eyJ1c2VybmFtZSI6Im9kYWthIiwicm9sZSI6WyJ1c2VyOnJlYWQiLCJ1c2VyOmNyZWF0ZSIsInVzZXI6dXBkYXRlIiwiUk9MRV9VU0VSIl0sInN1YiI6Im9kYWthIiwiaWF0IjoxNjk4NTkwMTk3LCJleHAiOjE2OTg2MjYxOTd9.iQcfZTEDz0GzVU_QpOWbiUo_keEoyTMjCrrmcoVbOiY','BEARER',_binary '',_binary '',44),(840,'eyJhbGciOiJIUzI1NiJ9.eyJ1c2VybmFtZSI6Im9kYWthIiwicm9sZSI6WyJ1c2VyOnVwZGF0ZSIsInVzZXI6Y3JlYXRlIiwidXNlcjpyZWFkIiwiUk9MRV9VU0VSIl0sInN1YiI6Im9kYWthIiwiaWF0IjoxNjk4NTkwMzY3LCJleHAiOjE2OTg2MjYzNjd9.rEiq6eWH313KxFzZ8X1vMvS2zEDTxXmWZSWA6B6bZNo','BEARER',_binary '',_binary '',44),(841,'eyJhbGciOiJIUzI1NiJ9.eyJyb2xlIjpbInVzZXI6Y3JlYXRlIiwidXNlcjp1cGRhdGUiLCJ1c2VyOnJlYWQiLCJST0xFX1VTRVIiXSwidXNlcm5hbWUiOiJvZGFrYSIsInN1YiI6Im9kYWthIiwiaWF0IjoxNjk4NTkwNTAwLCJleHAiOjE2OTg2MjY1MDB9.3-SV7B6tTur-gdxTgtl4-JbFzcmjUdmhJ0EZ2kFfnlk','BEARER',_binary '',_binary '',44),(842,'eyJhbGciOiJIUzI1NiJ9.eyJ1c2VybmFtZSI6Im9kYWthIiwicm9sZSI6WyJ1c2VyOnJlYWQiLCJ1c2VyOmNyZWF0ZSIsInVzZXI6dXBkYXRlIiwiUk9MRV9VU0VSIl0sInN1YiI6Im9kYWthIiwiaWF0IjoxNjk4NTkxMTY2LCJleHAiOjE2OTg2MjcxNjZ9.EW7uX1_0xhlcNsLo7IeZLGlUUdIv7lMIqpAIFD6stn8','BEARER',_binary '',_binary '',44),(843,'eyJhbGciOiJIUzI1NiJ9.eyJ1c2VybmFtZSI6Im9kYWthIiwicm9sZSI6WyJ1c2VyOnJlYWQiLCJ1c2VyOnVwZGF0ZSIsInVzZXI6Y3JlYXRlIiwiUk9MRV9VU0VSIl0sInN1YiI6Im9kYWthIiwiaWF0IjoxNjk4NTkxMjgxLCJleHAiOjE2OTg2MjcyODF9.k3kgZh1vyQUxcpj16aHGCfGTV4KE9k8BuDn4mu2DmuQ','BEARER',_binary '',_binary '',44),(844,'eyJhbGciOiJIUzI1NiJ9.eyJyb2xlIjpbInVzZXI6Y3JlYXRlIiwidXNlcjp1cGRhdGUiLCJ1c2VyOnJlYWQiLCJST0xFX1VTRVIiXSwidXNlcm5hbWUiOiJvZGFrYSIsInN1YiI6Im9kYWthIiwiaWF0IjoxNjk4NTkxMzQ5LCJleHAiOjE2OTg2MjczNDl9.0jxLSNx0cKTbP8D2Dfgq3oFkxVvnk4X_J-ua3TIEulk','BEARER',_binary '',_binary '',44),(845,'eyJhbGciOiJIUzI1NiJ9.eyJyb2xlIjpbInVzZXI6Y3JlYXRlIiwidXNlcjp1cGRhdGUiLCJ1c2VyOnJlYWQiLCJST0xFX1VTRVIiXSwidXNlcm5hbWUiOiJvZGFrYSIsInN1YiI6Im9kYWthIiwiaWF0IjoxNjk4NTkxMzkyLCJleHAiOjE2OTg2MjczOTJ9.5-3ftCcYpGN5talU1p8BumfarbRJMx3kFEFzaVtbwIw','BEARER',_binary '',_binary '',44),(846,'eyJhbGciOiJIUzI1NiJ9.eyJ1c2VybmFtZSI6ImFkbWluIiwicm9sZSI6WyJhZG1pbjpjcmVhdGUiLCJlbXBsb3llZTpyZWFkIiwiYWRtaW46cmVhZCIsImFkbWluOmRlbGV0ZSIsImVtcGxveWVlOmNyZWF0ZSIsImVtcGxveWVlOnVwZGF0ZSIsImFkbWluOnVwZGF0ZSIsImVtcGxveWVlOmRlbGV0ZSIsIlJPTEVfQURNSU4iXSwic3ViIjoiYWRtaW4iLCJpYXQiOjE2OTg1OTE1NDAsImV4cCI6MTY5ODYyNzU0MH0.s0Nr5N_xOiIdw2uGfFfHo-ApZis8W0r_a9nWkDbhjSY','BEARER',_binary '',_binary '',19),(847,'eyJhbGciOiJIUzI1NiJ9.eyJyb2xlIjpbImFkbWluOnVwZGF0ZSIsImVtcGxveWVlOnJlYWQiLCJhZG1pbjpyZWFkIiwiYWRtaW46ZGVsZXRlIiwiZW1wbG95ZWU6dXBkYXRlIiwiZW1wbG95ZWU6ZGVsZXRlIiwiYWRtaW46Y3JlYXRlIiwiZW1wbG95ZWU6Y3JlYXRlIiwiUk9MRV9BRE1JTiJdLCJ1c2VybmFtZSI6ImFkbWluIiwic3ViIjoiYWRtaW4iLCJpYXQiOjE2OTg1OTE3NDEsImV4cCI6MTY5ODYyNzc0MX0.cgKnabnYatgH49S8_3i7QYTXEjgRz2gIMbMG5bkgJVM','BEARER',_binary '',_binary '',19),(848,'eyJhbGciOiJIUzI1NiJ9.eyJ1c2VybmFtZSI6ImFkbWluIiwicm9sZSI6WyJlbXBsb3llZTpyZWFkIiwiYWRtaW46dXBkYXRlIiwiYWRtaW46cmVhZCIsImVtcGxveWVlOmRlbGV0ZSIsImFkbWluOmRlbGV0ZSIsImFkbWluOmNyZWF0ZSIsImVtcGxveWVlOnVwZGF0ZSIsImVtcGxveWVlOmNyZWF0ZSIsIlJPTEVfQURNSU4iXSwic3ViIjoiYWRtaW4iLCJpYXQiOjE2OTg1OTIzNjcsImV4cCI6MTY5ODYyODM2N30.fKHVIiTAU9yMXEpUjI5rZJSaez-LCTFhPfNf_Fi4aFM','BEARER',_binary '',_binary '',19),(849,'eyJhbGciOiJIUzI1NiJ9.eyJ1c2VybmFtZSI6ImFkbWluIiwicm9sZSI6WyJlbXBsb3llZTp1cGRhdGUiLCJlbXBsb3llZTpkZWxldGUiLCJhZG1pbjpjcmVhdGUiLCJlbXBsb3llZTpjcmVhdGUiLCJhZG1pbjp1cGRhdGUiLCJlbXBsb3llZTpyZWFkIiwiYWRtaW46cmVhZCIsImFkbWluOmRlbGV0ZSIsIlJPTEVfQURNSU4iXSwic3ViIjoiYWRtaW4iLCJpYXQiOjE2OTg1OTI0ODAsImV4cCI6MTY5ODYyODQ4MH0.vBxL8whdZIq3z9ZLAOxmycjla5NiEkX4XJxa39IlACY','BEARER',_binary '',_binary '',19),(850,'eyJhbGciOiJIUzI1NiJ9.eyJ1c2VybmFtZSI6ImFkbWluIiwicm9sZSI6WyJlbXBsb3llZTpkZWxldGUiLCJhZG1pbjpkZWxldGUiLCJlbXBsb3llZTp1cGRhdGUiLCJlbXBsb3llZTpyZWFkIiwiYWRtaW46cmVhZCIsImFkbWluOnVwZGF0ZSIsImVtcGxveWVlOmNyZWF0ZSIsImFkbWluOmNyZWF0ZSIsIlJPTEVfQURNSU4iXSwic3ViIjoiYWRtaW4iLCJpYXQiOjE2OTg1OTI1NDQsImV4cCI6MTY5ODYyODU0NH0.XtnqaRmxZVk81VPOPszgccu9D0XIaan0ffKpyTSmZnE','BEARER',_binary '',_binary '',19),(851,'eyJhbGciOiJIUzI1NiJ9.eyJyb2xlIjpbInVzZXI6dXBkYXRlIiwidXNlcjpjcmVhdGUiLCJ1c2VyOnJlYWQiLCJST0xFX1VTRVIiXSwidXNlcm5hbWUiOiJ0ZXN0MSIsInN1YiI6InRlc3QxIiwiaWF0IjoxNjk4NTkyODQ1LCJleHAiOjE2OTg2Mjg4NDV9.wk0uMGP3OZraBeUP07qjfknEHQyWh582YlKm2XN-OiA','BEARER',_binary '',_binary '',21),(852,'eyJhbGciOiJIUzI1NiJ9.eyJyb2xlIjpbInVzZXI6dXBkYXRlIiwidXNlcjpjcmVhdGUiLCJ1c2VyOnJlYWQiLCJST0xFX1VTRVIiXSwidXNlcm5hbWUiOiJ0ZXN0MiIsInN1YiI6InRlc3QyIiwiaWF0IjoxNjk4NTkzMzIzLCJleHAiOjE2OTg2MjkzMjN9.jzgCBKIpBCwUXHm8veU5fHwk77BtzLf3eQqgKdKqoVU','BEARER',_binary '',_binary '',22),(853,'eyJhbGciOiJIUzI1NiJ9.eyJ1c2VybmFtZSI6Im9kYWthIiwicm9sZSI6WyJ1c2VyOmNyZWF0ZSIsInVzZXI6cmVhZCIsInVzZXI6dXBkYXRlIiwiUk9MRV9VU0VSIl0sInN1YiI6Im9kYWthIiwiaWF0IjoxNjk4NzI4NDA3LCJleHAiOjE2OTg3NjQ0MDd9.jzTLdgN2TfCM3AFqLn2UoWpNcmLphMe4oZLZDhFEizs','BEARER',_binary '',_binary '',44),(854,'eyJhbGciOiJIUzI1NiJ9.eyJ1c2VybmFtZSI6ImFkbWluIiwicm9sZSI6WyJhZG1pbjp1cGRhdGUiLCJlbXBsb3llZTp1cGRhdGUiLCJhZG1pbjpyZWFkIiwiZW1wbG95ZWU6Y3JlYXRlIiwiYWRtaW46ZGVsZXRlIiwiYWRtaW46Y3JlYXRlIiwiZW1wbG95ZWU6ZGVsZXRlIiwiZW1wbG95ZWU6cmVhZCIsIlJPTEVfQURNSU4iXSwic3ViIjoiYWRtaW4iLCJpYXQiOjE2OTg3MjkzNjUsImV4cCI6MTY5ODc2NTM2NX0.Pw7P9nU2wHLoPIASxNCih5CBBACtNMcoJ8ytJpzpE6s','BEARER',_binary '',_binary '',19),(855,'eyJhbGciOiJIUzI1NiJ9.eyJ1c2VybmFtZSI6ImFkbWluIiwicm9sZSI6WyJhZG1pbjp1cGRhdGUiLCJlbXBsb3llZTp1cGRhdGUiLCJhZG1pbjpyZWFkIiwiZW1wbG95ZWU6Y3JlYXRlIiwiYWRtaW46ZGVsZXRlIiwiYWRtaW46Y3JlYXRlIiwiZW1wbG95ZWU6ZGVsZXRlIiwiZW1wbG95ZWU6cmVhZCIsIlJPTEVfQURNSU4iXSwic3ViIjoiYWRtaW4iLCJpYXQiOjE2OTg3Mjk0MDMsImV4cCI6MTY5ODc2NTQwM30.HXOLNzzOfC8Inf1hLsS8YpF3zJ3ymj8Iebqz2g7nmQ8','BEARER',_binary '',_binary '',19),(856,'eyJhbGciOiJIUzI1NiJ9.eyJyb2xlIjpbImFkbWluOnVwZGF0ZSIsImFkbWluOnJlYWQiLCJhZG1pbjpkZWxldGUiLCJlbXBsb3llZTp1cGRhdGUiLCJlbXBsb3llZTpkZWxldGUiLCJhZG1pbjpjcmVhdGUiLCJlbXBsb3llZTpjcmVhdGUiLCJlbXBsb3llZTpyZWFkIiwiUk9MRV9BRE1JTiJdLCJ1c2VybmFtZSI6ImFkbWluIiwic3ViIjoiYWRtaW4iLCJpYXQiOjE2OTg3Mjk3MDMsImV4cCI6MTY5ODc2NTcwM30.eiCVxXziiszQSxNyjo9sTsKZ_2LVAJSjnnJH-lGA0iU','BEARER',_binary '',_binary '',19),(857,'eyJhbGciOiJIUzI1NiJ9.eyJ1c2VybmFtZSI6Im9kYWthIiwicm9sZSI6WyJ1c2VyOnVwZGF0ZSIsInVzZXI6cmVhZCIsInVzZXI6Y3JlYXRlIiwiUk9MRV9VU0VSIl0sInN1YiI6Im9kYWthIiwiaWF0IjoxNjk4NzQ0NTkwLCJleHAiOjE2OTg3ODA1OTB9.JYUuAzU49zQ_4M3UV-3y_2bj9yuhPuoDBqm1kxsZsjY','BEARER',_binary '',_binary '',44),(858,'eyJhbGciOiJIUzI1NiJ9.eyJyb2xlIjpbInVzZXI6cmVhZCIsInVzZXI6ZGVsZXRlIiwidXNlcjp1cGRhdGUiLCJ1c2VyOmNyZWF0ZSIsIlJPTEVfVVNFUiJdLCJ1c2VybmFtZSI6Im9kYWthIiwic3ViIjoib2Rha2EiLCJpYXQiOjE2OTg3NTgyODgsImV4cCI6MTY5ODc5NDI4OH0.ZxzC_9RP99Z9q5SelRwKCcP5jOXwcpLHd7xUkarO24s','BEARER',_binary '',_binary '',44),(859,'eyJhbGciOiJIUzI1NiJ9.eyJyb2xlIjpbInVzZXI6cmVhZCIsInVzZXI6ZGVsZXRlIiwidXNlcjp1cGRhdGUiLCJ1c2VyOmNyZWF0ZSIsIlJPTEVfVVNFUiJdLCJ1c2VybmFtZSI6Im9kYWthIiwic3ViIjoib2Rha2EiLCJpYXQiOjE2OTg3NTgzMTQsImV4cCI6MTY5ODc5NDMxNH0.j_6yxjPYnyguc8bwCFYsTeR4hvx3EQe7NhZGbNjPZXQ','BEARER',_binary '',_binary '',44),(860,'eyJhbGciOiJIUzI1NiJ9.eyJyb2xlIjpbInVzZXI6cmVhZCIsInVzZXI6ZGVsZXRlIiwidXNlcjp1cGRhdGUiLCJ1c2VyOmNyZWF0ZSIsIlJPTEVfVVNFUiJdLCJ1c2VybmFtZSI6Im9kYWthIiwic3ViIjoib2Rha2EiLCJpYXQiOjE2OTg3NTgzMTQsImV4cCI6MTY5ODc5NDMxNH0.j_6yxjPYnyguc8bwCFYsTeR4hvx3EQe7NhZGbNjPZXQ','BEARER',_binary '',_binary '',44),(861,'eyJhbGciOiJIUzI1NiJ9.eyJyb2xlIjpbInVzZXI6cmVhZCIsInVzZXI6ZGVsZXRlIiwidXNlcjp1cGRhdGUiLCJ1c2VyOmNyZWF0ZSIsIlJPTEVfVVNFUiJdLCJ1c2VybmFtZSI6Im9kYWthIiwic3ViIjoib2Rha2EiLCJpYXQiOjE2OTg3NTg0MjMsImV4cCI6MTY5ODc5NDQyM30.PvS6dZy2WO7xsTZH8G9EoNtQHAyTXZuQWPfQgJGPels','BEARER',_binary '',_binary '',44),(862,'eyJhbGciOiJIUzI1NiJ9.eyJyb2xlIjpbInVzZXI6cmVhZCIsInVzZXI6ZGVsZXRlIiwidXNlcjp1cGRhdGUiLCJ1c2VyOmNyZWF0ZSIsIlJPTEVfVVNFUiJdLCJ1c2VybmFtZSI6Im9kYWthIiwic3ViIjoib2Rha2EiLCJpYXQiOjE2OTg3NTg0MzUsImV4cCI6MTY5ODc5NDQzNX0.2dbXAcY5GZx4ucq8mizgqLw9JlfB-T8YQ_m0e5UoYRA','BEARER',_binary '',_binary '',44),(863,'eyJhbGciOiJIUzI1NiJ9.eyJyb2xlIjpbInVzZXI6cmVhZCIsInVzZXI6ZGVsZXRlIiwidXNlcjp1cGRhdGUiLCJ1c2VyOmNyZWF0ZSIsIlJPTEVfVVNFUiJdLCJ1c2VybmFtZSI6Im9kYWthIiwic3ViIjoib2Rha2EiLCJpYXQiOjE2OTg3NTg1NDAsImV4cCI6MTY5ODc5NDU0MH0.UfQJGgqFysFmiFNmLs69CXlqa2yd6FHQmk08JILX54c','BEARER',_binary '',_binary '',44),(864,'eyJhbGciOiJIUzI1NiJ9.eyJyb2xlIjpbInVzZXI6cmVhZCIsInVzZXI6ZGVsZXRlIiwidXNlcjp1cGRhdGUiLCJ1c2VyOmNyZWF0ZSIsIlJPTEVfVVNFUiJdLCJ1c2VybmFtZSI6Im9kYWthIiwic3ViIjoib2Rha2EiLCJpYXQiOjE2OTg3NTg1NTAsImV4cCI6MTY5ODc5NDU1MH0.9AS0MmwbhkagSbOmggEDU0GDLX-iaP6curFNuUdB6V0','BEARER',_binary '',_binary '',44),(865,'eyJhbGciOiJIUzI1NiJ9.eyJyb2xlIjpbInVzZXI6dXBkYXRlIiwidXNlcjpyZWFkIiwidXNlcjpjcmVhdGUiLCJ1c2VyOmRlbGV0ZSIsIlJPTEVfVVNFUiJdLCJ1c2VybmFtZSI6Im9kYWthIiwic3ViIjoib2Rha2EiLCJpYXQiOjE2OTg3NTkyOTYsImV4cCI6MTY5ODc5NTI5Nn0.gRRslGGk8SYy7oLQ-RRQ2LohVcnEJP8XgaiRh5C5WPA','BEARER',_binary '',_binary '',44),(866,'eyJhbGciOiJIUzI1NiJ9.eyJyb2xlIjpbInVzZXI6dXBkYXRlIiwidXNlcjpyZWFkIiwidXNlcjpjcmVhdGUiLCJ1c2VyOmRlbGV0ZSIsIlJPTEVfVVNFUiJdLCJ1c2VybmFtZSI6Im9kYWthIiwic3ViIjoib2Rha2EiLCJpYXQiOjE2OTg3NTkyOTYsImV4cCI6MTY5ODc5NTI5Nn0.gRRslGGk8SYy7oLQ-RRQ2LohVcnEJP8XgaiRh5C5WPA','BEARER',_binary '',_binary '',44),(867,'eyJhbGciOiJIUzI1NiJ9.eyJ1c2VybmFtZSI6Im9kYWthIiwicm9sZSI6WyJ1c2VyOnVwZGF0ZSIsInVzZXI6ZGVsZXRlIiwidXNlcjpyZWFkIiwidXNlcjpjcmVhdGUiLCJST0xFX1VTRVIiXSwic3ViIjoib2Rha2EiLCJpYXQiOjE2OTg3NjA2MTAsImV4cCI6MTY5ODc5NjYxMH0.oE7bd2ElawADJwWIZBiPQ6RHJZpSuvhCh8aiXpaV-ec','BEARER',_binary '',_binary '',44),(868,'eyJhbGciOiJIUzI1NiJ9.eyJyb2xlIjpbInVzZXI6ZGVsZXRlIiwidXNlcjpyZWFkIiwidXNlcjpjcmVhdGUiLCJ1c2VyOnVwZGF0ZSIsIlJPTEVfVVNFUiJdLCJ1c2VybmFtZSI6Im9kYWthIiwic3ViIjoib2Rha2EiLCJpYXQiOjE2OTg3NjA3NzYsImV4cCI6MTY5ODc5Njc3Nn0.XAlqut2222nUw8oKVdyyKzhZfV71AMwboUhW7z7841M','BEARER',_binary '',_binary '',44),(869,'eyJhbGciOiJIUzI1NiJ9.eyJyb2xlIjpbInVzZXI6cmVhZCIsInVzZXI6ZGVsZXRlIiwidXNlcjp1cGRhdGUiLCJ1c2VyOmNyZWF0ZSIsIlJPTEVfVVNFUiJdLCJ1c2VybmFtZSI6Im9kYWthIiwic3ViIjoib2Rha2EiLCJpYXQiOjE2OTg3NjEwMjEsImV4cCI6MTY5ODc5NzAyMX0.4wesRgaFZmEV-p6sk4HHFFpQhZ2cX2PT9a-YWPvEHmk','BEARER',_binary '',_binary '',44),(870,'eyJhbGciOiJIUzI1NiJ9.eyJyb2xlIjpbInVzZXI6dXBkYXRlIiwidXNlcjpjcmVhdGUiLCJ1c2VyOnJlYWQiLCJ1c2VyOmRlbGV0ZSIsIlJPTEVfVVNFUiJdLCJ1c2VybmFtZSI6InRlc3QxIiwic3ViIjoidGVzdDEiLCJpYXQiOjE2OTg3NjEyNDcsImV4cCI6MTY5ODc5NzI0N30.4aCuu32NygYOjks4BYGPpXqGitkORCCnlQxHuqcPwU0','BEARER',_binary '',_binary '',21),(871,'eyJhbGciOiJIUzI1NiJ9.eyJyb2xlIjpbInVzZXI6dXBkYXRlIiwidXNlcjpjcmVhdGUiLCJ1c2VyOnJlYWQiLCJ1c2VyOmRlbGV0ZSIsIlJPTEVfVVNFUiJdLCJ1c2VybmFtZSI6InRlc3QxIiwic3ViIjoidGVzdDEiLCJpYXQiOjE2OTg3NjEzNjcsImV4cCI6MTY5ODc5NzM2N30.QGiJQUF2h3W_N08Ie0hJR59AoSzbyuabVrruceNwjlg','BEARER',_binary '',_binary '',21),(872,'eyJhbGciOiJIUzI1NiJ9.eyJyb2xlIjpbInVzZXI6ZGVsZXRlIiwidXNlcjpjcmVhdGUiLCJ1c2VyOnJlYWQiLCJ1c2VyOnVwZGF0ZSIsIlJPTEVfVVNFUiJdLCJ1c2VybmFtZSI6InRlc3QxIiwic3ViIjoidGVzdDEiLCJpYXQiOjE2OTg3NjE0ODQsImV4cCI6MTY5ODc5NzQ4NH0.dOY9TwAi1pznZYsVVHDbAv39HGgk4wF8v84jgDAptEg','BEARER',_binary '',_binary '',21),(873,'eyJhbGciOiJIUzI1NiJ9.eyJyb2xlIjpbImVtcGxveWVlOnJlYWQiLCJhZG1pbjpkZWxldGUiLCJhZG1pbjp1cGRhdGUiLCJlbXBsb3llZTp1cGRhdGUiLCJhZG1pbjpjcmVhdGUiLCJlbXBsb3llZTpjcmVhdGUiLCJlbXBsb3llZTpkZWxldGUiLCJhZG1pbjpyZWFkIiwiUk9MRV9BRE1JTiJdLCJ1c2VybmFtZSI6ImFkbWluIiwic3ViIjoiYWRtaW4iLCJpYXQiOjE2OTg3NjE2MTIsImV4cCI6MTY5ODc5NzYxMn0.1Btd0WTdbwGpMIHcgRTQ5bZyQqSLRp3DcA07qv4ETKw','BEARER',_binary '',_binary '',19),(874,'eyJhbGciOiJIUzI1NiJ9.eyJyb2xlIjpbInVzZXI6ZGVsZXRlIiwidXNlcjpjcmVhdGUiLCJ1c2VyOnJlYWQiLCJ1c2VyOnVwZGF0ZSIsIlJPTEVfVVNFUiJdLCJ1c2VybmFtZSI6InRlc3QxIiwic3ViIjoidGVzdDEiLCJpYXQiOjE2OTg3NjE3MzMsImV4cCI6MTY5ODc5NzczM30.cP_e23SE3s49CoQsDWn7R974Iu0sz_6lDE5_n3vmYFo','BEARER',_binary '',_binary '',21),(875,'eyJhbGciOiJIUzI1NiJ9.eyJyb2xlIjpbInVzZXI6ZGVsZXRlIiwidXNlcjpjcmVhdGUiLCJ1c2VyOnJlYWQiLCJ1c2VyOnVwZGF0ZSIsIlJPTEVfVVNFUiJdLCJ1c2VybmFtZSI6InRlc3QxIiwic3ViIjoidGVzdDEiLCJpYXQiOjE2OTg3NjE4NjgsImV4cCI6MTY5ODc5Nzg2OH0.hMn-ynBEZ9PY-pnGeQ96fGB7TQ5dGEeVuKESvTjfF7k','BEARER',_binary '',_binary '',21),(876,'eyJhbGciOiJIUzI1NiJ9.eyJyb2xlIjpbInVzZXI6ZGVsZXRlIiwidXNlcjpjcmVhdGUiLCJ1c2VyOnJlYWQiLCJ1c2VyOnVwZGF0ZSIsIlJPTEVfVVNFUiJdLCJ1c2VybmFtZSI6InRlc3QxIiwic3ViIjoidGVzdDEiLCJpYXQiOjE2OTg3NjIxNzQsImV4cCI6MTY5ODc5ODE3NH0.a8RBM2xdjyW1AkwntAedlbsQifonIjvPZ8Yp8viY8iE','BEARER',_binary '',_binary '',21),(877,'eyJhbGciOiJIUzI1NiJ9.eyJ1c2VybmFtZSI6InRlc3QxIiwicm9sZSI6WyJ1c2VyOmRlbGV0ZSIsInVzZXI6cmVhZCIsInVzZXI6Y3JlYXRlIiwidXNlcjp1cGRhdGUiLCJST0xFX1VTRVIiXSwic3ViIjoidGVzdDEiLCJpYXQiOjE2OTg3NjIzMzUsImV4cCI6MTY5ODc5ODMzNX0.7P0JIVb3Hfjz4Iqvjy6fxe3v4QLMZI0jH_hMeSsCHUE','BEARER',_binary '',_binary '',21),(878,'eyJhbGciOiJIUzI1NiJ9.eyJ1c2VybmFtZSI6InRlc3QxIiwicm9sZSI6WyJ1c2VyOmRlbGV0ZSIsInVzZXI6cmVhZCIsInVzZXI6Y3JlYXRlIiwidXNlcjp1cGRhdGUiLCJST0xFX1VTRVIiXSwic3ViIjoidGVzdDEiLCJpYXQiOjE2OTg3NjI3MTYsImV4cCI6MTY5ODc5ODcxNn0.-LZzekHwcV6IW-0k0xB2MJC6Ua4u6Kt1rQYvlZ9GkCs','BEARER',_binary '',_binary '',21),(879,'eyJhbGciOiJIUzI1NiJ9.eyJ1c2VybmFtZSI6InRlc3QxIiwicm9sZSI6WyJ1c2VyOmRlbGV0ZSIsInVzZXI6cmVhZCIsInVzZXI6Y3JlYXRlIiwidXNlcjp1cGRhdGUiLCJST0xFX1VTRVIiXSwic3ViIjoidGVzdDEiLCJpYXQiOjE2OTg3NjMwNjIsImV4cCI6MTY5ODc5OTA2Mn0.9VmaT0z7zgf_rG0YFv_T9rpIVDUPX880m5lvMuUjF4A','BEARER',_binary '',_binary '',21),(880,'eyJhbGciOiJIUzI1NiJ9.eyJ1c2VybmFtZSI6InRlc3QxIiwicm9sZSI6WyJ1c2VyOmRlbGV0ZSIsInVzZXI6cmVhZCIsInVzZXI6Y3JlYXRlIiwidXNlcjp1cGRhdGUiLCJST0xFX1VTRVIiXSwic3ViIjoidGVzdDEiLCJpYXQiOjE2OTg3NjMyMjQsImV4cCI6MTY5ODc5OTIyNH0.QVtz_NbaDDy6gJaFmpBmej57BwS-xodn4jId58WUh9g','BEARER',_binary '',_binary '',21),(881,'eyJhbGciOiJIUzI1NiJ9.eyJ1c2VybmFtZSI6InRlc3QxIiwicm9sZSI6WyJ1c2VyOnJlYWQiLCJ1c2VyOnVwZGF0ZSIsInVzZXI6ZGVsZXRlIiwidXNlcjpjcmVhdGUiLCJST0xFX1VTRVIiXSwic3ViIjoidGVzdDEiLCJpYXQiOjE2OTg4MjQ0NDIsImV4cCI6MTY5ODg2MDQ0Mn0.f297d7oBhJy5XLCHJX7QsXjZy6BDNHitrNtafXPsdHU','BEARER',_binary '',_binary '',21),(882,'eyJhbGciOiJIUzI1NiJ9.eyJ1c2VybmFtZSI6InRlc3QxIiwicm9sZSI6WyJ1c2VyOnJlYWQiLCJ1c2VyOnVwZGF0ZSIsInVzZXI6ZGVsZXRlIiwidXNlcjpjcmVhdGUiLCJST0xFX1VTRVIiXSwic3ViIjoidGVzdDEiLCJpYXQiOjE2OTg4MjY1NTYsImV4cCI6MTY5ODg2MjU1Nn0.D7eJx_TbZwPW6IzvEH1_WAk1uXWAAkFvB3UeCEXm5tU','BEARER',_binary '',_binary '',21),(883,'eyJhbGciOiJIUzI1NiJ9.eyJ1c2VybmFtZSI6InRlc3QxIiwicm9sZSI6WyJ1c2VyOnJlYWQiLCJ1c2VyOnVwZGF0ZSIsInVzZXI6ZGVsZXRlIiwidXNlcjpjcmVhdGUiLCJST0xFX1VTRVIiXSwic3ViIjoidGVzdDEiLCJpYXQiOjE2OTg4MzEzOTIsImV4cCI6MTY5ODg2NzM5Mn0.2qGMjx7ZvUZA8b2McKYPRpGjYiEMjIP22uhCsKrEfZI','BEARER',_binary '',_binary '',21),(884,'eyJhbGciOiJIUzI1NiJ9.eyJ1c2VybmFtZSI6InRlc3QxIiwicm9sZSI6WyJ1c2VyOnJlYWQiLCJ1c2VyOnVwZGF0ZSIsInVzZXI6ZGVsZXRlIiwidXNlcjpjcmVhdGUiLCJST0xFX1VTRVIiXSwic3ViIjoidGVzdDEiLCJpYXQiOjE2OTg4MzIyMjMsImV4cCI6MTY5ODg2ODIyM30.hn1nyMMtIZy7tqPaFs7uj3CvGB0o-XIppxfKslXpis4','BEARER',_binary '',_binary '',21),(885,'eyJhbGciOiJIUzI1NiJ9.eyJ1c2VybmFtZSI6InRlc3QxIiwicm9sZSI6WyJ1c2VyOnJlYWQiLCJ1c2VyOnVwZGF0ZSIsInVzZXI6ZGVsZXRlIiwidXNlcjpjcmVhdGUiLCJST0xFX1VTRVIiXSwic3ViIjoidGVzdDEiLCJpYXQiOjE2OTg4MzIzODUsImV4cCI6MTY5ODg2ODM4NX0.eu43q1MHXEYfGsb-imJ5oBDr0A-wD08N52ciug8P9vA','BEARER',_binary '',_binary '',21),(886,'eyJhbGciOiJIUzI1NiJ9.eyJ1c2VybmFtZSI6InRlc3QxIiwicm9sZSI6WyJ1c2VyOnJlYWQiLCJ1c2VyOnVwZGF0ZSIsInVzZXI6ZGVsZXRlIiwidXNlcjpjcmVhdGUiLCJST0xFX1VTRVIiXSwic3ViIjoidGVzdDEiLCJpYXQiOjE2OTg4MzI2MzMsImV4cCI6MTY5ODg2ODYzM30.nRxTuv_RKcNkRbMux99NEp6DAGF6aM-rhC__xXxcuJc','BEARER',_binary '',_binary '',21),(887,'eyJhbGciOiJIUzI1NiJ9.eyJ1c2VybmFtZSI6InRlc3QxIiwicm9sZSI6WyJ1c2VyOnJlYWQiLCJ1c2VyOnVwZGF0ZSIsInVzZXI6ZGVsZXRlIiwidXNlcjpjcmVhdGUiLCJST0xFX1VTRVIiXSwic3ViIjoidGVzdDEiLCJpYXQiOjE2OTg4MzI2NzgsImV4cCI6MTY5ODg2ODY3OH0.JiU-I2BemrGRmZVjxRMSqlbU5HankfOa6a0D8r4U20o','BEARER',_binary '',_binary '',21),(888,'eyJhbGciOiJIUzI1NiJ9.eyJ1c2VybmFtZSI6InRlc3QxIiwicm9sZSI6WyJ1c2VyOnJlYWQiLCJ1c2VyOnVwZGF0ZSIsInVzZXI6ZGVsZXRlIiwidXNlcjpjcmVhdGUiLCJST0xFX1VTRVIiXSwic3ViIjoidGVzdDEiLCJpYXQiOjE2OTg4MzI2OTUsImV4cCI6MTY5ODg2ODY5NX0.nyA0FzEPGGYi5FpQLq7f1LUwWqd3dwF5F8YjsZK9Ni8','BEARER',_binary '',_binary '',21),(889,'eyJhbGciOiJIUzI1NiJ9.eyJ1c2VybmFtZSI6InRlc3QxIiwicm9sZSI6WyJ1c2VyOnJlYWQiLCJ1c2VyOnVwZGF0ZSIsInVzZXI6ZGVsZXRlIiwidXNlcjpjcmVhdGUiLCJST0xFX1VTRVIiXSwic3ViIjoidGVzdDEiLCJpYXQiOjE2OTg4MzI3OTcsImV4cCI6MTY5ODg2ODc5N30.VJU5ASGa0UfreytgOXQXvDSHBQaX6421kngq5G6A9vQ','BEARER',_binary '',_binary '',21),(890,'eyJhbGciOiJIUzI1NiJ9.eyJyb2xlIjpbInVzZXI6ZGVsZXRlIiwidXNlcjpjcmVhdGUiLCJ1c2VyOnJlYWQiLCJ1c2VyOnVwZGF0ZSIsIlJPTEVfVVNFUiJdLCJ1c2VybmFtZSI6InRlc3QxIiwic3ViIjoidGVzdDEiLCJpYXQiOjE2OTg5MDg1MjAsImV4cCI6MTY5ODk0NDUyMH0.-xlBO0AUrt4XKhpr-sjegClsmeBgzdEqg-AGPX23pKg','BEARER',_binary '',_binary '',21),(891,'eyJhbGciOiJIUzI1NiJ9.eyJyb2xlIjpbImVtcGxveWVlOnJlYWQiLCJlbXBsb3llZTp1cGRhdGUiLCJhZG1pbjpjcmVhdGUiLCJhZG1pbjp1cGRhdGUiLCJlbXBsb3llZTpkZWxldGUiLCJhZG1pbjpkZWxldGUiLCJhZG1pbjpyZWFkIiwiZW1wbG95ZWU6Y3JlYXRlIiwiUk9MRV9BRE1JTiJdLCJ1c2VybmFtZSI6ImFkbWluIiwic3ViIjoiYWRtaW4iLCJpYXQiOjE2OTg5MDk2OTksImV4cCI6MTY5ODk0NTY5OX0.y7tw3T_H25KrE_CJ9HyVej5tdha5OJA5-AC7XLqW8gE','BEARER',_binary '',_binary '',19),(892,'eyJhbGciOiJIUzI1NiJ9.eyJyb2xlIjpbImFkbWluOnJlYWQiLCJlbXBsb3llZTpjcmVhdGUiLCJlbXBsb3llZTpyZWFkIiwiZW1wbG95ZWU6dXBkYXRlIiwiYWRtaW46Y3JlYXRlIiwiYWRtaW46dXBkYXRlIiwiZW1wbG95ZWU6ZGVsZXRlIiwiYWRtaW46ZGVsZXRlIiwiUk9MRV9BRE1JTiJdLCJ1c2VybmFtZSI6ImFkbWluIiwic3ViIjoiYWRtaW4iLCJpYXQiOjE2OTg5MTI2NTMsImV4cCI6MTY5ODkxMjY4M30.QBpbRIgVMknNsndhL84bqlFROOgI5u7fXpXz9imNSjU','BEARER',_binary '',_binary '',19),(893,'eyJhbGciOiJIUzI1NiJ9.eyJyb2xlIjpbImFkbWluOnJlYWQiLCJlbXBsb3llZTpjcmVhdGUiLCJlbXBsb3llZTpyZWFkIiwiZW1wbG95ZWU6dXBkYXRlIiwiYWRtaW46Y3JlYXRlIiwiYWRtaW46dXBkYXRlIiwiZW1wbG95ZWU6ZGVsZXRlIiwiYWRtaW46ZGVsZXRlIiwiUk9MRV9BRE1JTiJdLCJ1c2VybmFtZSI6ImFkbWluIiwic3ViIjoiYWRtaW4iLCJpYXQiOjE2OTg5MTI3MzIsImV4cCI6MTY5ODkxMjc2Mn0.1Zx6Co_pAwxLOKyolRzb8TFzgYoFQz_lsk0rMNPo-Bg','BEARER',_binary '',_binary '',19),(894,'eyJhbGciOiJIUzI1NiJ9.eyJyb2xlIjpbImFkbWluOnJlYWQiLCJlbXBsb3llZTpjcmVhdGUiLCJlbXBsb3llZTpyZWFkIiwiZW1wbG95ZWU6dXBkYXRlIiwiYWRtaW46Y3JlYXRlIiwiYWRtaW46dXBkYXRlIiwiZW1wbG95ZWU6ZGVsZXRlIiwiYWRtaW46ZGVsZXRlIiwiUk9MRV9BRE1JTiJdLCJ1c2VybmFtZSI6ImFkbWluIiwic3ViIjoiYWRtaW4iLCJpYXQiOjE2OTg5MTI5MzgsImV4cCI6MTY5ODkxMjk2OH0.sMk1s5cv2zCLW-SOihZnSJs9OLNVy5W_4SC7lNGY6oc','BEARER',_binary '',_binary '',19),(895,'eyJhbGciOiJIUzI1NiJ9.eyJyb2xlIjpbImFkbWluOnJlYWQiLCJlbXBsb3llZTpjcmVhdGUiLCJlbXBsb3llZTpyZWFkIiwiZW1wbG95ZWU6dXBkYXRlIiwiYWRtaW46Y3JlYXRlIiwiYWRtaW46dXBkYXRlIiwiZW1wbG95ZWU6ZGVsZXRlIiwiYWRtaW46ZGVsZXRlIiwiUk9MRV9BRE1JTiJdLCJ1c2VybmFtZSI6ImFkbWluIiwic3ViIjoiYWRtaW4iLCJpYXQiOjE2OTg5MTMwMTQsImV4cCI6MTY5ODkxMzA0NH0.tYevMzPVmIGH0xalFTHrbA6HY3kwU3dFre8lRSEl_1k','BEARER',_binary '',_binary '',19),(896,'eyJhbGciOiJIUzI1NiJ9.eyJyb2xlIjpbImFkbWluOnJlYWQiLCJlbXBsb3llZTpjcmVhdGUiLCJlbXBsb3llZTpyZWFkIiwiZW1wbG95ZWU6dXBkYXRlIiwiYWRtaW46Y3JlYXRlIiwiYWRtaW46dXBkYXRlIiwiZW1wbG95ZWU6ZGVsZXRlIiwiYWRtaW46ZGVsZXRlIiwiUk9MRV9BRE1JTiJdLCJ1c2VybmFtZSI6ImFkbWluIiwic3ViIjoiYWRtaW4iLCJpYXQiOjE2OTg5MTMxMTQsImV4cCI6MTY5ODkxMzE0NH0.sYZQ6peperBH0LLcvN7AamqrbuJcKEcewq5xZHWQbnM','BEARER',_binary '',_binary '',19),(897,'eyJhbGciOiJIUzI1NiJ9.eyJyb2xlIjpbImFkbWluOnJlYWQiLCJlbXBsb3llZTpjcmVhdGUiLCJlbXBsb3llZTpyZWFkIiwiZW1wbG95ZWU6dXBkYXRlIiwiYWRtaW46Y3JlYXRlIiwiYWRtaW46dXBkYXRlIiwiZW1wbG95ZWU6ZGVsZXRlIiwiYWRtaW46ZGVsZXRlIiwiUk9MRV9BRE1JTiJdLCJ1c2VybmFtZSI6ImFkbWluIiwic3ViIjoiYWRtaW4iLCJpYXQiOjE2OTg5MTMxOTIsImV4cCI6MTY5ODkxMzIyMn0.Wr_hVHrKuOiGsoxNvaV7sjLDEHK91vjXo3_r76QesSI','BEARER',_binary '',_binary '',19),(898,'eyJhbGciOiJIUzI1NiJ9.eyJ1c2VybmFtZSI6ImFkbWluIiwicm9sZSI6WyJlbXBsb3llZTpjcmVhdGUiLCJhZG1pbjp1cGRhdGUiLCJlbXBsb3llZTpyZWFkIiwiZW1wbG95ZWU6dXBkYXRlIiwiZW1wbG95ZWU6ZGVsZXRlIiwiYWRtaW46cmVhZCIsImFkbWluOmRlbGV0ZSIsImFkbWluOmNyZWF0ZSIsIlJPTEVfQURNSU4iXSwic3ViIjoiYWRtaW4iLCJpYXQiOjE2OTg5MTM2OTUsImV4cCI6MTY5ODkxMzcyNX0.evG-Kx2orw0ayPVGzm1Elshs9F8aRuL_q6_4hoT5F00','BEARER',_binary '',_binary '',19),(899,'eyJhbGciOiJIUzI1NiJ9.eyJyb2xlIjpbImVtcGxveWVlOmNyZWF0ZSIsImVtcGxveWVlOnVwZGF0ZSIsImFkbWluOnJlYWQiLCJhZG1pbjpjcmVhdGUiLCJhZG1pbjpkZWxldGUiLCJlbXBsb3llZTpkZWxldGUiLCJlbXBsb3llZTpyZWFkIiwiYWRtaW46dXBkYXRlIiwiUk9MRV9BRE1JTiJdLCJ1c2VybmFtZSI6ImFkbWluIiwic3ViIjoiYWRtaW4iLCJpYXQiOjE2OTg5MTM4MzksImV4cCI6MTY5ODkxMzg2OX0.Gp-A2qENbGF-4R2XyK6x46ea8XWcYtvkgqJl8X6ag-Y','BEARER',_binary '',_binary '',19),(900,'eyJhbGciOiJIUzI1NiJ9.eyJ1c2VybmFtZSI6ImFkbWluIiwicm9sZSI6WyJlbXBsb3llZTp1cGRhdGUiLCJlbXBsb3llZTpyZWFkIiwiZW1wbG95ZWU6Y3JlYXRlIiwiYWRtaW46cmVhZCIsImFkbWluOmRlbGV0ZSIsImVtcGxveWVlOmRlbGV0ZSIsImFkbWluOnVwZGF0ZSIsImFkbWluOmNyZWF0ZSIsIlJPTEVfQURNSU4iXSwic3ViIjoiYWRtaW4iLCJpYXQiOjE2OTg5MTQwNjAsImV4cCI6MTY5ODkxNDA5MH0.7T8iTXN0757gaxeGZHL_RHFXfQ9a1cbl2_SUmbqIssQ','BEARER',_binary '',_binary '',19),(901,'eyJhbGciOiJIUzI1NiJ9.eyJ1c2VybmFtZSI6InRlc3QxIiwicm9sZSI6WyJ1c2VyOnJlYWQiLCJ1c2VyOmNyZWF0ZSIsInVzZXI6ZGVsZXRlIiwidXNlcjp1cGRhdGUiLCJST0xFX1VTRVIiXSwic3ViIjoidGVzdDEiLCJpYXQiOjE2OTg5MTQwODIsImV4cCI6MTY5ODkxNDExMn0.fHKZa_aUbZ1V92TFvbaTtXz3L2qvDCwuYT-UkTcSiCo','BEARER',_binary '',_binary '',21),(902,'eyJhbGciOiJIUzI1NiJ9.eyJ1c2VybmFtZSI6InRlc3QxIiwicm9sZSI6WyJ1c2VyOnJlYWQiLCJ1c2VyOmNyZWF0ZSIsInVzZXI6ZGVsZXRlIiwidXNlcjp1cGRhdGUiLCJST0xFX1VTRVIiXSwic3ViIjoidGVzdDEiLCJpYXQiOjE2OTg5MTQyODUsImV4cCI6MTY5ODkxNDMxNX0.rQne1pkSZE64krCkE-031LOePI4eDHWC80Mk6IIIROY','BEARER',_binary '',_binary '',21),(903,'eyJhbGciOiJIUzI1NiJ9.eyJ1c2VybmFtZSI6InRlc3QxIiwicm9sZSI6WyJ1c2VyOmNyZWF0ZSIsInVzZXI6cmVhZCIsInVzZXI6dXBkYXRlIiwidXNlcjpkZWxldGUiLCJST0xFX1VTRVIiXSwic3ViIjoidGVzdDEiLCJpYXQiOjE2OTg5MTQ2MzcsImV4cCI6MTY5ODkxNDY2N30.y2lbUELhskD85khrXF-O1547ws6LKTPW21R8VLvj0So','BEARER',_binary '',_binary '',21),(904,'eyJhbGciOiJIUzI1NiJ9.eyJyb2xlIjpbInVzZXI6dXBkYXRlIiwidXNlcjpkZWxldGUiLCJ1c2VyOmNyZWF0ZSIsInVzZXI6cmVhZCIsIlJPTEVfVVNFUiJdLCJ1c2VybmFtZSI6InRlc3QxIiwic3ViIjoidGVzdDEiLCJpYXQiOjE2OTg5MTQ3ODMsImV4cCI6MTY5ODkxNDgxM30._XTmPMZc6L49DEuykpUt6Wnu4sIbYqBLf_TeqmqyMvw','BEARER',_binary '',_binary '',21),(905,'eyJhbGciOiJIUzI1NiJ9.eyJyb2xlIjpbInVzZXI6ZGVsZXRlIiwidXNlcjp1cGRhdGUiLCJ1c2VyOmNyZWF0ZSIsInVzZXI6cmVhZCIsIlJPTEVfVVNFUiJdLCJ1c2VybmFtZSI6InRlc3QxIiwic3ViIjoidGVzdDEiLCJpYXQiOjE2OTg5MTQ5OTksImV4cCI6MTY5ODkxNTAyOX0.Ji3S2nxhqyaRp5esC9ZILm02GgFfSKVhUFj9r2ev-Xw','BEARER',_binary '',_binary '',21),(906,'eyJhbGciOiJIUzI1NiJ9.eyJyb2xlIjpbInVzZXI6ZGVsZXRlIiwidXNlcjp1cGRhdGUiLCJ1c2VyOmNyZWF0ZSIsInVzZXI6cmVhZCIsIlJPTEVfVVNFUiJdLCJ1c2VybmFtZSI6InRlc3QxIiwic3ViIjoidGVzdDEiLCJpYXQiOjE2OTg5MTUwNjcsImV4cCI6MTY5ODkxNTA5N30.4TG1Ek6Y6evsFiXxV5_HtXhpmH2IO-L6iuC8ZfwdDbA','BEARER',_binary '',_binary '',21),(907,'eyJhbGciOiJIUzI1NiJ9.eyJyb2xlIjpbInVzZXI6ZGVsZXRlIiwidXNlcjp1cGRhdGUiLCJ1c2VyOmNyZWF0ZSIsInVzZXI6cmVhZCIsIlJPTEVfVVNFUiJdLCJ1c2VybmFtZSI6InRlc3QxIiwic3ViIjoidGVzdDEiLCJpYXQiOjE2OTg5MTUyMzcsImV4cCI6MTY5ODkxNTI2N30.2kuHVSRWKCe7P7IodQHpDfip3s_uZYME44zv79SB0uc','BEARER',_binary '',_binary '',21),(908,'eyJhbGciOiJIUzI1NiJ9.eyJyb2xlIjpbInVzZXI6ZGVsZXRlIiwidXNlcjp1cGRhdGUiLCJ1c2VyOmNyZWF0ZSIsInVzZXI6cmVhZCIsIlJPTEVfVVNFUiJdLCJ1c2VybmFtZSI6InRlc3QxIiwic3ViIjoidGVzdDEiLCJpYXQiOjE2OTg5MTUzMjgsImV4cCI6MTY5ODkxNTM1OH0.HAFVWPpWDbpyBgr3NbHsWpWClCo3w92ABFFwSnFcTHI','BEARER',_binary '',_binary '',21),(909,'eyJhbGciOiJIUzI1NiJ9.eyJyb2xlIjpbInVzZXI6ZGVsZXRlIiwidXNlcjp1cGRhdGUiLCJ1c2VyOmNyZWF0ZSIsInVzZXI6cmVhZCIsIlJPTEVfVVNFUiJdLCJ1c2VybmFtZSI6InRlc3QxIiwic3ViIjoidGVzdDEiLCJpYXQiOjE2OTg5MTUzNzMsImV4cCI6MTY5ODkxNTQwM30.F8Y2GXfyQDNi90viIyfXpAZPhvWwAtXoZxsvQhVKiFk','BEARER',_binary '',_binary '',21),(910,'eyJhbGciOiJIUzI1NiJ9.eyJyb2xlIjpbInVzZXI6ZGVsZXRlIiwidXNlcjp1cGRhdGUiLCJ1c2VyOmNyZWF0ZSIsInVzZXI6cmVhZCIsIlJPTEVfVVNFUiJdLCJ1c2VybmFtZSI6InRlc3QxIiwic3ViIjoidGVzdDEiLCJpYXQiOjE2OTg5MTU1MDQsImV4cCI6MTY5ODkxNTUzNH0.GXysliXGCtpPUK3toFAX7Pct489ayBUfIv5N69iy41Y','BEARER',_binary '',_binary '',21),(911,'eyJhbGciOiJIUzI1NiJ9.eyJyb2xlIjpbInVzZXI6ZGVsZXRlIiwidXNlcjp1cGRhdGUiLCJ1c2VyOmNyZWF0ZSIsInVzZXI6cmVhZCIsIlJPTEVfVVNFUiJdLCJ1c2VybmFtZSI6InRlc3QxIiwic3ViIjoidGVzdDEiLCJpYXQiOjE2OTg5MTU2NzUsImV4cCI6MTY5ODkxNTcwNX0.9BQqtXgUFYn3QBB9_bvqd_5nxVs2hbTTxtV5h4o1foI','BEARER',_binary '',_binary '',21),(912,'eyJhbGciOiJIUzI1NiJ9.eyJyb2xlIjpbInVzZXI6ZGVsZXRlIiwidXNlcjp1cGRhdGUiLCJ1c2VyOmNyZWF0ZSIsInVzZXI6cmVhZCIsIlJPTEVfVVNFUiJdLCJ1c2VybmFtZSI6InRlc3QxIiwic3ViIjoidGVzdDEiLCJpYXQiOjE2OTg5MTU3NDgsImV4cCI6MTY5ODkxNTc3OH0.4pKRLWZKk8MRtalzqLsMhwWUHZxHwRtP0rqe1S3RHXM','BEARER',_binary '',_binary '',21),(913,'eyJhbGciOiJIUzI1NiJ9.eyJyb2xlIjpbInVzZXI6ZGVsZXRlIiwidXNlcjp1cGRhdGUiLCJ1c2VyOmNyZWF0ZSIsInVzZXI6cmVhZCIsIlJPTEVfVVNFUiJdLCJ1c2VybmFtZSI6InRlc3QxIiwic3ViIjoidGVzdDEiLCJpYXQiOjE2OTg5MTU4NjIsImV4cCI6MTY5ODkxNTg5Mn0.ERrnHlb3ISCbWjd8rwOS6gl2Xeb-0XF0bMYu2UzQkBg','BEARER',_binary '',_binary '',21),(914,'eyJhbGciOiJIUzI1NiJ9.eyJyb2xlIjpbInVzZXI6ZGVsZXRlIiwidXNlcjp1cGRhdGUiLCJ1c2VyOmNyZWF0ZSIsInVzZXI6cmVhZCIsIlJPTEVfVVNFUiJdLCJ1c2VybmFtZSI6InRlc3QxIiwic3ViIjoidGVzdDEiLCJpYXQiOjE2OTg5MTYwMTMsImV4cCI6MTY5ODkxNjA0M30.4Yc4m0WssuqfK_IByzdU5cjtTyTEdjwfqjV0-FsIcrE','BEARER',_binary '',_binary '',21),(915,'eyJhbGciOiJIUzI1NiJ9.eyJyb2xlIjpbInVzZXI6ZGVsZXRlIiwidXNlcjp1cGRhdGUiLCJ1c2VyOmNyZWF0ZSIsInVzZXI6cmVhZCIsIlJPTEVfVVNFUiJdLCJ1c2VybmFtZSI6InRlc3QxIiwic3ViIjoidGVzdDEiLCJpYXQiOjE2OTg5MTYxMDksImV4cCI6MTY5ODkxNjEzOX0.WCEOjGDLMrQKfqrygAgBCiduzs77ND3TuAycvwtULik','BEARER',_binary '',_binary '',21),(916,'eyJhbGciOiJIUzI1NiJ9.eyJyb2xlIjpbInVzZXI6ZGVsZXRlIiwidXNlcjp1cGRhdGUiLCJ1c2VyOmNyZWF0ZSIsInVzZXI6cmVhZCIsIlJPTEVfVVNFUiJdLCJ1c2VybmFtZSI6InRlc3QxIiwic3ViIjoidGVzdDEiLCJpYXQiOjE2OTg5MTYzOTQsImV4cCI6MTY5ODkxNjQyNH0.3MpOXB_Q4_kEoVQQpxVu_nhvg-yJ5ibZoHa2x0O6sl0','BEARER',_binary '',_binary '',21),(917,'eyJhbGciOiJIUzI1NiJ9.eyJ1c2VybmFtZSI6InRlc3QxIiwicm9sZSI6WyJ1c2VyOnVwZGF0ZSIsInVzZXI6cmVhZCIsInVzZXI6Y3JlYXRlIiwidXNlcjpkZWxldGUiLCJST0xFX1VTRVIiXSwic3ViIjoidGVzdDEiLCJpYXQiOjE2OTg5MTY2MDEsImV4cCI6MTY5ODkxNjYzMX0.-gdtXADKYIdPAGNE10Wcv6BweAD8Q4z45AoReVN24k4','BEARER',_binary '',_binary '',21),(918,'eyJhbGciOiJIUzI1NiJ9.eyJ1c2VybmFtZSI6InRlc3QxIiwicm9sZSI6WyJ1c2VyOnVwZGF0ZSIsInVzZXI6cmVhZCIsInVzZXI6Y3JlYXRlIiwidXNlcjpkZWxldGUiLCJST0xFX1VTRVIiXSwic3ViIjoidGVzdDEiLCJpYXQiOjE2OTg5MTY2MzMsImV4cCI6MTY5ODkxNjY2M30.CEDvr6R-4ZuA9es_-KUvVJYBN-9uN7mwqTekSwUVEwE','BEARER',_binary '',_binary '',21),(919,'eyJhbGciOiJIUzI1NiJ9.eyJ1c2VybmFtZSI6InRlc3QxIiwicm9sZSI6WyJ1c2VyOnVwZGF0ZSIsInVzZXI6cmVhZCIsInVzZXI6Y3JlYXRlIiwidXNlcjpkZWxldGUiLCJST0xFX1VTRVIiXSwic3ViIjoidGVzdDEiLCJpYXQiOjE2OTg5MTY2ODEsImV4cCI6MTY5ODkxNjcxMX0.VXqF5wjpI9q-0xnrm-fnsfJ1AM3K8qoV1VQbXoKwOT8','BEARER',_binary '',_binary '',21),(920,'eyJhbGciOiJIUzI1NiJ9.eyJyb2xlIjpbInVzZXI6cmVhZCIsInVzZXI6Y3JlYXRlIiwidXNlcjp1cGRhdGUiLCJ1c2VyOmRlbGV0ZSIsIlJPTEVfVVNFUiJdLCJ1c2VybmFtZSI6InRlc3QxIiwic3ViIjoidGVzdDEiLCJpYXQiOjE2OTg5MzI4OTMsImV4cCI6MTY5ODk2ODg5M30.Q5S7f7GIIPo3N0WCwKERKWQRWWoSfXRgNPPWN0o7xaE','BEARER',_binary '',_binary '',21),(921,'eyJhbGciOiJIUzI1NiJ9.eyJyb2xlIjpbInVzZXI6cmVhZCIsInVzZXI6Y3JlYXRlIiwidXNlcjp1cGRhdGUiLCJ1c2VyOmRlbGV0ZSIsIlJPTEVfVVNFUiJdLCJ1c2VybmFtZSI6InRlc3QxIiwic3ViIjoidGVzdDEiLCJpYXQiOjE2OTg5MzMwMTAsImV4cCI6MTY5ODk2OTAxMH0.JzZjnjpeWnOG3BHGQUB_3iwzY7DePd2hvYLVs05pnjQ','BEARER',_binary '',_binary '',21),(922,'eyJhbGciOiJIUzI1NiJ9.eyJyb2xlIjpbInVzZXI6cmVhZCIsInVzZXI6Y3JlYXRlIiwidXNlcjp1cGRhdGUiLCJ1c2VyOmRlbGV0ZSIsIlJPTEVfVVNFUiJdLCJ1c2VybmFtZSI6InRlc3QxIiwic3ViIjoidGVzdDEiLCJpYXQiOjE2OTg5MzMwMzgsImV4cCI6MTY5ODk2OTAzOH0.cHSo5kGkcBH0zKl_hSJV6sd9k7czkZhexBfaHqaXNrI','BEARER',_binary '',_binary '',21),(923,'eyJhbGciOiJIUzI1NiJ9.eyJyb2xlIjpbInVzZXI6cmVhZCIsInVzZXI6Y3JlYXRlIiwidXNlcjp1cGRhdGUiLCJ1c2VyOmRlbGV0ZSIsIlJPTEVfVVNFUiJdLCJ1c2VybmFtZSI6InRlc3QxIiwic3ViIjoidGVzdDEiLCJpYXQiOjE2OTg5MzMxODcsImV4cCI6MTY5ODk2OTE4N30.-7Jm2Q34cKchBDg5ZDNT4z6fVV-AJBZvtj64sJl1x9s','BEARER',_binary '',_binary '',21),(924,'eyJhbGciOiJIUzI1NiJ9.eyJyb2xlIjpbInVzZXI6cmVhZCIsInVzZXI6Y3JlYXRlIiwidXNlcjp1cGRhdGUiLCJ1c2VyOmRlbGV0ZSIsIlJPTEVfVVNFUiJdLCJ1c2VybmFtZSI6InRlc3QxIiwic3ViIjoidGVzdDEiLCJpYXQiOjE2OTg5MzMyMTksImV4cCI6MTY5ODk2OTIxOX0.bV6BYtWXEX--iSoWzbLV-os01_cGrZIaP535jBFrT7o','BEARER',_binary '',_binary '',21),(925,'eyJhbGciOiJIUzI1NiJ9.eyJyb2xlIjpbInVzZXI6cmVhZCIsInVzZXI6Y3JlYXRlIiwidXNlcjp1cGRhdGUiLCJ1c2VyOmRlbGV0ZSIsIlJPTEVfVVNFUiJdLCJ1c2VybmFtZSI6InRlc3QxIiwic3ViIjoidGVzdDEiLCJpYXQiOjE2OTg5MzMzMTAsImV4cCI6MTY5ODk2OTMxMH0.AiXpWvX1kP7cjDtAZ4H8P8ACvbdTnGB2FiuJcJiMPyY','BEARER',_binary '',_binary '',21),(926,'eyJhbGciOiJIUzI1NiJ9.eyJyb2xlIjpbInVzZXI6cmVhZCIsInVzZXI6Y3JlYXRlIiwidXNlcjp1cGRhdGUiLCJ1c2VyOmRlbGV0ZSIsIlJPTEVfVVNFUiJdLCJ1c2VybmFtZSI6InRlc3QxIiwic3ViIjoidGVzdDEiLCJpYXQiOjE2OTg5MzM1MjAsImV4cCI6MTY5ODk2OTUyMH0.HjN2T2wiwuHJUOj3BC7RaYahQHpxjCjL4ZXxwJL1_qc','BEARER',_binary '',_binary '',21),(927,'eyJhbGciOiJIUzI1NiJ9.eyJyb2xlIjpbInVzZXI6cmVhZCIsInVzZXI6Y3JlYXRlIiwidXNlcjp1cGRhdGUiLCJ1c2VyOmRlbGV0ZSIsIlJPTEVfVVNFUiJdLCJ1c2VybmFtZSI6InRlc3QxIiwic3ViIjoidGVzdDEiLCJpYXQiOjE2OTg5MzM1NDMsImV4cCI6MTY5ODk2OTU0M30.T5BvfIYidm4husLTd2-EGP8Bg0QRIh6ailLG_DDeweo','BEARER',_binary '',_binary '',21),(928,'eyJhbGciOiJIUzI1NiJ9.eyJyb2xlIjpbInVzZXI6cmVhZCIsInVzZXI6Y3JlYXRlIiwidXNlcjp1cGRhdGUiLCJ1c2VyOmRlbGV0ZSIsIlJPTEVfVVNFUiJdLCJ1c2VybmFtZSI6InRlc3QxIiwic3ViIjoidGVzdDEiLCJpYXQiOjE2OTg5MzM3MjMsImV4cCI6MTY5ODk2OTcyM30.43cmwo4WMdfnaD0djgKy_WXMHWcjbvcPx5R7EoTa318','BEARER',_binary '',_binary '',21),(929,'eyJhbGciOiJIUzI1NiJ9.eyJyb2xlIjpbInVzZXI6cmVhZCIsInVzZXI6Y3JlYXRlIiwidXNlcjp1cGRhdGUiLCJ1c2VyOmRlbGV0ZSIsIlJPTEVfVVNFUiJdLCJ1c2VybmFtZSI6InRlc3QxIiwic3ViIjoidGVzdDEiLCJpYXQiOjE2OTg5MzM4NjcsImV4cCI6MTY5ODk2OTg2N30.454Kix5dWkFXcbAI8ggsXzS1ByFEhiSmscDQvhK-BW0','BEARER',_binary '',_binary '',21),(930,'eyJhbGciOiJIUzI1NiJ9.eyJyb2xlIjpbInVzZXI6cmVhZCIsInVzZXI6Y3JlYXRlIiwidXNlcjp1cGRhdGUiLCJ1c2VyOmRlbGV0ZSIsIlJPTEVfVVNFUiJdLCJ1c2VybmFtZSI6InRlc3QxIiwic3ViIjoidGVzdDEiLCJpYXQiOjE2OTg5MzQyNDcsImV4cCI6MTY5ODk3MDI0N30.BbrC3bBiHtvH9r5KQeCq_NdcRXmF7IYKMWEczS9xo9M','BEARER',_binary '',_binary '',21),(931,'eyJhbGciOiJIUzI1NiJ9.eyJyb2xlIjpbInVzZXI6cmVhZCIsInVzZXI6Y3JlYXRlIiwidXNlcjp1cGRhdGUiLCJ1c2VyOmRlbGV0ZSIsIlJPTEVfVVNFUiJdLCJ1c2VybmFtZSI6InRlc3QxIiwic3ViIjoidGVzdDEiLCJpYXQiOjE2OTg5MzQ0MDMsImV4cCI6MTY5ODk3MDQwM30.N1Y6dHNuZGrtnXhMuct67yInrEC6BNAvh9Hv5288_7I','BEARER',_binary '',_binary '',21),(932,'eyJhbGciOiJIUzI1NiJ9.eyJyb2xlIjpbInVzZXI6cmVhZCIsInVzZXI6Y3JlYXRlIiwidXNlcjp1cGRhdGUiLCJ1c2VyOmRlbGV0ZSIsIlJPTEVfVVNFUiJdLCJ1c2VybmFtZSI6InRlc3QxIiwic3ViIjoidGVzdDEiLCJpYXQiOjE2OTg5MzQ2MTUsImV4cCI6MTY5ODk3MDYxNX0.3rzIfM9gQxDRYktZXpAMxHeEWV1OCCc9iX7vKxo4qqI','BEARER',_binary '',_binary '',21),(933,'eyJhbGciOiJIUzI1NiJ9.eyJyb2xlIjpbInVzZXI6cmVhZCIsInVzZXI6Y3JlYXRlIiwidXNlcjp1cGRhdGUiLCJ1c2VyOmRlbGV0ZSIsIlJPTEVfVVNFUiJdLCJ1c2VybmFtZSI6InRlc3QxIiwic3ViIjoidGVzdDEiLCJpYXQiOjE2OTg5MzQ2NDgsImV4cCI6MTY5ODk3MDY0OH0.kbr9JquVYfm5pBw52trgReprOjCT-NmkzzLp61bxTGY','BEARER',_binary '',_binary '',21),(934,'eyJhbGciOiJIUzI1NiJ9.eyJyb2xlIjpbInVzZXI6cmVhZCIsInVzZXI6Y3JlYXRlIiwidXNlcjp1cGRhdGUiLCJ1c2VyOmRlbGV0ZSIsIlJPTEVfVVNFUiJdLCJ1c2VybmFtZSI6InRlc3QxIiwic3ViIjoidGVzdDEiLCJpYXQiOjE2OTg5MzQ3MjMsImV4cCI6MTY5ODk3MDcyM30.3yhdnsvKzg_Ez1VOCkTy3IyRCv8foAC5TuIkDp0Gy8g','BEARER',_binary '',_binary '',21),(935,'eyJhbGciOiJIUzI1NiJ9.eyJyb2xlIjpbInVzZXI6cmVhZCIsInVzZXI6Y3JlYXRlIiwidXNlcjp1cGRhdGUiLCJ1c2VyOmRlbGV0ZSIsIlJPTEVfVVNFUiJdLCJ1c2VybmFtZSI6InRlc3QxIiwic3ViIjoidGVzdDEiLCJpYXQiOjE2OTg5MzQ5ODIsImV4cCI6MTY5ODk3MDk4Mn0.WgyK48NhNyxYms24A5jxjPHa2gOf2AqI6cYxpwEEXTw','BEARER',_binary '',_binary '',21),(936,'eyJhbGciOiJIUzI1NiJ9.eyJyb2xlIjpbInVzZXI6cmVhZCIsInVzZXI6Y3JlYXRlIiwidXNlcjp1cGRhdGUiLCJ1c2VyOmRlbGV0ZSIsIlJPTEVfVVNFUiJdLCJ1c2VybmFtZSI6InRlc3QxIiwic3ViIjoidGVzdDEiLCJpYXQiOjE2OTg5MzUwNTMsImV4cCI6MTY5ODk3MTA1M30.KB7a2QTO2nbH_O6cumnXdef3nPzS_LJzT1Ol3XnGfYg','BEARER',_binary '',_binary '',21),(937,'eyJhbGciOiJIUzI1NiJ9.eyJyb2xlIjpbInVzZXI6cmVhZCIsInVzZXI6Y3JlYXRlIiwidXNlcjp1cGRhdGUiLCJ1c2VyOmRlbGV0ZSIsIlJPTEVfVVNFUiJdLCJ1c2VybmFtZSI6InRlc3QxIiwic3ViIjoidGVzdDEiLCJpYXQiOjE2OTg5MzUxMzQsImV4cCI6MTY5ODk3MTEzNH0.8HNHB3OvFhTO8KySYq1TTIBocsLRoIWURK1R5bOV3Ls','BEARER',_binary '',_binary '',21),(938,'eyJhbGciOiJIUzI1NiJ9.eyJyb2xlIjpbInVzZXI6cmVhZCIsInVzZXI6Y3JlYXRlIiwidXNlcjp1cGRhdGUiLCJ1c2VyOmRlbGV0ZSIsIlJPTEVfVVNFUiJdLCJ1c2VybmFtZSI6InRlc3QxIiwic3ViIjoidGVzdDEiLCJpYXQiOjE2OTg5MzUyNDksImV4cCI6MTY5ODk3MTI0OX0.EkjwmOkMomASumaqjMaRykppESyqnPCdOXQBq2DidRQ','BEARER',_binary '',_binary '',21),(939,'eyJhbGciOiJIUzI1NiJ9.eyJyb2xlIjpbInVzZXI6cmVhZCIsInVzZXI6Y3JlYXRlIiwidXNlcjp1cGRhdGUiLCJ1c2VyOmRlbGV0ZSIsIlJPTEVfVVNFUiJdLCJ1c2VybmFtZSI6InRlc3QxIiwic3ViIjoidGVzdDEiLCJpYXQiOjE2OTg5MzUzMjgsImV4cCI6MTY5ODk3MTMyOH0.vPoBxOZt-icDfKki-Hm3ZQWjpceTyZb-9pgxOt97aU4','BEARER',_binary '',_binary '',21),(940,'eyJhbGciOiJIUzI1NiJ9.eyJyb2xlIjpbInVzZXI6cmVhZCIsInVzZXI6Y3JlYXRlIiwidXNlcjp1cGRhdGUiLCJ1c2VyOmRlbGV0ZSIsIlJPTEVfVVNFUiJdLCJ1c2VybmFtZSI6InRlc3QxIiwic3ViIjoidGVzdDEiLCJpYXQiOjE2OTg5MzU0MzgsImV4cCI6MTY5ODk3MTQzOH0.KlHWPMzD5UGxyzT4dxcqrKKpJxC3eSVX3Tb5VdEUa5U','BEARER',_binary '',_binary '',21),(941,'eyJhbGciOiJIUzI1NiJ9.eyJyb2xlIjpbInVzZXI6cmVhZCIsInVzZXI6Y3JlYXRlIiwidXNlcjp1cGRhdGUiLCJ1c2VyOmRlbGV0ZSIsIlJPTEVfVVNFUiJdLCJ1c2VybmFtZSI6InRlc3QxIiwic3ViIjoidGVzdDEiLCJpYXQiOjE2OTg5MzU3MTAsImV4cCI6MTY5ODk3MTcxMH0.eImCdfvBRMrxSE5MrfkpHPqhI9OnVdpIhxLoQ4a7ic0','BEARER',_binary '',_binary '',21),(942,'eyJhbGciOiJIUzI1NiJ9.eyJyb2xlIjpbInVzZXI6cmVhZCIsInVzZXI6Y3JlYXRlIiwidXNlcjp1cGRhdGUiLCJ1c2VyOmRlbGV0ZSIsIlJPTEVfVVNFUiJdLCJ1c2VybmFtZSI6InRlc3QxIiwic3ViIjoidGVzdDEiLCJpYXQiOjE2OTg5MzU5MTcsImV4cCI6MTY5ODk3MTkxN30.y50fpErzGGbNB1tmE2mnbI1Ye-1V0-XM0L7RJiGu9xE','BEARER',_binary '',_binary '',21),(943,'eyJhbGciOiJIUzI1NiJ9.eyJyb2xlIjpbInVzZXI6cmVhZCIsInVzZXI6Y3JlYXRlIiwidXNlcjp1cGRhdGUiLCJ1c2VyOmRlbGV0ZSIsIlJPTEVfVVNFUiJdLCJ1c2VybmFtZSI6InRlc3QxIiwic3ViIjoidGVzdDEiLCJpYXQiOjE2OTg5MzYyNjQsImV4cCI6MTY5ODk3MjI2NH0.ntKtpoNnRi3y7fXOaTX2MiVadXK19UOXvlzqmJg9m9s','BEARER',_binary '',_binary '',21),(944,'eyJhbGciOiJIUzI1NiJ9.eyJyb2xlIjpbInVzZXI6cmVhZCIsInVzZXI6Y3JlYXRlIiwidXNlcjp1cGRhdGUiLCJ1c2VyOmRlbGV0ZSIsIlJPTEVfVVNFUiJdLCJ1c2VybmFtZSI6InRlc3QxIiwic3ViIjoidGVzdDEiLCJpYXQiOjE2OTg5MzYyNzcsImV4cCI6MTY5ODk3MjI3N30.zOL71rwzZC9J0cutcU1a8_04-MkyS-F1g0GpIHFmjkU','BEARER',_binary '',_binary '',21),(945,'eyJhbGciOiJIUzI1NiJ9.eyJyb2xlIjpbInVzZXI6cmVhZCIsInVzZXI6Y3JlYXRlIiwidXNlcjp1cGRhdGUiLCJ1c2VyOmRlbGV0ZSIsIlJPTEVfVVNFUiJdLCJ1c2VybmFtZSI6InRlc3QxIiwic3ViIjoidGVzdDEiLCJpYXQiOjE2OTg5MzYzNjgsImV4cCI6MTY5ODk3MjM2OH0.y0rX1URrbnwE1AWBSpQFzkTntWWo97KZSJB4v-ipNK0','BEARER',_binary '',_binary '',21),(946,'eyJhbGciOiJIUzI1NiJ9.eyJyb2xlIjpbInVzZXI6cmVhZCIsInVzZXI6Y3JlYXRlIiwidXNlcjp1cGRhdGUiLCJ1c2VyOmRlbGV0ZSIsIlJPTEVfVVNFUiJdLCJ1c2VybmFtZSI6InRlc3QxIiwic3ViIjoidGVzdDEiLCJpYXQiOjE2OTg5MzY2NjEsImV4cCI6MTY5ODk3MjY2MX0.Qr8u4vIy6H0Dqb4CE7CB5YcOAUpnLZnpqbUoeeKmQys','BEARER',_binary '',_binary '',21),(947,'eyJhbGciOiJIUzI1NiJ9.eyJyb2xlIjpbInVzZXI6cmVhZCIsInVzZXI6Y3JlYXRlIiwidXNlcjp1cGRhdGUiLCJ1c2VyOmRlbGV0ZSIsIlJPTEVfVVNFUiJdLCJ1c2VybmFtZSI6InRlc3QxIiwic3ViIjoidGVzdDEiLCJpYXQiOjE2OTg5MzY4NDQsImV4cCI6MTY5ODk3Mjg0NH0.R4S70Svn40qgPoeg_iUyp7-_VTKmjlLsF8uc54zuKXE','BEARER',_binary '',_binary '',21),(948,'eyJhbGciOiJIUzI1NiJ9.eyJyb2xlIjpbInVzZXI6cmVhZCIsInVzZXI6Y3JlYXRlIiwidXNlcjp1cGRhdGUiLCJ1c2VyOmRlbGV0ZSIsIlJPTEVfVVNFUiJdLCJ1c2VybmFtZSI6InRlc3QxIiwic3ViIjoidGVzdDEiLCJpYXQiOjE2OTg5MzcwMzEsImV4cCI6MTY5ODk3MzAzMX0.dQ0vgJe2l4eB71lpVudlpR989895M1r6-SeU_s1VGwk','BEARER',_binary '',_binary '',21),(949,'eyJhbGciOiJIUzI1NiJ9.eyJyb2xlIjpbInVzZXI6cmVhZCIsInVzZXI6Y3JlYXRlIiwidXNlcjp1cGRhdGUiLCJ1c2VyOmRlbGV0ZSIsIlJPTEVfVVNFUiJdLCJ1c2VybmFtZSI6InRlc3QxIiwic3ViIjoidGVzdDEiLCJpYXQiOjE2OTg5MzcwNDcsImV4cCI6MTY5ODk3MzA0N30.KjtKXFA1gykGe2-Z9VqtFr06ycrP0eablzJGmbtEJiQ','BEARER',_binary '',_binary '',21),(950,'eyJhbGciOiJIUzI1NiJ9.eyJyb2xlIjpbInVzZXI6cmVhZCIsInVzZXI6Y3JlYXRlIiwidXNlcjp1cGRhdGUiLCJ1c2VyOmRlbGV0ZSIsIlJPTEVfVVNFUiJdLCJ1c2VybmFtZSI6InRlc3QxIiwic3ViIjoidGVzdDEiLCJpYXQiOjE2OTg5MzcxOTIsImV4cCI6MTY5ODk3MzE5Mn0.1-tWGvHVuWbfUwwbaAnaCqcaAZO9MNumd24HCm1IclE','BEARER',_binary '',_binary '',21),(951,'eyJhbGciOiJIUzI1NiJ9.eyJyb2xlIjpbInVzZXI6cmVhZCIsInVzZXI6Y3JlYXRlIiwidXNlcjp1cGRhdGUiLCJ1c2VyOmRlbGV0ZSIsIlJPTEVfVVNFUiJdLCJ1c2VybmFtZSI6InRlc3QxIiwic3ViIjoidGVzdDEiLCJpYXQiOjE2OTg5MzczNjcsImV4cCI6MTY5ODk3MzM2N30.p621bvy0-FKLolas2-3bvk_Z07FfU8pRJKPZ_6qNB1g','BEARER',_binary '',_binary '',21),(952,'eyJhbGciOiJIUzI1NiJ9.eyJyb2xlIjpbInVzZXI6cmVhZCIsInVzZXI6Y3JlYXRlIiwidXNlcjp1cGRhdGUiLCJ1c2VyOmRlbGV0ZSIsIlJPTEVfVVNFUiJdLCJ1c2VybmFtZSI6InRlc3QxIiwic3ViIjoidGVzdDEiLCJpYXQiOjE2OTg5Mzc0MDQsImV4cCI6MTY5ODk3MzQwNH0.e4ZQnirucgP3dmd-kWu4zAqLizkYsIqhWKFqPSKuaJU','BEARER',_binary '',_binary '',21),(953,'eyJhbGciOiJIUzI1NiJ9.eyJyb2xlIjpbInVzZXI6cmVhZCIsInVzZXI6Y3JlYXRlIiwidXNlcjp1cGRhdGUiLCJ1c2VyOmRlbGV0ZSIsIlJPTEVfVVNFUiJdLCJ1c2VybmFtZSI6InRlc3QxIiwic3ViIjoidGVzdDEiLCJpYXQiOjE2OTg5Mzc0NDEsImV4cCI6MTY5ODk3MzQ0MX0.w4H83eB9YptaoGcvc9AvV99TJ0GP8OCzlmUh8wTOxR8','BEARER',_binary '',_binary '',21),(954,'eyJhbGciOiJIUzI1NiJ9.eyJyb2xlIjpbInVzZXI6cmVhZCIsInVzZXI6Y3JlYXRlIiwidXNlcjp1cGRhdGUiLCJ1c2VyOmRlbGV0ZSIsIlJPTEVfVVNFUiJdLCJ1c2VybmFtZSI6InRlc3QxIiwic3ViIjoidGVzdDEiLCJpYXQiOjE2OTg5Mzc1ODIsImV4cCI6MTY5ODk3MzU4Mn0.Z-a9DL9CvGPIzhwvEEiBFnxftTLte-zSIr9bs1ZGFKI','BEARER',_binary '',_binary '',21),(955,'eyJhbGciOiJIUzI1NiJ9.eyJyb2xlIjpbInVzZXI6cmVhZCIsInVzZXI6Y3JlYXRlIiwidXNlcjp1cGRhdGUiLCJ1c2VyOmRlbGV0ZSIsIlJPTEVfVVNFUiJdLCJ1c2VybmFtZSI6InRlc3QxIiwic3ViIjoidGVzdDEiLCJpYXQiOjE2OTg5Mzc2MjMsImV4cCI6MTY5ODk3MzYyM30.iZDACe7QsVjLVwJ9GDp8CsaXBJRIzmXllxsh53L-U0I','BEARER',_binary '',_binary '',21),(956,'eyJhbGciOiJIUzI1NiJ9.eyJyb2xlIjpbInVzZXI6cmVhZCIsInVzZXI6Y3JlYXRlIiwidXNlcjp1cGRhdGUiLCJ1c2VyOmRlbGV0ZSIsIlJPTEVfVVNFUiJdLCJ1c2VybmFtZSI6InRlc3QxIiwic3ViIjoidGVzdDEiLCJpYXQiOjE2OTg5Mzc2NDAsImV4cCI6MTY5ODk3MzY0MH0.QhdxcQG9k3MLaN_MN4nrNYTdc-JXQORXGTjatVsCFrM','BEARER',_binary '',_binary '',21),(957,'eyJhbGciOiJIUzI1NiJ9.eyJyb2xlIjpbInVzZXI6cmVhZCIsInVzZXI6Y3JlYXRlIiwidXNlcjp1cGRhdGUiLCJ1c2VyOmRlbGV0ZSIsIlJPTEVfVVNFUiJdLCJ1c2VybmFtZSI6InRlc3QxIiwic3ViIjoidGVzdDEiLCJpYXQiOjE2OTg5Mzc2NjUsImV4cCI6MTY5ODk3MzY2NX0.9Y8E-2mpa-bXnAIu4jKQk8xJBnsuKv1GeJatYx6SiSs','BEARER',_binary '',_binary '',21),(958,'eyJhbGciOiJIUzI1NiJ9.eyJyb2xlIjpbInVzZXI6cmVhZCIsInVzZXI6Y3JlYXRlIiwidXNlcjp1cGRhdGUiLCJ1c2VyOmRlbGV0ZSIsIlJPTEVfVVNFUiJdLCJ1c2VybmFtZSI6InRlc3QxIiwic3ViIjoidGVzdDEiLCJpYXQiOjE2OTg5Mzc2ODEsImV4cCI6MTY5ODk3MzY4MX0.Uk-O59-JC8Nd-aiuvvq5j0vLHJaLosTvjKM1DlfuTtg','BEARER',_binary '',_binary '',21),(959,'eyJhbGciOiJIUzI1NiJ9.eyJyb2xlIjpbInVzZXI6cmVhZCIsInVzZXI6Y3JlYXRlIiwidXNlcjp1cGRhdGUiLCJ1c2VyOmRlbGV0ZSIsIlJPTEVfVVNFUiJdLCJ1c2VybmFtZSI6InRlc3QxIiwic3ViIjoidGVzdDEiLCJpYXQiOjE2OTg5Mzc2OTUsImV4cCI6MTY5ODk3MzY5NX0.rdNFNr3WlbCuR0oNHbYewlyJwr3-4z6-vmqoldm9tAk','BEARER',_binary '',_binary '',21),(960,'eyJhbGciOiJIUzI1NiJ9.eyJyb2xlIjpbInVzZXI6Y3JlYXRlIiwidXNlcjpyZWFkIiwidXNlcjp1cGRhdGUiLCJ1c2VyOmRlbGV0ZSIsIlJPTEVfVVNFUiJdLCJ1c2VybmFtZSI6InRlc3QxIiwic3ViIjoidGVzdDEiLCJpYXQiOjE2OTkwMTUwNzIsImV4cCI6MTY5OTA1MTA3Mn0.YxgmcwRpDYSdbLNPRxLnLkGw2sYVLDR08M7lUpiyHP4','BEARER',_binary '',_binary '',21),(961,'eyJhbGciOiJIUzI1NiJ9.eyJyb2xlIjpbInVzZXI6Y3JlYXRlIiwidXNlcjpyZWFkIiwidXNlcjp1cGRhdGUiLCJ1c2VyOmRlbGV0ZSIsIlJPTEVfVVNFUiJdLCJ1c2VybmFtZSI6InRlc3QxIiwic3ViIjoidGVzdDEiLCJpYXQiOjE2OTkwMTgyNDksImV4cCI6MTY5OTA1NDI0OX0.C0vefAktKJWetLk2ytIxGKu_xjE5pwUtNYd-ADU3We8','BEARER',_binary '',_binary '',21),(962,'eyJhbGciOiJIUzI1NiJ9.eyJyb2xlIjpbImVtcGxveWVlOnVwZGF0ZSIsImVtcGxveWVlOnJlYWQiLCJlbXBsb3llZTpkZWxldGUiLCJlbXBsb3llZTpjcmVhdGUiLCJST0xFX0VNUExPWUVFIl0sInVzZXJuYW1lIjoiZW1wbG95ZWUiLCJzdWIiOiJlbXBsb3llZSIsImlhdCI6MTY5OTAyNTI4MiwiZXhwIjoxNjk5MDYxMjgyfQ.zzEs_0mLTB5_yHe5-qQjGrFpIp6I1xmqzdFCM1xP7IU','BEARER',_binary '',_binary '',20),(963,'eyJhbGciOiJIUzI1NiJ9.eyJyb2xlIjpbImVtcGxveWVlOnVwZGF0ZSIsImVtcGxveWVlOnJlYWQiLCJlbXBsb3llZTpkZWxldGUiLCJlbXBsb3llZTpjcmVhdGUiLCJST0xFX0VNUExPWUVFIl0sInVzZXJuYW1lIjoiZW1wbG95ZWUiLCJzdWIiOiJlbXBsb3llZSIsImlhdCI6MTY5OTAyNTI4MiwiZXhwIjoxNjk5MDYxMjgyfQ.zzEs_0mLTB5_yHe5-qQjGrFpIp6I1xmqzdFCM1xP7IU','BEARER',_binary '',_binary '',20),(964,'eyJhbGciOiJIUzI1NiJ9.eyJ1c2VybmFtZSI6ImVtcGxveWVlIiwicm9sZSI6WyJlbXBsb3llZTp1cGRhdGUiLCJlbXBsb3llZTpkZWxldGUiLCJlbXBsb3llZTpyZWFkIiwiZW1wbG95ZWU6Y3JlYXRlIiwiUk9MRV9FTVBMT1lFRSJdLCJzdWIiOiJlbXBsb3llZSIsImlhdCI6MTY5OTAyNTQzMywiZXhwIjoxNjk5MDYxNDMzfQ.QPj72CnI2GGeSFZneHWLM4w7PGsfmECTxVq9CXRRy4k','BEARER',_binary '',_binary '',20),(965,'eyJhbGciOiJIUzI1NiJ9.eyJyb2xlIjpbImVtcGxveWVlOnJlYWQiLCJlbXBsb3llZTpkZWxldGUiLCJlbXBsb3llZTp1cGRhdGUiLCJlbXBsb3llZTpjcmVhdGUiLCJST0xFX0VNUExPWUVFIl0sInVzZXJuYW1lIjoiZW1wbG95ZWUiLCJzdWIiOiJlbXBsb3llZSIsImlhdCI6MTY5OTAyNTgxOCwiZXhwIjoxNjk5MDYxODE4fQ.L8q_bpR5aqyEbL2mkaLaqptzp98IsdMS2KCVbeu6cpY','BEARER',_binary '',_binary '',20),(966,'eyJhbGciOiJIUzI1NiJ9.eyJyb2xlIjpbImVtcGxveWVlOnJlYWQiLCJlbXBsb3llZTpkZWxldGUiLCJlbXBsb3llZTp1cGRhdGUiLCJlbXBsb3llZTpjcmVhdGUiLCJST0xFX0VNUExPWUVFIl0sInVzZXJuYW1lIjoiZW1wbG95ZWUiLCJzdWIiOiJlbXBsb3llZSIsImlhdCI6MTY5OTAyNTgxOCwiZXhwIjoxNjk5MDYxODE4fQ.L8q_bpR5aqyEbL2mkaLaqptzp98IsdMS2KCVbeu6cpY','BEARER',_binary '',_binary '',20),(967,'eyJhbGciOiJIUzI1NiJ9.eyJyb2xlIjpbImVtcGxveWVlOnJlYWQiLCJlbXBsb3llZTpkZWxldGUiLCJlbXBsb3llZTp1cGRhdGUiLCJlbXBsb3llZTpjcmVhdGUiLCJST0xFX0VNUExPWUVFIl0sInVzZXJuYW1lIjoiZW1wbG95ZWUiLCJzdWIiOiJlbXBsb3llZSIsImlhdCI6MTY5OTAyNTkzMSwiZXhwIjoxNjk5MDYxOTMxfQ.SbNeDMBHyJ6k5UVWaF97OnT3Z-9h7ayVXkzbNu6ejJ8','BEARER',_binary '',_binary '',20),(968,'eyJhbGciOiJIUzI1NiJ9.eyJyb2xlIjpbImVtcGxveWVlOnJlYWQiLCJlbXBsb3llZTpkZWxldGUiLCJlbXBsb3llZTp1cGRhdGUiLCJlbXBsb3llZTpjcmVhdGUiLCJST0xFX0VNUExPWUVFIl0sInVzZXJuYW1lIjoiZW1wbG95ZWUiLCJzdWIiOiJlbXBsb3llZSIsImlhdCI6MTY5OTAyNTkzMiwiZXhwIjoxNjk5MDYxOTMyfQ.g6r95eeyUm6L3ZVPOWpMLqvPk6TUGFC-nD87DeQu22w','BEARER',_binary '',_binary '',20),(969,'eyJhbGciOiJIUzI1NiJ9.eyJyb2xlIjpbImVtcGxveWVlOnJlYWQiLCJlbXBsb3llZTpkZWxldGUiLCJlbXBsb3llZTp1cGRhdGUiLCJlbXBsb3llZTpjcmVhdGUiLCJST0xFX0VNUExPWUVFIl0sInVzZXJuYW1lIjoiZW1wbG95ZWUiLCJzdWIiOiJlbXBsb3llZSIsImlhdCI6MTY5OTAyNTkzMiwiZXhwIjoxNjk5MDYxOTMyfQ.g6r95eeyUm6L3ZVPOWpMLqvPk6TUGFC-nD87DeQu22w','BEARER',_binary '',_binary '',20),(970,'eyJhbGciOiJIUzI1NiJ9.eyJ1c2VybmFtZSI6ImVtcGxveWVlIiwicm9sZSI6WyJlbXBsb3llZTp1cGRhdGUiLCJlbXBsb3llZTpkZWxldGUiLCJlbXBsb3llZTpyZWFkIiwiZW1wbG95ZWU6Y3JlYXRlIiwiUk9MRV9FTVBMT1lFRSJdLCJzdWIiOiJlbXBsb3llZSIsImlhdCI6MTY5OTAyNjExMCwiZXhwIjoxNjk5MDYyMTEwfQ.jWlsq2RVs2gW5YTy3L8Gae-5RtlTxe0_-clbubglNrU','BEARER',_binary '',_binary '',20),(971,'eyJhbGciOiJIUzI1NiJ9.eyJyb2xlIjpbImVtcGxveWVlOmNyZWF0ZSIsImVtcGxveWVlOnJlYWQiLCJlbXBsb3llZTpkZWxldGUiLCJlbXBsb3llZTp1cGRhdGUiLCJST0xFX0VNUExPWUVFIl0sInVzZXJuYW1lIjoiZW1wbG95ZWUiLCJzdWIiOiJlbXBsb3llZSIsImlhdCI6MTY5OTEwNzMwMiwiZXhwIjoxNjk5MTQzMzAyfQ.-PcmF-8V970_uNVqTK3K8GPbnlrdEjvffoHuXi4r534','BEARER',_binary '',_binary '',20),(972,'eyJhbGciOiJIUzI1NiJ9.eyJyb2xlIjpbImVtcGxveWVlOmNyZWF0ZSIsImVtcGxveWVlOnJlYWQiLCJlbXBsb3llZTpkZWxldGUiLCJlbXBsb3llZTp1cGRhdGUiLCJST0xFX0VNUExPWUVFIl0sInVzZXJuYW1lIjoiZW1wbG95ZWUiLCJzdWIiOiJlbXBsb3llZSIsImlhdCI6MTY5OTEwODczNywiZXhwIjoxNjk5MTQ0NzM3fQ.RQnD87S9MEmpILWHHy0U1J6kxqybe-NJvWA_uUYy8Zo','BEARER',_binary '',_binary '',20),(973,'eyJhbGciOiJIUzI1NiJ9.eyJ1c2VybmFtZSI6ImVtcGxveWVlIiwicm9sZSI6WyJlbXBsb3llZTpjcmVhdGUiLCJlbXBsb3llZTp1cGRhdGUiLCJlbXBsb3llZTpyZWFkIiwiZW1wbG95ZWU6ZGVsZXRlIiwiUk9MRV9FTVBMT1lFRSJdLCJzdWIiOiJlbXBsb3llZSIsImlhdCI6MTY5OTE2ODQ3MCwiZXhwIjoxNjk5MjA0NDcwfQ.pfRUZA1xTLGzYh1vQ_1nVCW60wLeL9MirwQRWPUKDis','BEARER',_binary '',_binary '',20),(974,'eyJhbGciOiJIUzI1NiJ9.eyJyb2xlIjpbInVzZXI6ZGVsZXRlIiwidXNlcjp1cGRhdGUiLCJ1c2VyOmNyZWF0ZSIsInVzZXI6cmVhZCIsIlJPTEVfVVNFUiJdLCJ1c2VybmFtZSI6InRlc3QxIiwic3ViIjoidGVzdDEiLCJpYXQiOjE2OTkyNTIwNjEsImV4cCI6MTY5OTI4ODA2MX0.vsO3cvPeftoxctAS3nWufhd7PDdhTyCsIRF2PJ3MHGU','BEARER',_binary '',_binary '',21),(975,'eyJhbGciOiJIUzI1NiJ9.eyJyb2xlIjpbInVzZXI6ZGVsZXRlIiwidXNlcjp1cGRhdGUiLCJ1c2VyOmNyZWF0ZSIsInVzZXI6cmVhZCIsIlJPTEVfVVNFUiJdLCJ1c2VybmFtZSI6InRlc3QxIiwic3ViIjoidGVzdDEiLCJpYXQiOjE2OTkyNTIwNzAsImV4cCI6MTY5OTI4ODA3MH0.4UGdI3_SkNNFXbbVw0xqDAPXD5KoLUs0cl6oYFgeFYo','BEARER',_binary '',_binary '',21),(976,'eyJhbGciOiJIUzI1NiJ9.eyJ1c2VybmFtZSI6InRlc3QxIiwicm9sZSI6WyJ1c2VyOmNyZWF0ZSIsInVzZXI6ZGVsZXRlIiwidXNlcjp1cGRhdGUiLCJ1c2VyOnJlYWQiLCJST0xFX1VTRVIiXSwic3ViIjoidGVzdDEiLCJpYXQiOjE2OTkyNTIzMDEsImV4cCI6MTY5OTI4ODMwMX0.wRyNM4RtS22RZR-464GPDo4J6_ElVtJ5oXDvOBFny7A','BEARER',_binary '',_binary '',21),(977,'eyJhbGciOiJIUzI1NiJ9.eyJyb2xlIjpbInVzZXI6dXBkYXRlIiwidXNlcjpyZWFkIiwidXNlcjpkZWxldGUiLCJ1c2VyOmNyZWF0ZSIsIlJPTEVfVVNFUiJdLCJ1c2VybmFtZSI6InRlc3QxIiwic3ViIjoidGVzdDEiLCJpYXQiOjE2OTkyNTIzNzAsImV4cCI6MTY5OTI4ODM3MH0.NlSsym2mHyhbUlLkLKUembhTc8CsPIGNtHOAefQcB7U','BEARER',_binary '',_binary '',21),(978,'eyJhbGciOiJIUzI1NiJ9.eyJyb2xlIjpbInVzZXI6ZGVsZXRlIiwidXNlcjp1cGRhdGUiLCJ1c2VyOmNyZWF0ZSIsInVzZXI6cmVhZCIsIlJPTEVfVVNFUiJdLCJ1c2VybmFtZSI6InRlc3QxIiwic3ViIjoidGVzdDEiLCJpYXQiOjE2OTkyNTI4MzMsImV4cCI6MTY5OTI4ODgzM30.Dj7wwhqrpubjs9cbm0GfJwO1JEMtnAnPVwXWRCVWA8Y','BEARER',_binary '',_binary '',21),(979,'eyJhbGciOiJIUzI1NiJ9.eyJ1c2VybmFtZSI6InRlc3QxIiwicm9sZSI6WyJ1c2VyOmRlbGV0ZSIsInVzZXI6dXBkYXRlIiwidXNlcjpyZWFkIiwidXNlcjpjcmVhdGUiLCJST0xFX1VTRVIiXSwic3ViIjoidGVzdDEiLCJpYXQiOjE2OTkyNTI5MzIsImV4cCI6MTY5OTI4ODkzMn0.Wipsp8o1i73KwM5pMCJf3LyCghH7FJXohPmW70_jK2s','BEARER',_binary '',_binary '',21),(980,'eyJhbGciOiJIUzI1NiJ9.eyJyb2xlIjpbInVzZXI6cmVhZCIsInVzZXI6ZGVsZXRlIiwidXNlcjpjcmVhdGUiLCJ1c2VyOnVwZGF0ZSIsIlJPTEVfVVNFUiJdLCJ1c2VybmFtZSI6InRlc3QxIiwic3ViIjoidGVzdDEiLCJpYXQiOjE2OTkyNTMwMzAsImV4cCI6MTY5OTI4OTAzMH0.NrDyjclQzqikRXu5GFedkS6MOc6-8fYkAJbEOUannok','BEARER',_binary '',_binary '',21),(981,'eyJhbGciOiJIUzI1NiJ9.eyJyb2xlIjpbInVzZXI6cmVhZCIsInVzZXI6ZGVsZXRlIiwidXNlcjpjcmVhdGUiLCJ1c2VyOnVwZGF0ZSIsIlJPTEVfVVNFUiJdLCJ1c2VybmFtZSI6InRlc3QxIiwic3ViIjoidGVzdDEiLCJpYXQiOjE2OTkyNTMwNzUsImV4cCI6MTY5OTI4OTA3NX0.9tGzbmXt00YiXbLJ5WlKHDAWPM_cfplqiUJlGLG12E0','BEARER',_binary '',_binary '',21),(982,'eyJhbGciOiJIUzI1NiJ9.eyJ1c2VybmFtZSI6InRlc3QxIiwicm9sZSI6WyJ1c2VyOnJlYWQiLCJ1c2VyOnVwZGF0ZSIsInVzZXI6Y3JlYXRlIiwidXNlcjpkZWxldGUiLCJST0xFX1VTRVIiXSwic3ViIjoidGVzdDEiLCJpYXQiOjE2OTkyNTMzMzksImV4cCI6MTY5OTI4OTMzOX0.WInHsX2JpcAu94kAzeXXkCkDXyuix-tO-cIH9htpfg0','BEARER',_binary '',_binary '',21),(983,'eyJhbGciOiJIUzI1NiJ9.eyJyb2xlIjpbInVzZXI6cmVhZCIsInVzZXI6ZGVsZXRlIiwidXNlcjpjcmVhdGUiLCJ1c2VyOnVwZGF0ZSIsIlJPTEVfVVNFUiJdLCJ1c2VybmFtZSI6InRlc3QxIiwic3ViIjoidGVzdDEiLCJpYXQiOjE2OTkyNTM2MDEsImV4cCI6MTY5OTI4OTYwMX0.7UTD6fiYiGRb4RR9s1uToEKCkekNjHr4sUf7-wB1QYA','BEARER',_binary '',_binary '',21),(984,'eyJhbGciOiJIUzI1NiJ9.eyJyb2xlIjpbInVzZXI6cmVhZCIsInVzZXI6ZGVsZXRlIiwidXNlcjpjcmVhdGUiLCJ1c2VyOnVwZGF0ZSIsIlJPTEVfVVNFUiJdLCJ1c2VybmFtZSI6InRlc3QxIiwic3ViIjoidGVzdDEiLCJpYXQiOjE2OTkyNTM2MDEsImV4cCI6MTY5OTI4OTYwMX0.7UTD6fiYiGRb4RR9s1uToEKCkekNjHr4sUf7-wB1QYA','BEARER',_binary '',_binary '',21),(985,'eyJhbGciOiJIUzI1NiJ9.eyJyb2xlIjpbInVzZXI6ZGVsZXRlIiwidXNlcjpjcmVhdGUiLCJ1c2VyOnVwZGF0ZSIsInVzZXI6cmVhZCIsIlJPTEVfVVNFUiJdLCJ1c2VybmFtZSI6InRlc3QxIiwic3ViIjoidGVzdDEiLCJpYXQiOjE2OTkyNTM4MjYsImV4cCI6MTY5OTI4OTgyNn0.TsYOD14y72u_j9qpOmH_RS4c1aDrFs7lPL16-AVHPqU','BEARER',_binary '',_binary '',21),(986,'eyJhbGciOiJIUzI1NiJ9.eyJyb2xlIjpbInVzZXI6ZGVsZXRlIiwidXNlcjpjcmVhdGUiLCJ1c2VyOnVwZGF0ZSIsInVzZXI6cmVhZCIsIlJPTEVfVVNFUiJdLCJ1c2VybmFtZSI6InRlc3QxIiwic3ViIjoidGVzdDEiLCJpYXQiOjE2OTkyNTU0NzgsImV4cCI6MTY5OTI5MTQ3OH0.5D_01buXHCjZzaAOP2uj4EkM9REETg-YE6ALQCNZQEY','BEARER',_binary '',_binary '',21),(987,'eyJhbGciOiJIUzI1NiJ9.eyJyb2xlIjpbInVzZXI6ZGVsZXRlIiwidXNlcjpjcmVhdGUiLCJ1c2VyOnVwZGF0ZSIsInVzZXI6cmVhZCIsIlJPTEVfVVNFUiJdLCJ1c2VybmFtZSI6InRlc3QxIiwic3ViIjoidGVzdDEiLCJpYXQiOjE2OTkyNjI0MjgsImV4cCI6MTY5OTI5ODQyOH0.X4BdJ21QFFSK6v2mEIy_EmQmsAz4nOEGYWFz77zYb98','BEARER',_binary '',_binary '',21),(988,'eyJhbGciOiJIUzI1NiJ9.eyJyb2xlIjpbInVzZXI6ZGVsZXRlIiwidXNlcjpjcmVhdGUiLCJ1c2VyOnVwZGF0ZSIsInVzZXI6cmVhZCIsIlJPTEVfVVNFUiJdLCJ1c2VybmFtZSI6InRlc3QxIiwic3ViIjoidGVzdDEiLCJpYXQiOjE2OTkyNjI2OTUsImV4cCI6MTY5OTI5ODY5NX0.OsrROtNjbh041mxkNm2r1Iomu0VqsByYPRQfLvGrZ08','BEARER',_binary '',_binary '',21),(989,'eyJhbGciOiJIUzI1NiJ9.eyJyb2xlIjpbInVzZXI6ZGVsZXRlIiwidXNlcjpjcmVhdGUiLCJ1c2VyOnVwZGF0ZSIsInVzZXI6cmVhZCIsIlJPTEVfVVNFUiJdLCJ1c2VybmFtZSI6InRlc3QxIiwic3ViIjoidGVzdDEiLCJpYXQiOjE2OTkyNjM3MDksImV4cCI6MTY5OTI5OTcwOX0.YYb5VuaC_fU1FUnHEr7QTKyHiwBlaRNKMndTeHdLjWw','BEARER',_binary '',_binary '',21),(990,'eyJhbGciOiJIUzI1NiJ9.eyJyb2xlIjpbInVzZXI6cmVhZCIsInVzZXI6ZGVsZXRlIiwidXNlcjpjcmVhdGUiLCJ1c2VyOnVwZGF0ZSIsIlJPTEVfVVNFUiJdLCJ1c2VybmFtZSI6InRlc3QxIiwic3ViIjoidGVzdDEiLCJpYXQiOjE2OTkzMzE4MjIsImV4cCI6MTY5OTM2NzgyMn0.0mxtwgBa2QlmjxiHA9ArIAy_xdvKU32kUN4liJzGZqA','BEARER',_binary '',_binary '',21),(991,'eyJhbGciOiJIUzI1NiJ9.eyJyb2xlIjpbImVtcGxveWVlOmNyZWF0ZSIsImVtcGxveWVlOnVwZGF0ZSIsImVtcGxveWVlOnJlYWQiLCJlbXBsb3llZTpkZWxldGUiLCJST0xFX0VNUExPWUVFIl0sInVzZXJuYW1lIjoiZW1wbG95ZWUiLCJzdWIiOiJlbXBsb3llZSIsImlhdCI6MTY5OTMzMTkyNiwiZXhwIjoxNjk5MzY3OTI2fQ.z3X8b0i5Yc9F4RMFhVxRSx0i8uU06b1aeJwE6mTYCAI','BEARER',_binary '',_binary '',20),(992,'eyJhbGciOiJIUzI1NiJ9.eyJ1c2VybmFtZSI6InRlc3QxIiwicm9sZSI6WyJ1c2VyOmRlbGV0ZSIsInVzZXI6cmVhZCIsInVzZXI6dXBkYXRlIiwidXNlcjpjcmVhdGUiLCJST0xFX1VTRVIiXSwic3ViIjoidGVzdDEiLCJpYXQiOjE2OTkzMzI0NzgsImV4cCI6MTY5OTM2ODQ3OH0.BUav2Ih9HyFB5z7NKzwFkbE03YJTcL86m2ceeoyL8lQ','BEARER',_binary '',_binary '',21),(993,'eyJhbGciOiJIUzI1NiJ9.eyJ1c2VybmFtZSI6InRlc3QxIiwicm9sZSI6WyJ1c2VyOmRlbGV0ZSIsInVzZXI6cmVhZCIsInVzZXI6dXBkYXRlIiwidXNlcjpjcmVhdGUiLCJST0xFX1VTRVIiXSwic3ViIjoidGVzdDEiLCJpYXQiOjE2OTkzMzI3MzEsImV4cCI6MTY5OTM2ODczMX0.bJBECKBWF7wrkO6S6q1wzL-LEEkh0jTAgE4wsIEe_pI','BEARER',_binary '',_binary '',21),(994,'eyJhbGciOiJIUzI1NiJ9.eyJ1c2VybmFtZSI6InRlc3QxIiwicm9sZSI6WyJ1c2VyOmRlbGV0ZSIsInVzZXI6cmVhZCIsInVzZXI6dXBkYXRlIiwidXNlcjpjcmVhdGUiLCJST0xFX1VTRVIiXSwic3ViIjoidGVzdDEiLCJpYXQiOjE2OTkzMzI3NjgsImV4cCI6MTY5OTM2ODc2OH0.UmCpUFrc6Rd7s5hsX9q0191_8ZJkqvhgF1Dv_YKUde8','BEARER',_binary '',_binary '',21),(995,'eyJhbGciOiJIUzI1NiJ9.eyJ1c2VybmFtZSI6InRlc3QxIiwicm9sZSI6WyJ1c2VyOmRlbGV0ZSIsInVzZXI6cmVhZCIsInVzZXI6dXBkYXRlIiwidXNlcjpjcmVhdGUiLCJST0xFX1VTRVIiXSwic3ViIjoidGVzdDEiLCJpYXQiOjE2OTkzMzMwMjIsImV4cCI6MTY5OTM2OTAyMn0.BjRlWNWqEcOp_0fVz9AKFkctEZmwlMxSK94yW5Ode10','BEARER',_binary '',_binary '',21),(996,'eyJhbGciOiJIUzI1NiJ9.eyJ1c2VybmFtZSI6InRlc3QxIiwicm9sZSI6WyJ1c2VyOmRlbGV0ZSIsInVzZXI6cmVhZCIsInVzZXI6dXBkYXRlIiwidXNlcjpjcmVhdGUiLCJST0xFX1VTRVIiXSwic3ViIjoidGVzdDEiLCJpYXQiOjE2OTkzMzM0MDYsImV4cCI6MTY5OTM2OTQwNn0.KbfKAzlIIO4A4_hm6DozSfuW-vhXDwkyoldJBYne7nk','BEARER',_binary '',_binary '',21),(997,'eyJhbGciOiJIUzI1NiJ9.eyJ1c2VybmFtZSI6InRlc3QxIiwicm9sZSI6WyJ1c2VyOmRlbGV0ZSIsInVzZXI6cmVhZCIsInVzZXI6dXBkYXRlIiwidXNlcjpjcmVhdGUiLCJST0xFX1VTRVIiXSwic3ViIjoidGVzdDEiLCJpYXQiOjE2OTkzMzQwNzgsImV4cCI6MTY5OTM3MDA3OH0.hPbbkDJzD8H0jzHQjXv8OWZy_PZxHi1jOvjylDOHgGI','BEARER',_binary '',_binary '',21),(998,'eyJhbGciOiJIUzI1NiJ9.eyJ1c2VybmFtZSI6InRlc3QxIiwicm9sZSI6WyJ1c2VyOmRlbGV0ZSIsInVzZXI6cmVhZCIsInVzZXI6dXBkYXRlIiwidXNlcjpjcmVhdGUiLCJST0xFX1VTRVIiXSwic3ViIjoidGVzdDEiLCJpYXQiOjE2OTkzMzQwOTIsImV4cCI6MTY5OTM3MDA5Mn0.UjouWiPctvO7G9vwN4sTzzlUJ94y1jCzVGzRC3sPeDA','BEARER',_binary '',_binary '',21),(999,'eyJhbGciOiJIUzI1NiJ9.eyJ1c2VybmFtZSI6InRlc3QxIiwicm9sZSI6WyJ1c2VyOmRlbGV0ZSIsInVzZXI6cmVhZCIsInVzZXI6dXBkYXRlIiwidXNlcjpjcmVhdGUiLCJST0xFX1VTRVIiXSwic3ViIjoidGVzdDEiLCJpYXQiOjE2OTkzMzQyMzEsImV4cCI6MTY5OTM3MDIzMX0.Qin3Jwc8oaKSDFjW6_FR_fyze34roYFRy_VEbiCGRDg','BEARER',_binary '',_binary '',21),(1000,'eyJhbGciOiJIUzI1NiJ9.eyJ1c2VybmFtZSI6InRlc3QxIiwicm9sZSI6WyJ1c2VyOmRlbGV0ZSIsInVzZXI6cmVhZCIsInVzZXI6dXBkYXRlIiwidXNlcjpjcmVhdGUiLCJST0xFX1VTRVIiXSwic3ViIjoidGVzdDEiLCJpYXQiOjE2OTkzMzQzMDEsImV4cCI6MTY5OTM3MDMwMX0.e19ln7xQUjQAMR3oy35okHX72uy-aF7X0iGzWOYFP_I','BEARER',_binary '',_binary '',21),(1001,'eyJhbGciOiJIUzI1NiJ9.eyJ1c2VybmFtZSI6InRlc3QxIiwicm9sZSI6WyJ1c2VyOmRlbGV0ZSIsInVzZXI6cmVhZCIsInVzZXI6dXBkYXRlIiwidXNlcjpjcmVhdGUiLCJST0xFX1VTRVIiXSwic3ViIjoidGVzdDEiLCJpYXQiOjE2OTkzMzQ1MDcsImV4cCI6MTY5OTM3MDUwN30.fvAj-7Yg59BqzT2dc8Z8L1khwFpU38o1U0G7OnG9y8s','BEARER',_binary '',_binary '',21),(1002,'eyJhbGciOiJIUzI1NiJ9.eyJ1c2VybmFtZSI6InRlc3QxIiwicm9sZSI6WyJ1c2VyOmRlbGV0ZSIsInVzZXI6cmVhZCIsInVzZXI6dXBkYXRlIiwidXNlcjpjcmVhdGUiLCJST0xFX1VTRVIiXSwic3ViIjoidGVzdDEiLCJpYXQiOjE2OTkzMzQ2MDUsImV4cCI6MTY5OTM3MDYwNX0.EXFvSUWIZJ988gd8-qPHf2ixZCONgN2CWviQluGjBZA','BEARER',_binary '',_binary '',21),(1003,'eyJhbGciOiJIUzI1NiJ9.eyJ1c2VybmFtZSI6InRlc3QxIiwicm9sZSI6WyJ1c2VyOmRlbGV0ZSIsInVzZXI6cmVhZCIsInVzZXI6dXBkYXRlIiwidXNlcjpjcmVhdGUiLCJST0xFX1VTRVIiXSwic3ViIjoidGVzdDEiLCJpYXQiOjE2OTkzMzQ2ODMsImV4cCI6MTY5OTM3MDY4M30.U_icZHWPSWvbIldkPpO3wFzhLY7AWfH_fCaGhgjZvFg','BEARER',_binary '',_binary '',21),(1004,'eyJhbGciOiJIUzI1NiJ9.eyJ1c2VybmFtZSI6InRlc3QxIiwicm9sZSI6WyJ1c2VyOmRlbGV0ZSIsInVzZXI6cmVhZCIsInVzZXI6dXBkYXRlIiwidXNlcjpjcmVhdGUiLCJST0xFX1VTRVIiXSwic3ViIjoidGVzdDEiLCJpYXQiOjE2OTkzMzQ3NzUsImV4cCI6MTY5OTM3MDc3NX0.lj9x4MpgzqbIuauneQx0ru8crKYj9mgwNRr2V6JHwLM','BEARER',_binary '',_binary '',21),(1005,'eyJhbGciOiJIUzI1NiJ9.eyJ1c2VybmFtZSI6InRlc3QxIiwicm9sZSI6WyJ1c2VyOmRlbGV0ZSIsInVzZXI6cmVhZCIsInVzZXI6dXBkYXRlIiwidXNlcjpjcmVhdGUiLCJST0xFX1VTRVIiXSwic3ViIjoidGVzdDEiLCJpYXQiOjE2OTkzMzQ3OTUsImV4cCI6MTY5OTM3MDc5NX0.HYn6YjXfXeUjUG2ZOWur44z8pSSRBkKR0oPcIj2HUYc','BEARER',_binary '',_binary '',21),(1006,'eyJhbGciOiJIUzI1NiJ9.eyJ1c2VybmFtZSI6InRlc3QxIiwicm9sZSI6WyJ1c2VyOmRlbGV0ZSIsInVzZXI6cmVhZCIsInVzZXI6dXBkYXRlIiwidXNlcjpjcmVhdGUiLCJST0xFX1VTRVIiXSwic3ViIjoidGVzdDEiLCJpYXQiOjE2OTkzMzQ5NDIsImV4cCI6MTY5OTM3MDk0Mn0.pbskV9HM_FIjrRreYEVVKAii5LV9HjVi7AcwqWvHULE','BEARER',_binary '',_binary '',21),(1007,'eyJhbGciOiJIUzI1NiJ9.eyJ1c2VybmFtZSI6InRlc3QxIiwicm9sZSI6WyJ1c2VyOmRlbGV0ZSIsInVzZXI6cmVhZCIsInVzZXI6dXBkYXRlIiwidXNlcjpjcmVhdGUiLCJST0xFX1VTRVIiXSwic3ViIjoidGVzdDEiLCJpYXQiOjE2OTkzMzUzNjcsImV4cCI6MTY5OTM3MTM2N30.eSE0l85DZTeaIks70-6pZ7hzllcig3EliQNrYRYtPto','BEARER',_binary '',_binary '',21),(1008,'eyJhbGciOiJIUzI1NiJ9.eyJ1c2VybmFtZSI6InRlc3QxIiwicm9sZSI6WyJ1c2VyOmRlbGV0ZSIsInVzZXI6cmVhZCIsInVzZXI6dXBkYXRlIiwidXNlcjpjcmVhdGUiLCJST0xFX1VTRVIiXSwic3ViIjoidGVzdDEiLCJpYXQiOjE2OTkzMzU1NzgsImV4cCI6MTY5OTM3MTU3OH0.TnZPpoFOt5x44hG1y6j4Q2qVmOg75Y-VwXvN54Hwp3Q','BEARER',_binary '',_binary '',21),(1009,'eyJhbGciOiJIUzI1NiJ9.eyJyb2xlIjpbInVzZXI6ZGVsZXRlIiwidXNlcjpjcmVhdGUiLCJ1c2VyOnJlYWQiLCJ1c2VyOnVwZGF0ZSIsIlJPTEVfVVNFUiJdLCJ1c2VybmFtZSI6InRlc3QxIiwic3ViIjoidGVzdDEiLCJpYXQiOjE2OTkzNjkxNDcsImV4cCI6MTY5OTQwNTE0N30.tdk9FNfCvfkX5SbyHvJ20-PKiZF7S4Oa3befug5SD3c','BEARER',_binary '',_binary '',21),(1010,'eyJhbGciOiJIUzI1NiJ9.eyJyb2xlIjpbImVtcGxveWVlOmRlbGV0ZSIsImVtcGxveWVlOnJlYWQiLCJlbXBsb3llZTp1cGRhdGUiLCJlbXBsb3llZTpjcmVhdGUiLCJST0xFX0VNUExPWUVFIl0sInVzZXJuYW1lIjoiZW1wbG95ZWUiLCJzdWIiOiJlbXBsb3llZSIsImlhdCI6MTY5OTM2OTczNSwiZXhwIjoxNjk5NDA1NzM1fQ.WVYQiq_vEJH_nJYmmD5139H-mRTSpOvQy8QxBns9h2w','BEARER',_binary '',_binary '',20),(1011,'eyJhbGciOiJIUzI1NiJ9.eyJyb2xlIjpbImVtcGxveWVlOmRlbGV0ZSIsImVtcGxveWVlOnJlYWQiLCJlbXBsb3llZTp1cGRhdGUiLCJlbXBsb3llZTpjcmVhdGUiLCJST0xFX0VNUExPWUVFIl0sInVzZXJuYW1lIjoiZW1wbG95ZWUiLCJzdWIiOiJlbXBsb3llZSIsImlhdCI6MTY5OTM2OTk1MCwiZXhwIjoxNjk5NDA1OTUwfQ.ZwMdlYrC2qe3Rl-rnpvSosGQZMVVOaYTTsSfhRIrQm4','BEARER',_binary '',_binary '',20),(1012,'eyJhbGciOiJIUzI1NiJ9.eyJyb2xlIjpbInVzZXI6ZGVsZXRlIiwidXNlcjpjcmVhdGUiLCJ1c2VyOnJlYWQiLCJ1c2VyOnVwZGF0ZSIsIlJPTEVfVVNFUiJdLCJ1c2VybmFtZSI6InRlc3QxIiwic3ViIjoidGVzdDEiLCJpYXQiOjE2OTkzNzA0NTAsImV4cCI6MTY5OTQwNjQ1MH0.bWs0OwnX2bQ1Rpnj4njD_JAaFRBicT1VAe9uubXCeQ0','BEARER',_binary '',_binary '',21),(1013,'eyJhbGciOiJIUzI1NiJ9.eyJyb2xlIjpbInVzZXI6ZGVsZXRlIiwidXNlcjpjcmVhdGUiLCJ1c2VyOnJlYWQiLCJ1c2VyOnVwZGF0ZSIsIlJPTEVfVVNFUiJdLCJ1c2VybmFtZSI6InRlc3QxIiwic3ViIjoidGVzdDEiLCJpYXQiOjE2OTkzNzA0ODMsImV4cCI6MTY5OTQwNjQ4M30.dzU0Oi89xvMrJRVoAk-5aT8_dSFmbttn1h05bBX9gvQ','BEARER',_binary '',_binary '',21),(1014,'eyJhbGciOiJIUzI1NiJ9.eyJyb2xlIjpbInVzZXI6ZGVsZXRlIiwidXNlcjpjcmVhdGUiLCJ1c2VyOnJlYWQiLCJ1c2VyOnVwZGF0ZSIsIlJPTEVfVVNFUiJdLCJ1c2VybmFtZSI6InRlc3QxIiwic3ViIjoidGVzdDEiLCJpYXQiOjE2OTkzNzA1MjksImV4cCI6MTY5OTQwNjUyOX0.xGdkVJHmm0tC_p88lvRr3M49Xj9AHY8YR5tqK4ewqJ0','BEARER',_binary '',_binary '',21),(1015,'eyJhbGciOiJIUzI1NiJ9.eyJ1c2VybmFtZSI6InRlc3QxIiwicm9sZSI6WyJ1c2VyOmNyZWF0ZSIsInVzZXI6ZGVsZXRlIiwidXNlcjpyZWFkIiwidXNlcjp1cGRhdGUiLCJST0xFX1VTRVIiXSwic3ViIjoidGVzdDEiLCJpYXQiOjE2OTk0MDcwNTQsImV4cCI6MTY5OTQ0MzA1NH0.hQGFpwmgY1fIROPmhI2DEOvEidi7XObkDe_AOJobPjg','BEARER',_binary '',_binary '',21),(1016,'eyJhbGciOiJIUzI1NiJ9.eyJ1c2VybmFtZSI6InRlc3QxIiwicm9sZSI6WyJ1c2VyOmNyZWF0ZSIsInVzZXI6ZGVsZXRlIiwidXNlcjpyZWFkIiwidXNlcjp1cGRhdGUiLCJST0xFX1VTRVIiXSwic3ViIjoidGVzdDEiLCJpYXQiOjE2OTk0Mjk1MTEsImV4cCI6MTY5OTQ2NTUxMX0.7ZuIALO_1PDN2I989fELJKJEYVrMtpIOskEL8GWkBuA','BEARER',_binary '',_binary '',21),(1017,'eyJhbGciOiJIUzI1NiJ9.eyJ1c2VybmFtZSI6InRlc3QxIiwicm9sZSI6WyJ1c2VyOmNyZWF0ZSIsInVzZXI6ZGVsZXRlIiwidXNlcjpyZWFkIiwidXNlcjp1cGRhdGUiLCJST0xFX1VTRVIiXSwic3ViIjoidGVzdDEiLCJpYXQiOjE2OTk0Mjk1MTIsImV4cCI6MTY5OTQ2NTUxMn0.wdsl2Dabg8FzwQvWK-S6YciEbhqQ8cDp2lvI7l_WsvI','BEARER',_binary '',_binary '',21),(1018,'eyJhbGciOiJIUzI1NiJ9.eyJ1c2VybmFtZSI6InRlc3QxIiwicm9sZSI6WyJ1c2VyOmNyZWF0ZSIsInVzZXI6ZGVsZXRlIiwidXNlcjpyZWFkIiwidXNlcjp1cGRhdGUiLCJST0xFX1VTRVIiXSwic3ViIjoidGVzdDEiLCJpYXQiOjE2OTk0Mjk1MjcsImV4cCI6MTY5OTQ2NTUyN30.oUaLwIJoB-XuFoPd-qhuCcFONZRlFqRSp46aoKDbAkQ','BEARER',_binary '',_binary '',21),(1019,'eyJhbGciOiJIUzI1NiJ9.eyJ1c2VybmFtZSI6InRlc3QxIiwicm9sZSI6WyJ1c2VyOmNyZWF0ZSIsInVzZXI6ZGVsZXRlIiwidXNlcjpyZWFkIiwidXNlcjp1cGRhdGUiLCJST0xFX1VTRVIiXSwic3ViIjoidGVzdDEiLCJpYXQiOjE2OTk0Mjk1MjgsImV4cCI6MTY5OTQ2NTUyOH0.CxYi4emzfU25OeOhEl09T6pK3FpBtgICf4tsmGdqX70','BEARER',_binary '',_binary '',21),(1020,'eyJhbGciOiJIUzI1NiJ9.eyJ1c2VybmFtZSI6InRlc3QxIiwicm9sZSI6WyJ1c2VyOmNyZWF0ZSIsInVzZXI6ZGVsZXRlIiwidXNlcjpyZWFkIiwidXNlcjp1cGRhdGUiLCJST0xFX1VTRVIiXSwic3ViIjoidGVzdDEiLCJpYXQiOjE2OTk0Mjk1NzQsImV4cCI6MTY5OTQ2NTU3NH0.SOVlOBFh4E8uESzKnfKXRrjmdizpykt0bLxQLXZV44U','BEARER',_binary '',_binary '',21),(1021,'eyJhbGciOiJIUzI1NiJ9.eyJ1c2VybmFtZSI6InRlc3QxIiwicm9sZSI6WyJ1c2VyOmNyZWF0ZSIsInVzZXI6ZGVsZXRlIiwidXNlcjpyZWFkIiwidXNlcjp1cGRhdGUiLCJST0xFX1VTRVIiXSwic3ViIjoidGVzdDEiLCJpYXQiOjE2OTk0Mjk1NzUsImV4cCI6MTY5OTQ2NTU3NX0.T8e8roPjnOXN16bbe8YuKZb8QE-4iIFw1aWNniv3F0g','BEARER',_binary '',_binary '',21),(1022,'eyJhbGciOiJIUzI1NiJ9.eyJ1c2VybmFtZSI6InRlc3QxIiwicm9sZSI6WyJ1c2VyOnVwZGF0ZSIsInVzZXI6cmVhZCIsInVzZXI6ZGVsZXRlIiwidXNlcjpjcmVhdGUiLCJST0xFX1VTRVIiXSwic3ViIjoidGVzdDEiLCJpYXQiOjE2OTk1MDM4NjgsImV4cCI6MTY5OTUzOTg2OH0.K7wwjBpXFkG-GS_cxhoNlMxDm2pv-oIZAVSHAlz2k7k','BEARER',_binary '',_binary '',21),(1023,'eyJhbGciOiJIUzI1NiJ9.eyJyb2xlIjpbInVzZXI6Y3JlYXRlIiwidXNlcjpyZWFkIiwidXNlcjp1cGRhdGUiLCJ1c2VyOmRlbGV0ZSIsIlJPTEVfVVNFUiJdLCJ1c2VybmFtZSI6InRlc3QxIiwic3ViIjoidGVzdDEiLCJpYXQiOjE2OTk1NDEzODksImV4cCI6MTY5OTU3NzM4OX0.pNu4U0kUM-qvX76VR7LnzugUfIOmCExyaJU4PG4qpFU','BEARER',_binary '',_binary '',21),(1024,'eyJhbGciOiJIUzI1NiJ9.eyJyb2xlIjpbInVzZXI6cmVhZCIsInVzZXI6ZGVsZXRlIiwidXNlcjpjcmVhdGUiLCJ1c2VyOnVwZGF0ZSIsIlJPTEVfVVNFUiJdLCJ1c2VybmFtZSI6InRlc3QxIiwic3ViIjoidGVzdDEiLCJpYXQiOjE2OTk1ODY3NzMsImV4cCI6MTY5OTYyMjc3M30.rJL6HaHk-M4XX_jPrLAGtx1fQ8zu_cN17RnDkUmU1NI','BEARER',_binary '',_binary '',21),(1025,'eyJhbGciOiJIUzI1NiJ9.eyJ1c2VybmFtZSI6InRlc3QxIiwicm9sZSI6WyJ1c2VyOnJlYWQiLCJ1c2VyOmNyZWF0ZSIsInVzZXI6ZGVsZXRlIiwidXNlcjp1cGRhdGUiLCJST0xFX1VTRVIiXSwic3ViIjoidGVzdDEiLCJpYXQiOjE2OTk1OTU0ODYsImV4cCI6MTY5OTYzMTQ4Nn0.xjaR1dC0bsvnxeaneXqPdptEBFFu9XdIpbZRvoojRJs','BEARER',_binary '',_binary '',21),(1026,'eyJhbGciOiJIUzI1NiJ9.eyJyb2xlIjpbInVzZXI6Y3JlYXRlIiwidXNlcjpyZWFkIiwidXNlcjp1cGRhdGUiLCJ1c2VyOmRlbGV0ZSIsIlJPTEVfVVNFUiJdLCJ1c2VybmFtZSI6InRlc3QxIiwic3ViIjoidGVzdDEiLCJpYXQiOjE2OTk2MzE2ODIsImV4cCI6MTY5OTY2NzY4Mn0.jFkvFvWIKEuK78kRODi-62I5Mhe0K7xnIDSiAPfOqio','BEARER',_binary '',_binary '',21),(1027,'eyJhbGciOiJIUzI1NiJ9.eyJ1c2VybmFtZSI6InRlc3QxIiwicm9sZSI6WyJ1c2VyOmNyZWF0ZSIsInVzZXI6dXBkYXRlIiwidXNlcjpyZWFkIiwidXNlcjpkZWxldGUiLCJST0xFX1VTRVIiXSwic3ViIjoidGVzdDEiLCJpYXQiOjE2OTk2NzQ5NTMsImV4cCI6MTY5OTcxMDk1M30.IkqQ1qoVKmoj5IXdX5ORgHY-Zsmz7KNS8UbP8u-SioQ','BEARER',_binary '',_binary '',21),(1028,'eyJhbGciOiJIUzI1NiJ9.eyJ1c2VybmFtZSI6InRlc3QxIiwicm9sZSI6WyJ1c2VyOmNyZWF0ZSIsInVzZXI6dXBkYXRlIiwidXNlcjpyZWFkIiwidXNlcjpkZWxldGUiLCJST0xFX1VTRVIiXSwic3ViIjoidGVzdDEiLCJpYXQiOjE2OTk2OTc1ODksImV4cCI6MTY5OTczMzU4OX0.czQMiejMZNa2SGq5Wj61usq3A2w7FJvma7Fd3cHuhvo','BEARER',_binary '',_binary '',21),(1029,'eyJhbGciOiJIUzI1NiJ9.eyJ1c2VybmFtZSI6InRlc3QxIiwicm9sZSI6WyJ1c2VyOmNyZWF0ZSIsInVzZXI6dXBkYXRlIiwidXNlcjpyZWFkIiwidXNlcjpkZWxldGUiLCJST0xFX1VTRVIiXSwic3ViIjoidGVzdDEiLCJpYXQiOjE2OTk2OTc2NjYsImV4cCI6MTY5OTczMzY2Nn0.i0M55gvEq5Em5onaYs1XvWvTG9KZkTm9HrKB2-4c5dc','BEARER',_binary '',_binary '',21),(1030,'eyJhbGciOiJIUzI1NiJ9.eyJ1c2VybmFtZSI6InRlc3QxIiwicm9sZSI6WyJ1c2VyOmRlbGV0ZSIsInVzZXI6dXBkYXRlIiwidXNlcjpyZWFkIiwidXNlcjpjcmVhdGUiLCJST0xFX1VTRVIiXSwic3ViIjoidGVzdDEiLCJpYXQiOjE2OTk2OTc5MDYsImV4cCI6MTY5OTczMzkwNn0.N3yckQzJJeMd1uFYnk5idhUtVwW1uxnIOlxxnQwdaDQ','BEARER',_binary '',_binary '',21),(1031,'eyJhbGciOiJIUzI1NiJ9.eyJyb2xlIjpbInVzZXI6ZGVsZXRlIiwidXNlcjpjcmVhdGUiLCJ1c2VyOnJlYWQiLCJ1c2VyOnVwZGF0ZSIsIlJPTEVfVVNFUiJdLCJ1c2VybmFtZSI6InRlc3QxIiwic3ViIjoidGVzdDEiLCJpYXQiOjE2OTk2OTgwNjcsImV4cCI6MTY5OTczNDA2N30.t2tKds-0Hdzy3I9UF0zI014Tv5b587n2m_-5RSpv_Yw','BEARER',_binary '',_binary '',21),(1032,'eyJhbGciOiJIUzI1NiJ9.eyJyb2xlIjpbInVzZXI6ZGVsZXRlIiwidXNlcjpjcmVhdGUiLCJ1c2VyOnJlYWQiLCJ1c2VyOnVwZGF0ZSIsIlJPTEVfVVNFUiJdLCJ1c2VybmFtZSI6InRlc3QxIiwic3ViIjoidGVzdDEiLCJpYXQiOjE2OTk2OTgyNjcsImV4cCI6MTY5OTczNDI2N30.RtLjMSJbypY0p_GU8XAsVHHDAKnSAZS79CEVpBb5GQQ','BEARER',_binary '',_binary '',21),(1033,'eyJhbGciOiJIUzI1NiJ9.eyJ1c2VybmFtZSI6InRlc3QxIiwicm9sZSI6WyJ1c2VyOmNyZWF0ZSIsInVzZXI6dXBkYXRlIiwidXNlcjpyZWFkIiwidXNlcjpkZWxldGUiLCJST0xFX1VTRVIiXSwic3ViIjoidGVzdDEiLCJpYXQiOjE2OTk2OTg0MjIsImV4cCI6MTY5OTczNDQyMn0.gxX-H1mgBrpSC-yj4IcJDW1a_-lNiziXJFAXpelneNg','BEARER',_binary '',_binary '',21),(1034,'eyJhbGciOiJIUzI1NiJ9.eyJ1c2VybmFtZSI6ImVtcGxveWVlIiwicm9sZSI6WyJlbXBsb3llZTpyZWFkIiwiZW1wbG95ZWU6dXBkYXRlIiwiZW1wbG95ZWU6Y3JlYXRlIiwiZW1wbG95ZWU6ZGVsZXRlIiwiUk9MRV9FTVBMT1lFRSJdLCJzdWIiOiJlbXBsb3llZSIsImlhdCI6MTY5OTcwOTg1NywiZXhwIjoxNjk5NzQ1ODU3fQ.J0UdkF4qKJwIHdizRYOvZR8ONTw_J4Z1U6gy3_8i9GU','BEARER',_binary '',_binary '',20),(1035,'eyJhbGciOiJIUzI1NiJ9.eyJ1c2VybmFtZSI6InRlc3QxIiwicm9sZSI6WyJ1c2VyOmNyZWF0ZSIsInVzZXI6dXBkYXRlIiwidXNlcjpyZWFkIiwidXNlcjpkZWxldGUiLCJST0xFX1VTRVIiXSwic3ViIjoidGVzdDEiLCJpYXQiOjE2OTk3MDk5OTcsImV4cCI6MTY5OTc0NTk5N30.N0C0zOGnEMWejGUOA2N2FQnrrzOmU8jPDYqVsrNOoDg','BEARER',_binary '',_binary '',21),(1036,'eyJhbGciOiJIUzI1NiJ9.eyJ1c2VybmFtZSI6InRlc3QxIiwicm9sZSI6WyJ1c2VyOmNyZWF0ZSIsInVzZXI6ZGVsZXRlIiwidXNlcjp1cGRhdGUiLCJ1c2VyOnJlYWQiLCJST0xFX1VTRVIiXSwic3ViIjoidGVzdDEiLCJpYXQiOjE2OTk3NzMzMjcsImV4cCI6MTY5OTgwOTMyN30.x_yakkZDsra4yxXmh81C25b_VJ-DBMnOmnoclJoZw3o','BEARER',_binary '',_binary '',21),(1037,'eyJhbGciOiJIUzI1NiJ9.eyJ1c2VybmFtZSI6Im9ncCIsInJvbGUiOlsidXNlcjpjcmVhdGUiLCJ1c2VyOmRlbGV0ZSIsInVzZXI6dXBkYXRlIiwidXNlcjpyZWFkIiwiUk9MRV9VU0VSIl0sInN1YiI6Im9ncCIsImlhdCI6MTY5OTc3MzQ5NCwiZXhwIjoxNjk5ODA5NDk0fQ.iHR9bRJsg2algaGjaDvUCx-X70uraLqJsZuEguZLkLM','BEARER',_binary '',_binary '',18),(1038,'eyJhbGciOiJIUzI1NiJ9.eyJ1c2VybmFtZSI6Im9ncCIsInJvbGUiOlsidXNlcjpjcmVhdGUiLCJ1c2VyOmRlbGV0ZSIsInVzZXI6dXBkYXRlIiwidXNlcjpyZWFkIiwiUk9MRV9VU0VSIl0sInN1YiI6Im9ncCIsImlhdCI6MTY5OTc3MzY5MSwiZXhwIjoxNjk5ODA5NjkxfQ.oK9qbjJ9uIIzIxOagkR4TQFWBVuHo4EYgPJeDtI2lao','BEARER',_binary '',_binary '',18),(1039,'eyJhbGciOiJIUzI1NiJ9.eyJyb2xlIjpbInVzZXI6cmVhZCIsInVzZXI6ZGVsZXRlIiwidXNlcjp1cGRhdGUiLCJ1c2VyOmNyZWF0ZSIsIlJPTEVfVVNFUiJdLCJ1c2VybmFtZSI6Im9ncCIsInN1YiI6Im9ncCIsImlhdCI6MTY5OTc3MzkwMiwiZXhwIjoxNjk5ODA5OTAyfQ.ocOEURPv6B4Lr7UEtlQImff75xCqIbmyhEhb1zfIPQM','BEARER',_binary '',_binary '',18),(1040,'eyJhbGciOiJIUzI1NiJ9.eyJyb2xlIjpbInVzZXI6cmVhZCIsInVzZXI6ZGVsZXRlIiwidXNlcjp1cGRhdGUiLCJ1c2VyOmNyZWF0ZSIsIlJPTEVfVVNFUiJdLCJ1c2VybmFtZSI6Im9ncCIsInN1YiI6Im9ncCIsImlhdCI6MTY5OTc3NDM3NSwiZXhwIjoxNjk5ODEwMzc1fQ.LkHJOgQJFqdKWLgG84I2uCAPMIfhDQNWw4kj7nC3O_g','BEARER',_binary '',_binary '',18),(1041,'eyJhbGciOiJIUzI1NiJ9.eyJyb2xlIjpbInVzZXI6cmVhZCIsInVzZXI6ZGVsZXRlIiwidXNlcjp1cGRhdGUiLCJ1c2VyOmNyZWF0ZSIsIlJPTEVfVVNFUiJdLCJ1c2VybmFtZSI6Im9ncCIsInN1YiI6Im9ncCIsImlhdCI6MTY5OTc3NDQyNSwiZXhwIjoxNjk5ODEwNDI1fQ.Sowt-tXCI9dfpZj87XOkxHSSiAaV7pBMYlO3S46s-Qc','BEARER',_binary '',_binary '',18),(1042,'eyJhbGciOiJIUzI1NiJ9.eyJyb2xlIjpbInVzZXI6cmVhZCIsInVzZXI6Y3JlYXRlIiwidXNlcjp1cGRhdGUiLCJ1c2VyOmRlbGV0ZSIsIlJPTEVfVVNFUiJdLCJ1c2VybmFtZSI6Im9ncCIsInN1YiI6Im9ncCIsImlhdCI6MTY5OTgzOTI3NywiZXhwIjoxNjk5ODc1Mjc3fQ.knADszJLSRohB6wrDYYXdbJGhAIbe1SPQDGKlyFudpo','BEARER',_binary '',_binary '',18),(1043,'eyJhbGciOiJIUzI1NiJ9.eyJ1c2VybmFtZSI6ImVtcGxveWVlIiwicm9sZSI6WyJlbXBsb3llZTpjcmVhdGUiLCJlbXBsb3llZTpkZWxldGUiLCJlbXBsb3llZTp1cGRhdGUiLCJlbXBsb3llZTpyZWFkIiwiUk9MRV9FTVBMT1lFRSJdLCJzdWIiOiJlbXBsb3llZSIsImlhdCI6MTY5OTg2MzAwNSwiZXhwIjoxNjk5ODk5MDA1fQ.UMIV9rb5EkwDNXKnslBXs8wn3bbIcMBA8EK30NBbWE8','BEARER',_binary '',_binary '',20),(1044,'eyJhbGciOiJIUzI1NiJ9.eyJyb2xlIjpbImVtcGxveWVlOmNyZWF0ZSIsImVtcGxveWVlOnJlYWQiLCJlbXBsb3llZTp1cGRhdGUiLCJlbXBsb3llZTpkZWxldGUiLCJST0xFX0VNUExPWUVFIl0sInVzZXJuYW1lIjoiZW1wbG95ZWUiLCJzdWIiOiJlbXBsb3llZSIsImlhdCI6MTY5OTkzMDYzMSwiZXhwIjoxNjk5OTY2NjMxfQ.OEqJ3l_HTlh831cDM_TNwy4G_kvpOd7rdLjjA102ynw','BEARER',_binary '',_binary '',20),(1045,'eyJhbGciOiJIUzI1NiJ9.eyJyb2xlIjpbInVzZXI6cmVhZCIsInVzZXI6Y3JlYXRlIiwidXNlcjp1cGRhdGUiLCJ1c2VyOmRlbGV0ZSIsIlJPTEVfVVNFUiJdLCJ1c2VybmFtZSI6InRlc3QxIiwic3ViIjoidGVzdDEiLCJpYXQiOjE2OTk5NDY4MTksImV4cCI6MTY5OTk4MjgxOX0.nLZuQY76yhHK04ed2d72q_N70Q1LXPxLxmCifJnDDnI','BEARER',_binary '',_binary '',21),(1046,'eyJhbGciOiJIUzI1NiJ9.eyJ1c2VybmFtZSI6InRlc3QxIiwicm9sZSI6WyJ1c2VyOnJlYWQiLCJ1c2VyOnVwZGF0ZSIsInVzZXI6ZGVsZXRlIiwidXNlcjpjcmVhdGUiLCJST0xFX1VTRVIiXSwic3ViIjoidGVzdDEiLCJpYXQiOjE2OTk5NTUyMjMsImV4cCI6MTY5OTk5MTIyM30.hRm2whS93rX8_-_K2hRtqv2ADKKlVio3uLcoyUZTj_c','BEARER',_binary '',_binary '',21),(1047,'eyJhbGciOiJIUzI1NiJ9.eyJyb2xlIjpbInVzZXI6cmVhZCIsInVzZXI6ZGVsZXRlIiwidXNlcjp1cGRhdGUiLCJ1c2VyOmNyZWF0ZSIsIlJPTEVfVVNFUiJdLCJ1c2VybmFtZSI6InRlc3QxIiwic3ViIjoidGVzdDEiLCJpYXQiOjE2OTk5NzExMzIsImV4cCI6MTcwMDAwNzEzMn0.hMok0xXSFrekgTmrhtPg2uTD3wM3vRwbMKrTm7KBYVI','BEARER',_binary '',_binary '',21),(1048,'eyJhbGciOiJIUzI1NiJ9.eyJyb2xlIjpbInVzZXI6cmVhZCIsInVzZXI6ZGVsZXRlIiwidXNlcjp1cGRhdGUiLCJ1c2VyOmNyZWF0ZSIsIlJPTEVfVVNFUiJdLCJ1c2VybmFtZSI6InRlc3QxIiwic3ViIjoidGVzdDEiLCJpYXQiOjE2OTk5NzE1OTUsImV4cCI6MTcwMDAwNzU5NX0.ncBv0Tt3zBQ5nOsh7ej9Wd0BoyWq9ULkvqTilWlSvdU','BEARER',_binary '',_binary '',21),(1049,'eyJhbGciOiJIUzI1NiJ9.eyJ1c2VybmFtZSI6InRlc3QxIiwicm9sZSI6WyJ1c2VyOmRlbGV0ZSIsInVzZXI6dXBkYXRlIiwidXNlcjpyZWFkIiwidXNlcjpjcmVhdGUiLCJST0xFX1VTRVIiXSwic3ViIjoidGVzdDEiLCJpYXQiOjE3MDAwMTM1ODksImV4cCI6MTcwMDA0OTU4OX0.7eFgMbMiLVPbIlvuxY5BD1QA_e4_Dx7QCe4ZXmFg0sg','BEARER',_binary '',_binary '',21),(1050,'eyJhbGciOiJIUzI1NiJ9.eyJ1c2VybmFtZSI6InRlc3QxIiwicm9sZSI6WyJ1c2VyOmNyZWF0ZSIsInVzZXI6dXBkYXRlIiwidXNlcjpyZWFkIiwidXNlcjpkZWxldGUiLCJST0xFX1VTRVIiXSwic3ViIjoidGVzdDEiLCJpYXQiOjE3MDAwMTkxNzcsImV4cCI6MTcwMDA1NTE3N30.KozaR6J8XTNNCS3tfUhMJjE9FqsddipI8NzrVCdFMXM','BEARER',_binary '',_binary '',21),(1051,'eyJhbGciOiJIUzI1NiJ9.eyJyb2xlIjpbInVzZXI6ZGVsZXRlIiwidXNlcjpjcmVhdGUiLCJ1c2VyOnVwZGF0ZSIsInVzZXI6cmVhZCIsIlJPTEVfVVNFUiJdLCJ1c2VybmFtZSI6InRlc3QxIiwic3ViIjoidGVzdDEiLCJpYXQiOjE3MDAwMTkyMzksImV4cCI6MTcwMDA1NTIzOX0.ZPlkO9DiYBR1xVvvPnlKOVWX8aI2awryCbs35nBMhjE','BEARER',_binary '',_binary '',21),(1052,'eyJhbGciOiJIUzI1NiJ9.eyJyb2xlIjpbInVzZXI6ZGVsZXRlIiwidXNlcjp1cGRhdGUiLCJ1c2VyOnJlYWQiLCJ1c2VyOmNyZWF0ZSIsIlJPTEVfVVNFUiJdLCJ1c2VybmFtZSI6InRlc3QxIiwic3ViIjoidGVzdDEiLCJpYXQiOjE3MDAxMTU4NzUsImV4cCI6MTcwMDE1MTg3NX0.T2wKI4m6YcrL0n-nx2oiHZaxe0xroEPFwOYdZiw7t2s','BEARER',_binary '',_binary '',21),(1053,'eyJhbGciOiJIUzI1NiJ9.eyJ1c2VybmFtZSI6InRlc3QxIiwicm9sZSI6WyJ1c2VyOmRlbGV0ZSIsInVzZXI6cmVhZCIsInVzZXI6Y3JlYXRlIiwidXNlcjp1cGRhdGUiLCJST0xFX1VTRVIiXSwic3ViIjoidGVzdDEiLCJpYXQiOjE3MDAxOTQwODcsImV4cCI6MTcwMDIzMDA4N30.ys7Sj1jdmWIx0TJNEuW5PAxeQNoeGhXFhvV_jUCZ9iA','BEARER',_binary '',_binary '',21),(1054,'eyJhbGciOiJIUzI1NiJ9.eyJ1c2VybmFtZSI6InRlc3QxIiwicm9sZSI6WyJ1c2VyOnJlYWQiLCJ1c2VyOmRlbGV0ZSIsInVzZXI6Y3JlYXRlIiwidXNlcjp1cGRhdGUiLCJST0xFX1VTRVIiXSwic3ViIjoidGVzdDEiLCJpYXQiOjE3MDAxOTU3NzQsImV4cCI6MTcwMDIzMTc3NH0.usZtAhrbpcmte2Cb4Rji83JA66Mp3WqHshRel01MdZA','BEARER',_binary '',_binary '',21),(1055,'eyJhbGciOiJIUzI1NiJ9.eyJ1c2VybmFtZSI6InRlc3QxIiwicm9sZSI6WyJ1c2VyOnJlYWQiLCJ1c2VyOmRlbGV0ZSIsInVzZXI6Y3JlYXRlIiwidXNlcjp1cGRhdGUiLCJST0xFX1VTRVIiXSwic3ViIjoidGVzdDEiLCJpYXQiOjE3MDAxOTU3NzQsImV4cCI6MTcwMDIzMTc3NH0.usZtAhrbpcmte2Cb4Rji83JA66Mp3WqHshRel01MdZA','BEARER',_binary '',_binary '',21),(1056,'eyJhbGciOiJIUzI1NiJ9.eyJyb2xlIjpbInVzZXI6dXBkYXRlIiwidXNlcjpjcmVhdGUiLCJ1c2VyOmRlbGV0ZSIsInVzZXI6cmVhZCIsIlJPTEVfVVNFUiJdLCJ1c2VybmFtZSI6Im9ncCIsInN1YiI6Im9ncCIsImlhdCI6MTcwMDE5NjAzMiwiZXhwIjoxNzAwMjMyMDMyfQ.KVo4h6ZyqapImfaw4olOU000YdJHUeGoLObQ3YFjjm0','BEARER',_binary '',_binary '',18),(1057,'eyJhbGciOiJIUzI1NiJ9.eyJ1c2VybmFtZSI6Im9ncCIsInJvbGUiOlsidXNlcjp1cGRhdGUiLCJ1c2VyOnJlYWQiLCJ1c2VyOmNyZWF0ZSIsInVzZXI6ZGVsZXRlIiwiUk9MRV9VU0VSIl0sInN1YiI6Im9ncCIsImlhdCI6MTcwMDIwNzkzMiwiZXhwIjoxNzAwMjQzOTMyfQ.2zLiE_z71RW3XSwQNr76nSb3dm31KErta01Nc6HNyPw','BEARER',_binary '',_binary '',18),(1058,'eyJhbGciOiJIUzI1NiJ9.eyJyb2xlIjpbInVzZXI6cmVhZCIsInVzZXI6ZGVsZXRlIiwidXNlcjp1cGRhdGUiLCJ1c2VyOmNyZWF0ZSIsIlJPTEVfVVNFUiJdLCJ1c2VybmFtZSI6Im9ncCIsInN1YiI6Im9ncCIsImlhdCI6MTcwMDMyMDIwNSwiZXhwIjoxNzAwMzU2MjA1fQ.zhLSxFtNYbZV8gzjov6a5z0_Be_ZiBkMtdqsady_OkY','BEARER',_binary '',_binary '',18),(1059,'eyJhbGciOiJIUzI1NiJ9.eyJ1c2VybmFtZSI6Im9ncCIsInJvbGUiOlsidXNlcjp1cGRhdGUiLCJ1c2VyOmRlbGV0ZSIsInVzZXI6Y3JlYXRlIiwidXNlcjpyZWFkIiwiUk9MRV9VU0VSIl0sInN1YiI6Im9ncCIsImlhdCI6MTcwMDQwNTE5MywiZXhwIjoxNzAwNDQxMTkzfQ.C_c6DEGOVrEr3p_r0I158oq-rspxUSOCM9G7l66gfio','BEARER',_binary '',_binary '',18),(1060,'eyJhbGciOiJIUzI1NiJ9.eyJ1c2VybmFtZSI6Im9ncCIsInJvbGUiOlsidXNlcjp1cGRhdGUiLCJ1c2VyOmRlbGV0ZSIsInVzZXI6Y3JlYXRlIiwidXNlcjpyZWFkIiwiUk9MRV9VU0VSIl0sInN1YiI6Im9ncCIsImlhdCI6MTcwMDQwNjc3MiwiZXhwIjoxNzAwNDQyNzcyfQ.lw6xeTVxW1xFArBVMA0bJwDpHlZgJaKh-qp8rARPbQ8','BEARER',_binary '',_binary '',18),(1061,'eyJhbGciOiJIUzI1NiJ9.eyJ1c2VybmFtZSI6Im9ncCIsInJvbGUiOlsidXNlcjp1cGRhdGUiLCJ1c2VyOmRlbGV0ZSIsInVzZXI6Y3JlYXRlIiwidXNlcjpyZWFkIiwiUk9MRV9VU0VSIl0sInN1YiI6Im9ncCIsImlhdCI6MTcwMDQwNjkxOSwiZXhwIjoxNzAwNDQyOTE5fQ.Q1K815i8oQW3B63eXaINi-WbvBchJGE96EU3sryGyiM','BEARER',_binary '',_binary '',18),(1062,'eyJhbGciOiJIUzI1NiJ9.eyJ1c2VybmFtZSI6ImFkbWluIiwicm9sZSI6WyJlbXBsb3llZTpjcmVhdGUiLCJlbXBsb3llZTp1cGRhdGUiLCJlbXBsb3llZTpyZWFkIiwiYWRtaW46cmVhZCIsImFkbWluOmNyZWF0ZSIsImFkbWluOnVwZGF0ZSIsImFkbWluOmRlbGV0ZSIsImVtcGxveWVlOmRlbGV0ZSIsIlJPTEVfQURNSU4iXSwic3ViIjoiYWRtaW4iLCJpYXQiOjE3MDA0MDkyODIsImV4cCI6MTcwMDQ0NTI4Mn0.-XScM0jgKgUi5uxEGKA4CrINoU43-xpPaZCMOTR7TjY','BEARER',_binary '',_binary '',19),(1063,'eyJhbGciOiJIUzI1NiJ9.eyJ1c2VybmFtZSI6ImFkbWluIiwicm9sZSI6WyJhZG1pbjp1cGRhdGUiLCJhZG1pbjpkZWxldGUiLCJlbXBsb3llZTpyZWFkIiwiYWRtaW46Y3JlYXRlIiwiYWRtaW46cmVhZCIsImVtcGxveWVlOmNyZWF0ZSIsImVtcGxveWVlOnVwZGF0ZSIsImVtcGxveWVlOmRlbGV0ZSIsIlJPTEVfQURNSU4iXSwic3ViIjoiYWRtaW4iLCJpYXQiOjE3MDA0NDU3MzcsImV4cCI6MTcwMDQ4MTczN30.pCedP2d3NTE3E5Ni2pXt8P1af9cBeuH6PgFvlJSFnOI','BEARER',_binary '',_binary '',19),(1064,'eyJhbGciOiJIUzI1NiJ9.eyJ1c2VybmFtZSI6InRlc3QxIiwicm9sZSI6WyJ1c2VyOnJlYWQiLCJ1c2VyOmNyZWF0ZSIsInVzZXI6dXBkYXRlIiwidXNlcjpkZWxldGUiLCJST0xFX1VTRVIiXSwic3ViIjoidGVzdDEiLCJpYXQiOjE3MDA0NjEyMjMsImV4cCI6MTcwMDQ5NzIyM30.q3ea2wTGodJD24QhIIiZ0m8r9Ff6hkxss74_uVj3ZO8','BEARER',_binary '',_binary '',21),(1065,'eyJhbGciOiJIUzI1NiJ9.eyJ1c2VybmFtZSI6InRlc3QxIiwicm9sZSI6WyJ1c2VyOmRlbGV0ZSIsInVzZXI6Y3JlYXRlIiwidXNlcjp1cGRhdGUiLCJ1c2VyOnJlYWQiLCJST0xFX1VTRVIiXSwic3ViIjoidGVzdDEiLCJpYXQiOjE3MDA0NzAwNDUsImV4cCI6MTcwMDUwNjA0NX0.V9NfqGykqBPtxg1MtC8oESgZ9kfCXi3wfum9TJrYak4','BEARER',_binary '',_binary '',21),(1066,'eyJhbGciOiJIUzI1NiJ9.eyJ1c2VybmFtZSI6InRlc3QxIiwicm9sZSI6WyJ1c2VyOmRlbGV0ZSIsInVzZXI6Y3JlYXRlIiwidXNlcjp1cGRhdGUiLCJ1c2VyOnJlYWQiLCJST0xFX1VTRVIiXSwic3ViIjoidGVzdDEiLCJpYXQiOjE3MDA0NzEyNDksImV4cCI6MTcwMDUwNzI0OX0.GcO7O0sMKbrZLyFiOYWJQFs9LUHXsc2z3ddiMzpGej8','BEARER',_binary '',_binary '',21),(1067,'eyJhbGciOiJIUzI1NiJ9.eyJyb2xlIjpbInVzZXI6dXBkYXRlIiwidXNlcjpjcmVhdGUiLCJ1c2VyOnJlYWQiLCJ1c2VyOmRlbGV0ZSIsIlJPTEVfVVNFUiJdLCJ1c2VybmFtZSI6InRlc3QxIiwic3ViIjoidGVzdDEiLCJpYXQiOjE3MDA1NTUzNzAsImV4cCI6MTcwMDU5MTM3MH0.OHYwAs0cwk8iH6NA5UNfnPCdHqIK0uukr_SBH5p2BZQ','BEARER',_binary '',_binary '',21),(1068,'eyJhbGciOiJIUzI1NiJ9.eyJyb2xlIjpbInVzZXI6cmVhZCIsInVzZXI6Y3JlYXRlIiwidXNlcjp1cGRhdGUiLCJ1c2VyOmRlbGV0ZSIsIlJPTEVfVVNFUiJdLCJ1c2VybmFtZSI6InRlc3QxIiwic3ViIjoidGVzdDEiLCJpYXQiOjE3MDA3MTE0NzgsImV4cCI6MTcwMDc0NzQ3OH0.8MpE-unok6q1FhLzzXQ5A1kAQRFWtb2yMJOp7006sOg','BEARER',_binary '',_binary '',21),(1069,'eyJhbGciOiJIUzI1NiJ9.eyJyb2xlIjpbImVtcGxveWVlOmRlbGV0ZSIsImVtcGxveWVlOnJlYWQiLCJhZG1pbjpkZWxldGUiLCJlbXBsb3llZTp1cGRhdGUiLCJhZG1pbjpyZWFkIiwiYWRtaW46Y3JlYXRlIiwiYWRtaW46dXBkYXRlIiwiZW1wbG95ZWU6Y3JlYXRlIiwiUk9MRV9BRE1JTiJdLCJ1c2VybmFtZSI6ImFkbWluIiwic3ViIjoiYWRtaW4iLCJpYXQiOjE3MDA3MTMxODUsImV4cCI6MTcwMDc0OTE4NX0._rxrkP_o2CJrnDVCwL11XEi8dYNMHK-zq12oeGxy3Tc','BEARER',_binary '',_binary '',19),(1070,'eyJhbGciOiJIUzI1NiJ9.eyJyb2xlIjpbInVzZXI6cmVhZCIsInVzZXI6Y3JlYXRlIiwidXNlcjp1cGRhdGUiLCJ1c2VyOmRlbGV0ZSIsIlJPTEVfVVNFUiJdLCJ1c2VybmFtZSI6InRlc3QxIiwic3ViIjoidGVzdDEiLCJpYXQiOjE3MDA3MTMzMzUsImV4cCI6MTcwMDc0OTMzNX0.zIDuaBmf1R5977ALD-eVIxJ_BLKPbHhNvno95hT-ydY','BEARER',_binary '',_binary '',21),(1071,'eyJhbGciOiJIUzI1NiJ9.eyJyb2xlIjpbImVtcGxveWVlOmRlbGV0ZSIsImVtcGxveWVlOnJlYWQiLCJhZG1pbjpkZWxldGUiLCJlbXBsb3llZTp1cGRhdGUiLCJhZG1pbjpyZWFkIiwiYWRtaW46Y3JlYXRlIiwiYWRtaW46dXBkYXRlIiwiZW1wbG95ZWU6Y3JlYXRlIiwiUk9MRV9BRE1JTiJdLCJ1c2VybmFtZSI6ImFkbWluIiwic3ViIjoiYWRtaW4iLCJpYXQiOjE3MDA3MTM0NDYsImV4cCI6MTcwMDc0OTQ0Nn0.W2J_topC1wZ_jGxwwX0D2Gw1m-O6JB346u6EjEdC8Ag','BEARER',_binary '',_binary '',19),(1072,'eyJhbGciOiJIUzI1NiJ9.eyJyb2xlIjpbInVzZXI6cmVhZCIsInVzZXI6Y3JlYXRlIiwidXNlcjp1cGRhdGUiLCJ1c2VyOmRlbGV0ZSIsIlJPTEVfVVNFUiJdLCJ1c2VybmFtZSI6InRlc3QxIiwic3ViIjoidGVzdDEiLCJpYXQiOjE3MDA3MTM4MDksImV4cCI6MTcwMDc0OTgwOX0.Le_iQnwzvwFhCdkPT0xXcwWyfHbbK6XDOBZxz3gG2MA','BEARER',_binary '',_binary '',21),(1073,'eyJhbGciOiJIUzI1NiJ9.eyJyb2xlIjpbInVzZXI6Y3JlYXRlIiwidXNlcjpyZWFkIiwidXNlcjp1cGRhdGUiLCJ1c2VyOmRlbGV0ZSIsIlJPTEVfVVNFUiJdLCJ1c2VybmFtZSI6InRlc3QxIiwic3ViIjoidGVzdDEiLCJpYXQiOjE3MDA3MzEzNDYsImV4cCI6MTcwMDc2NzM0Nn0.DxUur3LO8nvsxa6qJRQNTE8JalT7FkkvisA9n1f2pzc','BEARER',_binary '',_binary '',21),(1074,'eyJhbGciOiJIUzI1NiJ9.eyJyb2xlIjpbInVzZXI6cmVhZCIsInVzZXI6dXBkYXRlIiwidXNlcjpkZWxldGUiLCJ1c2VyOmNyZWF0ZSIsIlJPTEVfVVNFUiJdLCJ1c2VybmFtZSI6InRlc3QxIiwic3ViIjoidGVzdDEiLCJpYXQiOjE3MDA4MDkwNzAsImV4cCI6MTcwMDg0NTA3MH0.UkzWINowt4AOHQ1491svk4LpkYB9ycuyw-QjyZz7IzQ','BEARER',_binary '',_binary '',21),(1075,'eyJhbGciOiJIUzI1NiJ9.eyJyb2xlIjpbImFkbWluOnJlYWQiLCJhZG1pbjpkZWxldGUiLCJlbXBsb3llZTpjcmVhdGUiLCJlbXBsb3llZTpyZWFkIiwiZW1wbG95ZWU6ZGVsZXRlIiwiZW1wbG95ZWU6dXBkYXRlIiwiYWRtaW46Y3JlYXRlIiwiYWRtaW46dXBkYXRlIiwiUk9MRV9BRE1JTiJdLCJ1c2VybmFtZSI6ImFkbWluIiwic3ViIjoiYWRtaW4iLCJpYXQiOjE3MDA4MDkwOTAsImV4cCI6MTcwMDg0NTA5MH0.t-xSWzSYfdPUAEcsBlYTmpm_8L_rhej53S-zFDVszZ8','BEARER',_binary '',_binary '',19),(1076,'eyJhbGciOiJIUzI1NiJ9.eyJyb2xlIjpbImFkbWluOnJlYWQiLCJhZG1pbjpkZWxldGUiLCJlbXBsb3llZTpjcmVhdGUiLCJlbXBsb3llZTpyZWFkIiwiZW1wbG95ZWU6ZGVsZXRlIiwiZW1wbG95ZWU6dXBkYXRlIiwiYWRtaW46Y3JlYXRlIiwiYWRtaW46dXBkYXRlIiwiUk9MRV9BRE1JTiJdLCJ1c2VybmFtZSI6ImFkbWluIiwic3ViIjoiYWRtaW4iLCJpYXQiOjE3MDA4MTExNjAsImV4cCI6MTcwMDg0NzE2MH0.FEo6m47veDCfv1j2Si0STwyBLszXsAS_Yj9_m6nAbSM','BEARER',_binary '',_binary '',19),(1077,'eyJhbGciOiJIUzI1NiJ9.eyJyb2xlIjpbImVtcGxveWVlOmNyZWF0ZSIsImVtcGxveWVlOmRlbGV0ZSIsImFkbWluOmRlbGV0ZSIsImFkbWluOmNyZWF0ZSIsImVtcGxveWVlOnJlYWQiLCJhZG1pbjpyZWFkIiwiYWRtaW46dXBkYXRlIiwiZW1wbG95ZWU6dXBkYXRlIiwiUk9MRV9BRE1JTiJdLCJ1c2VybmFtZSI6ImFkbWluIiwic3ViIjoiYWRtaW4iLCJpYXQiOjE3MDA4MTExOTEsImV4cCI6MTcwMDg0NzE5MX0.PUSjSfjh1ltojkvoroHhMDy95u_hkun5ky-BEcYDOFY','BEARER',_binary '',_binary '',19),(1078,'eyJhbGciOiJIUzI1NiJ9.eyJ1c2VybmFtZSI6ImFkbWluIiwicm9sZSI6WyJlbXBsb3llZTp1cGRhdGUiLCJlbXBsb3llZTpkZWxldGUiLCJhZG1pbjp1cGRhdGUiLCJhZG1pbjpjcmVhdGUiLCJlbXBsb3llZTpjcmVhdGUiLCJhZG1pbjpkZWxldGUiLCJlbXBsb3llZTpyZWFkIiwiYWRtaW46cmVhZCIsIlJPTEVfQURNSU4iXSwic3ViIjoiYWRtaW4iLCJpYXQiOjE3MDA4MzY2NDcsImV4cCI6MTcwMDg3MjY0N30.yfmQnjTsypbwg0qyt2cZ4juP9znyJTr6VYfIkJHBvYI','BEARER',_binary '',_binary '',19),(1079,'eyJhbGciOiJIUzI1NiJ9.eyJ1c2VybmFtZSI6ImFkbWluIiwicm9sZSI6WyJhZG1pbjp1cGRhdGUiLCJhZG1pbjpkZWxldGUiLCJhZG1pbjpyZWFkIiwiZW1wbG95ZWU6cmVhZCIsImFkbWluOmNyZWF0ZSIsImVtcGxveWVlOmRlbGV0ZSIsImVtcGxveWVlOnVwZGF0ZSIsImVtcGxveWVlOmNyZWF0ZSIsIlJPTEVfQURNSU4iXSwic3ViIjoiYWRtaW4iLCJpYXQiOjE3MDA4MzY3MTYsImV4cCI6MTcwMDg3MjcxNn0.EpNLNuMwiDhn8248536V7ykuZ1JhTczdWyBf3o5X9qw','BEARER',_binary '',_binary '',19),(1080,'eyJhbGciOiJIUzI1NiJ9.eyJyb2xlIjpbImVtcGxveWVlOnVwZGF0ZSIsImVtcGxveWVlOnJlYWQiLCJhZG1pbjpjcmVhdGUiLCJlbXBsb3llZTpjcmVhdGUiLCJhZG1pbjp1cGRhdGUiLCJhZG1pbjpkZWxldGUiLCJlbXBsb3llZTpkZWxldGUiLCJhZG1pbjpyZWFkIiwiUk9MRV9BRE1JTiJdLCJ1c2VybmFtZSI6ImFkbWluIiwic3ViIjoiYWRtaW4iLCJpYXQiOjE3MDEwMDQxMzgsImV4cCI6MTcwMTA0MDEzOH0.zZMJCsm3LH58gyxAvH8uEKecBhTAq5EuwfA2rEeeAUM','BEARER',_binary '',_binary '',19),(1081,'eyJhbGciOiJIUzI1NiJ9.eyJyb2xlIjpbImVtcGxveWVlOnVwZGF0ZSIsImVtcGxveWVlOnJlYWQiLCJhZG1pbjpjcmVhdGUiLCJlbXBsb3llZTpjcmVhdGUiLCJhZG1pbjp1cGRhdGUiLCJhZG1pbjpkZWxldGUiLCJlbXBsb3llZTpkZWxldGUiLCJhZG1pbjpyZWFkIiwiUk9MRV9BRE1JTiJdLCJ1c2VybmFtZSI6ImFkbWluIiwic3ViIjoiYWRtaW4iLCJpYXQiOjE3MDEwMDQ2MzksImV4cCI6MTcwMTA0MDYzOX0.VJ-0AVFdhaH1ITOSW-UU8C2WxkOxMbnHeBtRHZIQzUk','BEARER',_binary '',_binary '',19),(1082,'eyJhbGciOiJIUzI1NiJ9.eyJ1c2VybmFtZSI6ImFkbWluIiwicm9sZSI6WyJhZG1pbjpjcmVhdGUiLCJlbXBsb3llZTp1cGRhdGUiLCJhZG1pbjp1cGRhdGUiLCJlbXBsb3llZTpkZWxldGUiLCJhZG1pbjpyZWFkIiwiYWRtaW46ZGVsZXRlIiwiZW1wbG95ZWU6Y3JlYXRlIiwiZW1wbG95ZWU6cmVhZCIsIlJPTEVfQURNSU4iXSwic3ViIjoiYWRtaW4iLCJpYXQiOjE3MDExNTA1MzEsImV4cCI6MTcwMTE4NjUzMX0.4oUbUj4Tn_IiFHufOnlJHIJSnpVqyniagsFp16IlwG0','BEARER',_binary '',_binary '',19),(1083,'eyJhbGciOiJIUzI1NiJ9.eyJ1c2VybmFtZSI6InRlc3QxIiwicm9sZSI6WyJ1c2VyOmRlbGV0ZSIsInVzZXI6cmVhZCIsInVzZXI6dXBkYXRlIiwidXNlcjpjcmVhdGUiLCJST0xFX1VTRVIiXSwic3ViIjoidGVzdDEiLCJpYXQiOjE3MDExNTA1NDgsImV4cCI6MTcwMTE4NjU0OH0.zlikjxZU6ed7TId-LyNdCKHuCOQ5oCQEAzdmfLeAxYk','BEARER',_binary '',_binary '',21),(1084,'eyJhbGciOiJIUzI1NiJ9.eyJ1c2VybmFtZSI6ImFkbWluIiwicm9sZSI6WyJhZG1pbjpjcmVhdGUiLCJlbXBsb3llZTp1cGRhdGUiLCJhZG1pbjp1cGRhdGUiLCJlbXBsb3llZTpkZWxldGUiLCJhZG1pbjpyZWFkIiwiYWRtaW46ZGVsZXRlIiwiZW1wbG95ZWU6Y3JlYXRlIiwiZW1wbG95ZWU6cmVhZCIsIlJPTEVfQURNSU4iXSwic3ViIjoiYWRtaW4iLCJpYXQiOjE3MDExNTA2ODIsImV4cCI6MTcwMTE4NjY4Mn0.fdzxmKl_7Jj3OdImMfKyXKl_lHrSNtUcv2zdwHSkNNk','BEARER',_binary '',_binary '',19),(1085,'eyJhbGciOiJIUzI1NiJ9.eyJ1c2VybmFtZSI6InRlc3QxIiwicm9sZSI6WyJ1c2VyOnVwZGF0ZSIsInVzZXI6Y3JlYXRlIiwidXNlcjpkZWxldGUiLCJ1c2VyOnJlYWQiLCJST0xFX1VTRVIiXSwic3ViIjoidGVzdDEiLCJpYXQiOjE3MDExNjI1MDEsImV4cCI6MTcwMTE5ODUwMX0.lGfSjZbW1u4LY0jBOcTnrrWc36p7U7GyiTN5p_YWtfU','BEARER',_binary '',_binary '',21),(1086,'eyJhbGciOiJIUzI1NiJ9.eyJ1c2VybmFtZSI6InRlc3QxIiwicm9sZSI6WyJ1c2VyOnVwZGF0ZSIsInVzZXI6Y3JlYXRlIiwidXNlcjpkZWxldGUiLCJ1c2VyOnJlYWQiLCJST0xFX1VTRVIiXSwic3ViIjoidGVzdDEiLCJpYXQiOjE3MDExNjU4OTUsImV4cCI6MTcwMTIwMTg5NX0.eHcqxTHWHgaqMV6LKTZSGGdbyMuUAcq2lYkK27tG6C4','BEARER',_binary '',_binary '',21),(1087,'eyJhbGciOiJIUzI1NiJ9.eyJ1c2VybmFtZSI6InRlc3QxIiwicm9sZSI6WyJ1c2VyOnVwZGF0ZSIsInVzZXI6Y3JlYXRlIiwidXNlcjpkZWxldGUiLCJ1c2VyOnJlYWQiLCJST0xFX1VTRVIiXSwic3ViIjoidGVzdDEiLCJpYXQiOjE3MDExNzQxNzQsImV4cCI6MTcwMTIxMDE3NH0.G9R_Ud-ssehfMDsVj25EZy-zejYobVAkrY0QJQusMvU','BEARER',_binary '',_binary '',21),(1088,'eyJhbGciOiJIUzI1NiJ9.eyJ1c2VybmFtZSI6InRlc3QxIiwicm9sZSI6WyJ1c2VyOnVwZGF0ZSIsInVzZXI6Y3JlYXRlIiwidXNlcjpkZWxldGUiLCJ1c2VyOnJlYWQiLCJST0xFX1VTRVIiXSwic3ViIjoidGVzdDEiLCJpYXQiOjE3MDExNzQxOTgsImV4cCI6MTcwMTIxMDE5OH0.2K9cXgOAIMNG_Gn9tL_5gCeKRlzvz5eKh4pNbBQWY08','BEARER',_binary '',_binary '',21),(1089,'eyJhbGciOiJIUzI1NiJ9.eyJyb2xlIjpbInVzZXI6dXBkYXRlIiwidXNlcjpjcmVhdGUiLCJ1c2VyOnJlYWQiLCJ1c2VyOmRlbGV0ZSIsIlJPTEVfVVNFUiJdLCJ1c2VybmFtZSI6InRlc3QxIiwic3ViIjoidGVzdDEiLCJpYXQiOjE3MDExODM4NjksImV4cCI6MTcwMTIxOTg2OX0.xdbGZtOe2OhWC9da8hkBkR0ubBesFoud109iC0S3XrQ','BEARER',_binary '',_binary '',21),(1090,'eyJhbGciOiJIUzI1NiJ9.eyJyb2xlIjpbInVzZXI6cmVhZCIsInVzZXI6ZGVsZXRlIiwidXNlcjpjcmVhdGUiLCJ1c2VyOnVwZGF0ZSIsIlJPTEVfVVNFUiJdLCJ1c2VybmFtZSI6InRlc3QxIiwic3ViIjoidGVzdDEiLCJpYXQiOjE3MDEyNjQzMzQsImV4cCI6MTcwMTMwMDMzNH0.Vn5pCtbbmQx46g3Knkz7dxIBd-vZAcn_Hj-YVCO-9CU','BEARER',_binary '',_binary '',21),(1091,'eyJhbGciOiJIUzI1NiJ9.eyJyb2xlIjpbInVzZXI6cmVhZCIsInVzZXI6ZGVsZXRlIiwidXNlcjpjcmVhdGUiLCJ1c2VyOnVwZGF0ZSIsIlJPTEVfVVNFUiJdLCJ1c2VybmFtZSI6InRlc3QxIiwic3ViIjoidGVzdDEiLCJpYXQiOjE3MDEyNjU1MDAsImV4cCI6MTcwMTMwMTUwMH0.EM9xidItD1WpD0DfPueBJ7R3hmRJjrCIsEL79O6lX1o','BEARER',_binary '',_binary '',21),(1092,'eyJhbGciOiJIUzI1NiJ9.eyJyb2xlIjpbImFkbWluOmNyZWF0ZSIsImVtcGxveWVlOnJlYWQiLCJlbXBsb3llZTpjcmVhdGUiLCJhZG1pbjpkZWxldGUiLCJhZG1pbjpyZWFkIiwiZW1wbG95ZWU6ZGVsZXRlIiwiYWRtaW46dXBkYXRlIiwiZW1wbG95ZWU6dXBkYXRlIiwiUk9MRV9BRE1JTiJdLCJ1c2VybmFtZSI6ImFkbWluIiwic3ViIjoiYWRtaW4iLCJpYXQiOjE3MDEyNjg0MjQsImV4cCI6MTcwMTMwNDQyNH0.MBiL_CyBuCrS3QKr60KWj8Hv3REFZjlp-eRrC187T1s','BEARER',_binary '',_binary '',19),(1093,'eyJhbGciOiJIUzI1NiJ9.eyJyb2xlIjpbInVzZXI6cmVhZCIsInVzZXI6ZGVsZXRlIiwidXNlcjpjcmVhdGUiLCJ1c2VyOnVwZGF0ZSIsIlJPTEVfVVNFUiJdLCJ1c2VybmFtZSI6InRlc3QxIiwic3ViIjoidGVzdDEiLCJpYXQiOjE3MDEyNjk3NjIsImV4cCI6MTcwMTMwNTc2Mn0.YwqbrMsabVuhizq5tY1oXyg4ZS-fO_ZIqIHQ-gLo8Ws','BEARER',_binary '',_binary '',21),(1094,'eyJhbGciOiJIUzI1NiJ9.eyJyb2xlIjpbImFkbWluOmNyZWF0ZSIsImVtcGxveWVlOnJlYWQiLCJlbXBsb3llZTpjcmVhdGUiLCJhZG1pbjpkZWxldGUiLCJhZG1pbjpyZWFkIiwiZW1wbG95ZWU6ZGVsZXRlIiwiYWRtaW46dXBkYXRlIiwiZW1wbG95ZWU6dXBkYXRlIiwiUk9MRV9BRE1JTiJdLCJ1c2VybmFtZSI6ImFkbWluIiwic3ViIjoiYWRtaW4iLCJpYXQiOjE3MDEyNzAzODYsImV4cCI6MTcwMTMwNjM4Nn0._aaHjjXgR0Xo6I97zMximC0o_z2Dy48s6gi127j4DAA','BEARER',_binary '',_binary '',19),(1095,'eyJhbGciOiJIUzI1NiJ9.eyJ1c2VybmFtZSI6ImFkbWluIiwicm9sZSI6WyJlbXBsb3llZTpyZWFkIiwiYWRtaW46Y3JlYXRlIiwiZW1wbG95ZWU6dXBkYXRlIiwiYWRtaW46dXBkYXRlIiwiZW1wbG95ZWU6ZGVsZXRlIiwiYWRtaW46cmVhZCIsImFkbWluOmRlbGV0ZSIsImVtcGxveWVlOmNyZWF0ZSIsIlJPTEVfQURNSU4iXSwic3ViIjoiYWRtaW4iLCJpYXQiOjE3MDE0MTIxNDAsImV4cCI6MTcwMTQ0ODE0MH0.anmkE3E7EjY-nSm9tCv-jYsePK2pm3h6nDMFnfoOjXQ','BEARER',_binary '',_binary '',19),(1096,'eyJhbGciOiJIUzI1NiJ9.eyJ1c2VybmFtZSI6InRlc3QxIiwicm9sZSI6WyJ1c2VyOmRlbGV0ZSIsInVzZXI6cmVhZCIsInVzZXI6dXBkYXRlIiwidXNlcjpjcmVhdGUiLCJST0xFX1VTRVIiXSwic3ViIjoidGVzdDEiLCJpYXQiOjE3MDE0MTI4NjYsImV4cCI6MTcwMTQ0ODg2Nn0.fgssrJTepmPnrPF5oErOaEkHzXVrV33dmbILHuRT_Z4','BEARER',_binary '',_binary '',21),(1097,'eyJhbGciOiJIUzI1NiJ9.eyJyb2xlIjpbInVzZXI6cmVhZCIsInVzZXI6ZGVsZXRlIiwidXNlcjp1cGRhdGUiLCJ1c2VyOmNyZWF0ZSIsIlJPTEVfVVNFUiJdLCJ1c2VybmFtZSI6InRlc3QxIiwic3ViIjoidGVzdDEiLCJpYXQiOjE3MDE1ODM4MjcsImV4cCI6MTcwMTYxOTgyN30._oYWvmcCH09nv1ryRogxLlnh_27SsQ709Ifrbo8325w','BEARER',_binary '',_binary '',21),(1098,'eyJhbGciOiJIUzI1NiJ9.eyJyb2xlIjpbImVtcGxveWVlOmRlbGV0ZSIsImVtcGxveWVlOnVwZGF0ZSIsImVtcGxveWVlOnJlYWQiLCJhZG1pbjpkZWxldGUiLCJhZG1pbjpjcmVhdGUiLCJlbXBsb3llZTpjcmVhdGUiLCJhZG1pbjp1cGRhdGUiLCJhZG1pbjpyZWFkIiwiUk9MRV9BRE1JTiJdLCJ1c2VybmFtZSI6ImFkbWluIiwic3ViIjoiYWRtaW4iLCJpYXQiOjE3MDE1ODM4NjMsImV4cCI6MTcwMTYxOTg2M30.bb-tnL4em0IKCOTGXQfHxXlLrDmSJqPuj8J962oWV7Q','BEARER',_binary '',_binary '',19),(1099,'eyJhbGciOiJIUzI1NiJ9.eyJyb2xlIjpbImVtcGxveWVlOnJlYWQiLCJhZG1pbjpkZWxldGUiLCJhZG1pbjpyZWFkIiwiYWRtaW46Y3JlYXRlIiwiYWRtaW46dXBkYXRlIiwiZW1wbG95ZWU6Y3JlYXRlIiwiZW1wbG95ZWU6dXBkYXRlIiwiZW1wbG95ZWU6ZGVsZXRlIiwiUk9MRV9BRE1JTiJdLCJ1c2VybmFtZSI6ImFkbWluIiwic3ViIjoiYWRtaW4iLCJpYXQiOjE3MDE2MDI1MjAsImV4cCI6MTcwMTYzODUyMH0.TM6i6-FsCxDTN0DkbuQQ_0xiVlv-6BPfQaTu9yaNEXc','BEARER',_binary '',_binary '',19),(1100,'eyJhbGciOiJIUzI1NiJ9.eyJyb2xlIjpbInVzZXI6ZGVsZXRlIiwidXNlcjp1cGRhdGUiLCJ1c2VyOnJlYWQiLCJ1c2VyOmNyZWF0ZSIsIlJPTEVfVVNFUiJdLCJ1c2VybmFtZSI6Im9kYWthIiwic3ViIjoib2Rha2EiLCJpYXQiOjE3MDE2MTE2NDMsImV4cCI6MTcwMTY0NzY0M30.AeO3X_4AHQSsIf85VVk2Bbbd6ZFt1IdQnLw5MdOE2BI','BEARER',_binary '',_binary '',44),(1101,'eyJhbGciOiJIUzI1NiJ9.eyJyb2xlIjpbImVtcGxveWVlOmNyZWF0ZSIsImVtcGxveWVlOnVwZGF0ZSIsImFkbWluOmNyZWF0ZSIsImFkbWluOnJlYWQiLCJlbXBsb3llZTpkZWxldGUiLCJlbXBsb3llZTpyZWFkIiwiYWRtaW46ZGVsZXRlIiwiYWRtaW46dXBkYXRlIiwiUk9MRV9BRE1JTiJdLCJ1c2VybmFtZSI6ImFkbWluIiwic3ViIjoiYWRtaW4iLCJpYXQiOjE3MDE2MTMxNDAsImV4cCI6MTcwMTY0OTE0MH0.edewcB8nu4VQasWYTtp8ZiFKP6A3MK5CvtlOFkrKT14','BEARER',_binary '',_binary '',19),(1102,'eyJhbGciOiJIUzI1NiJ9.eyJyb2xlIjpbImFkbWluOnVwZGF0ZSIsImFkbWluOnJlYWQiLCJlbXBsb3llZTpkZWxldGUiLCJlbXBsb3llZTp1cGRhdGUiLCJhZG1pbjpjcmVhdGUiLCJlbXBsb3llZTpyZWFkIiwiYWRtaW46ZGVsZXRlIiwiZW1wbG95ZWU6Y3JlYXRlIiwiUk9MRV9BRE1JTiJdLCJ1c2VybmFtZSI6ImFkbWluIiwic3ViIjoiYWRtaW4iLCJpYXQiOjE3MDE2NjE4NTAsImV4cCI6MTcwMTY5Nzg1MH0.EsFKo6K6hGQ_LncJ_mT6K8Dt5CoFqdWCK5diJJCd1RI','BEARER',_binary '',_binary '',19),(1103,'eyJhbGciOiJIUzI1NiJ9.eyJyb2xlIjpbImFkbWluOnVwZGF0ZSIsImFkbWluOnJlYWQiLCJlbXBsb3llZTpkZWxldGUiLCJlbXBsb3llZTp1cGRhdGUiLCJhZG1pbjpjcmVhdGUiLCJlbXBsb3llZTpyZWFkIiwiYWRtaW46ZGVsZXRlIiwiZW1wbG95ZWU6Y3JlYXRlIiwiUk9MRV9BRE1JTiJdLCJ1c2VybmFtZSI6ImFkbWluIiwic3ViIjoiYWRtaW4iLCJpYXQiOjE3MDE2NzE2OTAsImV4cCI6MTcwMTcwNzY5MH0.Cx5dcYncUQ-e7ImYvj7QmyXp1oYlMSqRSX3w587jEPA','BEARER',_binary '',_binary '',19),(1104,'eyJhbGciOiJIUzI1NiJ9.eyJyb2xlIjpbImFkbWluOnVwZGF0ZSIsImFkbWluOnJlYWQiLCJlbXBsb3llZTpkZWxldGUiLCJlbXBsb3llZTp1cGRhdGUiLCJhZG1pbjpjcmVhdGUiLCJlbXBsb3llZTpyZWFkIiwiYWRtaW46ZGVsZXRlIiwiZW1wbG95ZWU6Y3JlYXRlIiwiUk9MRV9BRE1JTiJdLCJ1c2VybmFtZSI6ImFkbWluIiwic3ViIjoiYWRtaW4iLCJpYXQiOjE3MDE2NzE3MzAsImV4cCI6MTcwMTcwNzczMH0.mWWErti8_00pbi8cTZl9SDyuNTb-fPX5LnQQ2cyliMY','BEARER',_binary '',_binary '',19),(1105,'eyJhbGciOiJIUzI1NiJ9.eyJ1c2VybmFtZSI6ImFkbWluIiwicm9sZSI6WyJhZG1pbjpyZWFkIiwiZW1wbG95ZWU6cmVhZCIsImFkbWluOnVwZGF0ZSIsImFkbWluOmRlbGV0ZSIsImVtcGxveWVlOmRlbGV0ZSIsImVtcGxveWVlOmNyZWF0ZSIsImFkbWluOmNyZWF0ZSIsImVtcGxveWVlOnVwZGF0ZSIsIlJPTEVfQURNSU4iXSwic3ViIjoiYWRtaW4iLCJpYXQiOjE3MDE4NDYyNjcsImV4cCI6MTcwMTg4MjI2N30.i4I59RPhubK8aDeafiTTNfoSKUZjsd8lNWI5K8WAWmc','BEARER',_binary '',_binary '',19),(1106,'eyJhbGciOiJIUzI1NiJ9.eyJyb2xlIjpbInVzZXI6Y3JlYXRlIiwidXNlcjp1cGRhdGUiLCJ1c2VyOmRlbGV0ZSIsInVzZXI6cmVhZCIsIlJPTEVfVVNFUiJdLCJ1c2VybmFtZSI6InRlc3QxIiwic3ViIjoidGVzdDEiLCJpYXQiOjE3MDE4NzI2MDgsImV4cCI6MTcwMTkwODYwOH0.apaNkax9FMNfM_zSYcr3sy435JtdvVMvlZykREVw2jE','BEARER',_binary '',_binary '',21),(1107,'eyJhbGciOiJIUzI1NiJ9.eyJyb2xlIjpbInVzZXI6Y3JlYXRlIiwidXNlcjp1cGRhdGUiLCJ1c2VyOmRlbGV0ZSIsInVzZXI6cmVhZCIsIlJPTEVfVVNFUiJdLCJ1c2VybmFtZSI6Im9kYWthIiwic3ViIjoib2Rha2EiLCJpYXQiOjE3MDE4NzI2NTMsImV4cCI6MTcwMTkwODY1M30.w0ZwFEKQ2mRZJUR0B3AIXi2BB6VTgwqMKKiR5Otcdu0','BEARER',_binary '',_binary '',44),(1108,'eyJhbGciOiJIUzI1NiJ9.eyJ1c2VybmFtZSI6Im9kYWthIiwicm9sZSI6WyJ1c2VyOnJlYWQiLCJ1c2VyOmRlbGV0ZSIsInVzZXI6dXBkYXRlIiwidXNlcjpjcmVhdGUiLCJST0xFX1VTRVIiXSwic3ViIjoib2Rha2EiLCJpYXQiOjE3MDE5MjYzMDYsImV4cCI6MTcwMTk2MjMwNn0.QUK_uVXm0iWISKJ4KnzJ3tJ-mhfxTbERppmHaBz_Xj0','BEARER',_binary '',_binary '',44),(1109,'eyJhbGciOiJIUzI1NiJ9.eyJ1c2VybmFtZSI6ImFkbWluIiwicm9sZSI6WyJlbXBsb3llZTpyZWFkIiwiYWRtaW46dXBkYXRlIiwiYWRtaW46ZGVsZXRlIiwiZW1wbG95ZWU6ZGVsZXRlIiwiZW1wbG95ZWU6Y3JlYXRlIiwiYWRtaW46Y3JlYXRlIiwiZW1wbG95ZWU6dXBkYXRlIiwiYWRtaW46cmVhZCIsIlJPTEVfQURNSU4iXSwic3ViIjoiYWRtaW4iLCJpYXQiOjE3MDE5MjYzMTIsImV4cCI6MTcwMTk2MjMxMn0.d4rVUDtG_Sud2TboFEAII68yeHuwvLAIBbKi_s0ZQ-M','BEARER',_binary '',_binary '',19),(1110,'eyJhbGciOiJIUzI1NiJ9.eyJyb2xlIjpbInVzZXI6cmVhZCIsInVzZXI6ZGVsZXRlIiwidXNlcjp1cGRhdGUiLCJ1c2VyOmNyZWF0ZSIsIlJPTEVfVVNFUiJdLCJ1c2VybmFtZSI6Im9kYWthIiwic3ViIjoib2Rha2EiLCJpYXQiOjE3MDE5MzAwMjQsImV4cCI6MTcwMTk2NjAyNH0.SrwD15BF5qqCjKyHqwBnznSPAPaJNr9GO6UK5gktPJo','BEARER',_binary '',_binary '',44),(1111,'eyJhbGciOiJIUzI1NiJ9.eyJ1c2VybmFtZSI6Im9kYWthIiwicm9sZSI6WyJ1c2VyOmRlbGV0ZSIsInVzZXI6cmVhZCIsInVzZXI6Y3JlYXRlIiwidXNlcjp1cGRhdGUiLCJST0xFX1VTRVIiXSwic3ViIjoib2Rha2EiLCJpYXQiOjE3MDIxMDQyODEsImV4cCI6MTcwMjE0MDI4MX0.xkkNhSv4FRzfH_nLMS7RPbCrLCPpts3S918wefXvPb0','BEARER',_binary '',_binary '',44),(1112,'eyJhbGciOiJIUzI1NiJ9.eyJ1c2VybmFtZSI6Im9kYWthIiwicm9sZSI6WyJ1c2VyOnVwZGF0ZSIsInVzZXI6Y3JlYXRlIiwidXNlcjpyZWFkIiwidXNlcjpkZWxldGUiLCJST0xFX1VTRVIiXSwic3ViIjoib2Rha2EiLCJpYXQiOjE3MDIxMDcwMTcsImV4cCI6MTcwMjE0MzAxN30.Oq3KpppgbLt3-2Y3KusGil9_BwaoQfxiFJBXGlbjq9w','BEARER',_binary '',_binary '',44),(1113,'eyJhbGciOiJIUzI1NiJ9.eyJ1c2VybmFtZSI6Im9kYWthIiwicm9sZSI6WyJ1c2VyOnVwZGF0ZSIsInVzZXI6Y3JlYXRlIiwidXNlcjpyZWFkIiwidXNlcjpkZWxldGUiLCJST0xFX1VTRVIiXSwic3ViIjoib2Rha2EiLCJpYXQiOjE3MDIxMDcwMTcsImV4cCI6MTcwMjE0MzAxN30.Oq3KpppgbLt3-2Y3KusGil9_BwaoQfxiFJBXGlbjq9w','BEARER',_binary '',_binary '',44),(1114,'eyJhbGciOiJIUzI1NiJ9.eyJyb2xlIjpbImVtcGxveWVlOnJlYWQiLCJlbXBsb3llZTpkZWxldGUiLCJhZG1pbjpjcmVhdGUiLCJhZG1pbjp1cGRhdGUiLCJhZG1pbjpkZWxldGUiLCJlbXBsb3llZTpjcmVhdGUiLCJhZG1pbjpyZWFkIiwiZW1wbG95ZWU6dXBkYXRlIiwiUk9MRV9BRE1JTiJdLCJ1c2VybmFtZSI6ImFkbWluIiwic3ViIjoiYWRtaW4iLCJpYXQiOjE3MDIzMDA3OTQsImV4cCI6MTcwMjMzNjc5NH0.IKMBnU_58CdCiCORTsKPvxgXEMjuzDzxZRkHpPGj_Ko','BEARER',_binary '',_binary '',19),(1115,'eyJhbGciOiJIUzI1NiJ9.eyJyb2xlIjpbImFkbWluOmRlbGV0ZSIsImFkbWluOnVwZGF0ZSIsImFkbWluOmNyZWF0ZSIsImVtcGxveWVlOmRlbGV0ZSIsImVtcGxveWVlOnJlYWQiLCJlbXBsb3llZTp1cGRhdGUiLCJhZG1pbjpyZWFkIiwiZW1wbG95ZWU6Y3JlYXRlIiwiUk9MRV9BRE1JTiJdLCJ1c2VybmFtZSI6ImFkbWluIiwic3ViIjoiYWRtaW4iLCJpYXQiOjE3MDIzNjUwNzIsImV4cCI6MTcwMjQwMTA3Mn0.HyoJKM4iGvI_B88FpuQEIpq5VgtDNjUgzNM-YHKsbF0','BEARER',_binary '',_binary '',19),(1116,'eyJhbGciOiJIUzI1NiJ9.eyJyb2xlIjpbImVtcGxveWVlOmRlbGV0ZSIsImFkbWluOmNyZWF0ZSIsImVtcGxveWVlOnVwZGF0ZSIsImFkbWluOnJlYWQiLCJhZG1pbjpkZWxldGUiLCJhZG1pbjp1cGRhdGUiLCJlbXBsb3llZTpyZWFkIiwiZW1wbG95ZWU6Y3JlYXRlIiwiUk9MRV9BRE1JTiJdLCJ1c2VybmFtZSI6ImFkbWluIiwic3ViIjoiYWRtaW4iLCJpYXQiOjE3MDIzOTU1MjYsImV4cCI6MTcwMjQzMTUyNn0.l04z6cPwOYeFL1N-2Y6kiixEM3Z6G4SOkrl7s_HrLz8','BEARER',_binary '',_binary '',19),(1117,'eyJhbGciOiJIUzI1NiJ9.eyJyb2xlIjpbImFkbWluOmNyZWF0ZSIsImVtcGxveWVlOmNyZWF0ZSIsImFkbWluOnJlYWQiLCJhZG1pbjpkZWxldGUiLCJlbXBsb3llZTpyZWFkIiwiYWRtaW46dXBkYXRlIiwiZW1wbG95ZWU6dXBkYXRlIiwiZW1wbG95ZWU6ZGVsZXRlIiwiUk9MRV9BRE1JTiJdLCJ1c2VybmFtZSI6ImFkbWluIiwic3ViIjoiYWRtaW4iLCJpYXQiOjE3MDI0NDMyOTIsImV4cCI6MTcwMjQ3OTI5Mn0.nFad_86vnJiizlWXHf3JP8NGX-s7ujpgmWuoar3znhs','BEARER',_binary '',_binary '',19),(1118,'eyJhbGciOiJIUzI1NiJ9.eyJyb2xlIjpbImFkbWluOnJlYWQiLCJlbXBsb3llZTpjcmVhdGUiLCJhZG1pbjp1cGRhdGUiLCJhZG1pbjpkZWxldGUiLCJlbXBsb3llZTpyZWFkIiwiYWRtaW46Y3JlYXRlIiwiZW1wbG95ZWU6dXBkYXRlIiwiZW1wbG95ZWU6ZGVsZXRlIiwiUk9MRV9BRE1JTiJdLCJ1c2VybmFtZSI6ImFkbWluIiwic3ViIjoiYWRtaW4iLCJpYXQiOjE3MDI1NDA0ODcsImV4cCI6MTcwMjU3NjQ4N30.1pRrohGGCSZWAhOGwXy_6k9IAJPYg_arOOPYludBBvI','BEARER',_binary '',_binary '',19),(1119,'eyJhbGciOiJIUzI1NiJ9.eyJyb2xlIjpbImVtcGxveWVlOnVwZGF0ZSIsImVtcGxveWVlOmRlbGV0ZSIsImFkbWluOnJlYWQiLCJlbXBsb3llZTpjcmVhdGUiLCJhZG1pbjp1cGRhdGUiLCJhZG1pbjpkZWxldGUiLCJlbXBsb3llZTpyZWFkIiwiYWRtaW46Y3JlYXRlIiwiUk9MRV9BRE1JTiJdLCJ1c2VybmFtZSI6ImFkbWluIiwic3ViIjoiYWRtaW4iLCJpYXQiOjE3MDI2MjMxMDgsImV4cCI6MTcwMjY1OTEwOH0.jkiPz99a8imCefnuIx1BWpy9oa0BJ2aRcax7VEftIfE','BEARER',_binary '',_binary '',19),(1120,'eyJhbGciOiJIUzI1NiJ9.eyJyb2xlIjpbInVzZXI6Y3JlYXRlIiwidXNlcjpyZWFkIiwidXNlcjpkZWxldGUiLCJ1c2VyOnVwZGF0ZSIsIlJPTEVfVVNFUiJdLCJ1c2VybmFtZSI6Im9kYWthIiwic3ViIjoib2Rha2EiLCJpYXQiOjE3MDI2MjQyMjUsImV4cCI6MTcwMjY2MDIyNX0.ILpgO1fIJ9D5v54aYeCRfJ3BHzzt-1w8g7rEgqVD_rY','BEARER',_binary '',_binary '',44),(1121,'eyJhbGciOiJIUzI1NiJ9.eyJyb2xlIjpbInVzZXI6ZGVsZXRlIiwidXNlcjpjcmVhdGUiLCJ1c2VyOnVwZGF0ZSIsInVzZXI6cmVhZCIsIlJPTEVfVVNFUiJdLCJ1c2VybmFtZSI6InRlc3QxIiwic3ViIjoidGVzdDEiLCJpYXQiOjE3MDI2MjUyMjUsImV4cCI6MTcwMjY2MTIyNX0.DQkYwj41GzczyF31IDaAj0k7Vf1d1FgLe3EDkOtqRJM','BEARER',_binary '',_binary '',21),(1122,'eyJhbGciOiJIUzI1NiJ9.eyJyb2xlIjpbInVzZXI6ZGVsZXRlIiwidXNlcjpjcmVhdGUiLCJ1c2VyOnVwZGF0ZSIsInVzZXI6cmVhZCIsIlJPTEVfVVNFUiJdLCJ1c2VybmFtZSI6InRlc3QxIiwic3ViIjoidGVzdDEiLCJpYXQiOjE3MDI2MjUyMzUsImV4cCI6MTcwMjY2MTIzNX0.1bBMNN-oKD34Fq3E9ataTZ5F1WciJh9HPOL6-dhdcpA','BEARER',_binary '\0',_binary '\0',21);
/*!40000 ALTER TABLE `token` ENABLE KEYS */;
UNLOCK TABLES;

--
-- Table structure for table `user`
--

DROP TABLE IF EXISTS `user`;
/*!40101 SET @saved_cs_client     = @@character_set_client */;
/*!50503 SET character_set_client = utf8mb4 */;
CREATE TABLE `user` (
  `id` int NOT NULL AUTO_INCREMENT,
  `firstname` varchar(255) DEFAULT NULL,
  `lastname` varchar(45) DEFAULT NULL,
  `username` varchar(45) DEFAULT NULL,
  `email` varchar(45) DEFAULT NULL,
  `password` varchar(255) DEFAULT NULL,
  `dob` date DEFAULT NULL,
  `address` varchar(255) DEFAULT NULL,
  `province` varchar(255) DEFAULT NULL,
  `district` varchar(255) DEFAULT NULL,
  `ward` varchar(255) DEFAULT NULL,
  `phone` varchar(45) DEFAULT NULL,
  `role` varchar(45) DEFAULT NULL,
  `created_date` datetime DEFAULT NULL,
  `updated_date` datetime DEFAULT NULL,
  `enabled` bit(1) DEFAULT NULL,
  PRIMARY KEY (`id`),
  UNIQUE KEY `email_UNIQUE` (`email`),
  UNIQUE KEY `username_UNIQUE` (`username`)
) ENGINE=InnoDB AUTO_INCREMENT=45 DEFAULT CHARSET=utf8mb4 COLLATE=utf8mb4_0900_ai_ci;
/*!40101 SET character_set_client = @saved_cs_client */;

--
-- Dumping data for table `user`
--

LOCK TABLES `user` WRITE;
/*!40000 ALTER TABLE `user` DISABLE KEYS */;
INSERT INTO `user` VALUES (18,'gia','phu','ogp','testing@gmail.com','$2a$10$O6pestverWK429CPNK67Au8KqCgluV6rfdKhTevhtWD3PCjJabhk6','2023-08-30','zxcxzfcz','Tỉnh Hải Dương','Huyện Ninh Giang','Xã Tân Hương','12312321321','USER','2023-09-22 00:00:00',NULL,_binary ''),(19,'gia','phu','admin','admin@gmail.com','$2a$10$k5rvxz0TzGt4WTd1q.qqyOGsGuOnZS801JHBtiaXU64xgJRum8iha','2004-03-22','abcdsa','Tỉnh Lai Châu','Huyện Tân Uyên','Xã Tà Mít','1234568780','ADMIN','2023-09-22 00:00:00',NULL,_binary ''),(20,'gia','phu','employee','management@gmail.com','$2a$10$4YYOvJ3wY5W4Q9DAfnUoZO4JS2xRxEeG8jgIR69VrrGKKDyLswuoS','1991-09-10','AAAAAAAASSS','Tỉnh Quảng Ngãi','Huyện Ba Tơ','Xã Ba Thành','1231232131','EMPLOYEE','2023-09-22 00:00:00',NULL,_binary ''),(21,'gia','phu','test1','test1@gmail.com','$2a$10$2LHaU5wglUdWbkJzcIkjF./GCVe.xmHFaPe6fXiispCl7LkMLAUia','2023-09-05',NULL,'Tỉnh Hoà Bình','Huyện Kim Bôi','Xã Tú Sơn',NULL,'USER','2023-09-22 00:00:00',NULL,_binary ''),(22,'gia','phu','test2','aa@gmail.com','$2a$10$ESyfyWSLyBWLu2IVn3Vw2u9wOWFZ/v0ncYUom9v2AEyWx0Y.67BlO','1992-11-04',NULL,NULL,NULL,NULL,NULL,'USER','2023-12-22 00:00:00',NULL,_binary ''),(23,'gia','phu','test3','@gmail.com','$2a$10$jULg2VIDaiIuEpjMScLl5.CLc2u6u7wAUW2PJ0uP7sRwvVCSdxk2i','1987-12-03',NULL,NULL,NULL,NULL,NULL,'USER','2023-11-22 00:00:00',NULL,_binary ''),(24,'t','t','t','t','$2a$10$6hCki6v/MK76.u6fbNJcv.jEPh6FARJdLkz2eLolXIeBMn6TyYA36','1978-11-03','DASDSAD',NULL,NULL,NULL,'12321321','EMPLOYEE','2023-12-22 00:00:00',NULL,_binary ''),(25,'x','x','x','x','$2a$10$TmjpXRl.LdXbUpy3dhD4Lu/lbJlkPGsV8wWMIgpAmZIvQjMAu9PV2',NULL,NULL,NULL,NULL,NULL,NULL,'EMPLOYEE','2023-12-22 00:00:00',NULL,_binary ''),(34,'v','v','v','v@gmail.com','$2a$10$yOVWd1I7qIyVRZ5uDTUUU.ZOuWxbbyIhjC6a5bEUqy0vyTvrk/uki','2023-09-10','zxc',NULL,NULL,NULL,'123435','EMPLOYEE','2023-12-22 00:00:00',NULL,_binary '\0'),(36,'tg','tg','tg','tg@gmail.com','$2a$10$2m3M.y6pqZU2Of9pJHnnK.IcrNcUZPSHwT/OBD7oVPeNBy7UkeZR2','2023-09-11','asdas',NULL,NULL,NULL,'12345613','USER','2023-12-22 00:00:00',NULL,_binary ''),(37,'gia','phu','ggg','12341@gmail.com','$2a$10$96htF8Ae6UfXcwcE9p5l5eCUEGvL/30cdFAeZVxK9jdcKkpyjs4uq','1996-12-29',NULL,NULL,NULL,NULL,NULL,'USER','2023-11-22 00:00:00',NULL,NULL),(38,'b','b','','b@gmail.com','$2a$10$O1sOh5UyDRW20Dgtm0g6oubiufXQh2uZ07I13IQCh8nnW3Uk9Oz/q','1973-03-16','zxc',NULL,NULL,NULL,'123345567','EMPLOYEE','2023-11-22 00:00:00',NULL,_binary ''),(39,'T','G','abc','GG@gmail.com','$2a$10$FG3JBLfbKixhHkIMse/ZR.v3nkhbN9QqORKC.e819F3xQBPhmFtzG','1996-06-07','zxcxz',NULL,NULL,NULL,'1231231','EMPLOYEE','2023-11-22 00:00:00',NULL,_binary ''),(40,'io','io','io','io@gmail.com','$2a$10$RJjFgL1yMIcwi7uyQK6Lm.j7krNEVlkQqHaDOc5UMi7EGH4ZFG0PC','2023-09-06','zxccvbs',NULL,NULL,NULL,'112312313','ADMIN','2023-11-21 00:00:00',NULL,_binary ''),(41,'adasd','cvbcbc','gogo','ssf@gmai.com','$2a$10$0xu9jXHZDCGqKFHV1jmlBeqiCW6CiZzUwzwSAxQJROpg9ZUWk8HIe','2023-09-15','zczxczxv','','','','123123214','USER','2023-11-22 00:00:00',NULL,_binary ''),(42,'xcvxcv','xvcxc','goku','gsdgs@gmail.com','$2a$10$Li.cp8Im/DMPIPxQ1MUyDe9LWL..4G142ONKOk.7hBR9JEzHrM3Ku','1993-10-07','fvxcvxcbxcb','Tỉnh Quảng Bình','Huyện Quảng Trạch','Xã Quảng Châu','1321312','USER','2023-11-22 00:00:00',NULL,_binary '\0'),(43,'Maine','Cais','mcp12','mcp@gmailc.com','$2a$10$pHiWBMA.ThXLJS12VKomTuGJF46/COa36wMxdYko0FfD9XZ3SXHZm',NULL,NULL,NULL,NULL,NULL,NULL,'USER','2023-11-22 00:00:00',NULL,NULL),(44,'NCT','Air','odaka','phutv1990@gmail.com','$2a$10$fw1E/CKKqa3k02E1wemiQO2fUCh6gBiWeQ6iC7RpjW89ZiIt/gC.q',NULL,NULL,NULL,NULL,NULL,NULL,'USER','2023-10-22 00:00:00',NULL,_binary '');
/*!40000 ALTER TABLE `user` ENABLE KEYS */;
UNLOCK TABLES;

--
-- Table structure for table `vendor`
--

DROP TABLE IF EXISTS `vendor`;
/*!40101 SET @saved_cs_client     = @@character_set_client */;
/*!50503 SET character_set_client = utf8mb4 */;
CREATE TABLE `vendor` (
  `id` int NOT NULL AUTO_INCREMENT,
  `name` varchar(255) DEFAULT NULL,
  `description` varchar(255) DEFAULT NULL,
  `email` varchar(45) DEFAULT NULL,
  `address` varchar(255) DEFAULT NULL,
  `phone` varchar(45) DEFAULT NULL,
  PRIMARY KEY (`id`)
) ENGINE=InnoDB AUTO_INCREMENT=6 DEFAULT CHARSET=utf8mb4 COLLATE=utf8mb4_0900_ai_ci;
/*!40101 SET character_set_client = @saved_cs_client */;

--
-- Dumping data for table `vendor`
--

LOCK TABLES `vendor` WRITE;
/*!40000 ALTER TABLE `vendor` DISABLE KEYS */;
INSERT INTO `vendor` VALUES (1,'Khánh An Coffee','Nhà cung cấp cà phê Khánh An tại TPHCM','khanhancoffeecompany@gmail.com','886 Huỳnh Tấn Phát, Phường Tân Phú, Quận 7, Ho Chi Minh City, Vietnam','0362035414'),(2,'Blagu Việt Nam','Siêu Thị Cà Phê Viêt Nam được viết tắc là Sieuthicafe.vn, trực thuộc Công Ty TNHH BLAGU Việt Nam có kinh nghiệm trong ngành cà phê và các loại thức uống liên quan đến cà phê từ nhiều vùng miền thế giới.','admin@sieuthicafe.vn','Địa chỉ văn phòng: 108 Trần Hưng Đạo, P. Phạm Ngũ Lão, Quận 1, Tp. Hồ Chí Minh','0869367069 '),(3,'Stupiducks','Nhà cung cấp các loại sản phẩm cà phê tại TPHCM','duckmartvn@gmail.com','số 8 Hoàng Hoa Thám, Phường 7, Quận Bình Thạnh, TPHCM','02866810182');
/*!40000 ALTER TABLE `vendor` ENABLE KEYS */;
UNLOCK TABLES;

--
-- Table structure for table `wishlist`
--

DROP TABLE IF EXISTS `wishlist`;
/*!40101 SET @saved_cs_client     = @@character_set_client */;
/*!50503 SET character_set_client = utf8mb4 */;
CREATE TABLE `wishlist` (
  `id` int NOT NULL AUTO_INCREMENT,
  `user_id` int DEFAULT NULL,
  `created_at` datetime DEFAULT NULL,
  `updated_at` datetime DEFAULT NULL,
  `status` bit(1) DEFAULT NULL,
  PRIMARY KEY (`id`),
  KEY `FK_WL_User_idx` (`user_id`),
  CONSTRAINT `FK_WL_User` FOREIGN KEY (`user_id`) REFERENCES `user` (`id`) ON DELETE SET NULL ON UPDATE CASCADE
) ENGINE=InnoDB AUTO_INCREMENT=6 DEFAULT CHARSET=utf8mb4 COLLATE=utf8mb4_0900_ai_ci;
/*!40101 SET character_set_client = @saved_cs_client */;

--
-- Dumping data for table `wishlist`
--

LOCK TABLES `wishlist` WRITE;
/*!40000 ALTER TABLE `wishlist` DISABLE KEYS */;
INSERT INTO `wishlist` VALUES (1,21,'2023-11-06 13:27:41','2023-11-08 16:44:00',_binary ''),(2,20,'2023-11-07 11:38:47','2023-11-07 11:47:43',_binary ''),(3,18,'2023-11-12 14:18:15',NULL,_binary ''),(4,19,'2023-11-19 22:59:00',NULL,_binary ''),(5,44,'2023-12-03 20:54:03',NULL,_binary '');
/*!40000 ALTER TABLE `wishlist` ENABLE KEYS */;
UNLOCK TABLES;

--
-- Table structure for table `wishlist_item`
--

DROP TABLE IF EXISTS `wishlist_item`;
/*!40101 SET @saved_cs_client     = @@character_set_client */;
/*!50503 SET character_set_client = utf8mb4 */;
CREATE TABLE `wishlist_item` (
  `id` int NOT NULL AUTO_INCREMENT,
  `wishlist_id` int DEFAULT NULL,
  `product_id` int DEFAULT NULL,
  `add_date` datetime DEFAULT NULL,
  PRIMARY KEY (`id`),
  KEY `FK_WLI_WL_idx` (`wishlist_id`),
  KEY `FK_WLI_PD_idx` (`product_id`),
  CONSTRAINT `FK_WLI_PD` FOREIGN KEY (`product_id`) REFERENCES `product` (`id`) ON DELETE SET NULL ON UPDATE CASCADE,
  CONSTRAINT `FK_WLI_WL` FOREIGN KEY (`wishlist_id`) REFERENCES `wishlist` (`id`)
) ENGINE=InnoDB AUTO_INCREMENT=66 DEFAULT CHARSET=utf8mb4 COLLATE=utf8mb4_0900_ai_ci;
/*!40101 SET character_set_client = @saved_cs_client */;

--
-- Dumping data for table `wishlist_item`
--

LOCK TABLES `wishlist_item` WRITE;
/*!40000 ALTER TABLE `wishlist_item` DISABLE KEYS */;
INSERT INTO `wishlist_item` VALUES (11,2,3,'2023-11-07 11:38:50'),(12,2,4,'2023-11-07 11:38:51'),(14,2,23,'2023-11-07 11:38:58'),(15,2,22,'2023-11-07 11:47:35'),(16,2,24,'2023-11-07 11:47:43'),(44,1,2,'2023-11-07 12:53:18'),(45,1,4,'2023-11-07 21:59:08'),(51,1,26,'2023-11-07 22:22:09'),(63,1,15,'2023-11-08 16:33:14');
/*!40000 ALTER TABLE `wishlist_item` ENABLE KEYS */;
UNLOCK TABLES;
/*!40103 SET TIME_ZONE=@OLD_TIME_ZONE */;

/*!40101 SET SQL_MODE=@OLD_SQL_MODE */;
/*!40014 SET FOREIGN_KEY_CHECKS=@OLD_FOREIGN_KEY_CHECKS */;
/*!40014 SET UNIQUE_CHECKS=@OLD_UNIQUE_CHECKS */;
/*!40101 SET CHARACTER_SET_CLIENT=@OLD_CHARACTER_SET_CLIENT */;
/*!40101 SET CHARACTER_SET_RESULTS=@OLD_CHARACTER_SET_RESULTS */;
/*!40101 SET COLLATION_CONNECTION=@OLD_COLLATION_CONNECTION */;
/*!40111 SET SQL_NOTES=@OLD_SQL_NOTES */;

-- Dump completed on 2023-12-15 16:06:53
