CREATE DATABASE  IF NOT EXISTS `filtro_jwt` /*!40100 DEFAULT CHARACTER SET utf8mb4 COLLATE utf8mb4_0900_ai_ci */ /*!80016 DEFAULT ENCRYPTION='N' */;
USE `filtro_jwt`;
-- MySQL dump 10.13  Distrib 8.0.31, for Win64 (x86_64)
--
-- Host: localhost    Database: filtro_jwt
-- ------------------------------------------------------
-- Server version	8.0.31

/*!40101 SET @OLD_CHARACTER_SET_CLIENT=@@CHARACTER_SET_CLIENT */;
/*!40101 SET @OLD_CHARACTER_SET_RESULTS=@@CHARACTER_SET_RESULTS */;
/*!40101 SET @OLD_COLLATION_CONNECTION=@@COLLATION_CONNECTION */;
/*!50503 SET NAMES utf8 */;
/*!40103 SET @OLD_TIME_ZONE=@@TIME_ZONE */;
/*!40103 SET TIME_ZONE='+00:00' */;
/*!40014 SET @OLD_UNIQUE_CHECKS=@@UNIQUE_CHECKS, UNIQUE_CHECKS=0 */;
/*!40014 SET @OLD_FOREIGN_KEY_CHECKS=@@FOREIGN_KEY_CHECKS, FOREIGN_KEY_CHECKS=0 */;
/*!40101 SET @OLD_SQL_MODE=@@SQL_MODE, SQL_MODE='NO_AUTO_VALUE_ON_ZERO' */;
/*!40111 SET @OLD_SQL_NOTES=@@SQL_NOTES, SQL_NOTES=0 */;

--
-- Table structure for table `brand`
--

DROP TABLE IF EXISTS `brand`;
/*!40101 SET @saved_cs_client     = @@character_set_client */;
/*!50503 SET character_set_client = utf8mb4 */;
CREATE TABLE `brand` (
  `id` int NOT NULL AUTO_INCREMENT,
  `name` varchar(255) DEFAULT NULL,
  `description` varchar(9999) DEFAULT NULL,
  `status` int DEFAULT NULL,
  PRIMARY KEY (`id`)
) ENGINE=InnoDB AUTO_INCREMENT=10 DEFAULT CHARSET=utf8mb4 COLLATE=utf8mb4_0900_ai_ci;
/*!40101 SET character_set_client = @saved_cs_client */;

--
-- Dumping data for table `brand`
--

LOCK TABLES `brand` WRITE;
/*!40000 ALTER TABLE `brand` DISABLE KEYS */;
INSERT INTO `brand` VALUES (1,'Artic Fox','Thương hiệu Arctic Fox Cold Brew là nhà máy sản xuất cà phê cold brew với máy móc công nghệ hiện đại nhất tại Việt Nam hiện nay. Cùng với đó là đội ngũ chuyên gia về cà phê luôn tìm kiếm nguồn cà phê nguyên liệu cao cấp nhất và đạt chuẩn cà phê specialty. Arctic Fox Cold Brew hiện hoạt động tại Thái Lan, Việt Nam và Malaysia.',1),(2,'Green Bean Intertrade','Loạt cà phê nhân xanh được trồng khép kín, trải dài từ các nước ĐNA cho tới khu vực Trung-Nam Mỹ và các nước Châu Phi',1),(3,'KACC','Mặt hàng cà phê dược nhập chủ yếu từ Khánh An Coffee Company',1),(4,'Stupiducks','Các mặt hàng về cà phê được công ty Stupiducks nhập về',1),(5,'illycaffè','hello',1);
/*!40000 ALTER TABLE `brand` ENABLE KEYS */;
UNLOCK TABLES;

--
-- Table structure for table `cart`
--

DROP TABLE IF EXISTS `cart`;
/*!40101 SET @saved_cs_client     = @@character_set_client */;
/*!50503 SET character_set_client = utf8mb4 */;
CREATE TABLE `cart` (
  `id` int NOT NULL AUTO_INCREMENT,
  `user_id` int DEFAULT NULL,
  `created_at` datetime DEFAULT NULL,
  `updated_at` datetime DEFAULT NULL,
  `total` int DEFAULT '0',
  `status` bit(1) DEFAULT NULL,
  `voucher_id` int DEFAULT NULL,
  PRIMARY KEY (`id`),
  KEY `FK_Cart_User_idx` (`user_id`),
  KEY `FK_Cart_Voucher_idx` (`voucher_id`),
  CONSTRAINT `FK_Cart_User` FOREIGN KEY (`user_id`) REFERENCES `user` (`id`) ON DELETE SET NULL ON UPDATE CASCADE,
  CONSTRAINT `FK_Cart_Voucher` FOREIGN KEY (`voucher_id`) REFERENCES `voucher` (`id`) ON DELETE SET NULL ON UPDATE CASCADE
) ENGINE=InnoDB AUTO_INCREMENT=201 DEFAULT CHARSET=utf8mb4 COLLATE=utf8mb4_0900_ai_ci;
/*!40101 SET character_set_client = @saved_cs_client */;

--
-- Dumping data for table `cart`
--

LOCK TABLES `cart` WRITE;
/*!40000 ALTER TABLE `cart` DISABLE KEYS */;
INSERT INTO `cart` VALUES (1,44,'2023-10-29 21:21:18','2023-10-31 20:23:04',2480000,_binary '\0',NULL),(2,19,'2023-10-29 22:02:21','2023-10-31 12:27:46',1375000,_binary '',NULL),(4,22,'2023-10-29 22:28:50','2024-04-02 19:03:20',1240000,_binary '\0',NULL),(7,20,'2023-11-03 22:41:51','2023-11-07 22:12:31',230000,_binary '\0',NULL),(8,21,'2023-11-07 12:48:59','2023-11-10 12:50:35',700000,_binary '\0',NULL),(10,21,'2023-11-11 17:39:17','2023-11-11 20:34:33',1110000,_binary '\0',NULL),(11,21,'2023-11-11 20:34:55','2023-11-11 20:36:38',1680000,_binary '\0',NULL),(12,21,'2023-11-11 20:37:04','2023-11-14 14:27:00',620000,_binary '\0',NULL),(13,20,'2023-11-11 20:38:35','2023-11-13 15:10:15',3840000,_binary '\0',NULL),(14,18,'2023-11-12 14:18:15','2023-11-12 14:18:21',800000,_binary '\0',NULL),(15,18,'2023-11-12 14:19:00','2023-11-12 14:21:19',620000,_binary '\0',NULL),(16,18,'2023-11-12 14:21:32','2023-11-12 14:24:49',160000,_binary '\0',NULL),(17,18,'2023-11-12 14:30:13','2023-11-12 14:32:39',170000,_binary '\0',NULL),(18,18,'2023-11-12 14:34:02','2023-11-12 14:34:13',640000,_binary '\0',NULL),(19,18,'2023-11-12 14:34:23','2023-11-12 14:40:42',405000,_binary '\0',NULL),(20,18,'2023-11-12 14:40:57','2023-11-12 14:44:22',230000,_binary '\0',NULL),(21,18,'2023-11-12 14:44:35','2023-11-12 14:46:31',325000,_binary '\0',NULL),(22,18,'2023-11-12 14:46:48','2023-11-12 14:49:51',455000,_binary '\0',NULL),(23,18,'2023-11-12 14:50:08','2023-11-12 14:55:13',810000,_binary '\0',NULL),(24,18,'2023-11-12 15:08:34','2023-11-12 15:08:51',325000,_binary '\0',NULL),(25,18,'2023-11-12 15:09:01','2023-11-12 15:35:37',160000,_binary '\0',NULL),(26,18,'2023-11-12 15:36:42','2023-11-13 08:34:41',640000,_binary '\0',NULL),(27,18,'2023-11-13 08:35:06','2023-11-13 08:56:48',1350000,_binary '\0',NULL),(28,18,'2023-11-13 08:57:04','2023-11-13 08:58:13',165000,_binary '\0',NULL),(29,18,'2023-11-13 08:58:29','2023-11-13 09:01:29',325000,_binary '\0',NULL),(30,18,'2023-11-13 09:01:49','2023-11-13 10:10:37',160000,_binary '\0',NULL),(31,18,'2023-11-13 10:10:51','2023-11-13 10:12:16',650000,_binary '\0',NULL),(32,18,'2023-11-13 10:12:46','2023-11-13 10:18:33',205000,_binary '\0',NULL),(33,18,'2023-11-13 10:18:54','2023-11-13 10:21:46',260000,_binary '\0',NULL),(34,18,'2023-11-13 10:22:00','2023-11-13 10:26:20',190000,_binary '\0',NULL),(35,18,'2023-11-13 10:26:34','2023-11-13 10:31:17',410000,_binary '\0',NULL),(36,18,'2023-11-13 10:31:32','2023-11-13 10:34:06',735000,_binary '\0',NULL),(37,18,'2023-11-13 10:34:22','2023-11-13 10:41:26',230000,_binary '\0',NULL),(38,18,'2023-11-13 10:41:42','2023-11-13 10:49:34',1350000,_binary '\0',NULL),(39,18,'2023-11-13 10:49:49','2023-11-13 10:53:16',230000,_binary '\0',NULL),(40,18,'2023-11-13 10:53:36','2023-11-13 13:08:39',205000,_binary '\0',NULL),(41,18,'2023-11-13 13:09:04','2023-11-13 13:14:43',1350000,_binary '\0',NULL),(42,18,'2023-11-13 13:14:57','2023-11-13 13:38:31',895000,_binary '\0',NULL),(43,18,'2023-11-13 13:38:51','2023-11-13 13:42:59',170000,_binary '\0',NULL),(44,18,'2023-11-13 13:43:13','2023-11-13 13:47:58',325000,_binary '\0',NULL),(45,18,'2023-11-13 13:48:14','2023-11-13 13:50:45',1350000,_binary '\0',NULL),(46,18,'2023-11-13 13:51:01','2023-11-13 13:53:27',160000,_binary '\0',NULL),(47,18,'2023-11-13 13:53:42','2023-11-13 13:59:46',490000,_binary '\0',NULL),(48,18,'2023-11-13 13:59:57','2023-11-13 14:12:47',230000,_binary '\0',NULL),(49,18,'2023-11-13 14:12:59','2023-11-13 14:25:14',260000,_binary '\0',NULL),(50,18,'2023-11-13 14:26:18','2023-11-13 14:32:54',260000,_binary '\0',NULL),(51,18,'2023-11-13 14:33:14','2023-11-13 14:57:47',325000,_binary '\0',NULL),(52,18,'2023-11-13 14:58:16','2023-11-13 15:01:34',230000,_binary '\0',NULL),(53,18,'2023-11-13 15:02:00','2023-11-17 11:40:40',620000,_binary '\0',NULL),(54,20,'2023-11-13 15:10:32','2023-11-13 15:41:57',160000,_binary '\0',NULL),(55,20,'2023-11-13 15:42:50','2023-11-13 15:44:22',165000,_binary '\0',NULL),(56,20,'2023-11-13 15:45:02','2023-11-13 15:58:10',160000,_binary '\0',NULL),(57,20,'2023-11-13 15:58:27','2023-11-13 16:10:15',250000,_binary '\0',NULL),(58,20,'2023-11-13 16:10:31',NULL,0,_binary '\0',NULL),(59,20,'2023-11-13 16:10:59','2023-11-13 16:15:04',205000,_binary '\0',NULL),(60,20,'2023-11-13 16:15:21','2023-11-13 16:26:49',410000,_binary '\0',NULL),(61,20,'2023-11-13 16:27:03','2023-11-13 16:36:28',160000,_binary '\0',NULL),(62,20,'2023-11-13 16:36:45','2023-11-13 16:43:42',90000,_binary '\0',NULL),(63,20,'2023-11-13 16:43:58','2023-11-13 19:51:28',230000,_binary '\0',NULL),(64,20,'2023-11-13 19:51:37','2023-11-13 20:01:36',170000,_binary '\0',NULL),(65,20,'2023-11-13 20:01:43','2023-11-13 20:05:52',325000,_binary '\0',NULL),(66,20,'2023-11-13 20:06:00','2023-11-13 20:15:42',205000,_binary '\0',NULL),(67,20,'2023-11-13 20:15:51','2023-11-13 20:25:48',410000,_binary '\0',NULL),(68,20,'2023-11-13 20:25:57','2023-11-13 20:27:08',230000,_binary '\0',NULL),(69,20,'2023-11-13 20:27:18','2023-11-13 20:29:00',250000,_binary '\0',NULL),(70,20,'2023-11-13 20:29:08','2023-11-14 09:57:19',230000,_binary '',NULL),(71,21,'2023-11-14 14:27:21','2023-11-14 21:12:16',160000,_binary '\0',NULL),(72,21,'2023-11-14 21:21:05','2023-11-14 22:18:30',190000,_binary '\0',NULL),(73,21,'2023-11-14 22:19:07','2023-11-14 22:26:55',410000,_binary '\0',NULL),(74,21,'2023-11-14 22:27:09','2023-11-14 22:32:11',410000,_binary '\0',NULL),(75,21,'2023-11-14 22:32:23','2023-11-15 08:59:59',620000,_binary '\0',NULL),(76,21,'2023-11-15 09:00:26','2023-11-15 09:16:39',325000,_binary '\0',NULL),(77,21,'2023-11-15 09:16:57','2023-11-15 10:32:32',260000,_binary '\0',NULL),(78,21,'2023-11-15 10:34:07','2023-11-15 10:34:14',170000,_binary '\0',NULL),(79,21,'2023-11-15 10:34:56','2023-11-15 10:42:54',190000,_binary '\0',NULL),(80,21,'2023-11-15 10:43:44','2023-11-15 14:08:11',230000,_binary '\0',NULL),(81,21,'2023-11-15 14:08:38','2023-11-15 14:14:48',190000,_binary '\0',NULL),(82,21,'2023-11-15 14:15:11','2023-11-15 14:21:15',165000,_binary '\0',NULL),(83,21,'2023-11-15 14:21:54','2023-11-15 14:28:31',410000,_binary '\0',NULL),(84,21,'2023-11-15 14:29:02','2023-11-15 14:37:23',675000,_binary '\0',NULL),(85,21,'2023-11-15 14:37:51','2023-11-15 14:57:56',80000,_binary '\0',NULL),(86,21,'2023-11-15 14:58:19','2023-11-15 15:06:53',325000,_binary '\0',NULL),(87,21,'2023-11-15 15:07:13','2023-11-15 15:16:27',160000,_binary '\0',NULL),(88,21,'2023-11-15 15:16:50','2023-11-15 15:18:22',200000,_binary '\0',NULL),(89,21,'2023-11-15 15:18:42','2023-11-15 15:20:05',1280000,_binary '\0',NULL),(90,21,'2023-11-15 15:20:29','2023-11-15 15:24:10',170000,_binary '\0',NULL),(91,21,'2023-11-15 15:24:36','2023-11-15 15:28:44',410000,_binary '\0',NULL),(92,21,'2023-11-15 15:29:07','2023-11-15 15:31:44',235000,_binary '\0',NULL),(93,21,'2023-11-15 15:32:03','2023-11-15 15:34:45',80000,_binary '\0',NULL),(94,21,'2023-11-15 15:35:06','2023-11-15 15:47:24',115000,_binary '\0',NULL),(95,21,'2023-11-15 15:47:53','2023-11-16 13:24:39',230000,_binary '\0',NULL),(96,21,'2023-11-16 13:24:59','2023-11-16 13:26:15',170000,_binary '\0',NULL),(97,21,'2023-11-16 13:26:30','2023-11-16 13:28:50',90000,_binary '\0',NULL),(98,21,'2023-11-16 13:28:59','2023-11-16 13:32:25',165000,_binary '\0',NULL),(99,21,'2023-11-16 13:32:38','2023-11-16 16:14:20',230000,_binary '\0',NULL),(100,21,'2023-11-16 16:14:36','2023-11-17 11:25:16',230000,_binary '\0',NULL),(101,21,'2023-11-17 11:25:26','2023-11-28 21:02:48',705000,_binary '\0',NULL),(102,18,'2023-11-17 11:40:52','2023-11-17 12:12:16',170000,_binary '\0',NULL),(103,18,'2023-11-17 12:12:27','2023-11-17 12:13:47',1350000,_binary '\0',NULL),(104,18,'2023-11-17 12:13:56','2023-11-17 12:16:44',160000,_binary '\0',NULL),(105,18,'2023-11-17 12:16:52','2023-11-17 12:17:59',205000,_binary '\0',NULL),(106,18,'2023-11-17 12:18:16','2023-11-17 12:19:05',410000,_binary '\0',NULL),(107,18,'2023-11-17 12:19:15','2023-11-17 12:20:47',325000,_binary '\0',NULL),(108,18,'2023-11-17 12:20:57','2023-11-17 13:58:13',165000,_binary '\0',NULL),(109,18,'2023-11-17 13:58:31','2023-11-17 14:06:47',410000,_binary '\0',NULL),(110,18,'2023-11-17 15:06:35','2023-11-17 15:12:21',325000,_binary '\0',NULL),(111,18,'2023-11-17 15:13:45','2023-11-17 15:45:00',3610000,_binary '\0',NULL),(112,18,'2023-11-17 15:45:49','2023-11-17 20:21:35',250000,_binary '\0',NULL),(113,18,'2023-11-17 20:21:48','2023-11-17 20:30:37',190000,_binary '\0',NULL),(114,18,'2023-11-17 20:30:46',NULL,0,_binary '',NULL),(115,21,'2023-11-29 20:33:54','2024-01-05 14:43:15',940000,_binary '\0',NULL),(116,44,'2023-12-03 21:18:45','2023-12-28 14:31:03',325000,_binary '\0',NULL),(117,44,'2023-12-28 14:31:20','2024-03-26 15:05:14',2070000,_binary '\0',NULL),(118,21,'2024-01-05 19:36:21','2024-01-05 19:41:36',400000,_binary '\0',NULL),(119,21,'2024-01-05 19:41:55','2024-01-05 19:56:14',240000,_binary '\0',NULL),(120,21,'2024-01-05 19:56:58','2024-01-05 20:04:05',1940000,_binary '\0',NULL),(121,21,'2024-01-05 20:04:41','2024-01-05 20:18:20',1775000,_binary '\0',NULL),(122,21,'2024-01-05 20:19:21','2024-01-05 20:26:30',1065000,_binary '\0',NULL),(123,21,'2024-01-05 20:29:11','2024-01-05 20:38:02',1060000,_binary '\0',NULL),(124,21,'2024-01-05 20:38:30','2024-01-05 20:46:51',6335000,_binary '\0',NULL),(125,21,'2024-01-05 20:51:51','2024-01-05 20:55:45',6335000,_binary '\0',NULL),(126,21,'2024-01-05 20:56:18','2024-01-05 20:58:05',6335000,_binary '\0',NULL),(127,21,'2024-01-05 20:58:19','2024-01-05 21:03:43',6335000,_binary '\0',NULL),(128,21,'2024-01-05 21:03:57','2024-01-06 14:39:02',0,_binary '',NULL),(129,44,'2024-03-26 15:09:54','2024-03-28 20:59:47',1470000,_binary '',NULL),(130,46,'2024-03-29 08:53:46','2024-03-29 10:31:04',1144000,_binary '\0',8),(131,46,'2024-03-29 10:38:23','2024-04-02 15:48:50',4435000,_binary '\0',NULL),(132,46,'2024-04-02 15:49:36',NULL,0,_binary '',NULL),(133,22,'2024-04-02 19:04:43','2024-04-02 19:10:04',3980000,_binary '\0',NULL),(134,22,'2024-04-02 19:10:24','2024-05-05 12:04:56',1750000,_binary '\0',NULL),(135,23,'2024-04-02 19:14:46',NULL,0,_binary '',NULL),(136,47,'2024-04-02 20:17:15','2024-04-02 20:18:19',1030000,_binary '\0',NULL),(137,48,'2024-04-02 20:23:06','2024-04-02 20:24:24',965000,_binary '\0',NULL),(138,48,'2024-04-02 20:25:18','2024-04-02 20:26:06',730000,_binary '\0',NULL),(139,48,'2024-04-02 20:26:18',NULL,0,_binary '',NULL),(140,47,'2024-04-02 20:27:44','2024-04-02 20:29:06',705000,_binary '\0',NULL),(141,47,'2024-04-02 20:29:22',NULL,0,_binary '',NULL),(142,49,'2024-04-03 13:55:08','2024-04-03 13:56:59',3540000,_binary '\0',NULL),(143,49,'2024-04-03 13:57:47','2024-04-03 13:58:10',390000,_binary '\0',NULL),(144,49,'2024-04-03 14:02:35',NULL,0,_binary '',NULL),(145,50,'2024-04-03 14:15:28','2024-04-03 14:16:00',3575000,_binary '\0',NULL),(146,50,'2024-04-03 14:16:48',NULL,0,_binary '',NULL),(147,51,'2024-04-03 14:26:27','2024-04-03 14:27:57',4700000,_binary '\0',NULL),(148,51,'2024-04-03 14:28:46','2024-04-03 14:29:18',585000,_binary '\0',NULL),(149,51,'2024-04-03 14:29:27',NULL,0,_binary '',NULL),(150,52,'2024-04-03 14:38:24','2024-04-03 14:39:49',1385000,_binary '\0',NULL),(151,52,'2024-04-03 14:39:58',NULL,0,_binary '',NULL),(152,53,'2024-04-03 14:47:01','2024-04-03 14:48:18',2910000,_binary '\0',NULL),(153,53,'2024-04-03 14:49:08',NULL,0,_binary '',NULL),(154,54,'2024-04-03 15:01:28','2024-04-03 15:03:19',3360000,_binary '\0',NULL),(155,54,'2024-04-03 15:04:12',NULL,0,_binary '',NULL),(156,55,'2024-04-11 20:37:44','2024-04-11 20:39:12',1085000,_binary '\0',NULL),(157,55,'2024-04-11 20:40:33',NULL,0,_binary '',NULL),(158,56,'2024-04-11 20:46:02','2024-04-11 20:46:58',1890000,_binary '\0',NULL),(159,56,'2024-04-11 20:47:59',NULL,0,_binary '',NULL),(160,57,'2024-04-11 20:53:29','2024-04-11 20:54:31',1470000,_binary '\0',NULL),(161,57,'2024-04-11 20:55:51',NULL,0,_binary '',NULL),(162,58,'2024-04-11 21:01:11','2024-04-11 21:03:09',2145000,_binary '\0',NULL),(163,58,'2024-04-11 21:03:32',NULL,0,_binary '',NULL),(164,59,'2024-04-11 21:07:30','2024-04-11 21:09:43',2505000,_binary '\0',NULL),(165,59,'2024-04-11 21:09:58',NULL,0,_binary '',NULL),(166,60,'2024-04-11 21:15:33','2024-04-11 21:17:50',2350000,_binary '\0',NULL),(167,60,'2024-04-11 21:18:02',NULL,0,_binary '',NULL),(168,61,'2024-04-11 22:04:17','2024-04-11 22:06:04',3985000,_binary '\0',NULL),(169,61,'2024-04-11 22:06:21',NULL,0,_binary '',NULL),(170,62,'2024-04-12 22:01:55','2024-04-12 22:03:58',1140000,_binary '\0',NULL),(171,62,'2024-04-12 22:07:12',NULL,0,_binary '',NULL),(172,63,'2024-04-12 22:23:02','2024-04-12 22:24:03',4315000,_binary '\0',NULL),(173,63,'2024-04-12 22:25:59',NULL,0,_binary '',NULL),(174,64,'2024-04-13 11:53:42','2024-04-13 12:00:16',3020000,_binary '\0',NULL),(175,64,'2024-04-13 12:00:44',NULL,0,_binary '',NULL),(176,65,'2024-04-13 12:09:59','2024-04-13 12:10:54',3055000,_binary '\0',NULL),(177,65,'2024-04-13 12:11:46',NULL,0,_binary '',NULL),(178,66,'2024-04-13 12:24:48','2024-04-13 12:27:06',7176400,_binary '\0',8),(179,66,'2024-04-13 12:28:41',NULL,0,_binary '',NULL),(180,67,'2024-04-13 12:46:34','2024-04-13 12:53:28',3762000,_binary '\0',8),(181,67,'2024-04-13 12:54:40',NULL,0,_binary '',NULL),(182,68,'2024-04-13 13:17:44','2024-04-13 13:20:30',10582000,_binary '\0',8),(183,68,'2024-04-13 13:21:22',NULL,0,_binary '',NULL),(184,69,'2024-04-14 22:33:00','2024-04-14 22:36:17',11545000,_binary '\0',NULL),(185,69,'2024-04-14 22:37:22',NULL,0,_binary '',NULL),(186,70,'2024-04-14 22:49:20','2024-04-14 23:20:13',5155000,_binary '\0',NULL),(187,70,'2024-04-14 23:20:23',NULL,0,_binary '',NULL),(188,71,'2024-04-15 12:24:52','2024-04-15 12:25:21',2360000,_binary '\0',NULL),(189,71,'2024-04-15 12:26:39',NULL,0,_binary '',NULL),(190,72,'2024-04-15 12:32:00','2024-04-15 12:34:10',6320000,_binary '\0',NULL),(191,72,'2024-04-15 12:34:25',NULL,0,_binary '',NULL),(192,73,'2024-04-15 12:40:21','2024-04-15 12:44:28',2445000,_binary '\0',NULL),(193,73,'2024-04-15 12:45:24',NULL,0,_binary '',NULL),(194,74,'2024-04-15 13:07:30','2024-04-15 13:28:46',4965000,_binary '\0',NULL),(195,74,'2024-04-15 13:29:07',NULL,0,_binary '',NULL),(196,75,'2024-04-15 13:44:16','2024-04-15 13:45:46',2120000,_binary '\0',NULL),(197,75,'2024-04-15 13:45:57',NULL,0,_binary '',NULL),(198,76,'2024-04-15 13:59:04','2024-04-15 14:03:15',4970000,_binary '\0',NULL),(199,76,'2024-04-15 15:40:38',NULL,0,_binary '',NULL),(200,22,'2024-05-05 12:05:12',NULL,0,_binary '',NULL);
/*!40000 ALTER TABLE `cart` ENABLE KEYS */;
UNLOCK TABLES;

--
-- Table structure for table `cart_item`
--

DROP TABLE IF EXISTS `cart_item`;
/*!40101 SET @saved_cs_client     = @@character_set_client */;
/*!50503 SET character_set_client = utf8mb4 */;
CREATE TABLE `cart_item` (
  `id` int NOT NULL AUTO_INCREMENT,
  `cart_id` int DEFAULT NULL,
  `product_detail_id` int DEFAULT NULL,
  `quantity` int DEFAULT NULL,
  `price` int DEFAULT NULL,
  `total` varchar(45) DEFAULT '0',
  `purchase_date` datetime DEFAULT NULL,
  PRIMARY KEY (`id`),
  KEY `FK_CI_Cart_idx` (`cart_id`),
  KEY `FK_CI_Product_idx` (`product_detail_id`),
  CONSTRAINT `FK_CI_Cart` FOREIGN KEY (`cart_id`) REFERENCES `cart` (`id`) ON DELETE CASCADE ON UPDATE CASCADE,
  CONSTRAINT `FK_CI_Product` FOREIGN KEY (`product_detail_id`) REFERENCES `product_detail` (`id`) ON DELETE SET NULL ON UPDATE CASCADE
) ENGINE=InnoDB AUTO_INCREMENT=695 DEFAULT CHARSET=utf8mb4 COLLATE=utf8mb4_0900_ai_ci;
/*!40101 SET character_set_client = @saved_cs_client */;

--
-- Dumping data for table `cart_item`
--

LOCK TABLES `cart_item` WRITE;
/*!40000 ALTER TABLE `cart_item` DISABLE KEYS */;
INSERT INTO `cart_item` VALUES (23,1,23,4,620000,'2480000','2023-10-31 20:23:04'),(148,8,50,1,370000,'370000','2023-11-07 21:59:08'),(149,7,10,1,230000,'230000','2023-11-07 22:12:31'),(150,8,1,1,160000,'160000','2023-11-10 12:50:33'),(151,8,5,1,170000,'170000','2023-11-10 12:50:34'),(153,10,8,1,260000,'260000','2023-11-11 20:34:32'),(154,10,16,1,230000,'230000','2023-11-11 20:34:32'),(155,10,23,1,620000,'620000','2023-11-11 20:34:33'),(156,11,46,2,165000,'330000','2023-11-11 20:36:30'),(157,11,43,2,190000,'380000','2023-11-11 20:36:34'),(158,11,49,2,205000,'410000','2023-11-11 20:36:38'),(159,14,16,1,230000,'230000','2023-11-12 14:18:19'),(160,14,14,1,410000,'410000','2023-11-12 14:18:20'),(161,14,18,1,160000,'160000','2023-11-12 14:18:21'),(162,15,46,1,165000,'165000','2023-11-12 14:21:19'),(163,15,49,1,205000,'205000','2023-11-12 14:21:19'),(164,15,52,1,250000,'250000','2023-11-12 14:21:19'),(165,16,1,1,160000,'160000','2023-11-12 14:24:49'),(166,17,5,1,170000,'170000','2023-11-12 14:32:39'),(167,18,14,1,410000,'410000','2023-11-12 14:34:12'),(168,18,16,1,230000,'230000','2023-11-12 14:34:13'),(169,19,33,1,235000,'235000','2023-11-12 14:40:42'),(170,19,31,1,170000,'170000','2023-11-12 14:40:42'),(171,20,16,1,230000,'230000','2023-11-12 14:44:22'),(172,21,12,1,325000,'325000','2023-11-12 14:46:31'),(173,22,49,1,205000,'205000','2023-11-12 14:49:50'),(174,22,52,1,250000,'250000','2023-11-12 14:49:51'),(175,23,38,1,810000,'810000','2023-11-12 14:55:13'),(176,24,12,1,325000,'325000','2023-11-12 15:08:51'),(178,25,1,1,160000,'160000','2023-11-12 15:35:37'),(179,26,14,1,410000,'410000','2023-11-13 08:34:40'),(180,26,16,1,230000,'230000','2023-11-13 08:34:41'),(181,27,3,1,1350000,'1350000','2023-11-13 08:56:48'),(182,28,46,1,165000,'165000','2023-11-13 08:58:13'),(183,29,12,1,325000,'325000','2023-11-13 09:01:29'),(184,30,18,1,160000,'160000','2023-11-13 10:10:37'),(185,31,28,1,650000,'650000','2023-11-13 10:12:16'),(186,32,49,1,205000,'205000','2023-11-13 10:18:33'),(187,33,8,1,260000,'260000','2023-11-13 10:21:46'),(188,34,43,1,190000,'190000','2023-11-13 10:26:20'),(189,35,14,1,410000,'410000','2023-11-13 10:31:17'),(190,36,14,1,410000,'410000','2023-11-13 10:34:05'),(191,36,12,1,325000,'325000','2023-11-13 10:34:06'),(192,37,16,1,230000,'230000','2023-11-13 10:41:26'),(193,38,3,1,1350000,'1350000','2023-11-13 10:49:34'),(194,39,16,1,230000,'230000','2023-11-13 10:53:16'),(195,40,49,1,205000,'205000','2023-11-13 13:08:39'),(196,41,3,1,1350000,'1350000','2023-11-13 13:14:43'),(197,42,12,1,325000,'325000','2023-11-13 13:38:27'),(198,42,14,1,410000,'410000','2023-11-13 13:38:28'),(199,42,18,1,160000,'160000','2023-11-13 13:38:31'),(200,43,5,1,170000,'170000','2023-11-13 13:42:59'),(201,44,12,1,325000,'325000','2023-11-13 13:47:58'),(202,45,3,1,1350000,'1350000','2023-11-13 13:50:45'),(203,46,1,1,160000,'160000','2023-11-13 13:53:27'),(204,47,8,1,260000,'260000','2023-11-13 13:59:44'),(205,47,10,1,230000,'230000','2023-11-13 13:59:46'),(206,48,10,1,230000,'230000','2023-11-13 14:12:47'),(207,49,8,1,260000,'260000','2023-11-13 14:25:14'),(208,50,8,1,260000,'260000','2023-11-13 14:32:54'),(209,51,12,1,325000,'325000','2023-11-13 14:57:47'),(210,52,10,1,230000,'230000','2023-11-13 15:01:34'),(211,13,24,3,1280000,'3840000','2023-11-13 15:10:15'),(212,54,1,1,160000,'160000','2023-11-13 15:41:57'),(213,55,46,1,165000,'165000','2023-11-13 15:44:22'),(214,56,1,1,160000,'160000','2023-11-13 15:58:10'),(215,57,52,1,250000,'250000','2023-11-13 16:10:15'),(216,59,49,1,205000,'205000','2023-11-13 16:15:04'),(217,60,14,1,410000,'410000','2023-11-13 16:26:49'),(218,61,1,1,160000,'160000','2023-11-13 16:36:28'),(219,62,21,1,90000,'90000','2023-11-13 16:43:42'),(220,63,16,1,230000,'230000','2023-11-13 19:51:28'),(221,64,5,1,170000,'170000','2023-11-13 20:01:36'),(222,65,12,1,325000,'325000','2023-11-13 20:05:52'),(223,66,49,1,205000,'205000','2023-11-13 20:15:42'),(224,67,14,1,410000,'410000','2023-11-13 20:25:48'),(225,68,16,1,230000,'230000','2023-11-13 20:27:08'),(226,69,52,1,250000,'250000','2023-11-13 20:29:00'),(227,70,16,1,230000,'230000','2023-11-14 09:57:19'),(228,12,23,1,620000,'620000','2023-11-14 14:27:00'),(229,71,18,1,160000,'160000','2023-11-14 21:12:16'),(230,72,43,1,190000,'190000','2023-11-14 22:18:30'),(231,73,14,1,410000,'410000','2023-11-14 22:26:55'),(232,74,14,1,410000,'410000','2023-11-14 22:32:11'),(233,75,23,1,620000,'620000','2023-11-15 08:59:59'),(234,76,12,1,325000,'325000','2023-11-15 09:16:39'),(235,77,8,1,260000,'260000','2023-11-15 10:32:32'),(236,78,5,1,170000,'170000','2023-11-15 10:34:14'),(237,79,43,1,190000,'190000','2023-11-15 10:42:54'),(238,80,16,1,230000,'230000','2023-11-15 14:08:11'),(239,81,43,1,190000,'190000','2023-11-15 14:14:48'),(240,82,46,1,165000,'165000','2023-11-15 14:21:14'),(241,83,14,1,410000,'410000','2023-11-15 14:28:31'),(242,84,13,1,675000,'675000','2023-11-15 14:37:23'),(243,85,62,1,80000,'80000','2023-11-15 14:57:56'),(244,86,12,1,325000,'325000','2023-11-15 15:06:53'),(245,87,18,1,160000,'160000','2023-11-15 15:16:27'),(246,88,80,1,200000,'200000','2023-11-15 15:18:22'),(247,89,24,1,1280000,'1280000','2023-11-15 15:20:05'),(248,90,5,1,170000,'170000','2023-11-15 15:24:10'),(249,91,14,1,410000,'410000','2023-11-15 15:28:44'),(250,92,33,1,235000,'235000','2023-11-15 15:31:44'),(251,93,58,1,80000,'80000','2023-11-15 15:34:45'),(252,94,70,1,115000,'115000','2023-11-15 15:47:24'),(253,95,16,1,230000,'230000','2023-11-16 13:24:39'),(254,96,5,1,170000,'170000','2023-11-16 13:26:15'),(255,97,21,1,90000,'90000','2023-11-16 13:28:50'),(256,98,46,1,165000,'165000','2023-11-16 13:32:25'),(257,99,16,1,230000,'230000','2023-11-16 16:14:20'),(258,100,16,1,230000,'230000','2023-11-17 11:25:16'),(259,53,23,1,620000,'620000','2023-11-17 11:40:40'),(260,102,5,1,170000,'170000','2023-11-17 12:12:16'),(261,103,3,1,1350000,'1350000','2023-11-17 12:13:47'),(262,104,1,1,160000,'160000','2023-11-17 12:16:44'),(263,105,49,1,205000,'205000','2023-11-17 12:17:59'),(264,106,14,1,410000,'410000','2023-11-17 12:19:05'),(265,107,12,1,325000,'325000','2023-11-17 12:20:46'),(266,108,46,1,165000,'165000','2023-11-17 13:58:13'),(267,109,14,1,410000,'410000','2023-11-17 14:06:47'),(268,110,12,1,325000,'325000','2023-11-17 15:12:21'),(274,111,16,5,230000,'1150000','2023-11-17 15:45:00'),(275,111,14,6,410000,'2460000','2023-11-17 15:45:00'),(276,112,52,1,250000,'250000','2023-11-17 20:21:35'),(277,113,43,1,190000,'190000','2023-11-17 20:30:37'),(278,101,14,1,410000,'410000','2023-11-28 16:08:25'),(279,101,69,1,295000,'295000','2023-11-28 21:02:48'),(280,116,12,1,325000,'325000','2023-12-28 14:31:03'),(289,115,8,3,260000,'780000','2024-01-05 14:17:16'),(290,115,62,2,80000,'160000','2024-01-05 14:43:15'),(291,118,62,5,80000,'400000','2024-01-05 19:41:36'),(294,119,62,3,80000,'240000','2024-01-05 19:56:13'),(295,120,1,4,160000,'640000','2024-01-05 20:03:59'),(296,120,12,4,325000,'1300000','2024-01-05 20:04:05'),(297,121,43,5,190000,'950000','2024-01-05 20:18:19'),(298,121,46,5,165000,'825000','2024-01-05 20:18:20'),(299,122,43,3,190000,'570000','2024-01-05 20:26:29'),(300,122,46,3,165000,'495000','2024-01-05 20:26:30'),(301,123,5,1,170000,'170000','2024-01-05 20:37:59'),(302,123,14,1,410000,'410000','2024-01-05 20:38:00'),(303,123,16,1,230000,'230000','2024-01-05 20:38:01'),(304,123,18,1,160000,'160000','2024-01-05 20:38:02'),(305,123,21,1,90000,'90000','2024-01-05 20:38:02'),(306,124,33,7,235000,'1645000','2024-01-05 20:46:47'),(307,124,31,8,170000,'1360000','2024-01-05 20:46:49'),(308,124,35,9,370000,'3330000','2024-01-05 20:46:51'),(310,125,33,7,235000,'1645000','2024-01-05 20:55:41'),(311,125,31,8,170000,'1360000','2024-01-05 20:55:42'),(312,125,35,9,370000,'3330000','2024-01-05 20:55:44'),(313,126,33,7,235000,'1645000','2024-01-05 20:57:59'),(314,126,31,8,170000,'1360000','2024-01-05 20:58:02'),(315,126,35,9,370000,'3330000','2024-01-05 20:58:04'),(316,127,33,7,235000,'1645000','2024-01-05 21:03:37'),(317,127,31,8,170000,'1360000','2024-01-05 21:03:40'),(318,127,35,9,370000,'3330000','2024-01-05 21:03:41'),(363,117,90,9,230000,'2070000','2024-03-26 15:05:05'),(364,129,92,3,490000,'1470000','2024-03-28 20:59:47'),(365,130,14,3,360800,'1082400','2024-03-29 08:53:53'),(366,130,55,1,61600,'61600','2024-03-29 10:31:04'),(367,131,92,3,490000,'1470000','2024-04-02 15:47:08'),(368,131,57,1,225000,'225000','2024-04-02 15:47:18'),(369,131,81,1,125000,'125000','2024-04-02 15:47:33'),(370,131,28,1,650000,'650000','2024-04-02 15:47:52'),(371,131,26,1,720000,'720000','2024-04-02 15:48:00'),(372,131,42,1,95000,'95000','2024-04-02 15:48:09'),(373,131,94,2,250000,'500000','2024-04-02 15:48:27'),(374,131,30,1,650000,'650000','2024-04-02 15:48:50'),(375,4,55,1,70000,'70000','2024-04-02 19:02:32'),(376,4,52,1,250000,'250000','2024-04-02 19:02:34'),(377,4,49,1,205000,'205000','2024-04-02 19:02:34'),(378,4,46,1,165000,'165000','2024-04-02 19:02:35'),(379,4,43,1,190000,'190000','2024-04-02 19:02:43'),(380,4,70,2,115000,'230000','2024-04-02 19:02:56'),(381,4,66,1,65000,'65000','2024-04-02 19:03:18'),(382,4,73,1,65000,'65000','2024-04-02 19:03:20'),(383,133,24,2,1280000,'2560000','2024-04-02 19:09:45'),(384,133,85,1,480000,'480000','2024-04-02 19:10:02'),(385,133,83,1,430000,'430000','2024-04-02 19:10:02'),(386,133,87,1,350000,'350000','2024-04-02 19:10:03'),(387,133,89,1,160000,'160000','2024-04-02 19:10:04'),(388,136,5,1,170000,'170000','2024-04-02 20:18:02'),(389,136,10,1,230000,'230000','2024-04-02 20:18:06'),(390,136,93,1,180000,'180000','2024-04-02 20:18:08'),(391,136,29,1,290000,'290000','2024-04-02 20:18:14'),(392,136,1,1,160000,'160000','2024-04-02 20:18:19'),(393,137,83,1,430000,'430000','2024-04-02 20:23:56'),(394,137,18,1,160000,'160000','2024-04-02 20:24:09'),(395,137,21,1,90000,'90000','2024-04-02 20:24:10'),(396,137,89,1,160000,'160000','2024-04-02 20:24:13'),(397,137,81,1,125000,'125000','2024-04-02 20:24:24'),(398,138,59,1,120000,'120000','2024-04-02 20:25:42'),(399,138,48,1,530000,'530000','2024-04-02 20:25:52'),(400,138,62,1,80000,'80000','2024-04-02 20:26:06'),(401,140,8,1,260000,'260000','2024-04-02 20:27:58'),(402,140,42,1,95000,'95000','2024-04-02 20:28:53'),(403,140,6,1,350000,'350000','2024-04-02 20:29:06'),(404,142,23,2,620000,'1240000','2024-04-03 13:55:47'),(405,142,3,1,1350000,'1350000','2024-04-03 13:55:55'),(406,142,33,1,235000,'235000','2024-04-03 13:56:01'),(407,142,73,1,65000,'65000','2024-04-03 13:56:19'),(408,142,18,1,160000,'160000','2024-04-03 13:56:24'),(409,142,25,1,320000,'320000','2024-04-03 13:56:48'),(410,142,31,1,170000,'170000','2024-04-03 13:56:59'),(411,143,1,1,160000,'160000','2024-04-03 13:58:02'),(412,143,16,1,230000,'230000','2024-04-03 13:58:10'),(413,145,8,2,260000,'520000','2024-04-03 14:15:36'),(414,145,12,1,325000,'325000','2024-04-03 14:15:39'),(415,145,14,1,410000,'410000','2024-04-03 14:15:42'),(416,145,85,1,480000,'480000','2024-04-03 14:15:50'),(417,145,91,1,350000,'350000','2024-04-03 14:15:51'),(418,145,27,1,300000,'300000','2024-04-03 14:15:52'),(419,145,25,1,320000,'320000','2024-04-03 14:15:53'),(420,145,10,1,230000,'230000','2024-04-03 14:15:55'),(421,145,40,1,110000,'110000','2024-04-03 14:15:56'),(422,145,93,1,180000,'180000','2024-04-03 14:16:00'),(423,145,87,1,350000,'350000','2024-04-03 14:16:00'),(424,147,49,1,205000,'205000','2024-04-03 14:26:34'),(425,147,46,1,165000,'165000','2024-04-03 14:26:35'),(426,147,43,1,190000,'190000','2024-04-03 14:26:36'),(427,147,35,1,370000,'370000','2024-04-03 14:26:45'),(428,147,25,1,320000,'320000','2024-04-03 14:26:52'),(429,147,38,1,810000,'810000','2024-04-03 14:27:02'),(430,147,85,1,480000,'480000','2024-04-03 14:27:07'),(431,147,29,1,290000,'290000','2024-04-03 14:27:26'),(432,147,3,1,1350000,'1350000','2024-04-03 14:27:34'),(433,147,21,1,90000,'90000','2024-04-03 14:27:42'),(434,147,83,1,430000,'430000','2024-04-03 14:27:57'),(435,148,8,1,260000,'260000','2024-04-03 14:29:17'),(436,148,12,1,325000,'325000','2024-04-03 14:29:18'),(437,150,55,1,70000,'70000','2024-04-03 14:39:30'),(438,150,52,1,250000,'250000','2024-04-03 14:39:32'),(439,150,43,1,190000,'190000','2024-04-03 14:39:33'),(440,150,33,1,235000,'235000','2024-04-03 14:39:38'),(441,150,70,1,115000,'115000','2024-04-03 14:39:42'),(442,150,66,1,65000,'65000','2024-04-03 14:39:42'),(443,150,62,1,80000,'80000','2024-04-03 14:39:43'),(444,150,58,1,80000,'80000','2024-04-03 14:39:43'),(445,150,77,1,45000,'45000','2024-04-03 14:39:46'),(446,150,42,1,95000,'95000','2024-04-03 14:39:47'),(447,150,89,1,160000,'160000','2024-04-03 14:39:49'),(448,152,93,1,180000,'180000','2024-04-03 14:47:22'),(449,152,91,1,350000,'350000','2024-04-03 14:47:23'),(450,152,77,1,45000,'45000','2024-04-03 14:47:29'),(451,152,3,1,1350000,'1350000','2024-04-03 14:47:48'),(452,152,27,1,300000,'300000','2024-04-03 14:47:51'),(453,152,43,1,190000,'190000','2024-04-03 14:48:07'),(454,152,46,1,165000,'165000','2024-04-03 14:48:08'),(455,152,49,1,205000,'205000','2024-04-03 14:48:08'),(456,152,81,1,125000,'125000','2024-04-03 14:48:18'),(457,154,83,1,430000,'430000','2024-04-03 15:01:34'),(458,154,38,1,810000,'810000','2024-04-03 15:01:37'),(459,154,35,1,370000,'370000','2024-04-03 15:01:40'),(460,154,16,2,230000,'460000','2024-04-03 15:01:47'),(461,154,77,1,45000,'45000','2024-04-03 15:02:08'),(462,154,58,1,80000,'80000','2024-04-03 15:02:10'),(463,154,70,1,115000,'115000','2024-04-03 15:02:11'),(464,154,33,1,235000,'235000','2024-04-03 15:02:20'),(465,154,12,1,325000,'325000','2024-04-03 15:02:48'),(466,154,25,1,320000,'320000','2024-04-03 15:02:55'),(467,154,31,1,170000,'170000','2024-04-03 15:03:19'),(468,156,127,1,320000,'320000','2024-04-11 20:38:16'),(469,156,128,1,380000,'380000','2024-04-11 20:38:17'),(470,156,58,1,80000,'80000','2024-04-11 20:38:30'),(471,156,66,1,65000,'65000','2024-04-11 20:38:31'),(472,156,70,1,115000,'115000','2024-04-11 20:38:32'),(473,156,110,1,125000,'125000','2024-04-11 20:39:12'),(474,158,100,1,230000,'230000','2024-04-11 20:46:31'),(475,158,103,1,220000,'220000','2024-04-11 20:46:32'),(476,158,95,1,260000,'260000','2024-04-11 20:46:37'),(477,158,93,1,180000,'180000','2024-04-11 20:46:38'),(478,158,87,1,350000,'350000','2024-04-11 20:46:46'),(479,158,85,1,480000,'480000','2024-04-11 20:46:47'),(480,158,31,1,170000,'170000','2024-04-11 20:46:58'),(481,160,106,1,90000,'90000','2024-04-11 20:53:43'),(482,160,108,1,235000,'235000','2024-04-11 20:53:43'),(483,160,119,1,225000,'225000','2024-04-11 20:53:45'),(484,160,49,1,205000,'205000','2024-04-11 20:54:17'),(485,160,46,1,165000,'165000','2024-04-11 20:54:17'),(486,160,21,1,90000,'90000','2024-04-11 20:54:26'),(487,160,18,1,160000,'160000','2024-04-11 20:54:27'),(488,160,27,1,300000,'300000','2024-04-11 20:54:31'),(489,162,38,1,810000,'810000','2024-04-11 21:02:37'),(490,162,35,1,370000,'370000','2024-04-11 21:02:38'),(491,162,40,1,110000,'110000','2024-04-11 21:02:45'),(492,162,81,1,125000,'125000','2024-04-11 21:02:54'),(493,162,42,1,95000,'95000','2024-04-11 21:02:55'),(494,162,97,1,250000,'250000','2024-04-11 21:03:01'),(495,162,113,1,190000,'190000','2024-04-11 21:03:06'),(496,162,116,1,195000,'195000','2024-04-11 21:03:09'),(497,164,14,1,410000,'410000','2024-04-11 21:08:17'),(498,164,16,1,230000,'230000','2024-04-11 21:08:38'),(499,164,8,1,260000,'260000','2024-04-11 21:08:43'),(500,164,10,1,230000,'230000','2024-04-11 21:08:47'),(501,164,1,1,160000,'160000','2024-04-11 21:08:49'),(502,164,23,1,620000,'620000','2024-04-11 21:09:03'),(503,164,33,1,235000,'235000','2024-04-11 21:09:21'),(504,164,29,1,290000,'290000','2024-04-11 21:09:30'),(505,164,55,1,70000,'70000','2024-04-11 21:09:43'),(506,166,122,1,245000,'245000','2024-04-11 21:16:17'),(507,166,73,1,65000,'65000','2024-04-11 21:16:37'),(508,166,77,1,45000,'45000','2024-04-11 21:16:41'),(509,166,66,1,65000,'65000','2024-04-11 21:16:46'),(510,166,62,1,80000,'80000','2024-04-11 21:16:51'),(511,166,58,1,80000,'80000','2024-04-11 21:17:01'),(512,166,83,1,430000,'430000','2024-04-11 21:17:07'),(513,166,25,1,320000,'320000','2024-04-11 21:17:15'),(514,166,125,1,320000,'320000','2024-04-11 21:17:46'),(515,166,126,1,350000,'350000','2024-04-11 21:17:48'),(516,166,129,1,350000,'350000','2024-04-11 21:17:50'),(517,168,5,1,170000,'170000','2024-04-11 22:05:02'),(518,168,8,1,260000,'260000','2024-04-11 22:05:09'),(519,168,10,1,230000,'230000','2024-04-11 22:05:15'),(520,168,12,1,325000,'325000','2024-04-11 22:05:19'),(521,168,14,1,410000,'410000','2024-04-11 22:05:23'),(522,168,16,1,230000,'230000','2024-04-11 22:05:31'),(523,168,23,1,620000,'620000','2024-04-11 22:05:42'),(524,168,21,1,90000,'90000','2024-04-11 22:05:47'),(525,168,27,1,300000,'300000','2024-04-11 22:05:52'),(526,168,3,1,1350000,'1350000','2024-04-11 22:06:04'),(527,170,95,1,260000,'260000','2024-04-12 22:02:08'),(528,170,93,1,180000,'180000','2024-04-12 22:02:13'),(529,170,97,1,250000,'250000','2024-04-12 22:02:49'),(530,170,77,1,45000,'45000','2024-04-12 22:03:12'),(531,170,73,1,65000,'65000','2024-04-12 22:03:26'),(532,170,70,1,115000,'115000','2024-04-12 22:03:35'),(533,170,66,1,65000,'65000','2024-04-12 22:03:39'),(534,170,62,1,80000,'80000','2024-04-12 22:03:48'),(535,170,58,1,80000,'80000','2024-04-12 22:03:58'),(536,172,129,1,350000,'350000','2024-04-12 22:23:20'),(537,172,128,1,380000,'380000','2024-04-12 22:23:21'),(538,172,127,1,320000,'320000','2024-04-12 22:23:22'),(539,172,126,1,350000,'350000','2024-04-12 22:23:22'),(540,172,125,1,320000,'320000','2024-04-12 22:23:22'),(541,172,31,1,170000,'170000','2024-04-12 22:23:34'),(542,172,33,1,235000,'235000','2024-04-12 22:23:37'),(543,172,29,2,290000,'580000','2024-04-12 22:23:43'),(544,172,25,1,320000,'320000','2024-04-12 22:23:50'),(545,172,35,1,370000,'370000','2024-04-12 22:23:54'),(546,172,38,1,810000,'810000','2024-04-12 22:23:59'),(547,172,40,1,110000,'110000','2024-04-12 22:24:03'),(548,174,3,1,1350000,'1350000','2024-04-13 11:54:50'),(549,174,5,1,170000,'170000','2024-04-13 11:54:54'),(550,174,8,1,260000,'260000','2024-04-13 11:55:00'),(551,174,10,1,230000,'230000','2024-04-13 11:55:04'),(552,174,12,1,325000,'325000','2024-04-13 11:55:10'),(553,174,43,1,190000,'190000','2024-04-13 11:59:50'),(554,174,46,1,165000,'165000','2024-04-13 11:59:55'),(555,174,49,1,205000,'205000','2024-04-13 11:59:58'),(556,174,81,1,125000,'125000','2024-04-13 12:00:16'),(557,176,91,1,350000,'350000','2024-04-13 12:10:32'),(558,176,93,1,180000,'180000','2024-04-13 12:10:34'),(559,176,95,1,260000,'260000','2024-04-13 12:10:34'),(560,176,97,1,250000,'250000','2024-04-13 12:10:36'),(561,176,116,1,195000,'195000','2024-04-13 12:10:38'),(562,176,113,1,190000,'190000','2024-04-13 12:10:38'),(563,176,110,1,125000,'125000','2024-04-13 12:10:38'),(564,176,83,1,430000,'430000','2024-04-13 12:10:45'),(565,176,85,1,480000,'480000','2024-04-13 12:10:47'),(566,176,87,1,350000,'350000','2024-04-13 12:10:48'),(567,176,122,1,245000,'245000','2024-04-13 12:10:54'),(568,178,28,1,572000,'572000','2024-04-13 12:25:14'),(569,178,20,1,448800,'448800','2024-04-13 12:25:19'),(570,178,15,1,756800,'756800','2024-04-13 12:25:29'),(571,178,22,1,167200,'167200','2024-04-13 12:25:43'),(572,178,34,1,431200,'431200','2024-04-13 12:25:55'),(573,178,39,1,1496000,'1496000','2024-04-13 12:26:01'),(574,178,41,1,220000,'220000','2024-04-13 12:26:06'),(575,178,54,1,704000,'704000','2024-04-13 12:26:18'),(576,178,80,1,176000,'176000','2024-04-13 12:26:28'),(577,178,90,1,202400,'202400','2024-04-13 12:26:35'),(578,178,107,1,193600,'193600','2024-04-13 12:26:47'),(579,178,109,1,286000,'286000','2024-04-13 12:26:54'),(580,178,102,1,783200,'783200','2024-04-13 12:26:59'),(581,178,105,1,739200,'739200','2024-04-13 12:27:06'),(582,180,129,1,308000,'308000','2024-04-13 12:52:04'),(583,180,128,1,334400,'334400','2024-04-13 12:52:04'),(584,180,125,1,281600,'281600','2024-04-13 12:52:05'),(585,180,126,1,308000,'308000','2024-04-13 12:52:06'),(586,180,127,1,281600,'281600','2024-04-13 12:52:06'),(587,180,62,1,70400,'70400','2024-04-13 12:52:23'),(588,180,66,1,57200,'57200','2024-04-13 12:52:28'),(589,180,70,1,101200,'101200','2024-04-13 12:52:34'),(590,180,73,1,57200,'57200','2024-04-13 12:52:40'),(591,180,80,1,176000,'176000','2024-04-13 12:52:46'),(592,180,83,1,378400,'378400','2024-04-13 12:52:56'),(593,180,85,1,422400,'422400','2024-04-13 12:53:01'),(594,180,7,1,985600,'985600','2024-04-13 12:53:28'),(595,182,1,1,140800,'140800','2024-04-13 13:17:59'),(596,182,3,1,1188000,'1188000','2024-04-13 13:18:14'),(597,182,7,1,985600,'985600','2024-04-13 13:18:19'),(598,182,11,1,431200,'431200','2024-04-13 13:18:26'),(599,182,13,1,594000,'594000','2024-04-13 13:18:32'),(600,182,17,1,418000,'418000','2024-04-13 13:18:39'),(601,182,113,1,167200,'167200','2024-04-13 13:19:53'),(602,182,110,1,110000,'110000','2024-04-13 13:19:54'),(603,182,118,1,651200,'651200','2024-04-13 13:19:59'),(604,182,121,1,888800,'888800','2024-04-13 13:20:03'),(605,182,96,1,3168000,'3168000','2024-04-13 13:20:18'),(606,182,99,1,1056000,'1056000','2024-04-13 13:20:22'),(607,182,102,1,783200,'783200','2024-04-13 13:20:30'),(608,184,24,1,1280000,'1280000','2024-04-14 22:33:51'),(609,184,9,1,540000,'540000','2024-04-14 22:34:05'),(610,184,7,1,1120000,'1120000','2024-04-14 22:34:13'),(611,184,22,1,190000,'190000','2024-04-14 22:34:26'),(612,184,41,1,250000,'250000','2024-04-14 22:34:52'),(613,184,36,1,765000,'765000','2024-04-14 22:35:05'),(614,184,90,1,230000,'230000','2024-04-14 22:35:31'),(615,184,42,1,95000,'95000','2024-04-14 22:35:42'),(616,184,107,1,220000,'220000','2024-04-14 22:35:51'),(617,184,109,1,325000,'325000','2024-04-14 22:35:56'),(618,184,105,1,840000,'840000','2024-04-14 22:36:00'),(619,184,102,1,890000,'890000','2024-04-14 22:36:06'),(620,184,96,1,3600000,'3600000','2024-04-14 22:36:13'),(621,184,99,1,1200000,'1200000','2024-04-14 22:36:17'),(622,186,112,1,320000,'320000','2024-04-14 22:50:14'),(623,186,92,1,490000,'490000','2024-04-14 22:50:25'),(624,186,94,1,250000,'250000','2024-04-14 22:50:34'),(625,186,121,1,1010000,'1010000','2024-04-14 22:50:41'),(626,186,118,1,740000,'740000','2024-04-14 22:50:48'),(627,186,124,1,1100000,'1100000','2024-04-14 22:53:59'),(628,186,88,1,490000,'490000','2024-04-14 23:19:52'),(629,186,82,1,260000,'260000','2024-04-14 23:20:01'),(630,186,80,1,200000,'200000','2024-04-14 23:20:08'),(631,186,76,1,295000,'295000','2024-04-14 23:20:13'),(632,188,125,1,320000,'320000','2024-04-15 12:25:01'),(633,188,126,1,350000,'350000','2024-04-15 12:25:01'),(634,188,127,1,320000,'320000','2024-04-15 12:25:01'),(635,188,129,1,350000,'350000','2024-04-15 12:25:02'),(636,188,128,1,380000,'380000','2024-04-15 12:25:03'),(637,188,113,1,190000,'190000','2024-04-15 12:25:08'),(638,188,110,1,125000,'125000','2024-04-15 12:25:08'),(639,188,66,1,65000,'65000','2024-04-15 12:25:13'),(640,188,58,1,80000,'80000','2024-04-15 12:25:14'),(641,188,40,1,110000,'110000','2024-04-15 12:25:19'),(642,188,55,1,70000,'70000','2024-04-15 12:25:21'),(643,190,17,1,475000,'475000','2024-04-15 12:33:08'),(644,190,15,1,860000,'860000','2024-04-15 12:33:14'),(645,190,13,1,675000,'675000','2024-04-15 12:33:18'),(646,190,32,1,540000,'540000','2024-04-15 12:33:26'),(647,190,34,1,490000,'490000','2024-04-15 12:33:34'),(648,190,36,1,765000,'765000','2024-04-15 12:33:42'),(649,190,39,1,1700000,'1700000','2024-04-15 12:33:47'),(650,190,90,1,230000,'230000','2024-04-15 12:33:56'),(651,190,88,1,490000,'490000','2024-04-15 12:34:02'),(652,190,42,1,95000,'95000','2024-04-15 12:34:10'),(653,192,95,1,260000,'260000','2024-04-15 12:44:13'),(654,192,97,1,250000,'250000','2024-04-15 12:44:13'),(655,192,106,1,90000,'90000','2024-04-15 12:44:15'),(656,192,108,1,235000,'235000','2024-04-15 12:44:15'),(657,192,116,1,195000,'195000','2024-04-15 12:44:16'),(658,192,122,1,245000,'245000','2024-04-15 12:44:19'),(659,192,25,1,320000,'320000','2024-04-15 12:44:23'),(660,192,29,1,290000,'290000','2024-04-15 12:44:24'),(661,192,49,1,205000,'205000','2024-04-15 12:44:26'),(662,192,46,1,165000,'165000','2024-04-15 12:44:26'),(663,192,43,1,190000,'190000','2024-04-15 12:44:28'),(664,194,30,1,650000,'650000','2024-04-15 13:26:27'),(665,194,57,1,225000,'225000','2024-04-15 13:26:37'),(666,194,70,1,115000,'115000','2024-04-15 13:26:40'),(667,194,76,1,295000,'295000','2024-04-15 13:26:49'),(668,194,86,1,700000,'700000','2024-04-15 13:27:17'),(669,194,84,1,600000,'600000','2024-04-15 13:27:21'),(670,194,88,1,490000,'490000','2024-04-15 13:27:30'),(671,194,126,1,350000,'350000','2024-04-15 13:27:42'),(672,194,115,1,1050000,'1050000','2024-04-15 13:28:07'),(673,194,92,1,490000,'490000','2024-04-15 13:28:46'),(674,196,106,1,90000,'90000','2024-04-15 13:45:23'),(675,196,103,1,220000,'220000','2024-04-15 13:45:24'),(676,196,100,1,230000,'230000','2024-04-15 13:45:25'),(677,196,116,1,195000,'195000','2024-04-15 13:45:27'),(678,196,110,1,125000,'125000','2024-04-15 13:45:28'),(679,196,127,1,320000,'320000','2024-04-15 13:45:33'),(680,196,125,1,320000,'320000','2024-04-15 13:45:34'),(681,196,128,1,380000,'380000','2024-04-15 13:45:35'),(682,196,81,1,125000,'125000','2024-04-15 13:45:43'),(683,196,70,1,115000,'115000','2024-04-15 13:45:46'),(684,198,11,1,490000,'490000','2024-04-15 14:00:04'),(685,198,80,1,200000,'200000','2024-04-15 14:00:51'),(686,198,76,1,295000,'295000','2024-04-15 14:00:56'),(687,198,45,1,610000,'610000','2024-04-15 14:01:05'),(688,198,54,1,800000,'800000','2024-04-15 14:01:10'),(689,198,48,1,530000,'530000','2024-04-15 14:01:23'),(690,198,96,1,360000,'360000','2024-04-15 14:02:49'),(691,198,121,1,1010000,'1010000','2024-04-15 14:02:58'),(692,198,109,1,325000,'325000','2024-04-15 14:03:03'),(693,198,129,1,350000,'350000','2024-04-15 14:03:15'),(694,134,129,5,350000,'1750000','2024-05-05 12:04:56');
/*!40000 ALTER TABLE `cart_item` ENABLE KEYS */;
UNLOCK TABLES;

--
-- Table structure for table `category`
--

DROP TABLE IF EXISTS `category`;
/*!40101 SET @saved_cs_client     = @@character_set_client */;
/*!50503 SET character_set_client = utf8mb4 */;
CREATE TABLE `category` (
  `id` int NOT NULL AUTO_INCREMENT,
  `name` varchar(255) DEFAULT NULL,
  `status` bit(1) DEFAULT NULL,
  PRIMARY KEY (`id`),
  UNIQUE KEY `name_UNIQUE` (`name`)
) ENGINE=InnoDB AUTO_INCREMENT=29 DEFAULT CHARSET=utf8mb4 COLLATE=utf8mb4_0900_ai_ci;
/*!40101 SET character_set_client = @saved_cs_client */;

--
-- Dumping data for table `category`
--

LOCK TABLES `category` WRITE;
/*!40000 ALTER TABLE `category` DISABLE KEYS */;
INSERT INTO `category` VALUES (1,'Cà phê bột',_binary ''),(2,'Cà phê hạt đã rang',_binary ''),(3,'Cà phê hạt nén',_binary ''),(4,'Cà phê đóng chai',_binary '');
/*!40000 ALTER TABLE `category` ENABLE KEYS */;
UNLOCK TABLES;

--
-- Table structure for table `employee`
--

DROP TABLE IF EXISTS `employee`;
/*!40101 SET @saved_cs_client     = @@character_set_client */;
/*!50503 SET character_set_client = utf8mb4 */;
CREATE TABLE `employee` (
  `id` int NOT NULL AUTO_INCREMENT,
  `start_on` date DEFAULT NULL,
  `user_id` int DEFAULT NULL,
  PRIMARY KEY (`id`),
  KEY `FK_Emp_User_idx` (`user_id`),
  CONSTRAINT `FK_Emp_User` FOREIGN KEY (`user_id`) REFERENCES `user` (`id`) ON DELETE CASCADE ON UPDATE CASCADE
) ENGINE=InnoDB AUTO_INCREMENT=13 DEFAULT CHARSET=utf8mb4 COLLATE=utf8mb4_0900_ai_ci;
/*!40101 SET character_set_client = @saved_cs_client */;

--
-- Dumping data for table `employee`
--

LOCK TABLES `employee` WRITE;
/*!40000 ALTER TABLE `employee` DISABLE KEYS */;
INSERT INTO `employee` VALUES (1,'2023-09-07',20),(2,'2021-10-15',24),(7,'2023-09-14',34),(9,'2022-07-13',39),(10,'2023-09-05',40),(11,'2023-08-21',19),(12,'2024-01-01',25);
/*!40000 ALTER TABLE `employee` ENABLE KEYS */;
UNLOCK TABLES;

--
-- Table structure for table `flavor`
--

DROP TABLE IF EXISTS `flavor`;
/*!40101 SET @saved_cs_client     = @@character_set_client */;
/*!50503 SET character_set_client = utf8mb4 */;
CREATE TABLE `flavor` (
  `id` int NOT NULL AUTO_INCREMENT,
  `name` varchar(225) DEFAULT NULL,
  `description` varchar(255) DEFAULT NULL,
  `status` bit(1) DEFAULT NULL,
  PRIMARY KEY (`id`),
  UNIQUE KEY `name_UNIQUE` (`name`)
) ENGINE=InnoDB AUTO_INCREMENT=12 DEFAULT CHARSET=utf8mb4 COLLATE=utf8mb4_0900_ai_ci;
/*!40101 SET character_set_client = @saved_cs_client */;

--
-- Dumping data for table `flavor`
--

LOCK TABLES `flavor` WRITE;
/*!40000 ALTER TABLE `flavor` DISABLE KEYS */;
INSERT INTO `flavor` VALUES (1,'Trái cây','Hương vị trái cây nhiệt đới',_binary ''),(2,'Kem socola','Hương thơm kem sô cô la',_binary ''),(3,'Trái mơ','Hương thơm mùi quả mơ',_binary ''),(5,'Rượu nho','Hương thơm mùi rượu rum nho',_binary ''),(6,'Trung tính','Hương vị cân bằng, vừa ngọt vừa chua nhẹ',_binary ''),(7,'Whiskey','Hương thơm nhẹ mùi rượu tây Whiskey',_binary ''),(8,'Củ quả','Hương vị thơm nhẹ của mùi củ quả',_binary ''),(9,'Hỗn hợp','Hương vị được tổng hòa từ nhiều thành phần có kết cấu mềm mượt, thơm hương hoa,  mọng nước với hậu vị ngọt ngào kéo dài và  mượt mà siêu sạch.',_binary ''),(10,'Hoa oải hương (Lavender)','Cà phê có hương vị của mùi hoa oải hương',_binary ''),(11,'Hoa nhài','Cà phê có hương thơm của hoa nhài',_binary '');
/*!40000 ALTER TABLE `flavor` ENABLE KEYS */;
UNLOCK TABLES;

--
-- Table structure for table `invoice`
--

DROP TABLE IF EXISTS `invoice`;
/*!40101 SET @saved_cs_client     = @@character_set_client */;
/*!50503 SET character_set_client = utf8mb4 */;
CREATE TABLE `invoice` (
  `id` int NOT NULL AUTO_INCREMENT,
  `user_id` int DEFAULT NULL,
  `invoice_date` datetime DEFAULT NULL,
  `total` int DEFAULT NULL,
  PRIMARY KEY (`id`),
  KEY `FK_Invoice_User_idx` (`user_id`),
  CONSTRAINT `FK_Invoice_User` FOREIGN KEY (`user_id`) REFERENCES `user` (`id`) ON DELETE CASCADE ON UPDATE CASCADE
) ENGINE=InnoDB DEFAULT CHARSET=utf8mb4 COLLATE=utf8mb4_0900_ai_ci;
/*!40101 SET character_set_client = @saved_cs_client */;

--
-- Dumping data for table `invoice`
--

LOCK TABLES `invoice` WRITE;
/*!40000 ALTER TABLE `invoice` DISABLE KEYS */;
/*!40000 ALTER TABLE `invoice` ENABLE KEYS */;
UNLOCK TABLES;

--
-- Table structure for table `order`
--

DROP TABLE IF EXISTS `order`;
/*!40101 SET @saved_cs_client     = @@character_set_client */;
/*!50503 SET character_set_client = utf8mb4 */;
CREATE TABLE `order` (
  `id` int NOT NULL AUTO_INCREMENT,
  `order_code` varchar(255) DEFAULT NULL,
  `user_id` int DEFAULT NULL,
  `full_name` varchar(255) DEFAULT NULL,
  `email` varchar(255) DEFAULT NULL,
  `phone` varchar(45) DEFAULT NULL,
  `address` varchar(255) DEFAULT NULL,
  `province` varchar(255) DEFAULT NULL,
  `district` varchar(255) DEFAULT NULL,
  `ward` varchar(255) DEFAULT NULL,
  `payment_method` varchar(45) DEFAULT NULL,
  `delivery_service` varchar(999) DEFAULT NULL,
  `shipping_fee` int DEFAULT NULL,
  `notes` varchar(999) DEFAULT NULL,
  `total` int DEFAULT NULL,
  `order_date` datetime DEFAULT NULL,
  `status` varchar(255) DEFAULT NULL,
  PRIMARY KEY (`id`),
  KEY `FK_Order_User_idx` (`user_id`),
  CONSTRAINT `FK_Order_User` FOREIGN KEY (`user_id`) REFERENCES `user` (`id`) ON DELETE CASCADE ON UPDATE CASCADE
) ENGINE=InnoDB AUTO_INCREMENT=163 DEFAULT CHARSET=utf8mb4 COLLATE=utf8mb4_0900_ai_ci;
/*!40101 SET character_set_client = @saved_cs_client */;

--
-- Dumping data for table `order`
--

LOCK TABLES `order` WRITE;
/*!40000 ALTER TABLE `order` DISABLE KEYS */;
INSERT INTO `order` VALUES (1,NULL,21,'gia phu','test1@gmail.com','123345345','ASSSSS','Tỉnh Hoà Bình','Huyện Kim Bôi','Xã Tú Sơn','COD',NULL,NULL,'',735000,'2023-11-11 17:39:17','CANCELED'),(2,NULL,21,'gia phu','test1@gmail.com','123123123','abc xyz','Tỉnh Hoà Bình','Huyện Kim Bôi','Xã Tú Sơn','COD',NULL,NULL,'zxczxczx',1145000,'2023-11-11 20:34:55','PENDING'),(3,NULL,21,'gia phu','test1@gmail.com','12312321','zxcxzcxz','Tỉnh Hoà Bình','Huyện Kim Bôi','Xã Tú Sơn','COD',NULL,NULL,'vcxvcxvxc',1730000,'2023-11-11 20:37:04','PENDING'),(4,NULL,20,'gia phu','management@gmail.com','1231232131','AAAAAAAASSS','Tỉnh Quảng Ngãi','Huyện Ba Tơ','Xã Ba Thành','COD',NULL,NULL,'',280000,'2023-11-11 20:38:35','PENDING'),(5,NULL,18,'gia phu','testing@gmail.com','12312321321','zxcxzfcz','Tỉnh Hải Dương','Huyện Ninh Giang','Xã Tân Hương','COD',NULL,NULL,'',850000,'2023-11-12 14:19:00','PENDING'),(6,NULL,18,'gia phu','testing@gmail.com','12312321321','zxcxzfcz','Tỉnh Hải Dương','Huyện Ninh Giang','Xã Tân Hương','MOMO',NULL,NULL,'',655000,'2023-11-12 14:21:32','PENDING'),(7,NULL,18,'gia phu','testing@gmail.com','12312321321','zxcxzfcz','Tỉnh Hải Dương','Huyện Ninh Giang','Xã Tân Hương','MOMO',NULL,NULL,'',195000,'2023-11-12 14:25:03','PENDING'),(8,NULL,18,'gia phu','testing@gmail.com','12312321321','zxcxzfcz','Tỉnh Hải Dương','Huyện Ninh Giang','Xã Tân Hương','MOMO',NULL,NULL,'',205000,'2023-11-12 14:32:55','PENDING'),(9,NULL,18,'gia phu','testing@gmail.com','12312321321','zxcxzfcz','Tỉnh Hải Dương','Huyện Ninh Giang','Xã Tân Hương','COD',NULL,NULL,'',690000,'2023-11-12 14:34:23','PENDING'),(10,NULL,18,'gia phu','testing@gmail.com','12312321321','zxcxzfcz','Tỉnh Hải Dương','Huyện Ninh Giang','Xã Tân Hương','MOMO',NULL,NULL,'',440000,'2023-11-12 14:40:57','PENDING'),(11,NULL,18,'gia phu','testing@gmail.com','12312321321','zxcxzfcz','Tỉnh Hải Dương','Huyện Ninh Giang','Xã Tân Hương','MOMO',NULL,NULL,'',280000,'2023-11-12 14:44:35','PENDING'),(12,NULL,18,'gia phu','testing@gmail.com','12312321321','zxcxzfcz','Tỉnh Hải Dương','Huyện Ninh Giang','Xã Tân Hương','MOMO',NULL,NULL,'',375000,'2023-11-12 14:46:48','PENDING'),(13,NULL,18,'gia phu','testing@gmail.com','12312321321','zxcxzfcz','Tỉnh Hải Dương','Huyện Ninh Giang','Xã Tân Hương','MOMO',NULL,NULL,'',505000,'2023-11-12 14:50:08','PENDING'),(14,NULL,18,'gia phu','testing@gmail.com','12312321321','zxcxzfcz','Tỉnh Hải Dương','Huyện Ninh Giang','Xã Tân Hương','MOMO',NULL,NULL,'',860000,'2023-11-12 14:55:23','PENDING'),(15,NULL,18,'gia phu','testing@gmail.com','12312321321','zxcxzfcz','Tỉnh Hải Dương','Huyện Ninh Giang','Xã Tân Hương','MOMO',NULL,NULL,'',375000,'2023-11-12 15:09:00','PENDING'),(16,NULL,18,'gia phu','testing@gmail.com','12312321321','zxcxzfcz','Tỉnh Hải Dương','Huyện Ninh Giang','Xã Tân Hương','MOMO',NULL,NULL,'',195000,'2023-11-12 15:36:42','PENDING'),(17,'u2ZlFFkRjC',18,'gia phu','testing@gmail.com','12312321321','zxcxzfcz','Tỉnh Hải Dương','Huyện Ninh Giang','Xã Tân Hương','MOMO',NULL,NULL,'',675000,'2023-11-13 08:35:06','PENDING'),(18,'5Psr3wnzzA',18,'gia phu','testing@gmail.com','12312321321','zxcxzfcz','Tỉnh Hải Dương','Huyện Ninh Giang','Xã Tân Hương','MOMO',NULL,NULL,'',1400000,'2023-11-13 08:57:03','PENDING'),(19,'vF4bPdmygr',18,'gia phu','testing@gmail.com','12312321321','zxcxzfcz','Tỉnh Hải Dương','Huyện Ninh Giang','Xã Tân Hương','MOMO',NULL,NULL,'',200000,'2023-11-13 08:58:29','PENDING'),(20,'GG9LCHRwgN',18,'gia phu','testing@gmail.com','12312321321','zxcxzfcz','Tỉnh Hải Dương','Huyện Ninh Giang','Xã Tân Hương','MOMO',NULL,NULL,'',375000,'2023-11-13 09:01:49','PENDING'),(21,'Nd84VeAGAU',18,'gia phu','testing@gmail.com','12312321321','zxcxzfcz','Tỉnh Hải Dương','Huyện Ninh Giang','Xã Tân Hương','MOMO',NULL,NULL,'',210000,'2023-11-13 10:10:51','PENDING'),(22,'PJUvHNsCjn',18,'gia phu','testing@gmail.com','12312321321','zxcxzfcz','Tỉnh Hải Dương','Huyện Ninh Giang','Xã Tân Hương','MOMO',NULL,NULL,'',700000,'2023-11-13 10:12:46','PENDING'),(23,'owtJdHrIgc',18,'gia phu','testing@gmail.com','12312321321','zxcxzfcz','Tỉnh Hải Dương','Huyện Ninh Giang','Xã Tân Hương','MOMO',NULL,NULL,'',255000,'2023-11-13 10:18:53','PENDING'),(24,'996f9IYOfD',18,'gia phu','testing@gmail.com','12312321321','zxcxzfcz','Tỉnh Hải Dương','Huyện Ninh Giang','Xã Tân Hương','MOMO',NULL,NULL,'',310000,'2023-11-13 10:21:59','PENDING'),(25,'FVwoZg3r7H',18,'gia phu','testing@gmail.com','12312321321','zxcxzfcz','Tỉnh Hải Dương','Huyện Ninh Giang','Xã Tân Hương','MOMO',NULL,NULL,'',240000,'2023-11-13 10:26:34','PENDING'),(26,'JJJQIpemHm',18,'gia phu','testing@gmail.com','12312321321','zxcxzfcz','Tỉnh Hải Dương','Huyện Ninh Giang','Xã Tân Hương','MOMO',NULL,NULL,'',460000,'2023-11-13 10:31:32','PENDING'),(27,'CxudHrQ7Fg',18,'gia phu','testing@gmail.com','12312321321','zxcxzfcz','Tỉnh Hải Dương','Huyện Ninh Giang','Xã Tân Hương','MOMO',NULL,NULL,'',785000,'2023-11-13 10:34:22','PENDING'),(28,'gZJvUims2z',18,'gia phu','testing@gmail.com','12312321321','zxcxzfcz','Tỉnh Hải Dương','Huyện Ninh Giang','Xã Tân Hương','MOMO',NULL,NULL,'',280000,'2023-11-13 10:41:41','PENDING'),(29,'eG8js0Ppg5',18,'gia phu','testing@gmail.com','12312321321','zxcxzfcz','Tỉnh Hải Dương','Huyện Ninh Giang','Xã Tân Hương','MOMO',NULL,NULL,'',1400000,'2023-11-13 10:49:49','PENDING'),(30,'4tolEn77W1',18,'gia phu','testing@gmail.com','12312321321','zxcxzfcz','Tỉnh Hải Dương','Huyện Ninh Giang','Xã Tân Hương','MOMO',NULL,NULL,'',265000,'2023-11-13 10:53:35','PENDING'),(31,'axKLy5WWbu',18,'gia phu','testing@gmail.com','12312321321','zxcxzfcz','Tỉnh Hải Dương','Huyện Ninh Giang','Xã Tân Hương','MOMO',NULL,NULL,'',255000,'2023-11-13 13:09:03','PENDING'),(32,'6KlCkbyz0C',18,'gia phu','testing@gmail.com','12312321321','zxcxzfcz','Tỉnh Hải Dương','Huyện Ninh Giang','Xã Tân Hương','MOMO',NULL,NULL,'',1400000,'2023-11-13 13:14:57','PENDING'),(33,'9TJQ4CxHtw',18,'gia phu','testing@gmail.com','12312321321','zxcxzfcz','Tỉnh Hải Dương','Huyện Ninh Giang','Xã Tân Hương','MOMO',NULL,NULL,'',945000,'2023-11-13 13:38:51','PENDING'),(34,'6xuRHA89MX',18,'gia phu','testing@gmail.com','12312321321','zxcxzfcz','Tỉnh Hải Dương','Huyện Ninh Giang','Xã Tân Hương','MOMO',NULL,NULL,'',220000,'2023-11-13 13:43:13','PENDING'),(35,'gfbqskmlji',18,'gia phu','testing@gmail.com','12312321321','zxcxzfcz','Tỉnh Hải Dương','Huyện Ninh Giang','Xã Tân Hương','MOMO',NULL,NULL,'',375000,'2023-11-13 13:48:14','PENDING'),(36,'KoonPP99M4',18,'gia phu','testing@gmail.com','12312321321','zxcxzfcz','Tỉnh Hải Dương','Huyện Ninh Giang','Xã Tân Hương','MOMO',NULL,NULL,'',1400000,'2023-11-13 13:51:01','PENDING'),(37,'v6ck162eY8',18,'gia phu','testing@gmail.com','12312321321','zxcxzfcz','Tỉnh Hải Dương','Huyện Ninh Giang','Xã Tân Hương','MOMO',NULL,NULL,'',210000,'2023-11-13 13:53:42','PENDING'),(38,'vd9dxmqGl4',18,'gia phu','testing@gmail.com','12312321321','zxcxzfcz','Tỉnh Hải Dương','Huyện Ninh Giang','Xã Tân Hương','MOMO',NULL,NULL,'',540000,'2023-11-13 13:59:57','PENDING'),(39,'SXNaJgBRz0',18,'gia phu','testing@gmail.com','12312321321','zxcxzfcz','Tỉnh Hải Dương','Huyện Ninh Giang','Xã Tân Hương','MOMO',NULL,NULL,'',280000,'2023-11-13 14:12:58','PENDING'),(40,'qLFFxfoEL2',18,'gia phu','testing@gmail.com','12312321321','zxcxzfcz','Tỉnh Hải Dương','Huyện Ninh Giang','Xã Tân Hương','MOMO',NULL,NULL,'',310000,'2023-11-13 14:26:18','PENDING'),(41,'3yZY8taoG6',18,'gia phu','testing@gmail.com','12312321321','zxcxzfcz','Tỉnh Hải Dương','Huyện Ninh Giang','Xã Tân Hương','MOMO',NULL,NULL,'',310000,'2023-11-13 14:33:14','PENDING'),(42,'XTSG9qmfEV',18,'gia phu','testing@gmail.com','12312321321','zxcxzfcz','Tỉnh Hải Dương','Huyện Ninh Giang','Xã Tân Hương','MOMO',NULL,NULL,'',375000,'2023-11-13 14:58:15','PENDING'),(43,'JDf3pHgcNl',18,'gia phu','testing@gmail.com','12312321321','zxcxzfcz','Tỉnh Hải Dương','Huyện Ninh Giang','Xã Tân Hương','MOMO',NULL,NULL,'',280000,'2023-11-13 15:02:00','PENDING'),(44,'tb1GoT0iqV',20,'gia phu','management@gmail.com','1231232131','AAAAAAAASSS','Tỉnh Quảng Ngãi','Huyện Ba Tơ','Xã Ba Thành','MOMO',NULL,NULL,'',3890000,'2023-11-13 15:10:32','PENDING'),(45,'6RbTvK3G9e',20,'gia phu','management@gmail.com','1231232131','AAAAAAAASSS','Tỉnh Quảng Ngãi','Huyện Ba Tơ','Xã Ba Thành','MOMO',NULL,NULL,'',210000,'2023-11-13 15:42:49','PENDING'),(46,'2JlwMwux93',20,'gia phu','management@gmail.com','1231232131','AAAAAAAASSS','Tỉnh Quảng Ngãi','Huyện Ba Tơ','Xã Ba Thành','MOMO',NULL,NULL,'',215000,'2023-11-13 15:45:02','PENDING'),(47,'49txwi8TvC',20,'gia phu','management@gmail.com','1231232131','AAAAAAAASSS','Tỉnh Quảng Ngãi','Huyện Ba Tơ','Xã Ba Thành','MOMO',NULL,NULL,'',210000,'2023-11-13 15:58:27','PENDING'),(48,'L9wHMsqM58',20,'gia phu','management@gmail.com','1231232131','AAAAAAAASSS','Tỉnh Quảng Ngãi','Huyện Ba Tơ','Xã Ba Thành','MOMO',NULL,NULL,'',300000,'2023-11-13 16:10:31','PENDING'),(49,'ay0GxZRqwO',20,'gia phu','management@gmail.com','1231232131','AAAAAAAASSS','Tỉnh Quảng Ngãi','Huyện Ba Tơ','Xã Ba Thành','MOMO',NULL,NULL,'',300000,'2023-11-13 16:10:31','PENDING'),(50,'jTFRJVqY5L',20,'gia phu','management@gmail.com','1231232131','AAAAAAAASSS','Tỉnh Quảng Ngãi','Huyện Ba Tơ','Xã Ba Thành','MOMO',NULL,NULL,'',255000,'2023-11-13 16:15:19','PENDING'),(51,'6aRbGdylfx',20,'gia phu','management@gmail.com','1231232131','AAAAAAAASSS','Tỉnh Quảng Ngãi','Huyện Ba Tơ','Xã Ba Thành','MOMO',NULL,NULL,'',460000,'2023-11-13 16:27:03','PENDING'),(52,'kiWfW9kebO',20,'gia phu','management@gmail.com','1231232131','AAAAAAAASSS','Tỉnh Quảng Ngãi','Huyện Ba Tơ','Xã Ba Thành','MOMO',NULL,NULL,'',210000,'2023-11-13 16:36:45','PENDING'),(53,'MyWhY8Itkx',20,'gia phu','management@gmail.com','1231232131','AAAAAAAASSS','Tỉnh Quảng Ngãi','Huyện Ba Tơ','Xã Ba Thành','MOMO',NULL,NULL,'',140000,'2023-11-13 16:43:58','PENDING'),(54,'rRjjuJDBYD',20,'gia phu','management@gmail.com','1231232131','AAAAAAAASSS','Tỉnh Quảng Ngãi','Huyện Ba Tơ','Xã Ba Thành','MOMO',NULL,NULL,'',280000,'2023-11-13 19:51:37','PENDING'),(55,'OLJRfGrAKj',20,'gia phu','management@gmail.com','1231232131','AAAAAAAASSS','Tỉnh Quảng Ngãi','Huyện Ba Tơ','Xã Ba Thành','MOMO',NULL,NULL,'',220000,'2023-11-13 20:01:43','PENDING'),(56,'ZVjLvV1tCG',20,'gia phu','management@gmail.com','1231232131','AAAAAAAASSS','Tỉnh Quảng Ngãi','Huyện Ba Tơ','Xã Ba Thành','MOMO',NULL,NULL,'',375000,'2023-11-13 20:06:00','PENDING'),(57,'MyuAbH9r91',20,'gia phu','management@gmail.com','1231232131','AAAAAAAASSS','Tỉnh Quảng Ngãi','Huyện Ba Tơ','Xã Ba Thành','MOMO',NULL,NULL,'',255000,'2023-11-13 20:15:51','PENDING'),(58,'dkgeNsbh7j',20,'gia phu','management@gmail.com','1231232131','AAAAAAAASSS','Tỉnh Quảng Ngãi','Huyện Ba Tơ','Xã Ba Thành','MOMO',NULL,NULL,'',460000,'2023-11-13 20:25:56','PENDING'),(59,'tp9FxAXZJ3',20,'gia phu','management@gmail.com','1231232131','AAAAAAAASSS','Tỉnh Quảng Ngãi','Huyện Ba Tơ','Xã Ba Thành','MOMO',NULL,NULL,'',280000,'2023-11-13 20:27:17','PENDING'),(60,'iaKtDaiAAA',20,'gia phu','management@gmail.com','1231232131','AAAAAAAASSS','Tỉnh Quảng Ngãi','Huyện Ba Tơ','Xã Ba Thành','MOMO',NULL,NULL,'',300000,'2023-11-13 20:29:07','PENDING'),(61,'2uD1amHvRL',21,'gia phu','test1@gmail.com','123456685','ABCXYZ','Tỉnh Hoà Bình','Huyện Kim Bôi','Xã Tú Sơn','MOMO',NULL,NULL,'zxczxczxcxz',670000,'2023-11-14 14:27:21','PENDING'),(62,'9L3hngAnK8',21,'gia phu','test1@gmail.com','123213','2312312312','Tỉnh Hoà Bình','Huyện Kim Bôi','Xã Tú Sơn','VNPAY',NULL,NULL,'zxcxzcxzczx',210000,'2023-11-14 21:21:05','PENDING'),(63,'SP98osGujP',21,'gia phu','test1@gmail.com','12321321','1232132132132','Tỉnh Hoà Bình','Huyện Kim Bôi','Xã Tú Sơn','VNPAY',NULL,NULL,'',240000,'2023-11-14 22:19:07','PENDING'),(64,'urschBeVBN',21,'gia phu','test1@gmail.com','123123','123123','Tỉnh Hoà Bình','Huyện Kim Bôi','Xã Tú Sơn','VNPAY',NULL,NULL,'12312321',460000,'2023-11-14 22:27:09','PENDING'),(65,'XZXXGVthSv',21,'gia phu','test1@gmail.com','123213','12321321312','Tỉnh Hoà Bình','Huyện Kim Bôi','Xã Tú Sơn','VNPAY',NULL,NULL,'',460000,'2023-11-14 22:32:23','PENDING'),(66,'zZOVUtJWoj',21,'gia phu','test1@gmail.com','1331212312','12312321321','Tỉnh Hoà Bình','Huyện Kim Bôi','Xã Tú Sơn','VNPAY',NULL,NULL,'',670000,'2023-11-15 09:00:26','PENDING'),(67,'tyhm6wOaPj',21,'gia phu','test1@gmail.com','13213123','1232132131','Tỉnh Hoà Bình','Huyện Kim Bôi','Xã Tú Sơn','VNPAY',NULL,NULL,'',375000,'2023-11-15 09:16:57','PENDING'),(68,'GfBD9EqENs',21,'gia phu','test1@gmail.com','1232132112321','12321321','Tỉnh Hoà Bình','Huyện Kim Bôi','Xã Tú Sơn','VNPAY',NULL,NULL,'',310000,'2023-11-15 10:32:58','CANCELED'),(69,'MiVuWuiTac',21,'gia phu','test1@gmail.com','123213','123123','Tỉnh Hoà Bình','Huyện Kim Bôi','Xã Tú Sơn','VNPAY',NULL,NULL,'',220000,'2023-11-15 10:34:56','PAID_VNPAY'),(70,'aebLXiU2EW',21,'gia phu','test1@gmail.com','123432','12312','Tỉnh Hoà Bình','Huyện Kim Bôi','Xã Tú Sơn','VNPAY',NULL,NULL,'',240000,'2023-11-15 10:43:44','FAILED'),(71,'Qh9lXS3Na0',21,'gia phu','test1@gmail.com','12312321','12312321','Tỉnh Hoà Bình','Huyện Kim Bôi','Xã Tú Sơn','MOMO',NULL,NULL,'',280000,'2023-11-15 14:08:37','PENDING'),(72,'TjxPeH9M2g',21,'gia phu','test1@gmail.com','asdas','123123','Tỉnh Hoà Bình','Huyện Kim Bôi','Xã Tú Sơn','MOMO',NULL,NULL,'',240000,'2023-11-15 14:15:11','PENDING'),(73,'9aQKa7yiCX',21,'gia phu','test1@gmail.com','1231231','xzxxzx','Tỉnh Hoà Bình','Huyện Kim Bôi','Xã Tú Sơn','MOMO',NULL,NULL,'',215000,'2023-11-15 14:21:53','CANCELED'),(74,'D4eWgfKixx',21,'gia phu','test1@gmail.com','123123','asdas','Tỉnh Hoà Bình','Huyện Kim Bôi','Xã Tú Sơn','MOMO',NULL,NULL,'',460000,'2023-11-15 14:29:02','PENDING'),(75,'TNsKqnMvii',21,'gia phu','test1@gmail.com','12313213','12312312','Tỉnh Hoà Bình','Huyện Kim Bôi','Xã Tú Sơn','MOMO',NULL,NULL,'',725000,'2023-11-15 14:37:50','CANCELED'),(76,'0M7fiz3SrF',21,'gia phu','test1@gmail.com','2313123','xcz','Tỉnh Hoà Bình','Huyện Kim Bôi','Xã Tú Sơn','MOMO',NULL,NULL,'',130000,'2023-11-15 14:58:19','PENDING'),(77,'e7PVuof9yc',21,'gia phu','test1@gmail.com','123213','123123','Tỉnh Hoà Bình','Huyện Kim Bôi','Xã Tú Sơn','MOMO',NULL,NULL,'',375000,'2023-11-15 15:07:12','PENDING'),(78,'tgsN0gesbE',21,'gia phu','test1@gmail.com','123123','12321','Tỉnh Hoà Bình','Huyện Kim Bôi','Xã Tú Sơn','MOMO',NULL,NULL,'',195000,'2023-11-15 15:16:50','CANCELED'),(79,'LSSskGgCNZ',21,'gia phu','test1@gmail.com','132123','zxcxcz','Tỉnh Hoà Bình','Huyện Kim Bôi','Xã Tú Sơn','MOMO',NULL,NULL,'',250000,'2023-11-15 15:18:42','CANCELED'),(80,'z6BWj2ytqg',21,'gia phu','test1@gmail.com','123123','123','Tỉnh Hoà Bình','Huyện Kim Bôi','Xã Tú Sơn','MOMO',NULL,NULL,'',1315000,'2023-11-15 15:20:28','PENDING'),(81,'VY9bzgfL0p',21,'gia phu','test1@gmail.com','123123123','sadasdasd','Tỉnh Hoà Bình','Huyện Kim Bôi','Xã Tú Sơn','MOMO',NULL,NULL,'',220000,'2023-11-15 15:24:35','CANCELED'),(82,'k1qL2PhvyK',21,'gia phu','test1@gmail.com','12321','12312','Tỉnh Hoà Bình','Huyện Kim Bôi','Xã Tú Sơn','MOMO',NULL,NULL,'',460000,'2023-11-15 15:29:07','CANCELED'),(83,'UplR3Zp2nr',21,'gia phu','test1@gmail.com','12321','1232132','Tỉnh Hoà Bình','Huyện Kim Bôi','Xã Tú Sơn','MOMO',NULL,NULL,'',270000,'2023-11-15 15:32:03','CANCELED'),(84,'6DaSPRvdzz',21,'gia phu','test1@gmail.com','31231','123213','Tỉnh Hoà Bình','Huyện Kim Bôi','Xã Tú Sơn','MOMO',NULL,NULL,'',130000,'2023-11-15 15:35:06','CANCELED'),(85,'X4LyW4xUdF',21,'gia phu','test1@gmail.com','123','123','Tỉnh Hoà Bình','Huyện Kim Bôi','Xã Tú Sơn','MOMO',NULL,NULL,'',165000,'2023-11-15 15:47:52','CANCELED'),(86,'Rr4ZUxnpX0',21,'gia phu','test1@gmail.com','1231','13123','Tỉnh Hoà Bình','Huyện Kim Bôi','Xã Tú Sơn','MOMO',NULL,NULL,'zxczx',280000,'2023-11-16 13:24:58','CONFIRMED'),(87,'l4rNP4K7Lm',21,'gia phu','test1@gmail.com','312312','12313','Tỉnh Hoà Bình','Huyện Kim Bôi','Xã Tú Sơn','MOMO',NULL,NULL,'',220000,'2023-11-16 13:26:30','CANCELED'),(88,'dEqCmAlLdR',21,'gia phu','test1@gmail.com','123123','12312312','Tỉnh Hoà Bình','Huyện Kim Bôi','Xã Tú Sơn','VNPAY',NULL,NULL,'',140000,'2023-11-16 13:28:59','CONFIRMED'),(89,'g3fUIKS9Us',21,'gia phu','test1@gmail.com','123123','132123213','Tỉnh Hoà Bình','Huyện Kim Bôi','Xã Tú Sơn','VNPAY',NULL,NULL,'',200000,'2023-11-16 13:32:38','CANCELED'),(90,'m7yVB7V6Kw',21,'gia phu','test1@gmail.com','123','123','Tỉnh Hoà Bình','Huyện Kim Bôi','Xã Tú Sơn','MOMO',NULL,NULL,'',265000,'2023-11-16 16:14:36','CANCELED'),(91,'WGPnPwFZUi',21,'gia phu','test1@gmail.com','12','12','Tỉnh Hoà Bình','Huyện Kim Bôi','Xã Tú Sơn','COD',NULL,NULL,'12',280000,'2023-11-17 11:25:26','CANCELED'),(92,'VCE8tTJ1Re',18,'gia phu','testing@gmail.com','12312321321','zxcxzfcz','Tỉnh Hải Dương','Huyện Ninh Giang','Xã Tân Hương','COD',NULL,NULL,'',670000,'2023-11-17 11:40:52','PENDING'),(93,'64MII2yf3G',18,'gia phu','testing@gmail.com','12312321321','zxcxzfcz','Tỉnh Hải Dương','Huyện Ninh Giang','Xã Tân Hương','COD',NULL,NULL,'',205000,'2023-11-17 12:12:27','PENDING'),(94,'n8N13X4LUS',18,'gia phu','testing@gmail.com','12312321321','zxcxzfcz','Tỉnh Hải Dương','Huyện Ninh Giang','Xã Tân Hương','COD',NULL,NULL,'',1400000,'2023-11-17 12:13:56','PENDING'),(95,'gzqVIKaKw9',18,'gia phu','testing@gmail.com','12312321321','zxcxzfcz','Tỉnh Hải Dương','Huyện Ninh Giang','Xã Tân Hương','COD',NULL,NULL,'',210000,'2023-11-17 12:16:52','PENDING'),(96,'UHi7szNRIF',18,'gia phu','testing@gmail.com','12312321321','zxcxzfcz','Tỉnh Hải Dương','Huyện Ninh Giang','Xã Tân Hương','COD',NULL,NULL,'',255000,'2023-11-17 12:18:16','PENDING'),(97,'x3qlWmyiU3',18,'gia phu','testing@gmail.com','12312321321','zxcxzfcz','Tỉnh Hải Dương','Huyện Ninh Giang','Xã Tân Hương','COD',NULL,NULL,'',460000,'2023-11-17 12:19:15','PENDING'),(98,'aQ6wgdeRDj',18,'gia phu','testing@gmail.com','12312321321','zxcxzfcz','Tỉnh Hải Dương','Huyện Ninh Giang','Xã Tân Hương','COD',NULL,NULL,'',375000,'2023-11-17 12:20:57','PENDING'),(99,'lPtkAqeOqY',18,'gia phu','testing@gmail.com','12312321321','zxcxzfcz','Tỉnh Hải Dương','Huyện Ninh Giang','Xã Tân Hương','COD',NULL,NULL,'',215000,'2023-11-17 13:58:31','PENDING'),(100,'VnMlgIcMzu',18,'gia phu','testing@gmail.com','12312321321','zxcxzfcz','Tỉnh Hải Dương','Huyện Ninh Giang','Xã Tân Hương','COD',NULL,NULL,'',410000,'2023-11-17 15:06:35','CONFIRMED'),(101,'MlBd6yJNvg',18,'gia phu','testing@gmail.com','12312321321','zxcxzfcz','Tỉnh Hải Dương','Huyện Ninh Giang','Xã Tân Hương','MOMO',NULL,NULL,'',325000,'2023-11-17 15:13:45','CONFIRMED'),(102,'Z6N9FtMW13',18,'gia phu','testing@gmail.com','12312321321','zxcxzfcz','Tỉnh Hải Dương','Huyện Ninh Giang','Xã Tân Hương','MOMO',NULL,NULL,'',3660000,'2023-11-17 15:45:48','CONFIRMED'),(103,'ZNjTBc55Nv',18,'gia phu','testing@gmail.com','12312321321','zxcxzfcz','Tỉnh Hải Dương','Huyện Ninh Giang','Xã Tân Hương','VNPAY',NULL,NULL,'',300000,'2023-11-17 20:21:48','CONFIRMED'),(104,'7qyQSqKJZt',18,'gia phu','testing@gmail.com','12312321321','zxcxzfcz','Tỉnh Hải Dương','Huyện Ninh Giang','Xã Tân Hương','VNPAY',NULL,NULL,'',240000,'2023-11-17 20:30:46','CONFIRMED'),(105,'WynQHTA1aE',21,'gia phu','test1@gmail.com','1234','1234','Tỉnh Vĩnh Long','Huyện Vũng Liêm','Xã Trung Chánh','COD',NULL,79000,'',754000,'2023-11-29 20:33:54','CONFIRMED'),(106,'KCHrqR3BE1',44,'NCT Air','phutv1990@gmail.com','072185452','2331','Thành phố Hà Nội','Quận Long Biên','Phường Việt Hưng','COD',NULL,60000,'',2510000,'2023-12-03 21:18:44','CONFIRMED'),(107,'jRheo8KuJy',44,'NCT Air','phutv1990@gmail.com','0124785203','Lý Thái Tổ','Tỉnh Cao Bằng','Huyện Bảo Lạc','Xã Thượng Hà','MOMO',NULL,44000,'',339000,'2023-12-28 14:31:19','CANCELED'),(108,'49obxlVffM',21,'gia phu','test1@gmail.com','123456789','ABCSDEC','Tỉnh Hoà Bình','Huyện Kim Bôi','Xã Tú Sơn','VNPAY',NULL,74000,'',984000,'2024-01-05 19:36:21','PENDING'),(109,'wzHQ4v37lc',21,'gia phu','test1@gmail.com','12321321','AVCX','Tỉnh Hoà Bình','Huyện Kim Bôi','Xã Tú Sơn','VNPAY',NULL,87000,'',457000,'2024-01-05 19:41:55','FAILED'),(110,'LDXDIcQkzv',21,'gia phu','test1@gmail.com','asdasdas','123123123','Tỉnh Hoà Bình','Huyện Kim Bôi','Xã Tú Sơn','VNPAY',NULL,74000,'',284000,'2024-01-05 19:56:58','PENDING'),(111,'MigOtT2oaC',21,'gia phu','test1@gmail.com','456789123','123 AVXW','Tỉnh Hoà Bình','Huyện Kim Bôi','Xã Tú Sơn','VNPAY',NULL,74000,'',1984000,'2024-01-05 20:04:41','PENDING'),(112,'0d6mtyAdoN',21,'gia phu','test1@gmail.com','123123123','12312321','Tỉnh Hoà Bình','Huyện Kim Bôi','Xã Tú Sơn','VNPAY',NULL,53000,'',1798000,'2024-01-05 20:19:21','PAID_VNPAY'),(113,'0QxWBQnVea',21,'gia phu','test1@gmail.com','123213','1232132','Tỉnh Hoà Bình','Huyện Kim Bôi','Xã Tú Sơn','VNPAY',NULL,77000,'',1122000,'2024-01-05 20:29:11','PAID_VNPAY'),(114,'Iv8I7wVOv6',21,'gia phu','test1@gmail.com','123123','12312321','Tỉnh Hoà Bình','Huyện Kim Bôi','Xã Tú Sơn','VNPAY',NULL,54000,'',1104000,'2024-01-05 20:38:30','PAID_VNPAY'),(115,'upAPBwV8tb',21,'gia phu','test1@gmail.com','0147852369','ABCSWS','Tỉnh Hoà Bình','Huyện Kim Bôi','Xã Hùng Sơn','VNPAY',NULL,71000,'',6376000,'2024-01-05 20:51:51','CANCELED'),(116,'5a0tA8rn5Y',21,'gia phu','test1@gmail.com','123456789','ABXSD','Tỉnh Hoà Bình','Huyện Kim Bôi','Xã Tú Sơn','VNPAY',NULL,71000,'',6376000,'2024-01-05 20:56:18','CANCELED'),(117,'rwELL6SzMO',21,'gia phu','test1@gmail.com','123123123','123123123','Tỉnh Hoà Bình','Huyện Kim Bôi','Xã Tú Sơn','VNPAY',NULL,71000,'',6376000,'2024-01-05 20:58:19','CONFIRMED'),(118,'GvtlJ1Ghdn',21,'gia phu','test1@gmail.com','121231223','13123213','Tỉnh Hoà Bình','Huyện Kim Bôi','Xã Tú Sơn','VNPAY',NULL,71000,'',6376000,'2024-01-05 21:03:57','CONFIRMED'),(119,'zsSMKNhk0Q',21,'gia phu','test1@gmail.com','123123123','123123123','Tỉnh Hoà Bình','Huyện Kim Bôi','Xã Tú Sơn','VNPAY',NULL,60000,'',930000,'2024-01-06 14:43:41','CANCELED'),(120,'fX8vg9r9Va',44,'NCT Air','phutv1990@gmail.com','0124785203','Lý Thái Tổ','Tỉnh Cao Bằng','Huyện Bảo Lạc','Xã Thượng Hà','VNPAY',NULL,44000,'',-9266000,'2024-01-06 14:46:49','CANCELED'),(121,'rIi08gBZxR',44,'NCT Air','phutv1990@gmail.com','0124785203','Lý Thái Tổ','Cao Bằng','Huyện Bảo Lạc','Xã Sơn Lập','COD','Chuyển phát thương mại điện tử',62701,'',1646701,'2024-03-26 14:38:40','CONFIRMED'),(122,'DeGcaMxWjh',44,'NCT Air','phutv1990@gmail.com','0124785203','Lý Thái Tổ','Cao Bằng','Huyện Bảo Lạc','Xã Sơn Lập','COD','Chuyển phát thương mại điện tử',73701,'',2143701,'2024-03-26 15:09:54','CONFIRMED'),(123,'fwVmjSxIlL',46,'Ôn Gia Phú','Duc2112002@gmail.com','0123456789','xcbvxcvcxvxcv','Ninh Bình','Huyện Hoa Lư','Xã Ninh Thắng','COD','Chuyển phát thương mại điện tử',56101,'',1200101,'2024-03-29 10:38:23','CONFIRMED'),(124,'Zd1z7dEwg0',46,'Võ Văn Đức','Duc2112002@gmail.com','0123456789','xcbvxcvcxvxcv','Ninh Bình','Huyện Hoa Lư','Xã Ninh Thắng','COD','Chuyển phát thương mại điện tử',83601,'',4518601,'2024-04-02 15:49:36','CONFIRMED'),(125,'dGXgnja1q2',22,'gia phu','aa@gmail.com','0147852369','Tân Sân','Hồ Chí Minh','Quận Phú Nhuận','Phường 4','COD','Chuyển phát thương mại điện tử',25300,'note note',1265300,'2024-04-02 19:04:43','CONFIRMED'),(126,'Oyv7pKwUsW',22,'gia phu','aa@gmail.com','0147852369','Tân Sân','Hồ Chí Minh','Quận Phú Nhuận','Phường 4','COD','Chuyển phát thương mại điện tử',23100,'',4003100,'2024-04-02 19:10:23','CONFIRMED'),(127,'X4HtP9qAeE',48,'Lý Tự Thành','samvuong@gmail.com','0941568258','Tuệ Tĩnh','Hải Phòng','Huyện Vĩnh Bảo','Xã Vĩnh Long','COD','Chuyển phát thương mại điện tử',57201,'',1022201,'2024-04-02 20:25:18','CONFIRMED'),(128,'wbUCbuFhhs',48,'Lý Tự Thành','samvuong@gmail.com','0941568258','Tuệ Tĩnh','Hải Phòng','Huyện Vĩnh Bảo','Xã Vĩnh Long','COD','Chuyển phát thương mại điện tử',68201,'',798201,'2024-04-02 20:26:18','CONFIRMED'),(129,'RyRThcKsi4',47,'Trương Ký Giả','tanitalia@gmail.com','0123456456','Ngã 5 chuồng chó','Hồ Chí Minh','Quận Gò Vấp','Phường 10','COD','Chuyển phát thương mại điện tử',22000,'',1052000,'2024-04-02 20:27:43','CONFIRMED'),(130,'A64UMszGHL',47,'Trương Ký Giả','tanitalia@gmail.com','0123456456','Ngã 5 chuồng chó','Hồ Chí Minh','Quận Gò Vấp','Phường 10','COD','Chuyển phát thương mại điện tử',22000,'',727000,'2024-04-02 20:29:22','CONFIRMED'),(131,'k2e4unZLC7',49,'Mạnh Thường Quân','mtq123@gmail.com','0125346565','Hồng Giang','Gia Lai','Huyện Kông Chro','Xã Ya Ma','COD','Chuyển phát thương mại điện tử',26401,'',3566401,'2024-04-03 13:57:47','CONFIRMED'),(132,'2tRWu2BjrX',49,'Mạnh Thường Quân','mtq123@gmail.com','0125346565','Hồng Giang','Gia Lai','Huyện Kông Chro','Xã Ya Ma','COD','Chuyển phát thương mại điện tử',24201,'',414201,'2024-04-03 14:02:34','CONFIRMED'),(133,'AwH9fWEuyy',50,'Trần Trí Cường','cuccuhahah@gmail.com','0132454565','Nghĩa Định','Hà Nội','Huyện Quốc Oai','Xã Tân Phú','COD','Chuyển phát thương mại điện tử',50601,'',3625601,'2024-04-03 14:16:47','CONFIRMED'),(134,'V3cuBywJnt',51,'Lưu Luyến','jokermanhme@gmail.com','0456456645','Giang Đông','Bình Thuận','Huyện Tuy Phong','Xã Phong Phú','COD','Chuyển phát thương mại điện tử',28601,'',4728601,'2024-04-03 14:28:46','CONFIRMED'),(135,'0hmaE9cdFe',51,'Lưu Luyến','jokermanhme@gmail.com','0456456645','Giang Đông','Bình Thuận','Huyện Tuy Phong','Xã Phong Phú','COD','Chuyển phát thương mại điện tử',24201,'',609201,'2024-04-03 14:29:27','CANCELED'),(136,'i7KR36QeyE',52,'Nguyễn Anh Tín','bestrong@gmail.com','0846888888','Trương Vĩnh Kí','Thái Nguyên','Huyện Phú Bình','Xã Thanh Ninh','COD','Chuyển phát thương mại điện tử',73701,'',1458701,'2024-04-03 14:39:58','CONFIRMED'),(137,'tiZVDReAw2',53,'Trần Hoài An','boyalime@gmail.com','0564478978','Sơn Ca','Quảng Ngãi','Huyện Ba Tơ','Xã Ba Vì','COD','Chuyển phát thương mại điện tử',68201,'',2978201,'2024-04-03 14:49:08','CONFIRMED'),(138,'Pv6rYHjZGX',54,'Nguyễn Duy Cương','sadboibaby@gmail.com','0112531565','Nghệ Xuân','Hà Nội','Huyện Quốc Oai','Xã Tân Phú','COD','Chuyển phát thương mại điện tử',55001,'',3415001,'2024-04-03 15:04:12','CONFIRMED'),(139,'DefHJMxbZb',55,'Trần Đông','td1@gmail.com','0957631246','Tây Kì','Thừa Thiên - Huế','Huyện Phong Điền','Xã Điền Môn','COD','Chuyển phát thương mại điện tử',62701,'',1147701,'2024-04-11 20:40:32','CONFIRMED'),(140,'srDfRV8GRh',55,'Trần Đông','td1@gmail.com','0957631246','Tây Kì','Thừa Thiên - Huế','Huyện Phong Điền','Xã Điền Môn','COD','Chuyển phát thương mại điện tử',62701,'',1147701,'2024-04-11 20:40:32','CANCELED'),(141,'o3zWiu0dUv',56,'Lâm Chấn Phong','lcp@gmail.com','0245897414','Nguyệt Môn','Đắk Nông','Huyện Đắk Mil','Xã Đức Mạnh','COD','Chuyển phát thương mại điện tử',26401,'',1916401,'2024-04-11 20:47:59','CONFIRMED'),(142,'yv3E9vVQNn',57,'Trương Minh Trọng','realmt@gmail.com','0245888992','Bùi Thị Xuân','Vĩnh Long','Huyện Trà Ôn','Xã Thuận Thới','COD','Chuyển phát thương mại điện tử',26401,'',1496401,'2024-04-11 20:55:51','CONFIRMED'),(143,'x7BWgCssc7',58,'Nguyễn Tuân','mcnt@gmail.com','0444559697','Trương Vĩnh Ký','Bình Định','Huyện Hoài Ân','Xã Ân Tường Đông','COD','Chuyển phát thương mại điện tử',26401,'',2171401,'2024-04-11 21:03:32','CONFIRMED'),(144,'NdrF6rHgDd',59,'Vương Gia Vệ','vgv@gmail.com','0366999999','Hồng Trạch','Bình Dương','Huyện Phú Giáo','Xã Tân Long','COD','Chuyển phát thương mại điện tử',26401,'',2531401,'2024-04-11 21:09:58','CONFIRMED'),(145,'jScLcPUrE0',60,'Tăng Vân Trường','tvt2@gmail.com','0147777858','Xuân Sang','Vĩnh Phúc','Huyện Tam Đảo','Xã Tam Quan','COD','Chuyển phát thương mại điện tử',72601,'',2422601,'2024-04-11 21:18:02','CONFIRMED'),(146,'NRfRTgrvqZ',61,'Đinh Thanh Nhàn','tdn@gmail.com','0115488999','Lý Công Uẩn','Hà Nam','Huyện Kim Bảng','Xã Thi Sơn','COD','Chuyển phát thương mại điện tử',56101,'',4041101,'2024-04-11 22:06:21','CONFIRMED'),(147,'iwjExUjvLC',62,'Dương Minh Khánh','dmk@gmail.com','0987897787','Xuân Diệu','Hà Nội','Huyện Phú Xuyên','Xã Văn Nhân','COD','Chuyển phát thương mại điện tử',55001,'',1195001,'2024-04-12 22:07:12','CONFIRMED'),(148,'NWae99FEdl',63,'Vũ Thanh Bình','vtb@gmail.com','0986665555','Bình Đông','Thái Nguyên','Thành phố Thái Nguyên','Xã Quyết Thắng','COD','Chuyển phát thương mại điện tử',71501,'',4386501,'2024-04-12 22:25:59','CONFIRMED'),(149,'ie5xZGpNf1',64,'Trương Nguyễn Bình Phúc','tnbp@gmail.com','0225588886','Nam Kỳ Khởi Nghĩa','Sóc Trăng','Thành phố Sóc Trăng','Phường 10','COD','Chuyển phát thương mại điện tử',24201,'',3044201,'2024-04-13 12:00:44','CONFIRMED'),(150,'AX3va3C1l6',65,'Trịnh Thăng Bình','ttb@gmail.com','0945883311','Tố Hữu','Hậu Giang','Huyện Châu Thành','Xã Phú An','COD','Chuyển phát thương mại điện tử',28601,'',3083601,'2024-04-13 12:11:46','CONFIRMED'),(151,'THDU0tiyPM',66,'Nguyễn Anh Tuấn','nat@gmail.com','0174568999','Trần Đăng Khoa','Thanh Hóa','Huyện Cẩm Thủy','Xã Cẩm Yên','COD','Chuyển phát thương mại điện tử',145201,'',7321601,'2024-04-13 12:28:40','CONFIRMED'),(152,'ZZfA9SqGBY',67,'Nguyễn Khánh Vinh','tkv@gmial.com','0987657324','Nguyễn Du','Hồ Chí Minh','Quận 1','Phường Nguyễn Cư Trinh','COD','Chuyển phát thương mại điện tử',33000,'',3795000,'2024-04-13 12:54:40','CONFIRMED'),(153,'v1LkHEBMga',68,'Châu Xuân Thủy','cxt@gmail.com','0124578888','Vũ Trọng Thủy','Đà Nẵng','Quận Ngũ Hành Sơn','Phường Hoà Hải','COD','Chuyển phát thương mại điện tử',96801,'',10678801,'2024-04-13 13:21:22','CONFIRMED'),(154,'INNcsxD3nG',69,'Đường Thanh Xuân','dtx@gmail.com','0147778522','Nam Cao','Đồng Nai','Huyện Xuân Lộc','Xã Xuân Tâm','COD','Chuyển phát thương mại điện tử',52801,'',11597801,'2024-04-14 22:37:22','CONFIRMED'),(155,'3xJgmbFkRJ',70,'Trần Trung Tín','ttt@gmail.com','0124578963','Huy Cận','Quảng Nam','Huyện Phước Sơn','Xã Phước Mỹ','COD','Chuyển phát thương mại điện tử',145201,'',5300201,'2024-04-14 23:20:23','CONFIRMED'),(156,'L0rmHnXFWm',71,'Lê Tuấn Hải','lth@gmail.com','0124579852','Tú Mỡ','Hà Nội','Huyện Thạch Thất','Xã Cần Kiệm','COD','Chuyển phát thương mại điện tử',59401,'',2419401,'2024-04-15 12:26:39','CONFIRMED'),(157,'mJjgaakaZ3',72,'Dương Bảo Ninh','dbn@gmail.com','0121212585','Tú Xương','Hồ Chí Minh','Quận 6','Phường 10','COD','Chuyển phát thương mại điện tử',27500,'',6347500,'2024-04-15 12:34:25','CONFIRMED'),(158,'Y15zHMD2NG',73,'Hoàng Xuân Vinh','hxv@gmail.com','0987666666','Thường Xuân','Long An','Huyện Thạnh Hóa','Xã Thuận Nghĩa Hòa','COD','Chuyển phát thương mại điện tử',28601,'',2473601,'2024-04-15 12:45:24','CONFIRMED'),(159,'7zHu8xFkbG',74,'Trần Thu Thủy','thuytt@gmail.com','0123456952','Lý Chính Thắng','Hồ Chí Minh','Thành Phố Thủ Đức','Phường An Phú','COD','Chuyển phát thương mại điện tử',33000,'',4998000,'2024-04-15 13:29:07','CONFIRMED'),(160,'9mA4B0OxzA',75,'Lê Tiến Thành','vjpbro@gmail.com','0147988763','Trần Huy Liệu','Hà Nội','Quận Tây Hồ','Phường Bưởi','COD','Chuyển phát thương mại điện tử',57201,'',2177201,'2024-04-15 13:45:57','CONFIRMED'),(161,'B2eRcVl4cv',76,'Lý Công','lc@gmail.com','0166952228','Phạm Văn Đồng','Bình Phước','Huyện Bù Đốp','Xã Tân Thành','COD','Chuyển phát thương mại điện tử',59401,'',5029401,'2024-04-15 15:40:38','CONFIRMED'),(162,'PBNk9JseS9',22,'gia phu','aa@gmail.com','0147852369','Tân Sân','Hồ Chí Minh','Quận Phú Nhuận','Phường 4','COD','Chuyển phát thương mại điện tử',23100,'',1773100,'2024-05-05 12:05:12','CONFIRMED');
/*!40000 ALTER TABLE `order` ENABLE KEYS */;
UNLOCK TABLES;

--
-- Table structure for table `order_detail`
--

DROP TABLE IF EXISTS `order_detail`;
/*!40101 SET @saved_cs_client     = @@character_set_client */;
/*!50503 SET character_set_client = utf8mb4 */;
CREATE TABLE `order_detail` (
  `id` int NOT NULL AUTO_INCREMENT,
  `order_id` int DEFAULT NULL,
  `product_detail_id` int DEFAULT NULL,
  `quantity` int DEFAULT NULL,
  `price` int DEFAULT NULL,
  `total` int DEFAULT NULL,
  `order_date` datetime DEFAULT NULL,
  PRIMARY KEY (`id`),
  KEY `FK_OI_Order_idx` (`order_id`),
  KEY `FK_OI_ProductDetail_idx` (`product_detail_id`),
  CONSTRAINT `FK_OI_Order` FOREIGN KEY (`order_id`) REFERENCES `order` (`id`) ON DELETE CASCADE ON UPDATE CASCADE,
  CONSTRAINT `FK_OI_ProductDetail` FOREIGN KEY (`product_detail_id`) REFERENCES `product_detail` (`id`) ON DELETE SET NULL ON UPDATE CASCADE
) ENGINE=InnoDB AUTO_INCREMENT=502 DEFAULT CHARSET=utf8mb4 COLLATE=utf8mb4_0900_ai_ci;
/*!40101 SET character_set_client = @saved_cs_client */;

--
-- Dumping data for table `order_detail`
--

LOCK TABLES `order_detail` WRITE;
/*!40000 ALTER TABLE `order_detail` DISABLE KEYS */;
INSERT INTO `order_detail` VALUES (5,1,50,1,370000,370000,'2023-11-11 17:39:17'),(6,1,1,1,160000,160000,'2023-11-11 17:39:17'),(7,1,5,1,170000,170000,'2023-11-11 17:39:17'),(8,2,8,1,260000,260000,'2023-11-11 20:34:55'),(9,2,16,1,230000,230000,'2023-11-11 20:34:55'),(10,2,23,1,620000,620000,'2023-11-11 20:34:55'),(11,3,46,2,165000,330000,'2023-11-11 20:37:04'),(12,3,43,2,190000,380000,'2023-11-11 20:37:04'),(13,3,49,2,205000,410000,'2023-11-11 20:37:04'),(14,4,10,1,230000,230000,'2023-11-11 20:38:35'),(15,5,16,1,230000,230000,'2023-11-12 14:19:00'),(16,5,14,1,410000,410000,'2023-11-12 14:19:00'),(17,5,18,1,160000,160000,'2023-11-12 14:19:00'),(18,6,46,1,165000,165000,'2023-11-12 14:21:32'),(19,6,49,1,205000,205000,'2023-11-12 14:21:32'),(20,6,52,1,250000,250000,'2023-11-12 14:21:32'),(21,7,1,1,160000,160000,'2023-11-12 14:25:03'),(22,8,5,1,170000,170000,'2023-11-12 14:32:55'),(23,9,14,1,410000,410000,'2023-11-12 14:34:23'),(24,9,16,1,230000,230000,'2023-11-12 14:34:23'),(25,10,33,1,235000,235000,'2023-11-12 14:40:57'),(26,10,31,1,170000,170000,'2023-11-12 14:40:57'),(27,11,16,1,230000,230000,'2023-11-12 14:44:35'),(28,12,12,1,325000,325000,'2023-11-12 14:46:48'),(29,13,49,1,205000,205000,'2023-11-12 14:50:08'),(30,13,52,1,250000,250000,'2023-11-12 14:50:08'),(31,14,38,1,810000,810000,'2023-11-12 14:55:23'),(32,15,12,1,325000,325000,'2023-11-12 15:09:00'),(33,16,1,1,160000,160000,'2023-11-12 15:36:42'),(34,17,14,1,410000,410000,'2023-11-13 08:35:06'),(35,17,16,1,230000,230000,'2023-11-13 08:35:06'),(36,18,3,1,1350000,1350000,'2023-11-13 08:57:03'),(37,19,46,1,165000,165000,'2023-11-13 08:58:29'),(38,20,12,1,325000,325000,'2023-11-13 09:01:49'),(39,21,18,1,160000,160000,'2023-11-13 10:10:51'),(40,22,28,1,650000,650000,'2023-11-13 10:12:46'),(41,23,49,1,205000,205000,'2023-11-13 10:18:53'),(42,24,8,1,260000,260000,'2023-11-13 10:21:59'),(43,25,43,1,190000,190000,'2023-11-13 10:26:34'),(44,26,14,1,410000,410000,'2023-11-13 10:31:32'),(45,27,14,1,410000,410000,'2023-11-13 10:34:22'),(46,27,12,1,325000,325000,'2023-11-13 10:34:22'),(47,28,16,1,230000,230000,'2023-11-13 10:41:41'),(48,29,3,1,1350000,1350000,'2023-11-13 10:49:49'),(49,30,16,1,230000,230000,'2023-11-13 10:53:35'),(50,31,49,1,205000,205000,'2023-11-13 13:09:03'),(51,32,3,1,1350000,1350000,'2023-11-13 13:14:57'),(52,33,12,1,325000,325000,'2023-11-13 13:38:51'),(53,33,14,1,410000,410000,'2023-11-13 13:38:51'),(54,33,18,1,160000,160000,'2023-11-13 13:38:51'),(55,34,5,1,170000,170000,'2023-11-13 13:43:13'),(56,35,12,1,325000,325000,'2023-11-13 13:48:14'),(57,36,3,1,1350000,1350000,'2023-11-13 13:51:01'),(58,37,1,1,160000,160000,'2023-11-13 13:53:42'),(59,38,8,1,260000,260000,'2023-11-13 13:59:57'),(60,38,10,1,230000,230000,'2023-11-13 13:59:57'),(61,39,10,1,230000,230000,'2023-11-13 14:12:58'),(62,40,8,1,260000,260000,'2023-11-13 14:26:18'),(63,41,8,1,260000,260000,'2023-11-13 14:33:14'),(64,42,12,1,325000,325000,'2023-11-13 14:58:15'),(65,43,10,1,230000,230000,'2023-11-13 15:02:00'),(66,44,24,3,1280000,3840000,'2023-11-13 15:10:32'),(67,45,1,1,160000,160000,'2023-11-13 15:42:49'),(68,46,46,1,165000,165000,'2023-11-13 15:45:02'),(69,47,1,1,160000,160000,'2023-11-13 15:58:27'),(70,48,52,1,250000,250000,'2023-11-13 16:10:31'),(71,50,49,1,205000,205000,'2023-11-13 16:15:19'),(72,51,14,1,410000,410000,'2023-11-13 16:27:03'),(73,52,1,1,160000,160000,'2023-11-13 16:36:45'),(74,53,21,1,90000,90000,'2023-11-13 16:43:58'),(75,54,16,1,230000,230000,'2023-11-13 19:51:37'),(76,55,5,1,170000,170000,'2023-11-13 20:01:43'),(77,56,12,1,325000,325000,'2023-11-13 20:06:00'),(78,57,49,1,205000,205000,'2023-11-13 20:15:51'),(79,58,14,1,410000,410000,'2023-11-13 20:25:56'),(80,59,16,1,230000,230000,'2023-11-13 20:27:17'),(81,60,52,1,250000,250000,'2023-11-13 20:29:07'),(82,61,23,1,620000,620000,'2023-11-14 14:27:21'),(83,62,18,1,160000,160000,'2023-11-14 21:21:05'),(84,63,43,1,190000,190000,'2023-11-14 22:19:07'),(85,64,14,1,410000,410000,'2023-11-14 22:27:09'),(86,65,14,1,410000,410000,'2023-11-14 22:32:23'),(87,66,23,1,620000,620000,'2023-11-15 09:00:26'),(88,67,12,1,325000,325000,'2023-11-15 09:16:57'),(89,68,8,1,260000,260000,'2023-11-15 10:32:58'),(90,69,5,1,170000,170000,'2023-11-15 10:34:56'),(91,70,43,1,190000,190000,'2023-11-15 10:43:44'),(92,71,16,1,230000,230000,'2023-11-15 14:08:37'),(93,72,43,1,190000,190000,'2023-11-15 14:15:11'),(94,73,46,1,165000,165000,'2023-11-15 14:21:53'),(95,74,14,1,410000,410000,'2023-11-15 14:29:02'),(96,75,13,1,675000,675000,'2023-11-15 14:37:50'),(97,76,62,1,80000,80000,'2023-11-15 14:58:19'),(98,77,12,1,325000,325000,'2023-11-15 15:07:12'),(99,78,18,1,160000,160000,'2023-11-15 15:16:50'),(100,79,80,1,200000,200000,'2023-11-15 15:18:42'),(101,80,24,1,1280000,1280000,'2023-11-15 15:20:28'),(102,81,5,1,170000,170000,'2023-11-15 15:24:35'),(103,82,14,1,410000,410000,'2023-11-15 15:29:07'),(104,83,33,1,235000,235000,'2023-11-15 15:32:03'),(105,84,58,1,80000,80000,'2023-11-15 15:35:06'),(106,85,70,1,115000,115000,'2023-11-15 15:47:52'),(107,86,16,1,230000,230000,'2023-11-16 13:24:58'),(108,87,5,1,170000,170000,'2023-11-16 13:26:30'),(109,88,21,1,90000,90000,'2023-11-16 13:28:59'),(110,89,46,1,165000,165000,'2023-11-16 13:32:38'),(111,90,16,1,230000,230000,'2023-11-16 16:14:36'),(112,91,16,1,230000,230000,'2023-11-17 11:25:26'),(113,92,23,1,620000,620000,'2023-11-17 11:40:52'),(114,93,5,1,170000,170000,'2023-11-17 12:12:27'),(115,94,3,1,1350000,1350000,'2023-11-17 12:13:56'),(116,95,1,1,160000,160000,'2023-11-17 12:16:52'),(117,96,49,1,205000,205000,'2023-11-17 12:18:16'),(118,97,14,1,410000,410000,'2023-11-17 12:19:15'),(119,98,12,1,325000,325000,'2023-11-17 12:20:57'),(120,99,46,1,165000,165000,'2023-11-17 13:58:31'),(121,100,14,1,410000,410000,'2023-11-17 15:06:35'),(122,101,12,1,325000,325000,'2023-11-17 15:13:45'),(123,102,16,5,230000,1150000,'2023-11-17 15:45:48'),(124,102,14,6,410000,2460000,'2023-11-17 15:45:48'),(125,103,52,1,250000,250000,'2023-11-17 20:21:48'),(126,104,43,1,190000,190000,'2023-11-17 20:30:46'),(127,105,14,1,410000,410000,'2023-11-29 20:33:54'),(128,105,69,1,295000,295000,'2023-11-29 20:33:54'),(129,106,23,4,620000,2480000,'2023-12-03 21:18:44'),(130,107,12,1,325000,325000,'2023-12-28 14:31:19'),(131,108,8,3,260000,780000,'2024-01-05 19:36:21'),(132,108,62,2,80000,160000,'2024-01-05 19:36:21'),(133,109,62,5,80000,400000,'2024-01-05 19:41:55'),(134,110,62,3,80000,240000,'2024-01-05 19:56:58'),(135,111,1,4,160000,640000,'2024-01-05 20:04:41'),(136,111,12,4,325000,1300000,'2024-01-05 20:04:41'),(137,112,43,5,190000,950000,'2024-01-05 20:19:21'),(138,112,46,5,165000,825000,'2024-01-05 20:19:21'),(139,113,43,3,190000,570000,'2024-01-05 20:29:11'),(140,113,46,3,165000,495000,'2024-01-05 20:29:11'),(141,114,5,1,170000,170000,'2024-01-05 20:38:30'),(142,114,14,1,410000,410000,'2024-01-05 20:38:30'),(143,114,16,1,230000,230000,'2024-01-05 20:38:30'),(144,114,18,1,160000,160000,'2024-01-05 20:38:30'),(145,114,21,1,90000,90000,'2024-01-05 20:38:30'),(146,115,33,7,235000,1645000,'2024-01-05 20:51:51'),(147,115,31,8,170000,1360000,'2024-01-05 20:51:51'),(148,115,35,9,370000,3330000,'2024-01-05 20:51:51'),(149,116,33,7,235000,1645000,'2024-01-05 20:56:18'),(150,116,31,8,170000,1360000,'2024-01-05 20:56:18'),(151,116,35,9,370000,3330000,'2024-01-05 20:56:18'),(152,117,33,7,235000,1645000,'2024-01-05 20:58:19'),(153,117,31,8,170000,1360000,'2024-01-05 20:58:19'),(154,117,35,9,370000,3330000,'2024-01-05 20:58:19'),(155,118,33,7,235000,1645000,'2024-01-05 21:03:57'),(156,118,31,8,170000,1360000,'2024-01-05 21:03:57'),(157,118,35,9,370000,3330000,'2024-01-05 21:03:57'),(158,119,27,3,300000,900000,'2024-01-06 14:43:41'),(159,120,27,1,300000,300000,'2024-01-06 14:46:49'),(160,121,8,3,234000,702000,'2024-03-26 14:38:40'),(161,121,1,2,144000,288000,'2024-03-26 14:38:40'),(162,121,52,1,225000,225000,'2024-03-26 14:38:40'),(163,121,21,2,81000,162000,'2024-03-26 14:38:40'),(164,121,16,1,207000,207000,'2024-03-26 14:38:40'),(165,122,90,9,230000,2070000,'2024-03-26 15:09:54'),(166,123,14,3,360800,1082400,'2024-03-29 10:38:23'),(167,123,55,1,61600,61600,'2024-03-29 10:38:23'),(168,124,92,3,490000,1470000,'2024-04-02 15:49:36'),(169,124,57,1,225000,225000,'2024-04-02 15:49:36'),(170,124,81,1,125000,125000,'2024-04-02 15:49:36'),(171,124,28,1,650000,650000,'2024-04-02 15:49:36'),(172,124,26,1,720000,720000,'2024-04-02 15:49:36'),(173,124,42,1,95000,95000,'2024-04-02 15:49:36'),(174,124,94,2,250000,500000,'2024-04-02 15:49:36'),(175,124,30,1,650000,650000,'2024-04-02 15:49:36'),(176,125,55,1,70000,70000,'2024-04-02 19:04:43'),(177,125,52,1,250000,250000,'2024-04-02 19:04:43'),(178,125,49,1,205000,205000,'2024-04-02 19:04:43'),(179,125,46,1,165000,165000,'2024-04-02 19:04:43'),(180,125,43,1,190000,190000,'2024-04-02 19:04:43'),(181,125,70,2,115000,230000,'2024-04-02 19:04:43'),(182,125,66,1,65000,65000,'2024-04-02 19:04:43'),(183,125,73,1,65000,65000,'2024-04-02 19:04:43'),(184,126,24,2,1280000,2560000,'2024-04-02 19:10:23'),(185,126,85,1,480000,480000,'2024-04-02 19:10:23'),(186,126,83,1,430000,430000,'2024-04-02 19:10:23'),(187,126,87,1,350000,350000,'2024-04-02 19:10:23'),(188,126,89,1,160000,160000,'2024-04-02 19:10:23'),(189,127,83,1,430000,430000,'2024-04-02 20:25:18'),(190,127,18,1,160000,160000,'2024-04-02 20:25:18'),(191,127,21,1,90000,90000,'2024-04-02 20:25:18'),(192,127,89,1,160000,160000,'2024-04-02 20:25:18'),(193,127,81,1,125000,125000,'2024-04-02 20:25:18'),(194,128,59,1,120000,120000,'2024-04-02 20:26:18'),(195,128,48,1,530000,530000,'2024-04-02 20:26:18'),(196,128,62,1,80000,80000,'2024-04-02 20:26:18'),(197,129,5,1,170000,170000,'2024-04-02 20:27:43'),(198,129,10,1,230000,230000,'2024-04-02 20:27:43'),(199,129,93,1,180000,180000,'2024-04-02 20:27:43'),(200,129,29,1,290000,290000,'2024-04-02 20:27:43'),(201,129,1,1,160000,160000,'2024-04-02 20:27:43'),(202,130,8,1,260000,260000,'2024-04-02 20:29:22'),(203,130,42,1,95000,95000,'2024-04-02 20:29:22'),(204,130,6,1,350000,350000,'2024-04-02 20:29:22'),(205,131,23,2,620000,1240000,'2024-04-03 13:57:47'),(206,131,3,1,1350000,1350000,'2024-04-03 13:57:47'),(207,131,33,1,235000,235000,'2024-04-03 13:57:47'),(208,131,73,1,65000,65000,'2024-04-03 13:57:47'),(209,131,18,1,160000,160000,'2024-04-03 13:57:47'),(210,131,25,1,320000,320000,'2024-04-03 13:57:47'),(211,131,31,1,170000,170000,'2024-04-03 13:57:47'),(212,132,1,1,160000,160000,'2024-04-03 14:02:34'),(213,132,16,1,230000,230000,'2024-04-03 14:02:34'),(214,133,8,2,260000,520000,'2024-04-03 14:16:47'),(215,133,12,1,325000,325000,'2024-04-03 14:16:47'),(216,133,14,1,410000,410000,'2024-04-03 14:16:47'),(217,133,85,1,480000,480000,'2024-04-03 14:16:47'),(218,133,91,1,350000,350000,'2024-04-03 14:16:47'),(219,133,27,1,300000,300000,'2024-04-03 14:16:47'),(220,133,25,1,320000,320000,'2024-04-03 14:16:47'),(221,133,10,1,230000,230000,'2024-04-03 14:16:47'),(222,133,40,1,110000,110000,'2024-04-03 14:16:47'),(223,133,93,1,180000,180000,'2024-04-03 14:16:47'),(224,133,87,1,350000,350000,'2024-04-03 14:16:47'),(225,134,49,1,205000,205000,'2024-04-03 14:28:46'),(226,134,46,1,165000,165000,'2024-04-03 14:28:46'),(227,134,43,1,190000,190000,'2024-04-03 14:28:46'),(228,134,35,1,370000,370000,'2024-04-03 14:28:46'),(229,134,25,1,320000,320000,'2024-04-03 14:28:46'),(230,134,38,1,810000,810000,'2024-04-03 14:28:46'),(231,134,85,1,480000,480000,'2024-04-03 14:28:46'),(232,134,29,1,290000,290000,'2024-04-03 14:28:46'),(233,134,3,1,1350000,1350000,'2024-04-03 14:28:46'),(234,134,21,1,90000,90000,'2024-04-03 14:28:46'),(235,134,83,1,430000,430000,'2024-04-03 14:28:46'),(236,135,8,1,260000,260000,'2024-04-03 14:29:27'),(237,135,12,1,325000,325000,'2024-04-03 14:29:27'),(238,136,55,1,70000,70000,'2024-04-03 14:39:58'),(239,136,52,1,250000,250000,'2024-04-03 14:39:58'),(240,136,43,1,190000,190000,'2024-04-03 14:39:58'),(241,136,33,1,235000,235000,'2024-04-03 14:39:58'),(242,136,70,1,115000,115000,'2024-04-03 14:39:58'),(243,136,66,1,65000,65000,'2024-04-03 14:39:58'),(244,136,62,1,80000,80000,'2024-04-03 14:39:58'),(245,136,58,1,80000,80000,'2024-04-03 14:39:58'),(246,136,77,1,45000,45000,'2024-04-03 14:39:58'),(247,136,42,1,95000,95000,'2024-04-03 14:39:58'),(248,136,89,1,160000,160000,'2024-04-03 14:39:58'),(249,137,93,1,180000,180000,'2024-04-03 14:49:08'),(250,137,91,1,350000,350000,'2024-04-03 14:49:08'),(251,137,77,1,45000,45000,'2024-04-03 14:49:08'),(252,137,3,1,1350000,1350000,'2024-04-03 14:49:08'),(253,137,27,1,300000,300000,'2024-04-03 14:49:08'),(254,137,43,1,190000,190000,'2024-04-03 14:49:08'),(255,137,46,1,165000,165000,'2024-04-03 14:49:08'),(256,137,49,1,205000,205000,'2024-04-03 14:49:08'),(257,137,81,1,125000,125000,'2024-04-03 14:49:08'),(258,138,83,1,430000,430000,'2024-04-03 15:04:12'),(259,138,38,1,810000,810000,'2024-04-03 15:04:12'),(260,138,35,1,370000,370000,'2024-04-03 15:04:12'),(261,138,16,2,230000,460000,'2024-04-03 15:04:12'),(262,138,77,1,45000,45000,'2024-04-03 15:04:12'),(263,138,58,1,80000,80000,'2024-04-03 15:04:12'),(264,138,70,1,115000,115000,'2024-04-03 15:04:12'),(265,138,33,1,235000,235000,'2024-04-03 15:04:12'),(266,138,12,1,325000,325000,'2024-04-03 15:04:12'),(267,138,25,1,320000,320000,'2024-04-03 15:04:12'),(268,138,31,1,170000,170000,'2024-04-03 15:04:12'),(269,139,127,1,320000,320000,'2024-04-11 20:40:32'),(270,139,128,1,380000,380000,'2024-04-11 20:40:32'),(271,139,58,1,80000,80000,'2024-04-11 20:40:32'),(272,139,66,1,65000,65000,'2024-04-11 20:40:32'),(273,139,70,1,115000,115000,'2024-04-11 20:40:32'),(274,139,110,1,125000,125000,'2024-04-11 20:40:32'),(275,140,127,1,320000,320000,'2024-04-11 20:40:32'),(276,140,128,1,380000,380000,'2024-04-11 20:40:32'),(277,140,58,1,80000,80000,'2024-04-11 20:40:32'),(278,140,66,1,65000,65000,'2024-04-11 20:40:32'),(279,140,70,1,115000,115000,'2024-04-11 20:40:32'),(280,140,110,1,125000,125000,'2024-04-11 20:40:32'),(281,141,100,1,230000,230000,'2024-04-11 20:47:59'),(282,141,103,1,220000,220000,'2024-04-11 20:47:59'),(283,141,95,1,260000,260000,'2024-04-11 20:47:59'),(284,141,93,1,180000,180000,'2024-04-11 20:47:59'),(285,141,87,1,350000,350000,'2024-04-11 20:47:59'),(286,141,85,1,480000,480000,'2024-04-11 20:47:59'),(287,141,31,1,170000,170000,'2024-04-11 20:47:59'),(288,142,106,1,90000,90000,'2024-04-11 20:55:51'),(289,142,108,1,235000,235000,'2024-04-11 20:55:51'),(290,142,119,1,225000,225000,'2024-04-11 20:55:51'),(291,142,49,1,205000,205000,'2024-04-11 20:55:51'),(292,142,46,1,165000,165000,'2024-04-11 20:55:51'),(293,142,21,1,90000,90000,'2024-04-11 20:55:51'),(294,142,18,1,160000,160000,'2024-04-11 20:55:51'),(295,142,27,1,300000,300000,'2024-04-11 20:55:51'),(296,143,38,1,810000,810000,'2024-04-11 21:03:32'),(297,143,35,1,370000,370000,'2024-04-11 21:03:32'),(298,143,40,1,110000,110000,'2024-04-11 21:03:32'),(299,143,81,1,125000,125000,'2024-04-11 21:03:32'),(300,143,42,1,95000,95000,'2024-04-11 21:03:32'),(301,143,97,1,250000,250000,'2024-04-11 21:03:32'),(302,143,113,1,190000,190000,'2024-04-11 21:03:32'),(303,143,116,1,195000,195000,'2024-04-11 21:03:32'),(304,144,14,1,410000,410000,'2024-04-11 21:09:58'),(305,144,16,1,230000,230000,'2024-04-11 21:09:58'),(306,144,8,1,260000,260000,'2024-04-11 21:09:58'),(307,144,10,1,230000,230000,'2024-04-11 21:09:58'),(308,144,1,1,160000,160000,'2024-04-11 21:09:58'),(309,144,23,1,620000,620000,'2024-04-11 21:09:58'),(310,144,33,1,235000,235000,'2024-04-11 21:09:58'),(311,144,29,1,290000,290000,'2024-04-11 21:09:58'),(312,144,55,1,70000,70000,'2024-04-11 21:09:58'),(313,145,122,1,245000,245000,'2024-04-11 21:18:02'),(314,145,73,1,65000,65000,'2024-04-11 21:18:02'),(315,145,77,1,45000,45000,'2024-04-11 21:18:02'),(316,145,66,1,65000,65000,'2024-04-11 21:18:02'),(317,145,62,1,80000,80000,'2024-04-11 21:18:02'),(318,145,58,1,80000,80000,'2024-04-11 21:18:02'),(319,145,83,1,430000,430000,'2024-04-11 21:18:02'),(320,145,25,1,320000,320000,'2024-04-11 21:18:02'),(321,145,125,1,320000,320000,'2024-04-11 21:18:02'),(322,145,126,1,350000,350000,'2024-04-11 21:18:02'),(323,145,129,1,350000,350000,'2024-04-11 21:18:02'),(324,146,5,1,170000,170000,'2024-04-11 22:06:21'),(325,146,8,1,260000,260000,'2024-04-11 22:06:21'),(326,146,10,1,230000,230000,'2024-04-11 22:06:21'),(327,146,12,1,325000,325000,'2024-04-11 22:06:21'),(328,146,14,1,410000,410000,'2024-04-11 22:06:21'),(329,146,16,1,230000,230000,'2024-04-11 22:06:21'),(330,146,23,1,620000,620000,'2024-04-11 22:06:21'),(331,146,21,1,90000,90000,'2024-04-11 22:06:21'),(332,146,27,1,300000,300000,'2024-04-11 22:06:21'),(333,146,3,1,1350000,1350000,'2024-04-11 22:06:21'),(334,147,95,1,260000,260000,'2024-04-12 22:07:12'),(335,147,93,1,180000,180000,'2024-04-12 22:07:12'),(336,147,97,1,250000,250000,'2024-04-12 22:07:12'),(337,147,77,1,45000,45000,'2024-04-12 22:07:12'),(338,147,73,1,65000,65000,'2024-04-12 22:07:12'),(339,147,70,1,115000,115000,'2024-04-12 22:07:12'),(340,147,66,1,65000,65000,'2024-04-12 22:07:12'),(341,147,62,1,80000,80000,'2024-04-12 22:07:12'),(342,147,58,1,80000,80000,'2024-04-12 22:07:12'),(343,148,129,1,350000,350000,'2024-04-12 22:25:59'),(344,148,128,1,380000,380000,'2024-04-12 22:25:59'),(345,148,127,1,320000,320000,'2024-04-12 22:25:59'),(346,148,126,1,350000,350000,'2024-04-12 22:25:59'),(347,148,125,1,320000,320000,'2024-04-12 22:25:59'),(348,148,31,1,170000,170000,'2024-04-12 22:25:59'),(349,148,33,1,235000,235000,'2024-04-12 22:25:59'),(350,148,29,2,290000,580000,'2024-04-12 22:25:59'),(351,148,25,1,320000,320000,'2024-04-12 22:25:59'),(352,148,35,1,370000,370000,'2024-04-12 22:25:59'),(353,148,38,1,810000,810000,'2024-04-12 22:25:59'),(354,148,40,1,110000,110000,'2024-04-12 22:25:59'),(355,149,3,1,1350000,1350000,'2024-04-13 12:00:44'),(356,149,5,1,170000,170000,'2024-04-13 12:00:44'),(357,149,8,1,260000,260000,'2024-04-13 12:00:44'),(358,149,10,1,230000,230000,'2024-04-13 12:00:44'),(359,149,12,1,325000,325000,'2024-04-13 12:00:44'),(360,149,43,1,190000,190000,'2024-04-13 12:00:44'),(361,149,46,1,165000,165000,'2024-04-13 12:00:44'),(362,149,49,1,205000,205000,'2024-04-13 12:00:44'),(363,149,81,1,125000,125000,'2024-04-13 12:00:44'),(364,150,91,1,350000,350000,'2024-04-13 12:11:46'),(365,150,93,1,180000,180000,'2024-04-13 12:11:46'),(366,150,95,1,260000,260000,'2024-04-13 12:11:46'),(367,150,97,1,250000,250000,'2024-04-13 12:11:46'),(368,150,116,1,195000,195000,'2024-04-13 12:11:46'),(369,150,113,1,190000,190000,'2024-04-13 12:11:46'),(370,150,110,1,125000,125000,'2024-04-13 12:11:46'),(371,150,83,1,430000,430000,'2024-04-13 12:11:46'),(372,150,85,1,480000,480000,'2024-04-13 12:11:46'),(373,150,87,1,350000,350000,'2024-04-13 12:11:46'),(374,150,122,1,245000,245000,'2024-04-13 12:11:46'),(375,151,28,1,572000,572000,'2024-04-13 12:28:40'),(376,151,20,1,448800,448800,'2024-04-13 12:28:40'),(377,151,15,1,756800,756800,'2024-04-13 12:28:40'),(378,151,22,1,167200,167200,'2024-04-13 12:28:40'),(379,151,34,1,431200,431200,'2024-04-13 12:28:40'),(380,151,39,1,1496000,1496000,'2024-04-13 12:28:40'),(381,151,41,1,220000,220000,'2024-04-13 12:28:40'),(382,151,54,1,704000,704000,'2024-04-13 12:28:40'),(383,151,80,1,176000,176000,'2024-04-13 12:28:40'),(384,151,90,1,202400,202400,'2024-04-13 12:28:40'),(385,151,107,1,193600,193600,'2024-04-13 12:28:40'),(386,151,109,1,286000,286000,'2024-04-13 12:28:40'),(387,151,102,1,783200,783200,'2024-04-13 12:28:40'),(388,151,105,1,739200,739200,'2024-04-13 12:28:40'),(389,152,129,1,308000,308000,'2024-04-13 12:54:40'),(390,152,128,1,334400,334400,'2024-04-13 12:54:40'),(391,152,125,1,281600,281600,'2024-04-13 12:54:40'),(392,152,126,1,308000,308000,'2024-04-13 12:54:40'),(393,152,127,1,281600,281600,'2024-04-13 12:54:40'),(394,152,62,1,70400,70400,'2024-04-13 12:54:40'),(395,152,66,1,57200,57200,'2024-04-13 12:54:40'),(396,152,70,1,101200,101200,'2024-04-13 12:54:40'),(397,152,73,1,57200,57200,'2024-04-13 12:54:40'),(398,152,80,1,176000,176000,'2024-04-13 12:54:40'),(399,152,83,1,378400,378400,'2024-04-13 12:54:40'),(400,152,85,1,422400,422400,'2024-04-13 12:54:40'),(401,152,7,1,985600,985600,'2024-04-13 12:54:40'),(402,153,1,1,140800,140800,'2024-04-13 13:21:22'),(403,153,3,1,1188000,1188000,'2024-04-13 13:21:22'),(404,153,7,1,985600,985600,'2024-04-13 13:21:22'),(405,153,11,1,431200,431200,'2024-04-13 13:21:22'),(406,153,13,1,594000,594000,'2024-04-13 13:21:22'),(407,153,17,1,418000,418000,'2024-04-13 13:21:22'),(408,153,113,1,167200,167200,'2024-04-13 13:21:22'),(409,153,110,1,110000,110000,'2024-04-13 13:21:22'),(410,153,118,1,651200,651200,'2024-04-13 13:21:22'),(411,153,121,1,888800,888800,'2024-04-13 13:21:22'),(412,153,96,1,3168000,3168000,'2024-04-13 13:21:22'),(413,153,99,1,1056000,1056000,'2024-04-13 13:21:22'),(414,153,102,1,783200,783200,'2024-04-13 13:21:22'),(415,154,24,1,1280000,1280000,'2024-04-14 22:37:22'),(416,154,9,1,540000,540000,'2024-04-14 22:37:22'),(417,154,7,1,1120000,1120000,'2024-04-14 22:37:22'),(418,154,22,1,190000,190000,'2024-04-14 22:37:22'),(419,154,41,1,250000,250000,'2024-04-14 22:37:22'),(420,154,36,1,765000,765000,'2024-04-14 22:37:22'),(421,154,90,1,230000,230000,'2024-04-14 22:37:22'),(422,154,42,1,95000,95000,'2024-04-14 22:37:22'),(423,154,107,1,220000,220000,'2024-04-14 22:37:22'),(424,154,109,1,325000,325000,'2024-04-14 22:37:22'),(425,154,105,1,840000,840000,'2024-04-14 22:37:22'),(426,154,102,1,890000,890000,'2024-04-14 22:37:22'),(427,154,96,1,3600000,3600000,'2024-04-14 22:37:22'),(428,154,99,1,1200000,1200000,'2024-04-14 22:37:22'),(429,155,112,1,320000,320000,'2024-04-14 23:20:23'),(430,155,92,1,490000,490000,'2024-04-14 23:20:23'),(431,155,94,1,250000,250000,'2024-04-14 23:20:23'),(432,155,121,1,1010000,1010000,'2024-04-14 23:20:23'),(433,155,118,1,740000,740000,'2024-04-14 23:20:23'),(434,155,124,1,1100000,1100000,'2024-04-14 23:20:23'),(435,155,88,1,490000,490000,'2024-04-14 23:20:23'),(436,155,82,1,260000,260000,'2024-04-14 23:20:23'),(437,155,80,1,200000,200000,'2024-04-14 23:20:23'),(438,155,76,1,295000,295000,'2024-04-14 23:20:23'),(439,156,125,1,320000,320000,'2024-04-15 12:26:39'),(440,156,126,1,350000,350000,'2024-04-15 12:26:39'),(441,156,127,1,320000,320000,'2024-04-15 12:26:39'),(442,156,129,1,350000,350000,'2024-04-15 12:26:39'),(443,156,128,1,380000,380000,'2024-04-15 12:26:39'),(444,156,113,1,190000,190000,'2024-04-15 12:26:39'),(445,156,110,1,125000,125000,'2024-04-15 12:26:39'),(446,156,66,1,65000,65000,'2024-04-15 12:26:39'),(447,156,58,1,80000,80000,'2024-04-15 12:26:39'),(448,156,40,1,110000,110000,'2024-04-15 12:26:39'),(449,156,55,1,70000,70000,'2024-04-15 12:26:39'),(450,157,17,1,475000,475000,'2024-04-15 12:34:25'),(451,157,15,1,860000,860000,'2024-04-15 12:34:25'),(452,157,13,1,675000,675000,'2024-04-15 12:34:25'),(453,157,32,1,540000,540000,'2024-04-15 12:34:25'),(454,157,34,1,490000,490000,'2024-04-15 12:34:25'),(455,157,36,1,765000,765000,'2024-04-15 12:34:25'),(456,157,39,1,1700000,1700000,'2024-04-15 12:34:25'),(457,157,90,1,230000,230000,'2024-04-15 12:34:25'),(458,157,88,1,490000,490000,'2024-04-15 12:34:25'),(459,157,42,1,95000,95000,'2024-04-15 12:34:25'),(460,158,95,1,260000,260000,'2024-04-15 12:45:24'),(461,158,97,1,250000,250000,'2024-04-15 12:45:24'),(462,158,106,1,90000,90000,'2024-04-15 12:45:24'),(463,158,108,1,235000,235000,'2024-04-15 12:45:24'),(464,158,116,1,195000,195000,'2024-04-15 12:45:24'),(465,158,122,1,245000,245000,'2024-04-15 12:45:24'),(466,158,25,1,320000,320000,'2024-04-15 12:45:24'),(467,158,29,1,290000,290000,'2024-04-15 12:45:24'),(468,158,49,1,205000,205000,'2024-04-15 12:45:24'),(469,158,46,1,165000,165000,'2024-04-15 12:45:24'),(470,158,43,1,190000,190000,'2024-04-15 12:45:24'),(471,159,30,1,650000,650000,'2024-04-15 13:29:07'),(472,159,57,1,225000,225000,'2024-04-15 13:29:07'),(473,159,70,1,115000,115000,'2024-04-15 13:29:07'),(474,159,76,1,295000,295000,'2024-04-15 13:29:07'),(475,159,86,1,700000,700000,'2024-04-15 13:29:07'),(476,159,84,1,600000,600000,'2024-04-15 13:29:07'),(477,159,88,1,490000,490000,'2024-04-15 13:29:07'),(478,159,126,1,350000,350000,'2024-04-15 13:29:07'),(479,159,115,1,1050000,1050000,'2024-04-15 13:29:07'),(480,159,92,1,490000,490000,'2024-04-15 13:29:07'),(481,160,106,1,90000,90000,'2024-04-15 13:45:57'),(482,160,103,1,220000,220000,'2024-04-15 13:45:57'),(483,160,100,1,230000,230000,'2024-04-15 13:45:57'),(484,160,116,1,195000,195000,'2024-04-15 13:45:57'),(485,160,110,1,125000,125000,'2024-04-15 13:45:57'),(486,160,127,1,320000,320000,'2024-04-15 13:45:57'),(487,160,125,1,320000,320000,'2024-04-15 13:45:57'),(488,160,128,1,380000,380000,'2024-04-15 13:45:57'),(489,160,81,1,125000,125000,'2024-04-15 13:45:57'),(490,160,70,1,115000,115000,'2024-04-15 13:45:57'),(491,161,11,1,490000,490000,'2024-04-15 15:40:38'),(492,161,80,1,200000,200000,'2024-04-15 15:40:38'),(493,161,76,1,295000,295000,'2024-04-15 15:40:38'),(494,161,45,1,610000,610000,'2024-04-15 15:40:38'),(495,161,54,1,800000,800000,'2024-04-15 15:40:38'),(496,161,48,1,530000,530000,'2024-04-15 15:40:38'),(497,161,96,1,360000,360000,'2024-04-15 15:40:38'),(498,161,121,1,1010000,1010000,'2024-04-15 15:40:38'),(499,161,109,1,325000,325000,'2024-04-15 15:40:38'),(500,161,129,1,350000,350000,'2024-04-15 15:40:38'),(501,162,129,5,350000,1750000,'2024-05-05 12:05:12');
/*!40000 ALTER TABLE `order_detail` ENABLE KEYS */;
UNLOCK TABLES;

--
-- Table structure for table `product`
--

DROP TABLE IF EXISTS `product`;
/*!40101 SET @saved_cs_client     = @@character_set_client */;
/*!50503 SET character_set_client = utf8mb4 */;
CREATE TABLE `product` (
  `id` int NOT NULL AUTO_INCREMENT,
  `name` varchar(255) DEFAULT NULL,
  `slug` varchar(999) DEFAULT NULL,
  `brand_id` int DEFAULT NULL,
  `sold` int DEFAULT '0',
  `rating` double DEFAULT '0',
  `flavor_id` int DEFAULT NULL,
  `description` varchar(9999) DEFAULT NULL,
  `created_at` datetime DEFAULT NULL,
  `updated_at` datetime DEFAULT NULL,
  `is_special` bit(1) DEFAULT NULL,
  `is_limited` bit(1) DEFAULT NULL,
  `status` bit(1) DEFAULT NULL,
  `sale_id` int DEFAULT NULL,
  `category_id` int DEFAULT NULL,
  `product_origin_id` int DEFAULT NULL,
  `vendor_id` int DEFAULT NULL,
  PRIMARY KEY (`id`),
  UNIQUE KEY `name_UNIQUE` (`name`),
  KEY `FK_Product_Category_idx` (`category_id`),
  KEY `FK_Product_Flavor_idx` (`flavor_id`),
  KEY `FK_Product_Event_idx` (`sale_id`),
  KEY `FK_Product_PO_idx` (`product_origin_id`),
  KEY `FK_Product_Vendor_idx` (`vendor_id`),
  KEY `FK_Product_Brand_idx` (`brand_id`),
  CONSTRAINT `FK_Product_Brand` FOREIGN KEY (`brand_id`) REFERENCES `brand` (`id`) ON DELETE SET NULL ON UPDATE CASCADE,
  CONSTRAINT `FK_Product_Category` FOREIGN KEY (`category_id`) REFERENCES `category` (`id`) ON DELETE SET NULL ON UPDATE CASCADE,
  CONSTRAINT `FK_Product_Flavor` FOREIGN KEY (`flavor_id`) REFERENCES `flavor` (`id`) ON DELETE SET NULL ON UPDATE CASCADE,
  CONSTRAINT `FK_Product_PO` FOREIGN KEY (`product_origin_id`) REFERENCES `product_origin` (`id`) ON DELETE SET NULL ON UPDATE CASCADE,
  CONSTRAINT `FK_Product_Sale` FOREIGN KEY (`sale_id`) REFERENCES `sale` (`id`) ON DELETE SET NULL ON UPDATE CASCADE,
  CONSTRAINT `FK_Product_Vendor` FOREIGN KEY (`vendor_id`) REFERENCES `vendor` (`id`) ON DELETE SET NULL ON UPDATE CASCADE
) ENGINE=InnoDB AUTO_INCREMENT=58 DEFAULT CHARSET=utf8mb4 COLLATE=utf8mb4_0900_ai_ci;
/*!40101 SET character_set_client = @saved_cs_client */;

--
-- Dumping data for table `product`
--

LOCK TABLES `product` WRITE;
/*!40000 ALTER TABLE `product` DISABLE KEYS */;
INSERT INTO `product` VALUES (1,'Sahara Espresso Blend','sahara-espresso-blend',4,22,3.625,1,'<p>Cà phê hạt rang Sahara Espresso Blend được được rang phù hợp với phương pháp pha chế Espresso, Aeropress, Moka pot, Protarfiler, Nanopresso, Cold brew, Cold drip, Vietnam Phin... cực mạnh</p>','2023-09-16 13:24:14','2024-02-23 14:58:33',_binary '\0',_binary '',_binary '',NULL,2,1,3),(2,'Cà phê hạt rang Specialty Coffee - \"COFFEE JOURNEY\"','ca-phe-hat-rang-specialty-coffee-coffee-journey',4,75,4.5,6,'Bao gồm 6 hoặc 12 gói cà phê 100gr được sơ chế đặc biệt mang lại hương vị bùng nổ từ các nông trại nổi tiếng.','2023-09-10 20:07:54','2023-10-06 20:39:25',_binary '',NULL,_binary '',NULL,2,1,3),(3,'Costa Rica SHB EP Hacienda San Ignacio Marsellesa Anaerobic Natural','costa-rica-shb-ep-hacienda-san-ignacio-marsellesa-anaerobic-natural',4,17,4.5,1,'Hacienda San Ignacio được thành lập vào năm 2009, vào thời điểm đó nông trại có các giống truyền thống như; caturra và catuaí, đối mặt với những thách thức giống như nhiều trang trại cà phê khác trong khu vực, mục tiêu chính đã và đang đạt được sản lượng tốt theo cách bền vững nhằm đảm bảo có một nông trại cà phê được chuẩn bị cho tương lai, sử dụng các giống và giống lai mới cũng như đầu tư vào nghiên cứu và công nghệ . Niềm đam mê và hạnh phúc mà Hacienda San Ignacio cảm thấy xung quanh cà phê là tạo ra nhiều dự án và sáng kiến mà ngày nay cho phép cung cấp nhiều loại cà phê tuyệt vời, với hình nền đặc biệt trên mỗi túi.\n\nHacienda San Ignacio nằm ở Palmichal, Acosta, nơi cà phê là hoạt động thương mại chính. Vị trí, khí hậu và độ cao của vùng đất ảnh hưởng trực tiếp đến chất lượng cà phê.','2023-09-10 20:07:37','2023-10-12 11:05:07',_binary '\0',NULL,_binary '',NULL,2,8,3),(4,'Colombia El Paraiso Midnight Jasmine','colombia-el-paraiso-midnight-jasmine',4,21,3.4286,1,'Nếu bạn có tò mò về cái tên có vẻ kì lạ \"Midnight Jasmine\" của hạt cà đến từ nông trại nổi tiếng El Paraiso Colombia này thì cũng đừng ngạc nhiên vì chính tụi mình khi cupping lần đầu cũng hào hứng lắm, pha lẫn sự thích thú và đặt ra nhiều câu hỏi hóc búa về cái tên này.\n\nChúng mình tin rằng hương thơm của hoa nhài, cùng quả đào chín mọng hoà quyện bùng nổ trong cốc Cà phê hạt rang Colombia El Paraiso Midnight Jasmine này sẽ khiến bạn ấn tượng mãi.','2023-09-10 20:07:29','2023-10-12 11:05:15',_binary '\0',NULL,_binary '',NULL,2,2,3),(5,'Honduras Finca Moka Whisky-Aged','honduras-finca-moka-whiskyaged',4,32,3.625,5,'Đổi mới và cải tiến là cần thiết trong tất cả các ngành công nghiệp bao gồm cả cà phê. Do đó, các nhà sản xuất cà phê không ngừng tìm các phương pháp mới mang tính đột phá trong canh tác và chế biến hạt cà phê, tập trung vào chất lượng cao hơn và nhận được nhiều giá trị hơn.  Các nhà sản xuất phá vỡ ranh giới có thể gặp rủi ro, thực hiện nhiều nghiên cứu và không phải cải tiến nào cũng hiệu quả, có thể mất nhiều năm thử nghiệm và sai để rồi tạo ra thứ gì đó đặc biệt, ngon và có thể nhân rộng.\n\nWhiskey barrels aged là một thành công trong nỗ lực tìm kiếm điều mới lạ trong ngành cà phê. Sử dụng thùng gỗ rượu whisky sau khi đã lấy hết rượu ra ngoài. Phần xót lại của thùng này là một lớp rượu whisky đã ngấm vào phần gỗ, thường được gọi là Devil’s Cut. Đây chính là thứ mà hạt cà phê tươi sẽ hấp thụ!\n\nQuy trình ủ cà phê trong thùng gỗ sồi là một phương pháp cái tiến và nâng cao. Nó làm nổi bật thuộc tính nội tại của giống cà phê cộng hưởng với sự phức tạp của hương vị trong quá trình lên men mà không làm hỏng cấu trúc của nó.\n\nNghe quá trình này có vẻ khá đơn giản, cho một mẻ cà phê tươi vào thùng rượu whiskey đã qua sử dụng và để thời gian cho ta kết quả. Tuy nhiên sự thật không hẳn như vậy, để có được kết quả hoàn hảo nhất, nhà sản xuất cần phải vừa cởi mở nhưng phải vừa thông minh trong việc đo lường các thông số để kiểm soát việc lên men. Giống cà phê nào phù hợp để sử dụng theo cấu hình hương vị mục tiêu, tỉ lệ phần trăm độ ẩm, loại thùng nào sẽ được sử dụng, rượu whiskey ảnh hưởng như thế nào đến lượng đường của hạt trước khi rang và thời gian ủ cà phê là bao lâu thì tối ưu?\n\nCà phê tươi có đặc tính hút ẩm, do đó rất dễ nhiễm mùi từ môi trường xung quanh. Khi chúng được ủ trong thùng, thời gian là yếu tố quan trọng cần được xác định chuẩn xác. Nếu như quá nhanh hay chưa đủ tuổi, chúng không thể hấp thụ những nốt hương vị gỗ thơm ngon, mật ong hay whiskey từ thùng gỗ. Ở mặt khác, để hạt cà phê tươi trong thùng ẩm ướt quá lâu sẽ dẫn đến mùi vị khó chịu.\n\nSau khi cà phê tươi và thùng được chọn, các lô cà phê sẽ được pha trộn và cho vào thùng rượu whisky. Vỏ lụa cà phê vẫn còn trong quá trình này, nó thường được loại bỏ sau khi làm khô trong quá trình bóc vỏ trước khi cà phê được vận chuyển. Thông thường cà phê sẽ được ủ trong thùng whiskey từ 4-8 tuần và 12-18 tuần cho một số loại rất đặc biệt, điều này thường sẽ phụ thuộc vào loại cà phê đầu vào được phân loại. Khoảng thời gian này tạo nên loại cà phê phức tạp mà chúng ta có ở đây, ngọt ngào, nồng nàn và thoả mãn sâu sắc.\n\nVới sự thành công của dự án này, ngành công nghiệp chế biến cà phê tiến thêm một bước và mở ra một cảnh cửa rộng lớn hơn, tạo thêm một lối đi mới để mọi người tìm kiếm và khám phá.','2023-09-10 20:07:19','2023-09-30 14:18:56',_binary '\0',NULL,_binary '',NULL,2,7,3),(6,'Colombia Jairo Arcila Pink Bourbon Eucalyptus Honey - Exotics Cofinet','colombia-jairo-arcila-pink-bourbon-eucalyptus-honey-exotics-cofinet',4,86,4.1429,1,'Mẫu đến từ Colombia với phương pháp sơ chế đặc biệt của nhóm Cofinet vời giống Pink Bourbon\n\nĐầu tiên là Colombia Jairo Arcila Pink Bourbon Eucalyptus Honey. Chắc các bạn còn nhớ mẫu cà phê cùng farm mang tên Jairo Arcila Cinnanmon với nốt hương Quế bùng nổ, se cay và ngọt vị mật ong. Dù bạn có thích loại cà phê lên men yếm khí với các loại thảo mộc không thì đó vẫn là một loại cà phê thực sự đặc biệt.\n\nCùng với phương pháp sơ chế này, Pink Bourbon Eucalyptus mang lại trải nghiệm tươi mới hơn với nốt hương cây bạch đàn cùng bạc hà mạnh mẽ, nghe có vẻ thú vị phải không nào.\n\nDưới đây là lời giải thích từ nhà sản xuất:\n\nChỉ những quả anh đào chín đỏ được hái bằng tay và vận chuyển đến trung tâm chế biến \"La Pradera\" trong cùng một ngày.\n\nCherry được cho vào túi Grain Pro, hàn kín để tạo môi trường yếm khí và cho vào thùng nước để ổn định nhiệt độ trong suốt quá trình lên men.\n\nChúng tôi lên men cà phê trong môi trường kỵ khí trong 8 giờ, sau đó lá bạch đàn/khuynh diệp được thêm vào và trộn nhẹ nhàng để tránh làm hỏng quả cà phê.\n\nSau 20 giờ lên men, chúng tôi đã thêm axit Tartaric để đẩy nhanh quá trình lên men và góp phần truyền hương vị khuynh diệp vào hạt cà phê.\n\nHết 48 giờ đem tách vỏ và phơi trên giàn phơi đến khi đạt độ ẩm lý tưởng 11%','2023-09-10 15:41:25','2023-09-30 14:19:10',_binary '\0',NULL,_binary '',NULL,2,2,3),(7,'Colombia Granja Paraiso 92 Gesha Nuruk','colombia-granja-paraiso-92-gesha-nuruk',4,49,3.8571,1,'Có thể gần đây, trong cộng đồng cà phê đã biết nhiều đến các phương pháp lên men hay sơ chế cà phê độc đáo đến từ nhiều quốc gia bằng việc sử dụng các nguyên liệu tự nhiên cùng kỹ thuật tiên tiến. Từ khoá lên men Koji đang được sự quan tâm của rất nhiều người trong cộng đồng cà phê đặc sản thế giới từ người nông dân, nhà sản xuất nhà rang hay chính người tiêu dùng muốn biết về phương pháp sơ chế cà phê thú vị này.\n\nTương tự Koji đến từ Nhật Bản, Nuruk là loại chất khởi động lên men tự nhiên từ lúa mì hay ngũ cốc được làm ẩm, dùng trong sản xuất rượu Soju truyền thống tại Hàn Quốc. Mục đích của Koji và Nuruk là cơ bản giống nhau nhưng khác biệt ở thành phần, cách thức sản xuất từ đó khác nhau ở hương vị và mùi thơm ở kết quả cuối cùng. Những khác biệt này phản ảnh truyền thống sản xuất và văn hoá độc đáo của Nhật Bản và Hàn Quốc.\n\nNếu như trước đây bạn đã từng sử dụng một loại cà phê được cấy men Koji rồi thì chắc chắn không thể bỏ lỡ mẫu cà phê Gesha được cấy men Nuruk được sản xuất bởi Granja Paraiso 92 và trồng tại Colombia này.','2023-09-10 15:34:30','2023-09-30 14:21:32',_binary '\0',NULL,_binary '',NULL,2,2,3),(8,'Colombia Finca Santa Lucia Barrel-aged Strawberry','colombia-finca-santa-lucia-barrelaged-strawberry',4,55,3.75,1,'Finca Santa Lucia nằm ở thị trấn La Plata, ở chân đồi của Trung tâm Cordillera. Đây là một thị trấn và đô thị thuộc vùng Huila của Colombia, có dân số 57.000 người bao gồm cả khu vực nông thôn. Nó nằm cách Neiva, thủ phủ của Huila, 122 km.\n\nTrang trại nằm ở độ cao 1650 masl và tổng cộng là 6,3 ha, theo tiêu chuẩn của các trang trại cà phê Huila là trung bình đến lớn. Trong số này có 4,33 ha được trồng cà phê do bảo tồn các suối nước, các khoảnh rừng bản địa và các khu vực khó tiếp cận trong trang trại không thích hợp cho việc trồng cà phê.\n\nCác giống cà phê có 60% Castillo là dòng cà phê kháng bệnh gỉ sắt (Roya); 20% Caturra và 20% của một giống có tên Colombia, là một trong những chủng kháng bệnh gỉ sắt.\n\nFinca Santa Lucia được sở hữu và điều hành bởi Yiver Vargas Perdomo, con gái của bà là Marolling và hai con trai Cristian và Juan David. Gia đình giàu nghị lực này đã trồng cà phê được 18 năm. Gia đình tự hào về cà phê của họ và cố gắng tạo ra một sản phẩm nổi bật không chỉ về chất lượng, mà còn ở các hoạt động có trách nhiệm với xã hội và sinh thái được sử dụng để tạo ra nó. Yiver mô tả trang trại là “thiên đường dân gian” vì vẻ đẹp tự nhiên và di sản văn hóa phong phú của khu vực. Một trong những dự án của cô là chia sẻ năng lượng tích cực và lối sống thân thiện với môi trường bằng cách đưa du lịch xứ cà phê đến Finca Santa Lucia.','2023-09-10 15:30:22','2023-09-30 14:21:28',_binary '\0',NULL,_binary '',NULL,2,2,3),(9,'Robusta Chư Prông Kefir Natural','robusta-chu-prong-kefir-natural',4,20,3.8333,8,'Chư Prông Kefir Natural là mẫu cà phê được trồng và sơ chế tại Mori Coffee Farm, nơi này không quá lớn về mặt quy mô nhưng chất lượng có thể là một trong những nơi tận tâm nhất trong những nông trại chúng mình đi qua.','2023-09-10 20:22:52','2023-09-30 14:21:22',_binary '\0',NULL,_binary '',NULL,2,5,3),(10,'Epresso House Blend - You Rock','epresso-house-blend-you-rock',4,25,4,6,'Sự pha trộn này kết hợp cà phê đặc sản của Colombia với một loại cà phê Robusta chất lượng cao của Việt Nam. Gói cà này sẽ mang đến sự \"Wow\" cho bạn và nó đang dần trở thành món pha chế phổ biến tại nhà của chúng mình, phù hợp nhất với đồ uống làm từ cà phê espresso mặc dù nó cũng thú vị với các phương pháp pha cà phê khác. Sự pha trộn này là cơ sở của sự pha trộn tùy chỉnh của chúng mình cho các khách hàng hướng tới sự mới mẻ, cần một loại cà phê mạnh mẽ, nồng nàn hơn.','2023-09-13 10:09:08','2023-09-30 14:19:50',_binary '\0',NULL,_binary '',NULL,2,5,3),(11,'Juicy Summer Collection - 3 packs','juicy-summer-collection-3-packs',4,43,3.4286,6,'Lựa chọn siêu cool cho những chuyến đi ngày hè 2023!\n\nChắc hẳn những gói cà phê hạt trong bộ sưu tập Juicy Summer này không còn quá xa lạ với cộng đồng yêu thích cà phê đặc sản specialty nói chung và các khách hàng thân quen nói riêng.\n\nBộ sưu tập này dường như là lựa chọn không thể thiếu vào những ngày hè rực rỡ. Juicy Summer bao gồm 3 gói cà phê hạt rang đặc biệt là Orange Chiffon, Straberry Natural và Anaerobic Peachy, cả 3 đều được trồng và sơ chế tại nông trại Santa Lucia ở Colombia.\n\nCùng Travel With Coffee nhé!','2023-09-13 10:32:20','2023-09-30 14:21:17',_binary '',NULL,_binary '',NULL,2,2,3),(12,'Basic Pick Combo: Kenya AA Plus Mount Kenya & Ethiopia Oromia Buku Abel G1 Natural','basic-pick-combo:-kenya-aa-plus-mount-kenya-&-ethiopia-oromia-buku-abel-g1-natural',4,33,3.5714,1,'Cặp sản phẩm chất lượng cao, ổn định phù hợp với người sử dụng cà phê hàng ngày với yêu cầu tiêu chuẩn cao về cà phê.\n\nKenya Washed & Ethiopia Natural đang trên bàn thử nếm, nếu bạn cần một bình cà phê ngon ổn định hàng ngày thì không thể bỏ qua 2 mẫu cà phê đến từ 2 vùng cà phê nổi tiếng Kenya & Ethiopia.\n\nMẫu Kenya nổi bật về độ chua sáng đi kèm với vị ngọt mọng nước còn Ethiopia mang đến sự ngọt ngào hơn với phương pháp sơ chế Natural cùng với các nốt hương hoa phong phú.\n\nCùng thử 2 mẫu này với các dụng cụ pha chế tại nhà có sẵn tại nhà để tìm ra nhiều sự mới mẻ hơn vì mỗi bình cà phê là khác biệt','2023-09-13 10:33:07','2023-09-30 14:21:04',_binary '',NULL,_binary '',NULL,2,3,3),(13,'ESPRESSO SIGNATURE SET - 3 packs','espresso-signature-set-3-packs',4,18,3.8333,6,'Combo 3 gói cà phê blends đặc biệt thuộc dòng Espresso Series sẽ mang lại những shot espresso khác biệt mỗi ngày với từng nốt hương vị đặc trưng của mỗi gói. 3 mẫu cà phê được rang từ mức Medium cho tới Dark.\n\nCà phê hạt rang ESPRESSO signature SET Tổng cộng có 3 món cà phê espresso thú vị từ 3 profile hương vị đặc trưng nổi tiếng được đảm bảo nguồn gốc bới bởi đội ngũ GREEN BEAN INTERTRADE:\n\n- Red Bull Espresso Blend mức rang MEDIUM+ với acid thấp, nồng hương vị chocolate và caramel nổi trội, với body dày, creamy, ngọt hậu kéo dài, gói 250gr x 1.\n\n- Sahara Espresso Blend mức rang MEDIUM cũng là một tuỳ chọn ESPRESSO nhưng với SAHARA, người dùng sẽ cảm nhận rõ hương vị trái cây nhiệt đới, acid sáng, ngọt sâu và hương hoa ngào ngạt, gói 250gr x 1\n\n- Office Espresso Blends mức rang DARK với nốt ca cao đậm, quả ngọt, mật ong, hương vị truyền thống được cấu thành từ ROBUSTA và hàm lượng ARABICA thấp hơn cho mức acid cực thấp, dường như không chua, , gói 250gr x 1','2023-09-14 09:10:56','2023-09-30 14:22:57',_binary '',NULL,_binary '',NULL,2,1,3),(14,'Combo 3 gói cà phê thuộc dòng Country Blends Series','combo-3-goi-ca-phe-thuoc-dong-country-blends-series',4,61,3.5714,1,'Combo 3 gói cà phê thuộc dòng Country Blends Series sẽ mang lại trải nghiệm mới lạ mỗi ngày với hương vị cà phê thuần tuý từ Colombia, Ethiopia và Kenya.\n\nCà phê hạt rang Combo 3 gói cà phê thuộc dòng Country Blends Series có 3 món cà phê thú vị từ 3 vùng trồng cà phê nổi tiếng trên thế giới:\n\n- Colombia Coffee mức rang Light+ với nốt trái cây chín nổi trội, gói 250grx 1\n\n- Ethiopia Coffee mức rang Light+ với nốt vị chua trái cây và hương hoa nhài, gói 250grx 1\n\n- Kenya Coffee mức rang Light+ với nốt hương chua sáng của các lại trái berries, gói 250grx 1','2023-09-14 12:48:27','2023-09-30 14:23:24',_binary '',NULL,_binary '',NULL,2,3,3),(15,'Colombia Huila Volcano Supremo Sc 17/18','colombia-huila-volcano-supremo-sc-17-18',4,59,4,1,'Được trồng và thu hoạch ở Huila, Colombia, nguồn gốc của loại cà phê này nằm gần núi lửa Nevado de Huila ––đất giàu khoáng chất và vi khí hậu hoàn hảo để tạo ra loại cà phê phức tạp, chất lượng cao. Các nhà sản xuất sử dụng máy xay thủ công, quay tay để tách vỏ quả cà phê và sử dụng các luống phơi cao để làm khô cà phê đều. Hạt cà phê được xử lý một cách chuyên nghiệp ở mọi công đoạn sơ chế.\n\nThe Original Origins là danh mục sản phẩm cà phê hạt rang có nguồn gốc từ những vùng nguyên liệu lớn, nổi tiếng trên thế giới. Từng loại cà phê sẽ đại diện cho mỗi vùng nói lên hương vị đặc trưng, thuần tuý và đạt giá trị sản xuất cao ở sản lượng cũng như chất lượng. Đây là những dòng cà phê rất phổ biến trên thế giới và có mặt ở hầu hết các quốc gia tiêu thụ cà phê. Từng loại cà phê trong danh mục The Original Origins sẽ được sơ chế theo phương pháp phổ biến nhất tại vùng nguyên liệu đó. Ví dụ như Kenya sẽ là Washed, Ethiopia là Natural, Việt Nam có thể là Honey, Brazil Natural, Colombia Washed,...','2023-09-15 13:29:33','2023-09-30 14:23:37',_binary '\0',NULL,_binary '',NULL,2,2,3),(16,'Colombia Bourbon Sidra Finca La Gallera','colombia-bourbon-sidra-finca-la-gallera',4,77,3.5714,6,'Finca La Gallera nằm ở phía nam của vùng Tolima, cách thủ đô Bogota của Colombia khoảng 180 km.\n\nSidra là giống cà phê lai mới, được tạo ra từ Bourbon và Typica, là sự kết hợp đặc tính của hai giống này. Nó đã có được lượng đường đậm đặc và trọng lượng của Red Bourbon và tính axit của Typica. Tại trang trại, bạn có thể phân biệt chúng bằng cách nhìn thấy những cái cây trông mạnh mẽ, tự tin với những chiếc lá màu xanh đậm và những chùm quả anh đào chặt chẽ\n\nMô tả quá trình sơ chế\n\nQuá trình lên men cherry trong 12 giờ trước khi đưa vào máy nghiền ướt, sau đó lên men thêm 12 giờ nữa trong thùng, quá trình rửa được thực hiện sau cả hai quá trình lên men, sau cùng, hạt cà phê phải được phơi nắng trong 15 ngày.','2023-09-17 15:44:32','2023-09-30 14:23:42',_binary '\0',NULL,_binary '',NULL,2,2,3),(17,'Colombia Puerto Alegre JAVA Natural','colombia-puerto-alegre-java-natural',4,91,4.5714,1,'Java là giống cà phê tương đối hiếm thấy, chất lượng cao ở Trung Mỹ. Chịu được các bệnh chính, với nhu cầu phân bón thấp. Sự lựa chọn tốt cho nông dân sản xuất nhỏ. Đây là giống có nguồn gốc di chuyền từ Ethiopia.\n\nJava có lịch sử canh tác lâu đời. Như tên gọi, giống này được người Hà Lan đưa trực tiếp đến đảo Java, Indonesia từ Ethiopia vào đầu thế kỷ 19.\n\nJava được mang đi khắp nơi trồng trọt thử nghiệm. Bắt đầu thử nghiệm từ giữa thế kỷ 20 ở Cameroon và đến 20 năm sau mới phát hành rộng rãi để canh tác. Hay đến năm 2016, Panama mới chính thức công nhận Java, cũng là quốc gia đầu tiên tại Trung Mỹ.\n\nChất lượng của Java được đánh giá rất cao, là đại diện thú vị được công nhận để thay thế Gesha phù hợp với những nông trại cà phê nhỏ, có khả năng chống bệnh gỉ sắt trên lá cà phê.\n\nNông trại cung cấp nhân xanh cho Stupiducks lần này là Puerto Alegre.','2023-09-17 16:17:00','2023-09-30 14:23:48',_binary '\0',NULL,_binary '',NULL,2,2,3),(18,'COLOMBIA GESHA SAN JOSE HONEY - Cup of Excellence Rank 11 Colombia','colombia-gesha-san-jose-honey-cup-of-excellence-rank-11-colombia',4,97,4.4286,9,'Consuelo đã làm việc trong lĩnh vực cà phê 20 năm, sau khi chồng cô qua đời, cô ấy tiếp tục các dự án đổi mới cùng với cậu con trai của mình. Tại trang trại San Jose, họ trồng các giống cà phê như Gesha, Yellow Bourbon và Pink Bourbon, mong muốn cải tiến mỗi ngày về mặt cơ sở hạ tầng cũng như kiến thức trong công cuộc đổi mới phương pháp sơ chế của họ.\n\nConsuelo Maria Garcia Marin hiện đang điều hành nông trại San Jose\nLô cà phê được tham gia đấu giá tại Cup Of Excellence Colombia 2021 đạt được số điểm 87.93 và nằm trong top 11 loại cà phê được đánh giá cao trong cuộc thi.','2023-09-23 20:58:02','2023-09-30 14:23:54',_binary '\0',NULL,_binary '',NULL,2,2,3),(19,'Ethiopia Yirgacheffee Suke Shade Slow Drying G1','ethiopia-yirgacheffee-suke-shade-slow-drying-g1',4,45,4.8,3,' Cà phê hạt rang Specialty Coffee Yirgacheffe, Ethiopia là một trong những loại cà phê được tìm kiếm nhiều nhất trên thế giới bởi đặc trưng về hương vị tinh tế, giống cà phê nguyên bản, điều kiện địa lý lý tưởng để phát triển cà phê cao cấp. Loại cà phê được Stupiducks giới thiệu lần này được sơ chế tại Haru Suke, sử dụng phương pháp rửa sạch và phơi trong bóng râm tạo ra nhiều nốt hương phức tạp và độ ngọt cao','2023-09-23 21:02:31','2023-09-30 14:24:00',_binary '\0',NULL,_binary '',NULL,2,6,3),(20,'Happy Fox - Cold Drip Đậm Đặc x3 - Arctic Fox Cold Drip','happy-fox-cold-drip-dam-dac-x3-arctic-fox-cold-drip',1,128,3.8571,6,'Happy Fox 3/5- Hương vị: trái cây lên men, Dâu tây, Táo, Nho, Mật ong\n100% hạt cà phê đặc sản Myanmar và Costa Rica Musician.\nVới 100% hạt cà phê arabica hảo hạn, có độ rang hoàn hảo và hoàn toàn hữu cơ. Bằng phương pháp ủ lạnh chiết xuất cùng hệ thống máy móc công nghệ cao, khử khuẩn UV tạo ra cà phê đậm đặc có hương vị mượt mà sóng sánh thơm đượm hương hoa, chút đắng nhẹ, hậu vị ngọt của các loại trái cây nhiệt đới, caramel...và độ acid rất thấp.','2023-09-24 10:35:11','2023-09-30 14:24:16',_binary '\0',NULL,_binary '',NULL,4,5,3),(21,'Clever Fox - Cold Drip Đậm Đặc x3','clever-fox-cold-drip-dam-dac-x3',1,70,3.3333,2,'Với 100% hạt cà phê arabica hảo hạn, có độ rang hoàn hảo và hoàn toàn hữu cơ. Bằng phương pháp ủ lạnh chiết xuất cùng hệ thống máy móc công nghệ cao, khử khuẩn UV tạo ra cà phê đậm đặc có hương vị mượt mà sóng sánh thơm đượm hương hoa, chút đắng nhẹ, hậu vị ngọt của các loại trái cây nhiệt đới, caramel...và độ acid rất thấp.\n\nClever Fox 4,5/5- Hương vị: Hạnh nhân, Hương các loại hạt, Hương hoa, Vị caramel\n\n100% hạt cà phê đặc sản Myanmar và Colombia Red Plum.','2023-09-24 10:38:14','2023-09-30 14:24:22',_binary '\0',NULL,_binary '',NULL,4,5,3),(22,'Ethiopian Fox - Cold Drip Đậm Đặc x3','ethiopian-fox-cold-drip-dam-dac-x3',1,32,3.3333,1,'Đối với những tín đồ yêu Cold Brew, chúng mình biết rằng các bạn đang tìm kiếm một loại cà phê Cold Brew tuyệt vời trong những ngày hè oi bức. Cà phê Africa Cold Brew được phục vụ tại các trạm Arctic Fox trên toàn quốc, đây là lựa chọn số một của chúng mình cho các mẻ Cold Brew đầy hương hoa trái.\n\nKhi thêm sữa vào món Cold Brew này, phần body sẽ dậy lên nốt béo ngậy, sô cô la gần như rất nổi bật tạo nên một món đồ uống vô cùng hâp dẫn. Hãy tự tin thưởng thức theo bất kỳ cách nào bạn muốn.\n\nEthiopian Fox 2/5- Hương vị: Hoa mộc lan, Dâu tây, Dâu tằm, Jammy Cream body.','2023-09-24 10:40:08','2023-09-30 14:24:29',_binary '\0',NULL,_binary '',NULL,4,5,3),(23,'Specialty Fox - Cold Drip Đậm Đặc x3','specialty-fox-cold-drip-dam-dac-x3',1,27,4.5,1,'Với 100% hạt cà phê arabica specialty, có độ rang hoàn hảo và hoàn toàn hữu cơ.\n\nTất cả các loại cà phê trong danh sách sử dụng đều vượt quá tiêu chuẩn specialty. Cà phê specialty phải đạt từ 80 điểm trở lên trên thang điểm 100. Chúng mình chỉ sử dụng các loại cà phê specialty có đăng ký 84 trở lên. Bằng phương pháp ủ lạnh chiết xuất cùng hệ thống máy móc công nghệ cao, khử khuẩn UV tạo ra cà phê đậm đặc có hương vị mượt mà sóng sánh thơm đượm hương hoa, chút đắng nhẹ, hậu vị ngọt của các loại trái cây nhiệt đới, caramel...và độ acid rất thấp.\n\nSpecialty Fox 3/5- Hương vị: Cam, body tốt, Bưởi, Hoa nhài, Chanh, Thảo mộc ngọt, Gia vị ngọt ngào đã khi kết thúc\n100% hạt cà phê specialty','2023-09-24 10:42:27','2023-09-30 14:24:35',_binary '\0',NULL,_binary '',NULL,4,5,3),(24,'Tradional Fox - Cold Drip Đậm Đặc x3','tradional-fox-cold-drip-dam-dac-x3',1,37,3,2,'Cà phê organic 100% hạt Robusta chất lượng cao, 0% đường\n\nTaste note: chocolate, caramel, tobaco, strong body\n\nVới 100% hạt cà phê robusta chất lượng cao tại Gia Lai, có độ rang đậm và hoàn toàn hữu cơ. Bằng phương pháp ủ lạnh chiết xuất cùng hệ thống máy móc công nghệ cao, khử khuẩn UV tạo ra cà phê đậm đặc có hương vị mượt mà sóng sánh thơm đượm hương chocolate, chút đắng nhẹ, hậu vị ngọt của các loại ngũ cốc, caramel...và độ acid rất thấp.\n\n100% hạt cà phê robusta.\n\nCà phê specialty coffee Traditional Robusta Artic Fox Cold Brew - Ready to drink được pha chế bởi Arctic Fox ngon hơn khi uống với đá, sữa hạt hoặc kết hợp với các loại nước ép trái cây khác','2023-09-24 10:43:57','2023-09-30 14:24:42',_binary '\0',NULL,_binary '',NULL,4,5,3),(25,'Africa Cold Brew','africa-cold-brew',1,76,3.4286,2,'Đối với những tín đồ yêu Cold Brew, chúng mình biết rằng các bạn đang tìm kiếm một loại cà phê Cold Brew tuyệt vời trong những ngày hè oi bức. Cà phê Africa Cold Brew được phục vụ tại các trạm Arctic Fox trên toàn quốc, đây là lựa chọn số một của chúng mình cho các mẻ Cold Brew đầy hương hoa trái.\n\nKhi thêm sữa vào món Cold Brew này, phần body sẽ dậy lên nốt béo ngậy, sô cô la gần như rất nổi bật tạo nên một món đồ uống vô cùng hâp dẫn. Hãy tự tin thưởng thức theo bất kỳ cách nào bạn muốn.','2023-09-24 10:46:33','2023-09-30 14:24:49',_binary '\0',NULL,_binary '',NULL,4,5,3),(26,'Americas Cold Brew','americas-cold-brew',1,69,4.25,9,'Americas Arctic Fox Cold Brew - Ready to drink\n\nCà phê organic 100% hạt Arabica cao cấp, 0% đường\n\nTaste note: Honey aroma, fruit note, winey, black cherry, sweet & balance\n\nVới 100% hạt cà phê arabica hảo hạn, có độ rang hoàn hảo và hoàn toàn hữu cơ. Bằng phương pháp ủ lạnh chiết xuất cùng hệ thống máy móc công nghệ cao, khử khuẩn UV tạo ra cà phê đậm đặc có hương vị mượt mà sóng sánh thơm đượm hương hoa, chút đắng nhẹ, hậu vị ngọt của các loại trái cây nhiệt đới, caramel...và độ acid rất thấp.\n\n100% hạt cà phê đặc sản từ châu Mỹ.\n\nCà phê specialty coffee Americas Arctic Fox Cold Brew - Ready to drink được pha chế bởi Arctic Fox ngon hơn khi uống với đá, sữa hạt hoặc kết hợp với các loại nước ép trái cây khác','2023-09-24 10:48:06','2023-09-30 14:24:58',_binary '\0',NULL,_binary '',NULL,4,5,3),(27,'Asia Cold Brew','asia-cold-brew',1,24,3.2857,8,'Asia Arctic Fox Cold Brew - Ready to drink\n\nCà phê organic 100% hạt Arabica cao cấp, 0% đường.\n\nTaste note: Hạnh nhân, Hương các loại hạt, Hương hoa, Vị caramel.\n\nVới 100% hạt cà phê arabica hảo hạn, có độ rang hoàn hảo và hoàn toàn hữu cơ. Bằng phương pháp ủ lạnh chiết xuất cùng hệ thống máy móc công nghệ cao, khử khuẩn UV tạo ra cà phê đậm đặc có hương vị mượt mà sóng sánh thơm đượm hương hoa, chút đắng nhẹ, hậu vị ngọt của các loại trái cây nhiệt đới, caramel...và độ acid rất thấp.\n\n100% hạt cà phê đặc sản từ Châu Á.\n\nCà phê specialty coffee Asia Arctic Fox Cold Brew - Ready to drink được pha chế bởi Arctic Fox ngon hơn khi uống với đá, sữa hạt hoặc kết hợp với các loại nước ép trái cây khác','2023-09-24 10:49:52','2023-09-30 14:25:04',_binary '\0',NULL,_binary '',NULL,4,5,3),(28,'Gourmet Cold Brew','gourmet-cold-brew',1,69,3.5,9,'100% Panama Gesha Coffee Bean','2023-09-24 10:51:10','2023-09-30 14:25:14',_binary '\0',NULL,_binary '',NULL,4,5,3),(29,'Special Blends Cold Brew','special-blends-cold-brew',1,71,4,8,'Cà phê organic 100% hạt Arabica cao cấp, 0% đường\n\nTaste note: Tropical fruits, grape, strawberry, floral aroma\n\nVới 100% hạt cà phê arabica hảo hạn, có độ rang hoàn hảo và hoàn toàn hữu cơ. Bằng phương pháp ủ lạnh chiết xuất cùng hệ thống máy móc công nghệ cao, khử khuẩn UV tạo ra cà phê đậm đặc có hương vị mượt mà sóng sánh thơm đượm hương hoa, chút đắng nhẹ, hậu vị ngọt của các loại trái cây nhiệt đới, caramel...và độ acid rất thấp.\n\n100% hạt cà phê đặc sản.\n\nCà phê specialty coffee Special Blend Artic Fox Cold Brew - Ready to drink được pha chế bởi Arctic Fox ngon hơn khi uống với đá, sữa hạt hoặc kết hợp với các loại nước ép trái cây khác','2023-09-24 10:51:59','2023-09-30 14:25:21',_binary '\0',NULL,_binary '',NULL,4,5,3),(30,'Traditional Robusta Cold Brew','traditional-robusta-cold-brew',1,43,4.2857,9,'Cà phê organic 100% hạt Robusta chất lượng cao, 0% đường\n\nTaste note: chocolate, caramel, tobaco, strong body\n\nVới 100% hạt cà phê robusta chất lượng cao tại Gia Lai, có độ rang đậm và hoàn toàn hữu cơ. Bằng phương pháp ủ lạnh chiết xuất cùng hệ thống máy móc công nghệ cao, khử khuẩn UV tạo ra cà phê đậm đặc có hương vị mượt mà sóng sánh thơm đượm hương chocolate, chút đắng nhẹ, hậu vị ngọt của các loại ngũ cốc, caramel...và độ acid rất thấp.\n\n100% hạt cà phê robusta.\n\nCà phê specialty coffee Traditional Robusta Artic Fox Cold Brew - Ready to drink được pha chế bởi Arctic Fox ngon hơn khi uống với đá, sữa hạt hoặc kết hợp với các loại nước ép trái cây khác','2023-09-24 11:06:20','2023-09-30 14:25:28',_binary '\0',NULL,_binary '',NULL,4,5,3),(31,'Fine Robusta Anaerobic Pleiku Việt Nam - C5 Coffee Farm & Roasters','fine-robusta-anaerobic-pleiku-viet-nam-c5-coffee-farm-&-roasters',4,68,3.625,1,'Thật tuyệt khi Coffee Store được hợp tác cùng nông trại cà phê C5. Đây là một nông trại cà phê phát triển các dòng cà phê chất lượng cao, nổi bật trong năm 2023 là các loại cà phê Liberica sơ chế tiên tiến với nhiều phương pháp khác nhau, mang lại hương vị vô cùng thú vị.\n\nKhi các bạn đặt chân C5 COFFEE, các bạn cũng đang bắt đầu một cuộc hành trình tìm hiểu và cảm xúc về nguồn gốc của những hạt cà phê thơm ngon mà C5 tự hào mang đến rồi đó. Chúng mình không chỉ đơn thuần là một quán cà phê, mà còn là người kể chuyện về cuộc hành trình từ cây cà phê đến tách cà phê thơm ngon đậm đà đó nhe !!!!\n\nChúng mình đã học hỏi và trau dồi kinh nghiệm để tìm hiểu kĩ càng về nguồn gốc, quá trình trồng trọt và chế biến của từng loại hạt cà phê, để mang đến cho các bạn những ly cà phê chất lượng nhất với sức của chúng mình. Để đảm bảo chất lượng tốt nhất, C5 đã phải “ tự cung, tự cấp” để đảm bảo rằng từng hạt cà phê đều được chăm sóc kỹ lưỡng và xử lý một cách tốt nhất.\n\nViệc lựa chọn cà phê chất lượng cao không chỉ giúp chúng mình tạo ra những thức uống ngon miệng, mà còn góp phần vào việc bảo vệ môi trường và cộng đồng sản xuất cà phê nữa. Nên là C5 chúng mình hy vọng rằng mỗi ly cà phê mà mình mang đến cho các bạn không chỉ là những tách cà phê tốt nhất mà còn là những trải nghiệm thưởng thức thú vị - một chặng đường kết nối với vùng đất xa xôi nơi những hạt cà phê được sinh ra và trưởng thành.','2023-09-24 12:09:22','2023-09-30 14:25:37',_binary '\0',NULL,_binary '',NULL,2,5,3),(32,'Fine Robusta Whisky Barrels Aged, The Limited Edition dành cho sự kiện Thailand Coffee Hub 2023','fine-robusta-whisky-barrels-aged-the-limited-edition-danh-cho-su-kien-thailand-coffee-hub-2023',4,23,3.5714,2,'Để Mang lại tinh thần đặc biệt đến từ Việt Nam cho sự kiện Thailand Coffee Hub 2023, Stupiducks mang mẫu cà phê đã cất giữ trong kho lạnh rất lâu ra để cho ra 2 mẻ rang duy nhất vô cùng hấp dẫn mà khó có thể tìm thấy ở bất kỳ đâu. Một phần trong số đó sẽ được bày bán tại Coffee Store để mang lại trải nghiệm mới cho cộng đồng yêu cà phê specialty tại Việt Nam.\n\nMẫu cà phê lần này là Robusta đến từ Gia Lai, được sơ chế đặc biệt với hương nồng whiskey, một chút thảo mộc cùng với hơi nồng ấm của khói và vị ngọt hậu kéo dài.','2023-09-30 14:32:08',NULL,_binary '\0',NULL,_binary '',NULL,2,9,3),(36,'Colombia Santander Rose Valley','colombia-santander-rose-valley',4,8,3.75,1,'<p><strong>Cà phê hạt rang Specialty Coffee Colombia Santander Rose Valley - Stupiducks Specialty Coffee</strong></p><ul><li>Quốc gia: Colombia</li><li>Vùng trồng:&nbsp;Santander, Colombia</li><li>Trang trại: El Arboll</li><li>Sơ chế: Double Yeast&nbsp;washed</li><li>Giống: Caturra</li><li>Độ cao vùng: 1,700 masl.</li><li>Niên vụ: 2023 - 2024</li><li>Note:&nbsp;Hoa hồng, Đào, Vải thiều, Vani</li><li>Mức rang: Light&nbsp;</li></ul><p>Cà phê của chúng tôi được trồng, phát triển và thu hoạch bằng tay ở vùng núi thuộc vùng Santander, một trong những vùng trồng cà phê đầu tiên ở Colombia và có ý nghĩa quan trọng vì đặc tính đa dạng sinh học có một không hai của Dãy núi Andean. Cà phê từ vùng này được đặc trưng bởi chất lượng độc đáo và hương vị đặc biệt; sự phong phú của cà phê Colombia.</p><p>\"Đây có lẽ là 1 trong những loại cà phê tốt nhất trong quá trình trải nghiệm cà phê đặc sản của tôi cho đến thời điểm này, mỗi tasting notes dường như dễ dàng để nhận ra, mọi thứ thật dễ cảm nhận, dễ nhớ và đặc biệt...\"&nbsp;</p><p>Cà phê Colombia Rose Valley Double Anaerobic Yeast Washed được rang bởi Stupiducks phù hợp với&nbsp;phương pháp pha chế dưới dạng giấy lọc&nbsp;Hard filter, V60, Chemex, Frence Press,&nbsp;Aeropress, Protarfiler,&nbsp;Cold brew, Cold&nbsp;drip...</p>','2024-02-23 14:48:32','2024-02-23 15:18:42',_binary '\0',_binary '\0',_binary '',NULL,1,2,3),(37,'Colombia Jairo Arcila Quindio Wine & Lulo','colombia-jairo-arcila-quindio-wine-lulo',4,7,4.7143,9,'<p><strong><em>Cà phê hạt specialty&nbsp;Colombia Jairo Arcila Quindio Wine &amp; Lulo&nbsp;- Stupiducks Specialty Coffee</em></strong></p><ul><li>Quốc gia: Colombia</li><li>Vùng trồng:&nbsp;Armenia, Quindio, phía Tây Colombia</li><li>Sơ chế: Honey + Wine yeast &amp; trái Lulo</li><li>Giống: Castillo</li><li>Độ cao vùng: 1550 masl</li><li>Niên vụ: 2022- 2023</li><li>Note:&nbsp;Cam quýt, Lulo chín, Táo xanh, caramel, Sôcôla đen</li><li>Mức rang: Light</li></ul><p>Chú thích thêm:&nbsp;</p><ul><li>Loại cà phê này được trồng bởi Jairo Arcila tại nông trại Santa Mónica. Cà phê này đã được&nbsp;hái bằng tay ở độ chín cao nhất. Tiếp xúc với quá trình lên men kỵ khí khô (vẫn còn bã) có thêm men vang và trái cây lulo ngâm&nbsp;trong 72 giờ với vỏ cà phê tươi. Sau đó, quả anh đào được nghiền nhỏ và phơi khô trên luống cao cho đến khi đạt được độ ẩm lý tưởng.</li><li>Lulo là một loại trái cây nhỏ màu cam với hương vị rất giống cam quýt, đây là loại trái cây điển hình của Colombia. Ở khắp nơi trên đất nước này có thể thấy trái&nbsp;<em>lulo</em>&nbsp;vị chua được ăn tươi, được dùng làm nước xốt, làm món tráng miệng và làm thức uống. Khi ép trái&nbsp;<em>lulo</em>, nó tạo nên một lớp bọt trắng, còn khi xắt miếng để ăn tươi nó có hương vị độc đáo, gần giống với cà chua, đồng thời nó cũng chứa một lượng lớn vitamin A và C.</li></ul><p><br></p>','2024-02-23 15:13:13','2024-02-23 16:09:38',_binary '\0',_binary '\0',_binary '',NULL,2,2,3),(38,'Myanmar North Shan State Catuai Brandy Grape','myanmar-north-shan-state-catuai-brandy-grape',4,7,3.5714,1,'<p><strong><em>Cà phê hạt specialty&nbsp;Myanmar North Shan State Catuai Brandy Grape - Stupiducks Specialty Coffee</em></strong></p><ul><li>Quốc gia: Myanmar</li><li>Vùng trồng:&nbsp;Bang Shan, phía Bắc Myanmar</li><li>Sơ chế: Washed và lên men lactic</li><li>Giống: Catuai</li><li>Độ cao vùng: 1850 masl</li><li>Niên vụ: 2022- 2023</li><li>Note:&nbsp;Thạch nho, nước ép nho khô, hậu ngọt kéo dài</li><li>Mức rang: Light</li></ul><p>Shan State ở Myanmar là một trong những khu vực sản xuất cà phê độc đáo và chất lượng. Shan State nằm ở phía bắc Myanmar và giữa biên giới với Trung Quốc, Lào, và Thái Lan. Đây là một khu vực nằm ở độ cao đáng kể, có đồng bằng châu thổ sâu rộng và nhiều dãy núi. Điều kiện khí hậu và đất đai của Shan State tạo ra môi trường lý tưởng cho trồng cà phê chất lượng.</p><p>Dưới đây là một số điểm quan trọng về cà phê tại Shan State, Myanmar:</p><ol><li><strong>Loại cà phê:</strong>&nbsp;Shan State thường sản xuất cà phê Arabica. Cà phê Arabica thường được biết đến với hương vị nhẹ, acid, và độ phức tạp cao.</li><li><strong>Độ cao địa lý:</strong>&nbsp;Các vùng trồng cà phê ở Shan State có độ cao dao động từ khoảng 800 đến 1.600 mét trên mực nước biển, tạo điều kiện thuận lợi cho sự phát triển của cây cà phê.</li><li><strong>Chế biến cà phê:</strong>&nbsp;Cà phê từ Shan State thường được chế biến bằng phương pháp rửa ướt (washed). Phương pháp này giúp giữ nguyên hương vị tinh tế và acid của cà phê.</li><li><strong>Hương vị:</strong>&nbsp;Cà phê từ Shan State thường mang đến hương vị độc đáo, có thể có các tông màu hoa quả, chocolate, và hương thảo mộc.</li><li><strong>Thị trường và xu hướng:</strong>&nbsp;Cà phê từ Myanmar đang thu hút sự chú ý trên thị trường thế giới, và một số nhãn hiệu đặc biệt đã xuất hiện, đặc biệt là cà phê từ Shan State. Việc này giúp nâng cao uy tín của Myanmar trong ngành công nghiệp cà phê thế giới.</li></ol>','2024-02-25 11:33:28',NULL,_binary '\0',_binary '\0',_binary '',NULL,2,10,3),(39,'Fine Robusta Namyang, Gia Lai Whisky Barrels Aged','fine-robusta-namyang-gia-lai-whisky-barrels-aged',4,15,4.75,2,'<p>Mẫu cà phê lần này là Robusta đến từ Namyang, Gia Lai, được sơ chế đặc biệt với hương nồng whiskey, một chút thảo mộc cùng với hơi nồng ấm của khói và vị ngọt hậu kéo dài.</p><p><strong>- Hương thơm:&nbsp;</strong>Thảo mộc, whisky, khói</p><p><strong>- Hương vị và dư vị:&nbsp;</strong>sô cô la, hậu ngọt</p><p><strong>- Acidity:</strong>&nbsp;thấp, sạch</p><p><strong>- Brewing methods:&nbsp;</strong>Pour Over/ espresso</p>','2024-02-25 11:36:09',NULL,_binary '\0',_binary '\0',_binary '',NULL,2,5,3),(40,'Colombia Santa Lucia Barrel-Aged Orange Chiffon','colombia-santa-lucia-barrel-aged-orange-chiffon',4,8,4.5,2,'<p><strong>Cà phê hạt rang Specialty Coffee - Colombia Santa Lucia Barrel-Aged Orange Chiffon - Stupiducks Specialty Coffee</strong></p><p>Một trong những loại cà phê được mong chờ nhất đã trở lại kịp thời dịp năm mới, lô 2023&nbsp;!</p><p>Colombia Finca Santa Lucia Barrel-aged (Orange Chiffon lot) niên vụ 2023 -2024</p><ul><li>Quốc gia: Colombia</li><li>Vùng trồng:&nbsp;La Plata, Huila, Colombia</li><li>Sơ chế: Anaerobic washed + Barrel-aged</li><li>Giống: Caturra，Castillo</li><li>Độ cao vùng: 1,700-1,800 masl.</li><li>Niên vụ: 2023 - 2024</li><li>Note:&nbsp;Cam, đào, vải thiều, ngọt ngào và kéo dài</li><li>Mức rang: Light&nbsp;</li></ul><p>&nbsp;</p><p><img src=\"https://my-live-01.slatic.net/p/46c37dc86a8e649c00f18640839cbc38.jpg\"></p><p>Finca Santa Lucia nằm ở thị trấn La Plata, ở chân đồi của Trung tâm Cordillera. Đây là một thị trấn và đô thị thuộc vùng Huila của Colombia, có dân số 57.000 người bao gồm cả khu vực nông thôn. Nó nằm cách Neiva, thủ phủ của Huila, 122 km.</p><p>Trang trại nằm ở độ cao 1650 masl và tổng cộng là 6,3 ha, theo tiêu chuẩn của các trang trại cà phê Huila là trung bình đến lớn. Trong số này có 4,33 ha được trồng cà phê do bảo tồn các suối nước, các khoảnh rừng bản địa và các khu vực khó tiếp cận trong trang trại không thích hợp cho việc trồng cà phê.</p><p>Các giống cà phê có 60% Castillo là dòng cà phê kháng bệnh gỉ sắt (Roya); 20% Caturra và 20% của một giống có tên Colombia, là một trong những chủng kháng bệnh gỉ sắt.</p><p>Finca Santa Lucia được sở hữu và điều hành bởi Yiver Vargas Perdomo, con gái của bà là Marolling và hai con trai Cristian và Juan David. Gia đình giàu nghị lực này đã trồng cà phê được 18 năm. Gia đình tự hào về cà phê của họ và cố gắng tạo ra một sản phẩm nổi bật không chỉ về chất lượng, mà còn ở các hoạt động có trách nhiệm với xã hội và sinh thái được sử dụng để tạo ra nó. Yiver mô tả trang trại là “thiên đường dân gian” vì vẻ đẹp tự nhiên và di sản văn hóa phong phú của khu vực. Một trong những dự án của cô là chia sẻ năng lượng tích cực và lối sống thân thiện với môi trường bằng cách đưa du lịch xứ cà phê đến Finca Santa Lucia.</p><p><img src=\"https://my-live-01.slatic.net/p/47f293eb1389081ecd4875be37be55b5.jpg\"></p><p>Yiver Vargas Perdomo</p><p>\"Đây có lẽ là loại cà phê độc đáo nhất trong quá trình trải nghiệm cà phê đặc sản của tôi cho đến thời điểm này, mỗi tasting notes dường như dễ dàng để nhận ra, mọi thứ thật dễ cảm nhận, dễ nhớ và đặc biệt...\"</p><p>Cà phê hạt rang specialty coffee Colombia Finca Santa Lucia Barrel-aged (Orange Chiffon lot) 2022 được rang bởi Stupiducks phù hợp với&nbsp;phương pháp pha chế dưới dạng giấy lọc&nbsp;Hard filter, V60, Chemex, Frence Press,&nbsp;Aeropress, Protarfiler,&nbsp;Cold brew, Cold&nbsp;drip...</p>','2024-02-25 11:41:18',NULL,_binary '\0',_binary '\0',_binary '',NULL,2,2,3),(41,'Nicaragua Datanli El Diablo Marsellesa Honey','nicaragua-datanli-el-diablo-marsellesa-honey',4,9,3.8571,6,'<p><strong><em>Cà phê hạt specialty Nicaragua Datanli El Diablo Marsellesa Honey - Stupiducks Specialty Coffee</em></strong></p><ul><li>Quốc gia: Nicaragua</li><li>Khu vực:&nbsp;Jinotega</li><li>Phương pháp sơ chế: Honey</li><li>Giống cà phê: Marsellesa</li><li>Độ cao: 1,100 – 1,400 MASL</li><li>Mùa vụ: 2022- 2023</li><li>Note:&nbsp;Vị chua chủ đạo của trái cây họ cam chanh ( Citrus), một số đặc điểm của dòng quả mọng berry, hậu vị cảm nhận ngọt như sô cô la, cân bằng, dễ chịu</li><li>Mức rang: Medium</li></ul><p>Khu vực Jinotega là một trong những khu vực quan trọng về sản xuất cà phê ở Nicaragua. Jinotega nằm ở phía bắc của đất nước và là một trong những vùng cao nguyên cà phê quan trọng, cung cấp điều kiện tốt cho sự phát triển của cây cà phê Arabica chất lượng cao. Dưới đây là một số điểm quan trọng về cà phê từ khu vực Jinotega:</p><ol><li><strong>Điều kiện địa lý:</strong>&nbsp;Khu vực Jinotega có độ cao địa lý đáng kể, với độ cao từ khoảng 800 đến 1.700 mét trên mực nước biển. Điều này tạo ra một môi trường lý tưởng với nhiệt độ và độ ẩm phù hợp cho cây cà phê Arabica.</li><li><strong>Hương vị:</strong>&nbsp;Cà phê từ Jinotega thường mang đến hương vị đặc trưng của cà phê Nicaragua, với độ acid vừa phải và hương thơm nhẹ. Các tông màu có thể bao gồm hương trái cây, chocolate, và đôi khi có thể có một chút hương thảo mộc.</li><li><strong>Chế biến cà phê:</strong>&nbsp;Cà phê từ Jinotega thường được chế biến bằng nhiều phương pháp, bao gồm rửa ướt (washed) và tự nhiên (natural). Phương pháp chế biến có thể ảnh hưởng đến hương vị và đặc tính của cà phê.</li></ol><p>Các trang trại được lựa chọn vì có tiềm năng lớn để sản xuất cà phê chất lượng cao vì chúng nằm ở độ cao tương ứng 1000 đến 1400 mét so với mực nước biển.</p>','2024-02-25 12:05:19',NULL,_binary '\0',_binary '\0',_binary '',NULL,2,11,3),(42,'Indonesia Liberica Central java, Temanggung - Flower Blossom - Stupiducks Specialty Coffee','indonesia-liberica-central-java-temanggung-flower-blossom-stupiducks-specialty-coffee',4,7,4.8333,10,'<p>Cà phê Liberica ở Central Java, Indonesia, nổi tiếng với hương vị độc đáo, thường có ghi chú hoa và gỗ. Các vườn cà phê ở đây cung cấp trải nghiệm thú vị với cảnh đẹp ngoạn mục và quy trình chế biến truyền thống, tạo ra tách cà phê độc đáo và phong cách.</p><p>Đúng rồi, là hoa và gỗ, đôi khi nhắc tới ghi chú “Gỗ”, ta hay liên tưởng đến hương vị tiêu cực của cà phê rang chưa tới ( hay còn gọi là under), tuy nhiên, ghi chỗ Gỗ ở cà phê Liberica khác hơn, nó không phải là một lỗi rang, mà lại là đặc điểm thú vị của cà phê Liberica nơi đây.&nbsp;</p><p>Ghi chú gỗ trong cà phê Liberica xuất phát từ hương vị mộc mạc, gợi nhớ đến thảo mộc. Sự độc đáo này thường được hình thành do yếu tố như đặc điểm gen của cây cà phê, địa lý, khí hậu và phương pháp chế biến đặc trưng của nơi sản xuất.</p><p>Trong tháng&nbsp;10/2023, Stupiducks đã may mắn tìm được và nhập khẩu thành công 2 mẫu cà phê thú vị từ Indonesia đó là Liberica Flower Blossom và Robusta Sweet Jasmine. Theo thứ tự, chúng mình sẽ rang mẫu và cupping sớm 2 mẫu cà này và đưa các mẫu đến cửa hàng cho khách hàng nếm thử miễn phí.</p><p>Đây là mẫu cà phê tốt, chất lượng cao, sản xuất lô nhỏ, mang hương vị đặc biệt, khó tìm ở bất kỳ đâu.</p><p>Thông tin&nbsp;Indonesia Liberica Central java - Flower Blossom - Stupiducks Specialty Coffee</p><ul><li>Country: Indonesia</li><li>Local Region: Desa Jlegong Bejen, Temanggung</li><li>Process: Experimental Honey with Yeast Inoculation</li><li>Variety: Liberica</li><li>Altitude (meters): 1,000+ masl</li><li>Harvest: 2022- 2023</li><li>Note: Hoa oải hương ( Lavender), đào, xoài</li></ul>','2024-04-03 19:51:42',NULL,_binary '\0',_binary '\0',_binary '',NULL,2,12,3),(43,'Indonesia Central Java Fine Robusta Floral Jasmine - Stupiducks Specialty Coffee','indonesia-central-java-fine-robusta-floral-jasmine-stupiducks-specialty-coffee',4,6,4.6,11,'<p>Trong tháng&nbsp;10/2023, Stupiducks đã may mắn tìm được và nhập khẩu thành công 2 mẫu cà phê thú vị từ Indonesia đó là Liberica Flower Blossom và Robusta Sweet Jasmine. Theo thứ tự, chúng mình sẽ rang mẫu và cupping sớm 2 mẫu cà này và đưa các mẫu đến cửa hàng cho khách hàng nếm thử miễn phí.</p><p>Đây là mẫu cà phê tốt, chất lượng cao, sản xuất lô nhỏ, mang hương vị đặc biệt, khó tìm ở bất kỳ đâu.</p><p>Indonesia Central Java Fine Robusta Floral Jasmine - Stupiducks Specialty Coffee</p><ul><li>Country: Indonesia</li><li>Local Region: Desa Jlegong Bejen, Temanggung</li><li>Process: Honey Anaerobic Triple yeast experimental</li><li>Variety: Robusta</li><li>Altitude (meters): 1,000+ masl</li><li>Harvest: 2022- 2023</li><li>Note: Jasmine,&nbsp;smooth tea body, chocolate</li></ul><p>Cà phê Temanggung Central Java ở Indonesia là một trong những loại cà phê chất lượng cao, được trồng ở khu vực Temanggung thuộc tỉnh Trung Java, Indonesia. Dưới đây là một số đặc điểm và đặc tính chung của cà phê từ khu vực này:</p><p>1. **Đất đai và Khí hậu:** Temanggung có đất đai phong phú và khí hậu nhiệt đới đến ôn đới, tạo ra điều kiện lý tưởng cho trồng cà phê. Các điều kiện tự nhiên này ảnh hưởng đến hương thơm và hương vị của cà phê.</p><p>2. **Đặc điểm Hương vị:** Cà phê Temanggung thường mang lại hương thơm đặc trưng, có thể là hương cacao, hạt tiêu, đường nâu và có độ axit vừa phải. Hương vị của nó thường được mô tả là cân đối và phức tạp.</p><p>3. **Loại cây cà phê:** Các loại cây cà phê phổ biến trồng ở Temanggung bao gồm Arabica và Robusta. Cả hai loại này đều đóng góp vào sự đa dạng của hương vị trong cà phê.</p><p>4. **Phương pháp chế biến:** Temanggung thường áp dụng nhiều phương pháp chế biến cà phê, bao gồm cả natural, washed và các kỹ thuật xử lý đặc biệt như anaerobic fermentation, tạo ra sự độc đáo trong sản phẩm.</p><p>5. **Bảo vệ môi trường:** Một số trang trại cà phê ở Temanggung cũng hướng đến việc duy trì bền vững và bảo vệ môi trường, giúp tạo ra cà phê với tâm hồn xanh.</p><p>Cà phê Temanggung Central Java thường được đánh giá cao trong cộng đồng người yêu cà phê với sự đa dạng hương vị và chất lượng chăm sóc từng bước trong quá trình sản xuất.</p>','2024-04-03 19:58:46',NULL,_binary '\0',_binary '\0',_binary '',NULL,2,12,3),(44,'Ethiopia Bensa Sidama Della Natural Grade 1 - Stupiducks Specialty Coffee','ethiopia-bensa-sidama-della-natural-grade-1-stupiducks-specialty-coffee',4,5,4.8,1,'<p><strong>Cà phê hạt rang Specialty Coffee - Ethiopia Bensa Sidama Della Natural Grade 1 - Stupiducks Specialty Coffee</strong></p><ul><li>Quốc gia: Ethiopia</li><li>Vùng trồng:&nbsp;Bensa-Sidama</li><li>Sơ chế: Natural</li><li>Giống: Heirloom</li><li>Độ cao vùng: 1,900 - 2,000 masl</li><li>Niên vụ: 2023 - 2024</li><li>Note:&nbsp;Dâu tây, anh đào, hương hoa, ca cao nibs</li><li>Mức rang: Light+ for Filter, Espresso</li></ul>','2024-04-03 20:03:40','2024-04-03 20:07:22',_binary '\0',_binary '\0',_binary '',NULL,2,6,3),(45,'Kenya Coffee - Country Blend Series - Stupiducks Specialty Coffee','kenya-coffee-country-blend-series-stupiducks-specialty-coffee',4,4,4.25,1,'<p><strong>Cà phê hạt rang Specialty Coffee Kenya Coffee - Country Blend Series - Stupiducks Specialty Coffee</strong></p><ul><li>Quốc gia: Kenya</li><li>Vùng trồng: Mt Kenya &amp; Nyeri County</li><li>Sơ chế: Natural &amp; Washed</li><li>Giống: SL 26, SL 28</li><li>Độ cao vùng: 1,800 - 2,000 masl</li><li>Niên vụ: 2023 - 2024</li><li>Note: Mận đỏ, trái cây có độ chua cao, ngọt hậu (&nbsp;Plum, fruit juicy, sweet aftertaste)</li><li>Mức rang: Light+ for Filter, Espresso</li></ul><p>Với những hạt cà phê có nguồn gốc 100% từ Kenya, Châu Phi.&nbsp;Kenya Coffee&nbsp;của chúng mình là một loại cà phê sáng, độ chua cao&nbsp;và ngọt ngào cân bằng hoàn hảo.</p><p>Nổi lên trên sa mạc rộng lớn, đồng bằng cỏ và dòng dung nham cổ đại, những ngọn núi của Kenya nổi tiếng với việc trồng một số loại cà phê được đánh giá cao nhất thế giới. Đối với sự pha trộn tinh tế này, chúng tôi bắt đầu với cà phê từ Kenya rang Light và sau đó tạo ra vị ngọt sáng của nó với hồ sơ rang kéo dài hơn đến Medium. Mỗi ngụm hấp dẫn đều tiết lộ hương vị của trái cây nhiệt đới và đường nâu.</p><p>Cà phê hạt rang specialty coffee Kenya Coffee - Country Blend Series&nbsp;được rang bởi Stupiducks phù hợp hầu hểt các&nbsp;phương pháp pha chế Espresso, Hard filter, V60, Chemex, Frence Press,&nbsp;Aeropress, Moka pot, Protarfiler, Nanopresso,&nbsp;Cold brew, Cold&nbsp;drip, Vietnam Phin...</p>','2024-04-03 20:08:33','2024-04-03 20:08:52',_binary '\0',_binary '\0',_binary '',NULL,2,3,3),(46,'Robusta Bảo Lâm, Lâm Đồng Honey Process ( Chất lượng cao) - Stupiducks Specialty Coffee','robusta-bao-lam-lam-dong-honey-process-chat-luong-cao-stupiducks-specialty-coffee',4,5,4.2,2,'<p><strong>Robusta Bảo Lâm, Lâm Đồng Honey Process ( Chất lượng cao)</strong></p><ul><li>Quốc gia: Việt Nam</li><li>Vùng trồng: Bảo Lâm, Lâm Đồng</li><li>Sơ chế: Honey</li><li>Giống: Robusta</li><li>Độ cao vùng: 900 - 1,100&nbsp;masl</li><li>Niên vụ: 2023 - 2024</li><li>Note:&nbsp;Hương thơm &amp; body trung bình, sô cô la, caramel, sạch, smoky và acidity trung bình thấp</li><li>Mức rang: Medium Dark Espresso</li></ul><p>Dòng sản phẩm phổ thông, nguyên bản, nguồn gốc nguyên liệu chất lượng cao, cà phê Robusta Việt Nam chất lượng cao được sản xuất bài bản, chuyên nghiệp.</p><p><strong>Robusta Bảo Lâm, Lâm Đồng Honey Process ( Chất lượng cao)</strong>&nbsp;được cung cấp&nbsp;bởi Khanh An Coffee Company&nbsp;phù hợp hầu hết&nbsp;các&nbsp;phương pháp pha chế Espresso, Hard filter, V60, Chemex, Frence Press,&nbsp;Aeropress, Moka pot, Protarfiler, Nanopresso,&nbsp;Cold brew, Cold&nbsp;drip, Vietnam Phin..</p>','2024-04-03 20:12:05',NULL,_binary '\0',_binary '\0',_binary '',NULL,2,5,3),(47,'Phổ Nhĩ Vân Nam Trung Quốc Winey Natural','pho-nhi-van-nam-trung-quoc-winey-natural',4,5,4,1,'<h3><strong>Cà phê hạt Specialty Coffee China Yunnan Pu\'re Winey Natural&nbsp;- Cà phê đặc sản tỉnh Vân Nam, Trung Quốc</strong></h3><ul><li>Quốc gia: Trung Quốc</li><li>Vùng trồng:&nbsp;Simao, Pu’er, Yunnan</li><li>Sơ chế: Anaerobic Natural</li><li>Giống: Catuai, Catimor</li><li>Độ cao vùng: 1,300-1,600 masl.</li><li>Niên vụ: 2023 - 2024</li><li>Note:&nbsp;Cherry, grape, cognac, dried apricot, sweet finish</li><li>Mức rang: Light+</li></ul><p><img src=\"https://my-live-01.slatic.net/p/bb57d494294884075843d79c22d32767.jpg\"></p><p>Cà phê từ Vân Nam là loại cà phê mà bất cứ người yêu khám phá cà phê nào cũng nên thử. Tùy vào cách sơ chế, vùng trồng khác nhau, cà phê nơi đây có những&nbsp;<strong>vị ngọt ngào của quả mọng</strong>&nbsp;hay&nbsp;<strong>vị chua sáng bừng của các loại trái cây,</strong>&nbsp;cùng những&nbsp;<strong>hương hoa dễ chịu</strong>.</p><p><img src=\"https://my-live-01.slatic.net/p/6a91ad98dd4776d46beec36a45983536.jpg\"></p><p>&nbsp;</p><p><img src=\"https://my-live-01.slatic.net/p/6f7c4b0907c3da76aba921d6ec088218.jpg\"></p><p>Có rất nhiều lý do để bạn trở nên yêu cà phê đến từ Trung Quốc, đặc biệt là cà phê từ Vân Nam. Bởi cà phê nơi đây ngoài có những hương vị tuyệt vời, nó còn gắn liền với rất nhiều&nbsp;<strong>câu chuyện thú vị</strong></p><p><img src=\"https://my-live-01.slatic.net/p/c723f1e08cfc678cdc80852a56f2fbf3.jpg\"></p>','2024-04-03 20:18:13','2024-04-03 23:07:47',_binary '\0',_binary '\0',_binary '',NULL,2,13,3),(48,'Việt Nam Arabica Đà Lạt Fully Washed SHG Lotus','viet-nam-arabica-da-lat-fully-washed-shg-lotus',4,6,3.8333,2,'<h2><strong>Cà Phê Arabica Vùng Trồng Cao Trên 1,400m ở Việt Nam</strong></h2><p>Cà phê SHG Lotus là loại Arabica cao cấp được sơ chế rửa sạch hoàn toàn, canh tác tại khu vực vùng trồng cao nhất tại Lâm Đồng đó là làng Cầu Đất. Với nhiều rừng thông, thác nước, hồ nước và đồn điền cà phê, hình ảnh Tây Nguyên của Việt Nam được đặc tả bởi&nbsp;vùng núi Cầu Đất xinh đẹp.</p><p><strong>Arabica Đà Lạt Fully Washed SHG Lotus (high quality)</strong></p><ul><li>Quốc gia: Việt Nam</li><li>Vùng trồng:&nbsp;Đà Lạt, Lâm Đồng</li><li>Sơ chế: Fully washed</li><li>Giống: Catimor</li><li>Độ cao vùng: 1,400-1,600 masl.</li><li>Niên vụ: 2023 - 2024</li><li>Note:&nbsp;Sô cô la &amp; caramel ở mức trung bình cao, Body và hương vị đậm, Ngọt và cân bằng</li><li>Mức rang: Medium Dark&nbsp;</li><li>Phù hợp pha chế: Cà phê đen, cà phê sữa</li><li><strong>Roasted bean by Stupiducks*</strong></li></ul><p><br></p>','2024-04-03 20:23:43',NULL,_binary '\0',_binary '\0',_binary '',NULL,2,5,3),(49,'Red Bull Espresso Blend','red-bull-espresso-blend',4,5,4.8,2,'<p>Red Bull Espresso là một sự kết hợp tinh tế giữa hương thơm sô cô la đậm đà,&nbsp;hạt hạnh nhân và chút hương whiskey&nbsp;lôi cuốn. Đây là một loại cà phê espresso blend mạnh mẽ, phù hợp cho những người yêu thích trải nghiệm cà phê phức tạp và đậm đà.</p><p>Notes:&nbsp;</p><p><strong>Hương Thơm:</strong></p><p>Với mỗi tách Red Bull Espresso, bạn sẽ cảm nhận ngay hương thơm nồng nàn của sô cô la đen hòa quyện với hạt hạnh nhân tinh tế. Chút hương whiskey ẩn sau đó, tạo nên một tầng hương mạnh mẽ và quyến rũ.</p><p><strong>Hương Vị:</strong></p><p>Hương vị của Red Bull Espresso là sự kết hợp hài hòa giữa độ đậm đà của sô cô la, hạt hạnh nhân đọng lại và một chút đắng tinh tế từ rượu whisky. Độ chua nhẹ và hậu vị lâu dài tạo nên một trải nghiệm cà phê độc đáo và sâu sắc.</p><p><strong>Phương Pháp Pha Chế:</strong></p><p>Tận hưởng Red Bull Espresso ở dạng espresso nguyên chất để trải nghiệm toàn bộ độ phức tạp của hương vị. Đây cũng là lựa chọn tuyệt vời cho những đồ uống như affogato hoặc cappuccino, nơi các hương vị đặc sắc có thể tương tác với sữa và kem.</p>','2024-04-03 20:29:33','2024-04-03 23:07:31',_binary '\0',_binary '\0',_binary '',NULL,2,10,3),(50,'Ethiopia Coffee - Country Blend Series','ethiopia-coffee-country-blend-series',4,6,4.3333,9,'<p>Cà phê hạt rang Specialty Coffee Ethiopia - Country Blend Series - Stupiducks Specilaty Coffee</p><p>Hạt cà phê Ethiopia</p><p>Khu vực: Đông Phi</p><p>Cup: Việt quất, cam quýt, hoa</p><p>Sản lượng: 847 triệu lbs (4,3% sản lượng toàn cầu)</p><p>Xếp hạng toàn cầu: 5</p><p>Các giống&nbsp;loại: 54% Arabica, 46% Robusta, 0% Liberica</p><p>Tổng quan về cà phê Ethiopia</p><p>Ethiopia là nơi khai sinh ra cà phê, đây là gói cà phê nguyên bản&nbsp;yêu thích của chúng mình đến từ Ethiopia. Cà phê của Ethiopia được chế biến ướt và khô với mỗi phương pháp tạo ra đặc trưng&nbsp;hương vị của hạt cà phê. Cà phê chế biến ướt nhẹ hơn và có vị chanh trong khi cà phê chế biến khô đậm đà và phức tạp hơn nhiều, thường có hương thơm nồng của quả mọng và cam quýt. Đây là dòng sản phẩm Country Blend được kết hợp các phương pháp sơ chế và giống của 1 quốc gia nhất định.</p><p>Ethiopia&nbsp;<strong>Yirgacheffe&nbsp;</strong>được đánh giá cao nhờ hương vị sạch, cân bằng và nhẹ nhàng với các gợi ý của quả mọng, quả hạch, sô cô la, chanh và rượu vang.</p><p>Vùng&nbsp;<strong>Sidamo&nbsp;</strong>được biết đến với những món nướng vừa chín tới với hương vị việt quất đậm đà xen lẫn vị bùi bùi nhẹ.</p><p><strong>Guji&nbsp;</strong>là một khu vực chính khác chế biến ướt cà phê&nbsp;mang lại hương vị của quýt, vải và dâu tây với tính axit mạnh.</p><p>Bất kể vùng nào, vị ngọt tự nhiên của cà phê Ethiopia khiến chúng được thưởng thức tốt nhất mà không cần thêm chất làm ngọt, và chúng tạo ra những hạt cà phê espresso hay filter đặc biệt ngon khó miêu tả bằng lời.</p><p>Hồ sơ hương vị cà phê Ethiopia và ghi chú nếm thử</p><p>Cà phê Ethiopia được biết đến với màu sáng và có vị cam quýt với độ axit cao. Nó có vị nhẹ đến trung bình và mang lại trải nghiệm nếm phức tạp nhưng tinh tế</p><p>Hạt cà phê Ethiopia được chế biến bằng cả hai phương pháp ướt / rửa và khô / tự nhiên, mỗi phương pháp mang lại hương vị khác nhau cho lần rang cuối cùng. Trên thực tế, rất ít quốc gia thể hiện được nhiều loại hương vị khác nhau như cà phê Ethiopia, đó là minh chứng cho văn hóa cà phê của họ.</p>','2024-04-03 20:33:36',NULL,_binary '\0',_binary '\0',_binary '',NULL,2,6,3),(51,'Cà phê hạt rang Specialty Coffee - Colombia Coffee - Country Blend Series','ca-phe-hat-rang-specialty-coffee-colombia-coffee-country-blend-series',4,4,4.75,6,'<p><strong>Cà phê hạt rang Specialty Coffee - Colombia Coffee - Country Blend Series - Stupiducks Specialty Coffee</strong></p><p>Cà phê Colombia nổi tiếng với sự nhẹ nhàng và cân bằng với sự cải tiến hiện đại về quy trình sơ chế cà phê, Colombia đang dần có chỗ đứng vững chắc và tính cách riêng cho cà phê của mình.</p><p>Gói cà phê Colombia tại Stupiducks trong Country Blend&nbsp;Series&nbsp;là cà phê được trồng 100% ở Colombia. Cà phê Colombia&nbsp;chủ yếu được tạo thành từ giống arabica cao cấp ( Caturra và Castillo). Cà phê Colombia có thể có hương sô cô la và&nbsp;hương hoa và trái cây.</p><p><strong>Cà phê hạt rang&nbsp;specialty cofffee - Colombia Coffee - Country Blend Series từ Stupiducks Specialty Coffee:</strong></p><ul><li>Varietal: Mix</li><li>Process: Natural &amp; Anaerobic</li><li>Cup: Creamy, peach, green tea, bright</li><li>Roasted: Light - Medium</li><li>Brewing method: filter &amp; espresso</li></ul><p>Cà phê hạt rang specialty coffee&nbsp;<strong>Colombia Coffee</strong>&nbsp;-&nbsp;<strong>Country Blend Series</strong>&nbsp;được rang bởi Stupiducks phù hợp hầu hểt các&nbsp;phương pháp pha chế Espresso, Hard filter, V60, Chemex, Frence Press,&nbsp;Aeropress, Moka pot, Protarfiler, Nanopresso,&nbsp;Cold brew, Cold&nbsp;drip, Vietnam Phin...</p>','2024-04-03 20:38:32',NULL,_binary '\0',_binary '\0',_binary '',NULL,2,2,3),(52,'Kenya Othaya FCS Kiaguthu Factory AA Natural','kenya-othaya-fcs-kiaguthu-factory-aa-natural',4,4,4.75,1,'<p>Âm thanh của hạt cà phê xay, mùi thơm của nó bật dậy sau mỗi vòng rót nước, quá trình pha cà phê đã là một phần của hành trình đầy thú vị. Pha cà phê như một nghi thức mỗi buổi sáng của tất cả chúng ta để bắt đầu một ngày mới đầy hứa hẹn và năng lượng. Thức dậy cùng Stupiducks mang tới cho bạn sự mới mẻ hứng khởi mỗi ngày, cảm ơn cộng đồng đã đăng ký theo dõi và đồng hành trên hành trình khám những điều thú vị từ nhiều vùng đất cà phê trên thế giới, chúng mình mong sẽ trở thành nơi để tất cả các bạn có thể trải nghiệm và tìm kiếm các loại cà phê mới mỗi ngày.</p><p>Tuần này, Stupiducks xin giới thiệu một mẫu cà phê mới đến từ Kenya, giống cà phê SL28/SL34/Ruiru 11/Batian được sơ chế Natural tại nhà phơi&nbsp;<strong>KIAGUTHU&nbsp;</strong>thuộc hợp tác xã Nông dân Othaya. Mức rang chúng mình phát triển vẫn là Light+ quen thuôc phù hợp cho cả pour over và espresso.</p><p>Đây là lô cà phê đặc biệt vì nó được phơi tự nhiên thay vì washed như cách phổ biến tại Kenya.</p><p><img src=\"https://bizweb.dktcdn.net/100/440/464/files/natural-2-550x684-jpeg.jpg?v=1668585637679\"><img src=\"https://bizweb.dktcdn.net/100/440/464/files/kiaguthu2-640x427-jpeg.jpg?v=1668585639204\"></p><p><strong>ORIGIN INFORMATION</strong></p><p><strong>Grower: </strong>Nông dân sản xuất nhỏ được tổ chức xung quanh Nhà máy Kiaguthu</p><p><strong>Variety: </strong>SL28/SL34/Ruiru 11/Batian</p><p><strong>Region: </strong>Nyeri County, Kenya</p><p><strong>Harvest: </strong>Tháng 10 - Tháng 1</p><p><strong>Altitude: </strong>1847 MASL</p><p><strong>Soil: </strong>Đất mùn núi lửa</p><p><strong>Process: </strong>Natural</p><p><strong>Cup: </strong>Blueberry jam | Grape juice | Darkberries | Mulberry</p><p>Hiệp hội Hợp tác xã Nông dân Othaya (FCS) không xa lạ gì trong việc sản xuất cà phê đặc sản ở Kenya và được coi là một trong những nhà sản xuất cà phê hàng đầu từ Nyeri. FCS hiện sở hữu khoảng 17 trạm rửa và 1 nhà máy xay khô để sản xuất cà phê. Cơ sở sơ chế của họ cũng khá nổi tiếng và những cơ sở sơ chế này đã sản xuất cà phê đặc sản chất lượng cao. Có thể kể tên một số loại cà phê Thuti, Chinga, Ichamama, Rukira, Kiruga và Gitundu và tất cả cà phê đều được xay tại nhà máy khô Othaya ở Gatuyani.</p><p>Đối với lô này, những quả cà phê được gửi đến trạm rửa và được chọn dựa trên những quả chín nhất trong số lô được dành cho trạm rửa. Chỉ những quả chín mới được chọn và sau đó được ngâm trong nước trong vài giờ để loại bỏ những hạt nổi trong lô. Sau đó, quả cà phê được gửi thẳng đến các luống phơi để sấy khô. Vì Nyeri là một vùng có độ ẩm cao và ẩm ướt nên cà phê được sấy khô bằng phương pháp sấy một lớp (SLD) để đảm bảo quá trình sấy khô được thực hiện nhanh hơn có thể để tránh nấm có thể ảnh hưởng đến mùi thơm và vị của cà phê.</p><p>Lô cà phê này giới hạn số lượng rất ít, các bạn nhanh chóng đặt trước cho mình một gói để dùng thử nhé!</p><p>Cà phê hạt rang specialty coffee&nbsp;<strong>Keyna Nyeri Othaya FCS Kiaguthu Factory AA Natural&nbsp;</strong>&nbsp;được rang bởi Stupiducks phù hợp hầu hểt các&nbsp;phương pháp pha chế Espresso, Hard filter, V60, Chemex, Frence Press,&nbsp;Aeropress, Moka pot, Protarfiler, Nanopresso,&nbsp;Cold brew, Cold&nbsp;drip, Vietnam Phin...</p>','2024-04-03 21:02:23',NULL,_binary '\0',_binary '\0',_binary '',NULL,2,3,3),(53,'Cà phê hạt Illy Intenso Bold Roast Beans','ca-phe-hat-illy-intenso-bold-roast-beans',5,5,4.4,6,'<p><img src=\"https://bizweb.dktcdn.net/100/415/140/products/illy-intenso-250g.jpg?v=1632922331180\"></p><p>Cà phê hạt đã rang Illy&nbsp;Intenso Roast</p><h2>HƯƠNG VỊ THỰC SỰ TỐT</h2><p><span style=\"color: rgb(75, 75, 77);\">Đã đến lúc cho thứ gì đó mới: rang mạnh illy trở thành&nbsp;</span><strong style=\"color: rgb(75, 75, 77);\">illy Intenso</strong><span style=\"color: rgb(75, 75, 77);\">&nbsp;với mã màu rượu vang đỏ</span></p><p><br></p><p><strong style=\"color: rgb(75, 75, 77);\">Cà phê illy nguyên hạt: rang mạnh để có hương vị đậm đà</strong></p><p><span style=\"color: rgb(75, 75, 77);\">Với cà phê illy nguyên hạt, bạn có được một cách sản xuất cà phê cổ điển của Ý đã được thưởng thức trong các quán cà phê trên khắp thế giới trong nhiều năm.&nbsp;Sản phẩm này là illy Intenso, trong đó S là viết tắt của màu đen.&nbsp;Đây là tên gọi của illy cho loại cà phê rang đậm đặc trưng của Ý cho cà phê espresso cổ điển.&nbsp;Chỉ 100% hạt Arabica từ các nhà sản xuất được chọn mới được sử dụng cho hỗn hợp này, giúp mang lại hương vị trọn vẹn của chúng thông qua quá trình rang chuyên nghiệp.&nbsp;Hương thơm đặc trưng của cà phê espresso đi kèm với một chút caramel, bánh mì nướng và một nốt sôcôla tuyệt vời.&nbsp;Crema tinh tế cũng biết cách truyền cảm hứng.</span></p><p><br></p><p><strong style=\"color: rgb(75, 75, 77);\">Cà phê illy nguyên hạt để thưởng thức cả ngày</strong></p><p><span style=\"color: rgb(75, 75, 77);\">Nhờ hàm lượng caffein thấp, hạt cà phê illy nguyên hạt tạo ra một loại cà phê espresso nhẹ, lành mạnh mà bạn có thể thưởng thức vào buổi tối để kết thúc một bữa ăn ngon.&nbsp;Illy Intenso cũng là nơi lý tưởng để thưởng thức các loại cà phê đặc sản khác của Ý như caffè crema, cappuccino và latte macchiatto.</span></p><p><span style=\"color: rgb(75, 75, 77);\">Illy roastery từ Trieste ở đông bắc nước Ý là một trong những thương hiệu rất lớn trong ngành sản xuất cà phê của Ý.&nbsp;Nó được thành lập vào năm 1933 bởi Francesco Illy, người di cư từ Hungary đến Ý.&nbsp;Ngày nay cà phê illy được thưởng thức trên khắp năm châu.&nbsp;Hãy tự mình thử và sử dụng cà phê illy nguyên hạt cho máy pha cà phê hoàn toàn tự động tại nhà hoặc xay chúng theo cách truyền thống bằng tay!</span></p><p><br></p><p>Những hạt cà phê illy được lựa chọn cẩn thận, pha trộn và rang một cách tỉ mỉ, gợi lên vẻ đẹp gợi cảm và thơ mộng trong lòng người yêu cà phê say đắm. Mở lon có nghĩa là bước vào một thế giới nơi quy trình pha cà phê không chỉ là một thói quen mà nó là một nghi thức hàng ngày phong phú và thú vị. 50 hạt đậu của hỗn hợp illy có thể biến đổi một cốc, trong một lon 250 gram!</p><p>Chúng tôi có thể cung cấp cho bạn mọi vùng, rang và trộn dưới ánh nắng mặt trời. Nhưng chúng tôi muốn cung cấp cho bạn một cái hoàn hảo hơn. Vì vậy, chúng tôi đã dành tám thập kỷ để tinh chế một cách pha trộn độc đáo, đặc trưng - được cả thế giới tôn vinh là đỉnh cao của cà phê.</p>','2024-04-03 22:26:29',NULL,_binary '\0',_binary '\0',_binary '',NULL,1,14,2),(54,'Cà phê bột illy Classico Coffee Medium Roasted Espresso','ca-phe-bot-illy-classico-coffee-medium-roasted-espresso',5,5,5,11,'<p><strong>Cupping profile: Classico (rang vừa)-&nbsp;</strong>Classico, cà phê rang cổ điển có vị ngọt kéo dài và ghi chú tinh tế của caramel, hoa cam và hoa nhài.</p>','2024-04-03 22:40:21',NULL,_binary '\0',_binary '\0',_binary '',NULL,1,14,2),(55,'Cà phê hạt đã rang Illy Arabica Selection Brasil','ca-phe-hat-da-rang-illy-arabica-selection-brasil',5,5,4.8,1,'<ul><li>Cà phê hạt đã rang Illy&nbsp;Arabica Selection Columbia&nbsp;– 250g</li><li>Intenso là một loại cà phê đậm, đậm và đầy hương vị với hương ca cao và trái cây khô.</li><li>Nhà sản xuất: Illy</li><li>Xuất xứ: Ý</li><li>Thành phần: 100% Arabica</li><li>Đóng hộp sắt: 250g&nbsp;</li><li>Kiểu rang: rang vừa</li><li>Loại: hạt cà phê đã rang, Vị nhẹ</li></ul><p><br></p><p>Những hạt cà phê illy được lựa chọn cẩn thận, pha trộn và rang một cách tỉ mỉ, gợi lên vẻ đẹp gợi cảm và thơ mộng trong lòng người yêu cà phê say đắm. Mở lon có nghĩa là bước vào một thế giới nơi quy trình pha cà phê không chỉ là một thói quen mà nó là một nghi thức hàng ngày phong phú và thú vị. 50 hạt đậu của hỗn hợp illy có thể biến đổi một cốc, trong một lon 250 gram!</p><p>Chúng tôi có thể cung cấp cho bạn mọi vùng, rang và trộn dưới ánh nắng mặt trời. Nhưng chúng tôi muốn cung cấp cho bạn một cái hoàn hảo hơn. Vì vậy, chúng tôi đã dành tám thập kỷ để tinh chế một cách pha trộn độc đáo, đặc trưng - được cả thế giới tôn vinh là đỉnh cao của cà phê.</p>','2024-04-03 22:47:41',NULL,_binary '\0',_binary '\0',_binary '',NULL,2,14,3),(56,'Cà phê hạt đã rang Illy Arabica Selection Columbia','ca-phe-hat-da-rang-illy-arabica-selection-columbia',5,5,5,1,'<p>Cà phê hạt đã rang Illy&nbsp;Arabica Selection Columbia</p><ul><li>Intenso là một loại cà phê đậm, đậm và đầy hương vị với hương ca cao và trái cây khô.</li><li>Nhà sản xuất: Illy</li><li>Xuất xứ: Ý</li><li>Thành phần: 100% Arabica</li><li>Đóng hộp sắt: 250g&nbsp;</li><li>Kiểu rang: rang vừa</li><li>Loại: hạt cà phê đã rang, Vị nhẹ</li></ul><p><br></p><p><span style=\"color: rgb(0, 0, 0);\">Cùng khám phá dòng cà phê Single Origin illy Arabica Selection Colombia, sản phẩm làm nổi bật lên một trong những nốt hương độc đáo vốn có trong những dòng cà phê illy blend huyền thoại của hãng.&nbsp;</span></p><p><span style=\"color: rgb(0, 0, 0);\"><img src=\"https://images.weserv.nl/?url=wp.sieuthicafe.vn/wp-content/uploads/2023/02/arabica-selection-colombia-whole-bean-coffee.jpg&amp;h=768&amp;w=768&amp;fit=contain&amp;cbg=white&amp;il=1&amp;output=webp\" alt=\"Illy Colombia 2\" height=\"768\" width=\"768\"></span></p><p><span style=\"color: rgb(0, 0, 0);\">Cà phê trồng ở Colombia được những người yêu cà phê yêu thích vì vị ngọt citrus tinh tế và hậu vị êm dịu. Illy Colombia là một dòng cà phê được gieo trồng bền vững và chứa đựng bên trong nó 100% hạt Arabica.&nbsp;</span></p><p><span style=\"color: rgb(0, 0, 0);\">&nbsp;</span></p><p><span style=\"color: rgb(0, 0, 0);\">Colombia single origin được săn lùng trên khắp thế giới, tỉ lệ gieo trồng Arabica của Colombia chiếm 10% cà phê Arabica trên thế giới nhờ hương vị độc đáo mà những hạt cà phê này mang trong mình.&nbsp;</span></p><p><span style=\"color: rgb(0, 0, 0);\">&nbsp;</span></p><p><span style=\"color: rgb(0, 0, 0);\">Quá trình rang của dòng cà phê này được điều chỉnh đặc biệt để tăng cường hương thơm tự nhiên và đặc điểm hương vị của hạt cà phê. illy Arabica Selection Colombia phù hợp cho các phương pháp pha chế như Cold Brew, Pour-Over và French Press.</span></p><p><span style=\"color: rgb(0, 0, 0);\">&nbsp;</span></p><p><strong style=\"color: rgb(0, 0, 0);\">Nguồn gốc hạt</strong></p><p><span style=\"color: rgb(0, 0, 0);\">&nbsp;</span></p><p><span style=\"color: rgb(0, 0, 0);\">Sự đa dạng về thổ nhưỡng, cao độ và khí hậu ở các dãy núi của Colombia mang đến một môi trường độc đáo để trồng cà phê, từ đó đem lại cho chúng ta những hương vị thơm ngon và hương thơm đậm đà.</span></p><p><span style=\"color: rgb(0, 0, 0);\"><img src=\"https://images.weserv.nl/?url=wp.sieuthicafe.vn/wp-content/uploads/2023/02/PDP_coffee-whole-beans_720x360.jpg&amp;h=360&amp;w=720&amp;fit=contain&amp;cbg=white&amp;il=1&amp;output=webp\" alt=\"Illy Colombia 1\" height=\"360\" width=\"720\"></span></p><p><strong style=\"color: rgb(0, 0, 0);\">Cupping profile:</strong><span style=\"color: rgb(0, 0, 0);\">&nbsp;Hương trái cây</span></p><p><strong style=\"color: rgb(0, 0, 0);\">Mức rang:</strong><span style=\"color: rgb(0, 0, 0);\">&nbsp;Medium</span></p><p><strong style=\"color: rgb(0, 0, 0);\">Phương pháp pha chế:</strong><span style=\"color: rgb(0, 0, 0);\">&nbsp;Cold Brew, Pour Over, French Press</span></p><p><span style=\"color: rgb(0, 0, 0);\">100% Arabica Colombia đã qua chọn lọc</span></p>','2024-04-03 22:52:57','2024-04-03 22:56:30',_binary '\0',_binary '\0',_binary '',NULL,2,14,2),(57,'Cà phê bột illy Coffee Decaffeinated Medium roasted','ca-phe-bot-illy-coffee-decaffeinated-medium-roasted',5,10,3.8,11,'<h4 class=\"ql-align-center\"><strong>Cà phê bột illy Coffee Decaffeinated Medium roasted</strong></h4><p><span style=\"color: rgb(0, 0, 0);\">Cà phê được nghiền mịn để pha espresso</span></p><p><span style=\"color: rgb(0, 0, 0);\">Cung cấp chiết xuất tối ưu với máy pha cà phê espresso .</span></p><p><span style=\"color: rgb(0, 0, 0);\">Bột cà phê&nbsp;</span><strong style=\"color: var(--color-orange);\">illy coffee&nbsp;decaffeinated</strong><span style=\"color: rgb(0, 0, 0);\">&nbsp;đã được loại bỏ cafeine ra khỏi hạt cà phê.</span></p><p><strong style=\"color: rgb(0, 0, 0);\">Illy cà phê bột</strong><span style=\"color: rgb(0, 0, 0);\">&nbsp;hảo hạng với hương vị mịn màng, đậm đà và đầy đặn.</span></p><p><span style=\"color: rgb(0, 0, 0);\">Được tạo ra từ sự phối trộn khéo léo của các hạt cà phê&nbsp;</span><strong style=\"color: rgb(0, 0, 0);\">Arabica</strong></p><p><span style=\"color: rgb(0, 0, 0);\">Được lựa chọn tỉ mỉ từ các vùng trồng khác nhau trên thế giới.</span></p><p><span style=\"color: rgb(0, 0, 0);\">Kết quả là một loại cà phê Ý đích thực hoàn toàn phù hợp, cân bằng và không&nbsp;đắng.</span></p><p><span style=\"color: rgb(0, 0, 0);\">Sử dụng độc quyền về quy trình&nbsp;đóng gói trong hộp kín, có áp suất tăng cường và giữ lại các hương vị của cà phê.</span></p><p><span style=\"color: rgb(0, 0, 0);\">Bạn luôn được thưởng thức cà phê tươi mới</span></p><p><span style=\"color: rgb(0, 0, 0);\"><img src=\"https://images.weserv.nl/?url=wp.sieuthicafe.vn/wp-content/uploads/2018/12/illydecafeground-sieuthicafe-01.jpg&amp;h=768&amp;w=768&amp;fit=contain&amp;cbg=white&amp;il=1&amp;output=webp\" alt=\"Bột cà phê illy decaffeinated\" height=\"768\" width=\"768\"></span></p><p><span style=\"color: rgb(0, 0, 0);\">&nbsp;</span></p><ul><li class=\"ql-align-justify\"><span style=\"color: rgb(0, 0, 0);\">Cảm nhận illy cà phê bột&nbsp;:&nbsp;</span>Lớp ngoài hạt màu, không bị vỡ.</li><li class=\"ql-align-justify\">Hương thơm đến ngọt ngào và đặc biệt, đầy đủ với sô cô la, bánh mì nướng, mật ong và caramel.&nbsp;&nbsp;</li><li class=\"ql-align-justify\">Cuối cùng là thức thường thức.</li><li class=\"ql-align-justify\">Ngọt ngào, mượt mà, đầy đặn</li></ul><p><span style=\"color: rgb(0, 0, 0);\"><img src=\"https://images.weserv.nl/?url=wp.sieuthicafe.vn/wp-content/uploads/2018/12/illydecafeground-sieuthicafe-02.jpg&amp;h=768&amp;w=768&amp;fit=contain&amp;cbg=white&amp;il=1&amp;output=webp\" alt=\" illy Bột cà phê decaffeinated\" height=\"768\" width=\"768\"></span></p>','2024-04-03 23:00:35',NULL,_binary '\0',_binary '\0',_binary '',NULL,1,14,2);
/*!40000 ALTER TABLE `product` ENABLE KEYS */;
UNLOCK TABLES;

--
-- Table structure for table `product_detail`
--

DROP TABLE IF EXISTS `product_detail`;
/*!40101 SET @saved_cs_client     = @@character_set_client */;
/*!50503 SET character_set_client = utf8mb4 */;
CREATE TABLE `product_detail` (
  `id` int NOT NULL AUTO_INCREMENT,
  `product_id` int DEFAULT NULL,
  `weight` int DEFAULT NULL,
  `stock` int DEFAULT NULL,
  `price` int DEFAULT NULL,
  `status` bit(1) DEFAULT NULL,
  PRIMARY KEY (`id`),
  KEY `FK_PD_Product_idx` (`product_id`),
  CONSTRAINT `FK_PD_Product` FOREIGN KEY (`product_id`) REFERENCES `product` (`id`) ON DELETE CASCADE ON UPDATE CASCADE
) ENGINE=InnoDB AUTO_INCREMENT=130 DEFAULT CHARSET=utf8mb4 COLLATE=utf8mb4_0900_ai_ci;
/*!40101 SET character_set_client = @saved_cs_client */;

--
-- Dumping data for table `product_detail`
--

LOCK TABLES `product_detail` WRITE;
/*!40000 ALTER TABLE `product_detail` DISABLE KEYS */;
INSERT INTO `product_detail` VALUES (1,1,100,62,160000,_binary ''),(2,1,200,120,337000,_binary ''),(3,2,100,44,1350000,_binary ''),(4,2,250,40,2600000,_binary ''),(5,3,100,77,170000,_binary ''),(6,3,250,99,350000,_binary ''),(7,3,1000,42,1120000,_binary ''),(8,4,100,55,260000,_binary ''),(9,4,250,64,540000,_binary ''),(10,5,100,105,230000,_binary ''),(11,5,250,53,490000,_binary ''),(12,6,100,65,325000,_binary ''),(13,6,250,38,675000,_binary ''),(14,7,100,69,410000,_binary ''),(15,7,250,28,860000,_binary ''),(16,8,100,65,230000,_binary ''),(17,8,250,63,475000,_binary ''),(18,9,250,127,160000,_binary ''),(19,9,500,90,280000,_binary ''),(20,9,1000,79,510000,_binary ''),(21,10,100,146,90000,_binary ''),(22,10,250,93,190000,_binary ''),(23,11,100,46,620000,_binary ''),(24,11,250,37,1280000,_binary ''),(25,14,100,68,320000,_binary ''),(26,14,250,34,720000,_binary ''),(27,12,100,11,300000,_binary ''),(28,12,250,23,650000,_binary ''),(29,13,100,69,290000,_binary ''),(30,13,250,38,650000,_binary ''),(31,15,250,45,170000,_binary ''),(32,15,1000,54,540000,_binary ''),(33,16,100,31,235000,_binary ''),(34,16,250,38,490000,_binary ''),(35,17,100,48,370000,_binary ''),(36,17,250,48,765000,_binary ''),(38,18,100,31,810000,_binary ''),(39,18,250,43,1700000,_binary ''),(40,19,100,71,110000,_binary ''),(41,19,250,53,250000,_binary ''),(42,31,250,89,95000,_binary ''),(43,20,250,35,190000,_binary ''),(44,20,500,50,340000,_binary ''),(45,20,1000,44,610000,_binary ''),(46,21,250,69,165000,_binary ''),(47,21,500,75,300000,_binary ''),(48,21,1000,53,530000,_binary ''),(49,22,250,79,205000,_binary ''),(50,22,500,50,370000,_binary ''),(51,22,1000,35,660000,_binary ''),(52,23,250,48,250000,_binary ''),(53,23,500,45,450000,_binary ''),(54,23,1000,33,800000,_binary ''),(55,24,250,65,70000,_binary ''),(56,24,500,50,125000,_binary ''),(57,24,1000,48,225000,_binary ''),(58,25,250,39,80000,_binary ''),(59,25,500,49,120000,_binary ''),(60,25,1000,50,220000,_binary ''),(61,25,2000,40,375000,_binary ''),(62,26,250,79,80000,_binary ''),(63,26,500,50,120000,_binary ''),(64,26,1000,50,220000,_binary ''),(65,26,2000,50,375000,_binary ''),(66,27,250,63,65000,_binary ''),(67,27,500,95,95000,_binary ''),(68,27,1000,75,175000,_binary ''),(69,27,2000,65,295000,_binary ''),(70,28,250,101,115000,_binary ''),(71,28,500,75,215000,_binary ''),(72,28,1000,45,400000,_binary ''),(73,29,250,65,65000,_binary ''),(74,29,500,95,95000,_binary ''),(75,29,1000,70,175000,_binary ''),(76,29,2000,57,295000,_binary ''),(77,30,250,105,45000,_binary ''),(78,30,500,110,65000,_binary ''),(79,30,1000,110,110000,_binary ''),(80,30,2000,76,200000,_binary ''),(81,32,100,64,125000,_binary ''),(82,32,250,79,260000,_binary ''),(83,36,150,93,430000,_binary ''),(84,36,250,69,600000,_binary ''),(85,37,150,59,480000,_binary ''),(86,37,250,99,700000,_binary ''),(87,38,150,76,350000,_binary ''),(88,38,250,72,490000,_binary ''),(89,39,150,117,160000,_binary ''),(90,39,250,88,230000,_binary ''),(91,40,150,87,350000,_binary ''),(92,40,250,80,490000,_binary ''),(93,41,150,124,180000,_binary ''),(94,41,250,72,250000,_binary ''),(95,42,150,146,260000,_binary ''),(96,42,250,97,360000,_binary ''),(97,43,150,96,250000,_binary ''),(98,43,250,100,375000,_binary ''),(99,43,1000,68,1200000,_binary ''),(100,44,150,98,230000,_binary ''),(101,44,250,100,320000,_binary ''),(102,44,1000,47,890000,_binary ''),(103,45,150,98,220000,_binary ''),(104,45,250,100,340000,_binary ''),(105,45,1000,48,840000,_binary ''),(106,46,250,97,90000,_binary ''),(107,46,1000,98,220000,_binary ''),(108,47,150,98,235000,_binary ''),(109,47,250,97,325000,_binary ''),(110,48,250,95,125000,_binary ''),(111,48,1000,100,320000,_binary ''),(112,48,1000,99,320000,_binary ''),(113,49,150,96,190000,_binary ''),(114,49,250,100,265000,_binary ''),(115,49,1000,49,1050000,_binary ''),(116,50,150,96,195000,_binary ''),(117,50,250,200,265000,_binary ''),(118,50,1000,98,740000,_binary ''),(119,51,150,99,225000,_binary ''),(120,51,250,100,315000,_binary ''),(121,51,1000,47,1010000,_binary ''),(122,52,150,97,245000,_binary ''),(123,52,250,100,340000,_binary ''),(124,52,1000,49,1100000,_binary ''),(125,53,250,75,320000,_binary ''),(126,54,250,95,350000,_binary ''),(127,55,250,95,320000,_binary ''),(128,56,250,95,380000,_binary ''),(129,57,250,90,350000,_binary '');
/*!40000 ALTER TABLE `product_detail` ENABLE KEYS */;
UNLOCK TABLES;

--
-- Table structure for table `product_image`
--

DROP TABLE IF EXISTS `product_image`;
/*!40101 SET @saved_cs_client     = @@character_set_client */;
/*!50503 SET character_set_client = utf8mb4 */;
CREATE TABLE `product_image` (
  `id` int NOT NULL AUTO_INCREMENT,
  `image_name` varchar(999) DEFAULT NULL,
  `url` varchar(9999) DEFAULT NULL,
  `created_at` date DEFAULT NULL,
  `updated_at` date DEFAULT NULL,
  `status` bit(1) DEFAULT NULL,
  `product_id` int DEFAULT NULL,
  PRIMARY KEY (`id`),
  KEY `FK_ProductImage_Product_idx` (`product_id`),
  CONSTRAINT `FK_ProductImage_Product` FOREIGN KEY (`product_id`) REFERENCES `product` (`id`) ON DELETE CASCADE ON UPDATE CASCADE
) ENGINE=InnoDB AUTO_INCREMENT=220 DEFAULT CHARSET=utf8mb4 COLLATE=utf8mb4_0900_ai_ci;
/*!40101 SET character_set_client = @saved_cs_client */;

--
-- Dumping data for table `product_image`
--

LOCK TABLES `product_image` WRITE;
/*!40000 ALTER TABLE `product_image` DISABLE KEYS */;
INSERT INTO `product_image` VALUES (1,'23-09-2023T19:09:11PMsahara_blend.webp','https://firebasestorage.googleapis.com/v0/b/filtro-1aa65.appspot.com/o/coffee%2FSahara%20Espresso%20Blend%2F23-09-2023T19%3A09%3A11PMsahara_blend.webp?alt=media&token=1708a009-4cf5-4f6b-8431-09172b26885c','2023-09-23',NULL,_binary '',1),(2,'24-09-2023T12:09:45PMcoffee_journey.webp','https://firebasestorage.googleapis.com/v0/b/filtro-1aa65.appspot.com/o/coffee%2FC%C3%A0%20ph%C3%AA%20h%E1%BA%A1t%20rang%20Specialty%20Coffee%20-%20%22COFFEE%20JOURNEY%22%2F24-09-2023T12%3A09%3A45PMcoffee_journey.webp?alt=media&token=a847caaf-69c7-446b-8770-fe2afd7a7d9f','2023-09-23','2023-09-24',_binary '',2),(3,'24-09-2023T12:09:56PMcoffee_journey_sub_1.webp','https://firebasestorage.googleapis.com/v0/b/filtro-1aa65.appspot.com/o/coffee%2FC%C3%A0%20ph%C3%AA%20h%E1%BA%A1t%20rang%20Specialty%20Coffee%20-%20%22COFFEE%20JOURNEY%22%2F24-09-2023T12%3A09%3A56PMcoffee_journey_sub_1.webp?alt=media&token=7efdd136-e1c9-48a7-9b82-32844214ffb1','2023-09-23','2023-09-24',_binary '',2),(4,'24-09-2023T12:09:45PMcoffee_journey_sub_2.webp','https://firebasestorage.googleapis.com/v0/b/filtro-1aa65.appspot.com/o/coffee%2FC%C3%A0%20ph%C3%AA%20h%E1%BA%A1t%20rang%20Specialty%20Coffee%20-%20%22COFFEE%20JOURNEY%22%2F24-09-2023T12%3A09%3A45PMcoffee_journey_sub_2.webp?alt=media&token=0f513b5d-8e2f-430d-9a72-1c2c618d1a37','2023-09-23','2023-09-24',_binary '',2),(5,'24-09-2023T12:09:65PMcoffee_journey_sub_3.webp','https://firebasestorage.googleapis.com/v0/b/filtro-1aa65.appspot.com/o/coffee%2FC%C3%A0%20ph%C3%AA%20h%E1%BA%A1t%20rang%20Specialty%20Coffee%20-%20%22COFFEE%20JOURNEY%22%2F24-09-2023T12%3A09%3A65PMcoffee_journey_sub_3.webp?alt=media&token=f66c7627-a45b-4269-97cf-70d6928e4679','2023-09-23','2023-09-24',_binary '',2),(6,'24-09-2023T12:09:09PMmarsellesa.webp','https://firebasestorage.googleapis.com/v0/b/filtro-1aa65.appspot.com/o/coffee%2FCosta%20Rica%20SHB%20EP%20Hacienda%20San%20Ignacio%20Marsellesa%20Anaerobic%20Natural%2F24-09-2023T12%3A09%3A09PMmarsellesa.webp?alt=media&token=b226a19f-2171-48d5-8e3a-e7aebd487043','2023-09-23','2023-09-24',_binary '',3),(7,'24-09-2023T12:09:47PMmarsellesa_sub_1.webp','https://firebasestorage.googleapis.com/v0/b/filtro-1aa65.appspot.com/o/coffee%2FCosta%20Rica%20SHB%20EP%20Hacienda%20San%20Ignacio%20Marsellesa%20Anaerobic%20Natural%2F24-09-2023T12%3A09%3A47PMmarsellesa_sub_1.webp?alt=media&token=67ac2ec9-9f6f-4b66-b637-e36e75004ad0','2023-09-23','2023-09-24',_binary '',3),(8,'24-09-2023T12:09:12PMmarsellesa_sub_2.webp','https://firebasestorage.googleapis.com/v0/b/filtro-1aa65.appspot.com/o/coffee%2FCosta%20Rica%20SHB%20EP%20Hacienda%20San%20Ignacio%20Marsellesa%20Anaerobic%20Natural%2F24-09-2023T12%3A09%3A12PMmarsellesa_sub_2.webp?alt=media&token=3fbd9224-d540-4ae9-9c16-1e3ebd8f052e','2023-09-23','2023-09-24',_binary '',3),(9,'24-09-2023T12:09:40PMmarsellesa_sub_3.webp','https://firebasestorage.googleapis.com/v0/b/filtro-1aa65.appspot.com/o/coffee%2FCosta%20Rica%20SHB%20EP%20Hacienda%20San%20Ignacio%20Marsellesa%20Anaerobic%20Natural%2F24-09-2023T12%3A09%3A40PMmarsellesa_sub_3.webp?alt=media&token=9ae67033-ae43-42a3-b0f7-04d2e61b306d','2023-09-23','2023-09-24',_binary '',3),(10,'24-09-2023T12:09:91PMmarsellesa_sub_4.webp','https://firebasestorage.googleapis.com/v0/b/filtro-1aa65.appspot.com/o/coffee%2FCosta%20Rica%20SHB%20EP%20Hacienda%20San%20Ignacio%20Marsellesa%20Anaerobic%20Natural%2F24-09-2023T12%3A09%3A91PMmarsellesa_sub_4.webp?alt=media&token=bfdeef6b-caa9-4d23-b671-6b1cd0afc0c4','2023-09-23','2023-09-24',_binary '',3),(11,'24-09-2023T12:09:15PMjasmine.webp','https://firebasestorage.googleapis.com/v0/b/filtro-1aa65.appspot.com/o/coffee%2FColombia%20El%20Paraiso%20Midnight%20Jasmine%2F24-09-2023T12%3A09%3A15PMjasmine.webp?alt=media&token=fad49214-0792-486a-8b4e-8e760fa4ed02','2023-09-23','2023-09-24',_binary '',4),(12,'24-09-2023T12:09:16PMjasmine_sub_1.webp','https://firebasestorage.googleapis.com/v0/b/filtro-1aa65.appspot.com/o/coffee%2FColombia%20El%20Paraiso%20Midnight%20Jasmine%2F24-09-2023T12%3A09%3A16PMjasmine_sub_1.webp?alt=media&token=c2b01d31-69b9-4f53-9e10-17ce6a3b9827','2023-09-23','2023-09-24',_binary '',4),(13,'24-09-2023T12:09:80PMjasmine_sub_2.webp','https://firebasestorage.googleapis.com/v0/b/filtro-1aa65.appspot.com/o/coffee%2FColombia%20El%20Paraiso%20Midnight%20Jasmine%2F24-09-2023T12%3A09%3A80PMjasmine_sub_2.webp?alt=media&token=957b4307-17ee-4cec-9731-f6929b110de7','2023-09-23','2023-09-24',_binary '',4),(14,'24-09-2023T12:09:10PMjasmine_sub_3.webp','https://firebasestorage.googleapis.com/v0/b/filtro-1aa65.appspot.com/o/coffee%2FColombia%20El%20Paraiso%20Midnight%20Jasmine%2F24-09-2023T12%3A09%3A10PMjasmine_sub_3.webp?alt=media&token=041beac6-f32f-4122-8e7e-93c5485182e2','2023-09-23','2023-09-24',_binary '',4),(15,'24-09-2023T12:09:05PMjasmin_sub_4.webp','https://firebasestorage.googleapis.com/v0/b/filtro-1aa65.appspot.com/o/coffee%2FColombia%20El%20Paraiso%20Midnight%20Jasmine%2F24-09-2023T12%3A09%3A05PMjasmin_sub_4.webp?alt=media&token=5c0d0dbb-4b0b-4aa3-abad-9f70c6594f19','2023-09-23','2023-09-24',_binary '',4),(16,'24-09-2023T12:09:87PMhonduras_moka_whisky.webp','https://firebasestorage.googleapis.com/v0/b/filtro-1aa65.appspot.com/o/coffee%2FHonduras%20Finca%20Moka%20Whisky-Aged%2F24-09-2023T12%3A09%3A87PMhonduras_moka_whisky.webp?alt=media&token=fb64d30f-b37f-48e2-9aa6-759a4a04b2f5','2023-09-23','2023-09-24',_binary '',5),(17,'24-09-2023T12:09:07PMhonduras_moka_whisky_sub_1.webp','https://firebasestorage.googleapis.com/v0/b/filtro-1aa65.appspot.com/o/coffee%2FHonduras%20Finca%20Moka%20Whisky-Aged%2F24-09-2023T12%3A09%3A07PMhonduras_moka_whisky_sub_1.webp?alt=media&token=5853cbe0-dc82-43f7-8079-80c25575980e','2023-09-23','2023-09-24',_binary '',5),(18,'24-09-2023T12:09:32PMhonduras_moka_whisky_sub_2.webp','https://firebasestorage.googleapis.com/v0/b/filtro-1aa65.appspot.com/o/coffee%2FHonduras%20Finca%20Moka%20Whisky-Aged%2F24-09-2023T12%3A09%3A32PMhonduras_moka_whisky_sub_2.webp?alt=media&token=a73a5dbf-205d-40f9-a429-bee274c53be7','2023-09-23','2023-09-24',_binary '',5),(19,'24-09-2023T12:09:00PMpink_bourbon.webp','https://firebasestorage.googleapis.com/v0/b/filtro-1aa65.appspot.com/o/coffee%2FColombia%20Jairo%20Arcila%20Pink%20Bourbon%20Eucalyptus%20Honey%20-%20Exotics%20Cofinet%2F24-09-2023T12%3A09%3A00PMpink_bourbon.webp?alt=media&token=a22e874b-32d1-44eb-a4d0-8f35e2534404','2023-09-23','2023-09-24',_binary '',6),(20,'24-09-2023T12:09:36PMpink_bourbon_sub_1.webp','https://firebasestorage.googleapis.com/v0/b/filtro-1aa65.appspot.com/o/coffee%2FColombia%20Jairo%20Arcila%20Pink%20Bourbon%20Eucalyptus%20Honey%20-%20Exotics%20Cofinet%2F24-09-2023T12%3A09%3A36PMpink_bourbon_sub_1.webp?alt=media&token=70d640f1-6c54-49d7-b763-be0111834704','2023-09-23','2023-09-24',_binary '',6),(21,'24-09-2023T12:09:47PMpink_bourbon_sub_2.webp','https://firebasestorage.googleapis.com/v0/b/filtro-1aa65.appspot.com/o/coffee%2FColombia%20Jairo%20Arcila%20Pink%20Bourbon%20Eucalyptus%20Honey%20-%20Exotics%20Cofinet%2F24-09-2023T12%3A09%3A47PMpink_bourbon_sub_2.webp?alt=media&token=f20a66fc-26ea-474c-994e-a1717b47dda3','2023-09-23','2023-09-24',_binary '',6),(22,'24-09-2023T12:09:06PMpink_bourbon_sub_3.webp','https://firebasestorage.googleapis.com/v0/b/filtro-1aa65.appspot.com/o/coffee%2FColombia%20Jairo%20Arcila%20Pink%20Bourbon%20Eucalyptus%20Honey%20-%20Exotics%20Cofinet%2F24-09-2023T12%3A09%3A06PMpink_bourbon_sub_3.webp?alt=media&token=13e8dc64-995c-445e-9539-6f84c58dd11b','2023-09-23','2023-09-24',_binary '',6),(23,'24-09-2023T12:09:62PMgesha-nuruk.webp','https://firebasestorage.googleapis.com/v0/b/filtro-1aa65.appspot.com/o/coffee%2FColombia%20Granja%20Paraiso%2092%20Gesha%20Nuruk%20-%20250gr%2F24-09-2023T12%3A09%3A62PMgesha-nuruk.webp?alt=media&token=03fe0c4e-6e12-4190-bf94-35316923440f','2023-09-23','2023-09-24',_binary '',7),(24,'24-09-2023T12:09:01PMgesha-nuruk_sub_1.webp','https://firebasestorage.googleapis.com/v0/b/filtro-1aa65.appspot.com/o/coffee%2FColombia%20Granja%20Paraiso%2092%20Gesha%20Nuruk%20-%20250gr%2F24-09-2023T12%3A09%3A01PMgesha-nuruk_sub_1.webp?alt=media&token=fbc577fe-09d8-4a2f-a601-59f7bf70eaa1','2023-09-23','2023-09-24',_binary '',7),(25,'24-09-2023T12:09:89PMgesha-nuruk_sub_2.webp','https://firebasestorage.googleapis.com/v0/b/filtro-1aa65.appspot.com/o/coffee%2FColombia%20Granja%20Paraiso%2092%20Gesha%20Nuruk%20-%20250gr%2F24-09-2023T12%3A09%3A89PMgesha-nuruk_sub_2.webp?alt=media&token=11f28a5f-902a-428d-9245-d499da9267fe','2023-09-23','2023-09-24',_binary '',7),(26,'24-09-2023T12:09:06PMgesha-nuruk_sub_3.webp','https://firebasestorage.googleapis.com/v0/b/filtro-1aa65.appspot.com/o/coffee%2FColombia%20Granja%20Paraiso%2092%20Gesha%20Nuruk%20-%20250gr%2F24-09-2023T12%3A09%3A06PMgesha-nuruk_sub_3.webp?alt=media&token=481c69b6-6318-4575-b7a2-918b98ab3f2c','2023-09-23','2023-09-24',_binary '',7),(27,'24-09-2023T12:09:95PMgesha-nuruk_sub_4.webp','https://firebasestorage.googleapis.com/v0/b/filtro-1aa65.appspot.com/o/coffee%2FColombia%20Granja%20Paraiso%2092%20Gesha%20Nuruk%20-%20250gr%2F24-09-2023T12%3A09%3A95PMgesha-nuruk_sub_4.webp?alt=media&token=fbc3391b-8433-4f92-ae33-7d4e4474ac93','2023-09-23','2023-09-24',_binary '',7),(28,'24-09-2023T12:09:30PMgesha-nuruk_sub_5.webp','https://firebasestorage.googleapis.com/v0/b/filtro-1aa65.appspot.com/o/coffee%2FColombia%20Granja%20Paraiso%2092%20Gesha%20Nuruk%20-%20250gr%2F24-09-2023T12%3A09%3A30PMgesha-nuruk_sub_5.webp?alt=media&token=fd526883-9e87-4d8a-a5ae-f24a0ffe895d','2023-09-23','2023-09-24',_binary '',7),(29,'23-09-2023T19:09:65PMlucia_barrel.webp','https://firebasestorage.googleapis.com/v0/b/filtro-1aa65.appspot.com/o/coffee%2FColombia%20Finca%20Santa%20Lucia%20Barrel-aged%20Strawberry%20-%20250gr%2F23-09-2023T19%3A09%3A65PMlucia_barrel.webp?alt=media&token=ad5888d0-d95f-4d47-bc98-7f899cbd6a08','2023-09-23',NULL,_binary '',8),(30,'24-09-2023T12:09:46PMchu_prong.webp','https://firebasestorage.googleapis.com/v0/b/filtro-1aa65.appspot.com/o/coffee%2FRobusta%20Ch%C6%B0%20Pr%C3%B4ng%20Kefir%20Natural%20-%20250gr%2F24-09-2023T12%3A09%3A46PMchu_prong.webp?alt=media&token=386f1042-db81-4216-b695-0d810c711bda','2023-09-23','2023-09-24',_binary '',9),(31,'24-09-2023T12:09:28PMchu_prong_sub_1.webp','https://firebasestorage.googleapis.com/v0/b/filtro-1aa65.appspot.com/o/coffee%2FRobusta%20Ch%C6%B0%20Pr%C3%B4ng%20Kefir%20Natural%20-%20250gr%2F24-09-2023T12%3A09%3A28PMchu_prong_sub_1.webp?alt=media&token=dc305a80-ab40-4496-a7f3-17445ebd6d01','2023-09-23','2023-09-24',_binary '',9),(32,'24-09-2023T12:09:81PMchu_prong_sub_2.webp','https://firebasestorage.googleapis.com/v0/b/filtro-1aa65.appspot.com/o/coffee%2FRobusta%20Ch%C6%B0%20Pr%C3%B4ng%20Kefir%20Natural%20-%20250gr%2F24-09-2023T12%3A09%3A81PMchu_prong_sub_2.webp?alt=media&token=9bafe1e0-7cfb-438a-a7b5-f3444992ba20','2023-09-23','2023-09-24',_binary '',9),(33,'24-09-2023T12:09:41PMchu_prong_sub_3.webp','https://firebasestorage.googleapis.com/v0/b/filtro-1aa65.appspot.com/o/coffee%2FRobusta%20Ch%C6%B0%20Pr%C3%B4ng%20Kefir%20Natural%20-%20250gr%2F24-09-2023T12%3A09%3A41PMchu_prong_sub_3.webp?alt=media&token=4874a4a3-2ef1-44cf-b8e7-32fa0f23b2f6','2023-09-23','2023-09-24',_binary '',9),(34,'24-09-2023T12:09:23PMyou_rock.webp','https://firebasestorage.googleapis.com/v0/b/filtro-1aa65.appspot.com/o/coffee%2FEpresso%20House%20Blend%20-%20You%20Rock%2F24-09-2023T12%3A09%3A23PMyou_rock.webp?alt=media&token=fce73696-91ac-4448-a0f3-04d3ce6e65a1','2023-09-23','2023-09-24',_binary '',10),(35,'24-09-2023T12:09:20PMyou_rock_sub_1.webp','https://firebasestorage.googleapis.com/v0/b/filtro-1aa65.appspot.com/o/coffee%2FEpresso%20House%20Blend%20-%20You%20Rock%2F24-09-2023T12%3A09%3A20PMyou_rock_sub_1.webp?alt=media&token=26dd3a41-881b-48b2-bce7-f2c32d8e7ff2','2023-09-23','2023-09-24',_binary '',10),(36,'24-09-2023T12:09:85PMjuicy_summer.webp','https://firebasestorage.googleapis.com/v0/b/filtro-1aa65.appspot.com/o/coffee%2FJuicy%20Summer%20Collection%20-%203%20packs%20of%20250gr%2F24-09-2023T12%3A09%3A85PMjuicy_summer.webp?alt=media&token=aaba53c0-b505-436c-8d99-88c777142a4e','2023-09-24','2023-09-24',_binary '',11),(37,'24-09-2023T12:09:28PMjuicy_summer_sub_1.webp','https://firebasestorage.googleapis.com/v0/b/filtro-1aa65.appspot.com/o/coffee%2FJuicy%20Summer%20Collection%20-%203%20packs%20of%20250gr%2F24-09-2023T12%3A09%3A28PMjuicy_summer_sub_1.webp?alt=media&token=dccb1eec-48c1-44e5-86c1-1265f7e4f053','2023-09-24','2023-09-24',_binary '',11),(38,'24-09-2023T12:09:82PMjuicy_summer_sub_2.webp','https://firebasestorage.googleapis.com/v0/b/filtro-1aa65.appspot.com/o/coffee%2FJuicy%20Summer%20Collection%20-%203%20packs%20of%20250gr%2F24-09-2023T12%3A09%3A82PMjuicy_summer_sub_2.webp?alt=media&token=28b505ef-66f1-47e3-8a73-63b99d758d4c','2023-09-24','2023-09-24',_binary '',11),(39,'24-09-2023T12:09:18PMjuicy_summer_sub_3.webp','https://firebasestorage.googleapis.com/v0/b/filtro-1aa65.appspot.com/o/coffee%2FJuicy%20Summer%20Collection%20-%203%20packs%20of%20250gr%2F24-09-2023T12%3A09%3A18PMjuicy_summer_sub_3.webp?alt=media&token=33dba7f7-ad69-498d-bb43-69730a441a86','2023-09-24','2023-09-24',_binary '',11),(40,'24-09-2023T12:09:54PMkenya.webp','https://firebasestorage.googleapis.com/v0/b/filtro-1aa65.appspot.com/o/coffee%2FBasic%20Pick%20Combo%3A%20Kenya%20AA%20Plus%20Mount%20Kenya%20%26%20Ethiopia%20Oromia%20Buku%20Abel%20G1%20Natural%2F24-09-2023T12%3A09%3A54PMkenya.webp?alt=media&token=52b8ceee-ac84-44b2-b66f-8e0a09eae44e','2023-09-24','2023-09-24',_binary '',12),(41,'24-09-2023T12:09:20PMkenya_sub_1.webp','https://firebasestorage.googleapis.com/v0/b/filtro-1aa65.appspot.com/o/coffee%2FBasic%20Pick%20Combo%3A%20Kenya%20AA%20Plus%20Mount%20Kenya%20%26%20Ethiopia%20Oromia%20Buku%20Abel%20G1%20Natural%2F24-09-2023T12%3A09%3A20PMkenya_sub_1.webp?alt=media&token=60a54f2a-c6da-4e81-8704-7cf607ca354c','2023-09-24','2023-09-24',_binary '',12),(42,'24-09-2023T12:09:92PMkenya_sub_2.webp','https://firebasestorage.googleapis.com/v0/b/filtro-1aa65.appspot.com/o/coffee%2FBasic%20Pick%20Combo%3A%20Kenya%20AA%20Plus%20Mount%20Kenya%20%26%20Ethiopia%20Oromia%20Buku%20Abel%20G1%20Natural%2F24-09-2023T12%3A09%3A92PMkenya_sub_2.webp?alt=media&token=e8bff631-f64d-4d1c-beaf-d286fe200f1b','2023-09-24','2023-09-24',_binary '',12),(43,'24-09-2023T12:09:90PMkenya_sub_3.webp','https://firebasestorage.googleapis.com/v0/b/filtro-1aa65.appspot.com/o/coffee%2FBasic%20Pick%20Combo%3A%20Kenya%20AA%20Plus%20Mount%20Kenya%20%26%20Ethiopia%20Oromia%20Buku%20Abel%20G1%20Natural%2F24-09-2023T12%3A09%3A90PMkenya_sub_3.webp?alt=media&token=70db2a91-9e4f-41cd-88b3-5e07a9566360','2023-09-24','2023-09-24',_binary '',12),(44,'24-09-2023T12:09:79PMkenya_sub_4.webp','https://firebasestorage.googleapis.com/v0/b/filtro-1aa65.appspot.com/o/coffee%2FBasic%20Pick%20Combo%3A%20Kenya%20AA%20Plus%20Mount%20Kenya%20%26%20Ethiopia%20Oromia%20Buku%20Abel%20G1%20Natural%2F24-09-2023T12%3A09%3A79PMkenya_sub_4.webp?alt=media&token=e8f302d9-6565-4bd3-a415-43cd3af3442a','2023-09-24','2023-09-24',_binary '',12),(45,'24-09-2023T12:09:99PMespresso.webp','https://firebasestorage.googleapis.com/v0/b/filtro-1aa65.appspot.com/o/coffee%2FESPRESSO%20signature%20SET%20-%203%20packs%20of%20250gr%2F24-09-2023T12%3A09%3A99PMespresso.webp?alt=media&token=88210e73-b4b7-4b64-a9bb-9b47d0c81072','2023-09-24','2023-09-24',_binary '',13),(46,'24-09-2023T12:09:62PMespresso_sub_1.webp','https://firebasestorage.googleapis.com/v0/b/filtro-1aa65.appspot.com/o/coffee%2FESPRESSO%20signature%20SET%20-%203%20packs%20of%20250gr%2F24-09-2023T12%3A09%3A62PMespresso_sub_1.webp?alt=media&token=9442589c-7143-4057-bbf2-622312df6ce2','2023-09-24','2023-09-24',_binary '',13),(47,'24-09-2023T12:09:55PMespresso_sub_2.webp','https://firebasestorage.googleapis.com/v0/b/filtro-1aa65.appspot.com/o/coffee%2FESPRESSO%20signature%20SET%20-%203%20packs%20of%20250gr%2F24-09-2023T12%3A09%3A55PMespresso_sub_2.webp?alt=media&token=802dea42-fe4e-4840-bd55-b12ce076e6bf','2023-09-24','2023-09-24',_binary '',13),(48,'24-09-2023T12:09:84PMespresso_sub_3.webp','https://firebasestorage.googleapis.com/v0/b/filtro-1aa65.appspot.com/o/coffee%2FESPRESSO%20signature%20SET%20-%203%20packs%20of%20250gr%2F24-09-2023T12%3A09%3A84PMespresso_sub_3.webp?alt=media&token=4eaef8dc-acd8-4587-8092-b5736a5c8b17','2023-09-24','2023-09-24',_binary '',13),(49,'24-09-2023T12:09:27PMespresso_sub_4.webp','https://firebasestorage.googleapis.com/v0/b/filtro-1aa65.appspot.com/o/coffee%2FESPRESSO%20signature%20SET%20-%203%20packs%20of%20250gr%2F24-09-2023T12%3A09%3A27PMespresso_sub_4.webp?alt=media&token=81f37ff0-37e4-48f3-bb54-99fe95fa77a3','2023-09-24','2023-09-24',_binary '',13),(50,'24-09-2023T12:09:25PMespresso_sub_5.webp','https://firebasestorage.googleapis.com/v0/b/filtro-1aa65.appspot.com/o/coffee%2FESPRESSO%20signature%20SET%20-%203%20packs%20of%20250gr%2F24-09-2023T12%3A09%3A25PMespresso_sub_5.webp?alt=media&token=cf3aa18c-db40-4a6c-9fb8-f0ca2cfa43a3','2023-09-24','2023-09-24',_binary '',13),(51,'24-09-2023T12:09:73PMespresso_sub_6.webp','https://firebasestorage.googleapis.com/v0/b/filtro-1aa65.appspot.com/o/coffee%2FESPRESSO%20signature%20SET%20-%203%20packs%20of%20250gr%2F24-09-2023T12%3A09%3A73PMespresso_sub_6.webp?alt=media&token=e565b1fa-706f-4d16-bbd4-6b61c3d08f56','2023-09-24','2023-09-24',_binary '',13),(52,'24-09-2023T12:09:18PMcountry-blends.webp','https://firebasestorage.googleapis.com/v0/b/filtro-1aa65.appspot.com/o/coffee%2FCombo%203%20g%C3%B3i%20c%C3%A0%20ph%C3%AA%20thu%E1%BB%99c%20d%C3%B2ng%20Country%20Blends%20Series%20-%20250gr%2F24-09-2023T12%3A09%3A18PMcountry-blends.webp?alt=media&token=7d3d9109-7a85-4134-8445-96628515195e','2023-09-24','2023-09-24',_binary '',14),(53,'24-09-2023T12:09:03PMcountry-blends_sub_1.webp','https://firebasestorage.googleapis.com/v0/b/filtro-1aa65.appspot.com/o/coffee%2FCombo%203%20g%C3%B3i%20c%C3%A0%20ph%C3%AA%20thu%E1%BB%99c%20d%C3%B2ng%20Country%20Blends%20Series%20-%20250gr%2F24-09-2023T12%3A09%3A03PMcountry-blends_sub_1.webp?alt=media&token=3006a132-6c54-418a-8156-3de7c9c1b10d','2023-09-24','2023-09-24',_binary '',14),(54,'24-09-2023T12:09:90PMcountry-blends_sub_2.webp','https://firebasestorage.googleapis.com/v0/b/filtro-1aa65.appspot.com/o/coffee%2FCombo%203%20g%C3%B3i%20c%C3%A0%20ph%C3%AA%20thu%E1%BB%99c%20d%C3%B2ng%20Country%20Blends%20Series%20-%20250gr%2F24-09-2023T12%3A09%3A90PMcountry-blends_sub_2.webp?alt=media&token=6edc5fc8-f895-48cc-b6df-5baf9d6b9ade','2023-09-24','2023-09-24',_binary '',14),(55,'24-09-2023T12:09:34PMcountry-blends_sub_3.webp','https://firebasestorage.googleapis.com/v0/b/filtro-1aa65.appspot.com/o/coffee%2FCombo%203%20g%C3%B3i%20c%C3%A0%20ph%C3%AA%20thu%E1%BB%99c%20d%C3%B2ng%20Country%20Blends%20Series%20-%20250gr%2F24-09-2023T12%3A09%3A34PMcountry-blends_sub_3.webp?alt=media&token=b883ded7-8841-496c-b8d3-aaa765781770','2023-09-24','2023-09-24',_binary '',14),(56,'24-09-2023T12:09:35PMhulia.webp','https://firebasestorage.googleapis.com/v0/b/filtro-1aa65.appspot.com/o/coffee%2FColombia%20Huila%20Volcano%20Supremo%20Sc%2017%2F18%2F24-09-2023T12%3A09%3A35PMhulia.webp?alt=media&token=23f6f824-3b60-41cd-968d-12fadfac4942','2023-09-24','2023-09-24',_binary '',15),(57,'24-09-2023T12:09:86PMhulia_sub_1.webp','https://firebasestorage.googleapis.com/v0/b/filtro-1aa65.appspot.com/o/coffee%2FColombia%20Huila%20Volcano%20Supremo%20Sc%2017%2F18%2F24-09-2023T12%3A09%3A86PMhulia_sub_1.webp?alt=media&token=fb70e651-e174-4e4d-9c30-fa5b15b5c0f9','2023-09-24','2023-09-24',_binary '',15),(58,'24-09-2023T12:09:17PMsidra.webp','https://firebasestorage.googleapis.com/v0/b/filtro-1aa65.appspot.com/o/coffee%2FColombia%20Bourbon%20Sidra%20Finca%20La%20Gallera%2F24-09-2023T12%3A09%3A17PMsidra.webp?alt=media&token=8a3f4e13-1861-4b73-830a-2f7050fc58ca','2023-09-24','2023-09-24',_binary '',16),(59,'24-09-2023T12:09:55PMsidra_sub_1.webp','https://firebasestorage.googleapis.com/v0/b/filtro-1aa65.appspot.com/o/coffee%2FColombia%20Bourbon%20Sidra%20Finca%20La%20Gallera%2F24-09-2023T12%3A09%3A55PMsidra_sub_1.webp?alt=media&token=7b09f216-ab07-4815-82cf-d19e108b1dec','2023-09-24','2023-09-24',_binary '',16),(60,'24-09-2023T12:09:60PMjava.webp','https://firebasestorage.googleapis.com/v0/b/filtro-1aa65.appspot.com/o/coffee%2FColombia%20Puerto%20Alegre%20JAVA%20Natural%2F24-09-2023T12%3A09%3A60PMjava.webp?alt=media&token=6ab21987-74da-4d11-9833-e144d66da0c6','2023-09-24','2023-09-24',_binary '',17),(61,'24-09-2023T12:09:18PMjava_sub_1.webp','https://firebasestorage.googleapis.com/v0/b/filtro-1aa65.appspot.com/o/coffee%2FColombia%20Puerto%20Alegre%20JAVA%20Natural%2F24-09-2023T12%3A09%3A18PMjava_sub_1.webp?alt=media&token=aed0edc6-65a2-40bf-8952-2fe089d11d35','2023-09-24','2023-09-24',_binary '',17),(62,'24-09-2023T12:09:16PMjava_sub_2.webp','https://firebasestorage.googleapis.com/v0/b/filtro-1aa65.appspot.com/o/coffee%2FColombia%20Puerto%20Alegre%20JAVA%20Natural%2F24-09-2023T12%3A09%3A16PMjava_sub_2.webp?alt=media&token=a6d0a78c-4a71-4257-8d7f-64274c0d8d51','2023-09-24','2023-09-24',_binary '',17),(63,'24-09-2023T12:09:68PMjava_sub_3.webp','https://firebasestorage.googleapis.com/v0/b/filtro-1aa65.appspot.com/o/coffee%2FColombia%20Puerto%20Alegre%20JAVA%20Natural%2F24-09-2023T12%3A09%3A68PMjava_sub_3.webp?alt=media&token=8fbb5044-7ddb-4dc3-9ec0-97f1b7d7904e','2023-09-24','2023-09-24',_binary '',17),(64,'24-09-2023T12:09:13PMjava_sub_4.webp','https://firebasestorage.googleapis.com/v0/b/filtro-1aa65.appspot.com/o/coffee%2FColombia%20Puerto%20Alegre%20JAVA%20Natural%2F24-09-2023T12%3A09%3A13PMjava_sub_4.webp?alt=media&token=b85b6fa0-c870-4bf2-a81b-64ba05a1250d','2023-09-24','2023-09-24',_binary '',17),(65,'24-09-2023T12:09:57PMgesha.webp','https://firebasestorage.googleapis.com/v0/b/filtro-1aa65.appspot.com/o/coffee%2FCOLOMBIA%20GESHA%20SAN%20JOSE%20HONEY%20-%20Cup%20of%20Excellence%20Rank%2011%20Colombia%2F24-09-2023T12%3A09%3A57PMgesha.webp?alt=media&token=06de6d8b-09b4-48fe-8000-a9f50c8fe9b8','2023-09-24','2023-09-24',_binary '',18),(66,'24-09-2023T12:09:20PMgesha_sub_1.webp','https://firebasestorage.googleapis.com/v0/b/filtro-1aa65.appspot.com/o/coffee%2FCOLOMBIA%20GESHA%20SAN%20JOSE%20HONEY%20-%20Cup%20of%20Excellence%20Rank%2011%20Colombia%2F24-09-2023T12%3A09%3A20PMgesha_sub_1.webp?alt=media&token=5ad4058a-7f2a-481d-8b71-5267dd9441e0','2023-09-24','2023-09-24',_binary '',18),(67,'24-09-2023T12:09:62PMgesha_sub_2.webp','https://firebasestorage.googleapis.com/v0/b/filtro-1aa65.appspot.com/o/coffee%2FCOLOMBIA%20GESHA%20SAN%20JOSE%20HONEY%20-%20Cup%20of%20Excellence%20Rank%2011%20Colombia%2F24-09-2023T12%3A09%3A62PMgesha_sub_2.webp?alt=media&token=e80d67cb-cc8a-473e-a924-0cfb650f12a5','2023-09-24','2023-09-24',_binary '',18),(68,'24-09-2023T12:09:68PMgesha_sub_3.webp','https://firebasestorage.googleapis.com/v0/b/filtro-1aa65.appspot.com/o/coffee%2FCOLOMBIA%20GESHA%20SAN%20JOSE%20HONEY%20-%20Cup%20of%20Excellence%20Rank%2011%20Colombia%2F24-09-2023T12%3A09%3A68PMgesha_sub_3.webp?alt=media&token=86f1a65d-582a-4819-a2c5-651a1fdacc12','2023-09-24','2023-09-24',_binary '',18),(69,'24-09-2023T12:09:39PMgesha_sub_4.webp','https://firebasestorage.googleapis.com/v0/b/filtro-1aa65.appspot.com/o/coffee%2FCOLOMBIA%20GESHA%20SAN%20JOSE%20HONEY%20-%20Cup%20of%20Excellence%20Rank%2011%20Colombia%2F24-09-2023T12%3A09%3A39PMgesha_sub_4.webp?alt=media&token=10504731-93b3-490a-bb95-d0d23e6cabc4','2023-09-24','2023-09-24',_binary '',18),(70,'24-09-2023T12:09:71PMsuke.webp','https://firebasestorage.googleapis.com/v0/b/filtro-1aa65.appspot.com/o/coffee%2FEthiopia%20Yirgacheffee%20Suke%20Shade%20Slow%20Drying%20G1%2F24-09-2023T12%3A09%3A71PMsuke.webp?alt=media&token=20fb42b7-369f-4efb-b4b1-96e47624a131','2023-09-24','2023-09-24',_binary '',19),(71,'24-09-2023T12:09:15PMsuke_sub_1.webp','https://firebasestorage.googleapis.com/v0/b/filtro-1aa65.appspot.com/o/coffee%2FEthiopia%20Yirgacheffee%20Suke%20Shade%20Slow%20Drying%20G1%2F24-09-2023T12%3A09%3A15PMsuke_sub_1.webp?alt=media&token=9805a11d-74d0-4503-b8f4-e105b171ac25','2023-09-24','2023-09-24',_binary '',19),(72,'24-09-2023T12:09:75PMsuke_sub_2.webp','https://firebasestorage.googleapis.com/v0/b/filtro-1aa65.appspot.com/o/coffee%2FEthiopia%20Yirgacheffee%20Suke%20Shade%20Slow%20Drying%20G1%2F24-09-2023T12%3A09%3A75PMsuke_sub_2.webp?alt=media&token=b0b6242b-44c6-4ac3-9997-a0ae92bb75d3','2023-09-24','2023-09-24',_binary '',19),(73,'24-09-2023T12:09:11PMsuke_sub_3.webp','https://firebasestorage.googleapis.com/v0/b/filtro-1aa65.appspot.com/o/coffee%2FEthiopia%20Yirgacheffee%20Suke%20Shade%20Slow%20Drying%20G1%2F24-09-2023T12%3A09%3A11PMsuke_sub_3.webp?alt=media&token=6afd2560-3195-4286-b28f-6ec6117f5907','2023-09-24','2023-09-24',_binary '',19),(74,'24-09-2023T12:09:77PMhappy_fox.webp','https://firebasestorage.googleapis.com/v0/b/filtro-1aa65.appspot.com/o/coffee%2FHappy%20Fox%20-%20Cold%20Drip%20%C4%90%E1%BA%ADm%20%C4%90%E1%BA%B7c%20x3%20-%20Arctic%20Fox%20Cold%20Drip%20-%20250ml%2F24-09-2023T12%3A09%3A77PMhappy_fox.webp?alt=media&token=3ce575b2-a24f-482b-9b09-f72870767482','2023-09-24','2023-09-24',_binary '',20),(75,'24-09-2023T12:09:27PMhappy_fox_sub_1.jpg','https://firebasestorage.googleapis.com/v0/b/filtro-1aa65.appspot.com/o/coffee%2FHappy%20Fox%20-%20Cold%20Drip%20%C4%90%E1%BA%ADm%20%C4%90%E1%BA%B7c%20x3%20-%20Arctic%20Fox%20Cold%20Drip%20-%20250ml%2F24-09-2023T12%3A09%3A27PMhappy_fox_sub_1.jpg?alt=media&token=755597d1-f637-4ad2-8a8e-76f62b0d972d','2023-09-24','2023-09-24',_binary '',20),(76,'24-09-2023T12:09:70PMhappy_fox_sub_2.webp','https://firebasestorage.googleapis.com/v0/b/filtro-1aa65.appspot.com/o/coffee%2FHappy%20Fox%20-%20Cold%20Drip%20%C4%90%E1%BA%ADm%20%C4%90%E1%BA%B7c%20x3%20-%20Arctic%20Fox%20Cold%20Drip%20-%20250ml%2F24-09-2023T12%3A09%3A70PMhappy_fox_sub_2.webp?alt=media&token=d216913c-0e3b-4c30-adbd-b762612ca67b','2023-09-24','2023-09-24',_binary '',20),(77,'24-09-2023T12:09:26PMhappy_fox_sub_3.webp','https://firebasestorage.googleapis.com/v0/b/filtro-1aa65.appspot.com/o/coffee%2FHappy%20Fox%20-%20Cold%20Drip%20%C4%90%E1%BA%ADm%20%C4%90%E1%BA%B7c%20x3%20-%20Arctic%20Fox%20Cold%20Drip%20-%20250ml%2F24-09-2023T12%3A09%3A26PMhappy_fox_sub_3.webp?alt=media&token=2a9f11ed-9756-4713-9734-0cc3f5a06259','2023-09-24','2023-09-24',_binary '',20),(78,'24-09-2023T12:09:60PMhappy_fox_sub_4.webp','https://firebasestorage.googleapis.com/v0/b/filtro-1aa65.appspot.com/o/coffee%2FHappy%20Fox%20-%20Cold%20Drip%20%C4%90%E1%BA%ADm%20%C4%90%E1%BA%B7c%20x3%20-%20Arctic%20Fox%20Cold%20Drip%20-%20250ml%2F24-09-2023T12%3A09%3A60PMhappy_fox_sub_4.webp?alt=media&token=4761a3fe-3733-4d7b-9520-a49fc3c0215c','2023-09-24','2023-09-24',_binary '',20),(79,'24-09-2023T12:09:15PMhappy_fox_sub_5.webp','https://firebasestorage.googleapis.com/v0/b/filtro-1aa65.appspot.com/o/coffee%2FHappy%20Fox%20-%20Cold%20Drip%20%C4%90%E1%BA%ADm%20%C4%90%E1%BA%B7c%20x3%20-%20Arctic%20Fox%20Cold%20Drip%20-%20250ml%2F24-09-2023T12%3A09%3A15PMhappy_fox_sub_5.webp?alt=media&token=877ba0c9-e153-447b-889b-5be9c0f9cfcc','2023-09-24','2023-09-24',_binary '',20),(80,'24-09-2023T12:09:69PMclever_fox.webp','https://firebasestorage.googleapis.com/v0/b/filtro-1aa65.appspot.com/o/coffee%2FClever%20Fox%20-%20Cold%20Drip%20%C4%90%E1%BA%ADm%20%C4%90%E1%BA%B7c%20x3%20-%20250ml%2F24-09-2023T12%3A09%3A69PMclever_fox.webp?alt=media&token=f5dff0d9-06bd-4fc2-9276-59be31f6b87b','2023-09-24','2023-09-24',_binary '',21),(81,'24-09-2023T12:09:09PMclever_fox_sub_1.webp','https://firebasestorage.googleapis.com/v0/b/filtro-1aa65.appspot.com/o/coffee%2FClever%20Fox%20-%20Cold%20Drip%20%C4%90%E1%BA%ADm%20%C4%90%E1%BA%B7c%20x3%20-%20250ml%2F24-09-2023T12%3A09%3A09PMclever_fox_sub_1.webp?alt=media&token=7deb0d22-b8e6-4cee-9151-76275044f9ac','2023-09-24','2023-09-24',_binary '',21),(82,'24-09-2023T12:09:57PMclever_fox_sub_2.webp','https://firebasestorage.googleapis.com/v0/b/filtro-1aa65.appspot.com/o/coffee%2FClever%20Fox%20-%20Cold%20Drip%20%C4%90%E1%BA%ADm%20%C4%90%E1%BA%B7c%20x3%20-%20250ml%2F24-09-2023T12%3A09%3A57PMclever_fox_sub_2.webp?alt=media&token=e8f477bf-ab77-4982-831c-b252bdbd383d','2023-09-24','2023-09-24',_binary '',21),(83,'24-09-2023T12:09:11PMethi_fox.webp','https://firebasestorage.googleapis.com/v0/b/filtro-1aa65.appspot.com/o/coffee%2FEthiopian%20Fox%20-%20Cold%20Drip%20%C4%90%E1%BA%ADm%20%C4%90%E1%BA%B7c%20x3%20-%20250ml%2F24-09-2023T12%3A09%3A11PMethi_fox.webp?alt=media&token=39028e0b-c673-4406-bc3c-a0d25e7512b1','2023-09-24','2023-09-24',_binary '',22),(84,'24-09-2023T12:09:68PMethi_fox_sub_1.webp','https://firebasestorage.googleapis.com/v0/b/filtro-1aa65.appspot.com/o/coffee%2FEthiopian%20Fox%20-%20Cold%20Drip%20%C4%90%E1%BA%ADm%20%C4%90%E1%BA%B7c%20x3%20-%20250ml%2F24-09-2023T12%3A09%3A68PMethi_fox_sub_1.webp?alt=media&token=51d1e1eb-3dd2-473e-a475-0823445acfe6','2023-09-24','2023-09-24',_binary '',22),(85,'24-09-2023T12:09:76PMethi_fox_sub_2.webp','https://firebasestorage.googleapis.com/v0/b/filtro-1aa65.appspot.com/o/coffee%2FEthiopian%20Fox%20-%20Cold%20Drip%20%C4%90%E1%BA%ADm%20%C4%90%E1%BA%B7c%20x3%20-%20250ml%2F24-09-2023T12%3A09%3A76PMethi_fox_sub_2.webp?alt=media&token=f06f7abe-fc1b-4365-a336-46b63ce0ac0c','2023-09-24','2023-09-24',_binary '',22),(86,'24-09-2023T11:09:22AMspecail_fox.webp','https://firebasestorage.googleapis.com/v0/b/filtro-1aa65.appspot.com/o/coffee%2FSpecialty%20Fox%20-%20Cold%20Drip%20%C4%90%E1%BA%ADm%20%C4%90%E1%BA%B7c%20x3%20-%20250ml%2F24-09-2023T11%3A09%3A22AMspecail_fox.webp?alt=media&token=aa2e22af-6b6d-47e0-8981-22971b18ec38','2023-09-24',NULL,_binary '',23),(87,'24-09-2023T12:09:28PMtraditional_fox.webp','https://firebasestorage.googleapis.com/v0/b/filtro-1aa65.appspot.com/o/coffee%2FTradional%20Fox%20-%20Cold%20Drip%20%C4%90%E1%BA%ADm%20%C4%90%E1%BA%B7c%20x3%20-%20250ml%2F24-09-2023T12%3A09%3A28PMtraditional_fox.webp?alt=media&token=08807b6c-a773-40b7-9abf-512660770ff5','2023-09-24','2023-09-24',_binary '',24),(88,'24-09-2023T12:09:07PMtraditional_fox_sub_1.webp','https://firebasestorage.googleapis.com/v0/b/filtro-1aa65.appspot.com/o/coffee%2FTradional%20Fox%20-%20Cold%20Drip%20%C4%90%E1%BA%ADm%20%C4%90%E1%BA%B7c%20x3%20-%20250ml%2F24-09-2023T12%3A09%3A07PMtraditional_fox_sub_1.webp?alt=media&token=2186562b-b3db-43f9-8676-064378b5369c','2023-09-24','2023-09-24',_binary '',24),(89,'24-09-2023T12:09:31PMafrica_fox.webp','https://firebasestorage.googleapis.com/v0/b/filtro-1aa65.appspot.com/o/coffee%2FAfrica%20Cold%20Brew%20-%20250ml%2F24-09-2023T12%3A09%3A31PMafrica_fox.webp?alt=media&token=dd3ae0dd-4006-48a8-8d78-578c86f363c8','2023-09-24',NULL,_binary '',25),(90,'24-09-2023T12:09:08PMamericas_cold_brew.webp','https://firebasestorage.googleapis.com/v0/b/filtro-1aa65.appspot.com/o/coffee%2FAmericas%20Cold%20Brew%20-%20250ml%2F24-09-2023T12%3A09%3A08PMamericas_cold_brew.webp?alt=media&token=3fd05bc6-ce0b-406b-a427-c28d571ca584','2023-09-24',NULL,_binary '',26),(91,'24-09-2023T12:09:30PMasia_cold_brew.webp','https://firebasestorage.googleapis.com/v0/b/filtro-1aa65.appspot.com/o/coffee%2FAsia%20Cold%20Brew%20-%20250ml%2F24-09-2023T12%3A09%3A30PMasia_cold_brew.webp?alt=media&token=a95991f5-2674-4703-9fc3-35e712bf5f4a','2023-09-24',NULL,_binary '',27),(92,'24-09-2023T12:09:24PMgourmet.webp','https://firebasestorage.googleapis.com/v0/b/filtro-1aa65.appspot.com/o/coffee%2FGourmet%20Cold%20Brew%20-%20250ml%2F24-09-2023T12%3A09%3A24PMgourmet.webp?alt=media&token=1e3ec60a-bd4f-4e9c-a45f-f808931a3fa3','2023-09-24',NULL,_binary '',28),(93,'24-09-2023T12:09:30PMspecial_blends.webp','https://firebasestorage.googleapis.com/v0/b/filtro-1aa65.appspot.com/o/coffee%2FSpecial%20Blends%20Cold%20Brew%20-%20250ml%2F24-09-2023T12%3A09%3A30PMspecial_blends.webp?alt=media&token=f0cd90be-20d8-453c-afc6-e853b66e6dc9','2023-09-24',NULL,_binary '',29),(94,'24-09-2023T12:09:33PMtraditional_robusta.webp','https://firebasestorage.googleapis.com/v0/b/filtro-1aa65.appspot.com/o/coffee%2FTraditional%20Robusta%20Cold%20Brew%20-%20250ml%2F24-09-2023T12%3A09%3A33PMtraditional_robusta.webp?alt=media&token=fe31ff1e-cef7-4aad-87c2-b49d481fad4a','2023-09-24',NULL,_binary '',30),(95,'24-09-2023T12:09:88PMfine_robusta.webp','https://firebasestorage.googleapis.com/v0/b/filtro-1aa65.appspot.com/o/coffee%2FFine%20Robusta%20Anaerobic%20Pleiku%20Vi%E1%BB%87t%20Nam%20-%20C5%20Coffee%20Farm%20%26%20Roasters%2F24-09-2023T12%3A09%3A88PMfine_robusta.webp?alt=media&token=f7698e00-9f91-415d-8254-ff9ec591f881','2023-09-24','2023-09-24',_binary '',31),(96,'24-09-2023T12:09:56PMfine_robusta_sub_1.webp','https://firebasestorage.googleapis.com/v0/b/filtro-1aa65.appspot.com/o/coffee%2FFine%20Robusta%20Anaerobic%20Pleiku%20Vi%E1%BB%87t%20Nam%20-%20C5%20Coffee%20Farm%20%26%20Roasters%2F24-09-2023T12%3A09%3A56PMfine_robusta_sub_1.webp?alt=media&token=659c8468-7ad6-4adf-a933-b2cc037a5661','2023-09-24','2023-09-24',_binary '',31),(101,'30-09-2023T15:09:58PMthailand_coffee_hub.webp','https://firebasestorage.googleapis.com/v0/b/filtro-1aa65.appspot.com/o/coffee%2FFine%20Robusta%20Whisky%20Barrels%20Aged%2C%20The%20Limited%20Edition%20d%C3%A0nh%20cho%20s%E1%BB%B1%20ki%E1%BB%87n%20Thailand%20Coffee%20Hub%202023%2F30-09-2023T15%3A09%3A58PMthailand_coffee_hub.webp?alt=media&token=3a9e0675-5fb1-4642-81f8-9a34146a36d5','2023-09-30',NULL,_binary '',32),(102,'30-09-2023T15:09:21PMthailand_coffee_hub_sub_1.webp','https://firebasestorage.googleapis.com/v0/b/filtro-1aa65.appspot.com/o/coffee%2FFine%20Robusta%20Whisky%20Barrels%20Aged%2C%20The%20Limited%20Edition%20d%C3%A0nh%20cho%20s%E1%BB%B1%20ki%E1%BB%87n%20Thailand%20Coffee%20Hub%202023%2F30-09-2023T15%3A09%3A21PMthailand_coffee_hub_sub_1.webp?alt=media&token=2251cef0-84d0-40db-9846-b8daeb308513','2023-09-30',NULL,_binary '',32),(103,'30-09-2023T15:09:86PMthailand_coffee_hub_sub_3.webp','https://firebasestorage.googleapis.com/v0/b/filtro-1aa65.appspot.com/o/coffee%2FFine%20Robusta%20Whisky%20Barrels%20Aged%2C%20The%20Limited%20Edition%20d%C3%A0nh%20cho%20s%E1%BB%B1%20ki%E1%BB%87n%20Thailand%20Coffee%20Hub%202023%2F30-09-2023T15%3A09%3A86PMthailand_coffee_hub_sub_3.webp?alt=media&token=b66fc6d6-5fc0-491f-b909-b272d09030e7','2023-09-30',NULL,_binary '',32),(104,'30-09-2023T15:09:86PMthailand_coffee_hub_sub_2.webp','https://firebasestorage.googleapis.com/v0/b/filtro-1aa65.appspot.com/o/coffee%2FFine%20Robusta%20Whisky%20Barrels%20Aged%2C%20The%20Limited%20Edition%20d%C3%A0nh%20cho%20s%E1%BB%B1%20ki%E1%BB%87n%20Thailand%20Coffee%20Hub%202023%2F30-09-2023T15%3A09%3A86PMthailand_coffee_hub_sub_2.webp?alt=media&token=dff705a8-945e-433e-acde-2d7dfe33118b','2023-09-30',NULL,_binary '',32),(118,'23-02-2024T15:02:26PMrose_valley.webp','https://firebasestorage.googleapis.com/v0/b/filtro-1aa65.appspot.com/o/coffee%2FColombia%20Santander%20Rose%20Valley%2F23-02-2024T15%3A02%3A26PMrose_valley.webp?alt=media&token=79659d98-9394-45b7-bff1-8078ff3d5806','2024-02-23',NULL,_binary '',36),(119,'23-02-2024T15:02:34PMrose_valley_sub_3.webp','https://firebasestorage.googleapis.com/v0/b/filtro-1aa65.appspot.com/o/coffee%2FColombia%20Santander%20Rose%20Valley%2F23-02-2024T15%3A02%3A34PMrose_valley_sub_3.webp?alt=media&token=ca9a0376-f123-4b94-9574-da8b6deffff5','2024-02-23',NULL,_binary '',36),(120,'23-02-2024T15:02:34PMrose_valley_sub_2.webp','https://firebasestorage.googleapis.com/v0/b/filtro-1aa65.appspot.com/o/coffee%2FColombia%20Santander%20Rose%20Valley%2F23-02-2024T15%3A02%3A34PMrose_valley_sub_2.webp?alt=media&token=ab0dd3cf-5ac1-493b-98ef-11a9b5fdf2ab','2024-02-23',NULL,_binary '',36),(121,'23-02-2024T15:02:34PMrose_valley_sub_1.webp','https://firebasestorage.googleapis.com/v0/b/filtro-1aa65.appspot.com/o/coffee%2FColombia%20Santander%20Rose%20Valley%2F23-02-2024T15%3A02%3A34PMrose_valley_sub_1.webp?alt=media&token=2dd53fb1-dc92-4678-bd9b-aa2dd92d5704','2024-02-23',NULL,_binary '',36),(122,'23-02-2024T16:02:03PMlulo.webp','https://firebasestorage.googleapis.com/v0/b/filtro-1aa65.appspot.com/o/coffee%2FColombia%20Jairo%20Arcila%20Quindio%20Wine%20%26%20Lulo%2F23-02-2024T16%3A02%3A03PMlulo.webp?alt=media&token=dce410e9-1451-43f3-b09f-2db8e51c3818','2024-02-23',NULL,_binary '',37),(123,'23-02-2024T16:02:53PMlulo_sub_2.webp','https://firebasestorage.googleapis.com/v0/b/filtro-1aa65.appspot.com/o/coffee%2FColombia%20Jairo%20Arcila%20Quindio%20Wine%20%26%20Lulo%2F23-02-2024T16%3A02%3A53PMlulo_sub_2.webp?alt=media&token=6db8eb05-12e6-46b3-b527-390d18cd29ba','2024-02-23',NULL,_binary '',37),(124,'23-02-2024T16:02:52PMlulo_sub_4.webp','https://firebasestorage.googleapis.com/v0/b/filtro-1aa65.appspot.com/o/coffee%2FColombia%20Jairo%20Arcila%20Quindio%20Wine%20%26%20Lulo%2F23-02-2024T16%3A02%3A52PMlulo_sub_4.webp?alt=media&token=e95cef27-5dc6-4f48-97b7-213743c66d60','2024-02-23',NULL,_binary '',37),(125,'23-02-2024T16:02:53PMlulo_sub_3.webp','https://firebasestorage.googleapis.com/v0/b/filtro-1aa65.appspot.com/o/coffee%2FColombia%20Jairo%20Arcila%20Quindio%20Wine%20%26%20Lulo%2F23-02-2024T16%3A02%3A53PMlulo_sub_3.webp?alt=media&token=c802586a-07be-43bb-b804-e272573575a5','2024-02-23',NULL,_binary '',37),(126,'23-02-2024T16:02:53PMlulo_sub_1.webp','https://firebasestorage.googleapis.com/v0/b/filtro-1aa65.appspot.com/o/coffee%2FColombia%20Jairo%20Arcila%20Quindio%20Wine%20%26%20Lulo%2F23-02-2024T16%3A02%3A53PMlulo_sub_1.webp?alt=media&token=1c1a6beb-747b-43fd-8826-7cea99a01432','2024-02-23',NULL,_binary '',37),(127,'25-02-2024T11:02:01AMcatuai.webp','https://firebasestorage.googleapis.com/v0/b/filtro-1aa65.appspot.com/o/coffee%2FMyanmar%20North%20Shan%20State%20Catuai%20Brandy%20Grape%2F25-02-2024T11%3A02%3A01AMcatuai.webp?alt=media&token=e5901980-6f53-483b-8f3c-53456ab9400e','2024-02-25',NULL,_binary '',38),(128,'25-02-2024T11:02:02AMcatuai_sub_1.webp','https://firebasestorage.googleapis.com/v0/b/filtro-1aa65.appspot.com/o/coffee%2FMyanmar%20North%20Shan%20State%20Catuai%20Brandy%20Grape%2F25-02-2024T11%3A02%3A02AMcatuai_sub_1.webp?alt=media&token=029545be-8157-4664-b834-4177e22fcb20','2024-02-25',NULL,_binary '',38),(129,'25-02-2024T11:02:02AMcatuai_sub_3.webp','https://firebasestorage.googleapis.com/v0/b/filtro-1aa65.appspot.com/o/coffee%2FMyanmar%20North%20Shan%20State%20Catuai%20Brandy%20Grape%2F25-02-2024T11%3A02%3A02AMcatuai_sub_3.webp?alt=media&token=1d0c217b-bb1b-426c-a113-6a5046dd2c8d','2024-02-25',NULL,_binary '',38),(130,'25-02-2024T11:02:02AMcatuai_sub_2.webp','https://firebasestorage.googleapis.com/v0/b/filtro-1aa65.appspot.com/o/coffee%2FMyanmar%20North%20Shan%20State%20Catuai%20Brandy%20Grape%2F25-02-2024T11%3A02%3A02AMcatuai_sub_2.webp?alt=media&token=27b233d3-d525-459d-8bb3-f596161a2cd0','2024-02-25',NULL,_binary '',38),(131,'25-02-2024T11:02:02AMcatuai_sub_4.webp','https://firebasestorage.googleapis.com/v0/b/filtro-1aa65.appspot.com/o/coffee%2FMyanmar%20North%20Shan%20State%20Catuai%20Brandy%20Grape%2F25-02-2024T11%3A02%3A02AMcatuai_sub_4.webp?alt=media&token=f99c7e8b-5f23-4921-a7db-0911921e0c1e','2024-02-25',NULL,_binary '',38),(132,'25-02-2024T11:02:93AMgia_lai.webp','https://firebasestorage.googleapis.com/v0/b/filtro-1aa65.appspot.com/o/coffee%2FFine%20Robusta%20Namyang%2C%20Gia%20Lai%20Whisky%20Barrels%20Aged%2F25-02-2024T11%3A02%3A93AMgia_lai.webp?alt=media&token=1e226979-93a3-4747-8643-5ec9025abae9','2024-02-25',NULL,_binary '',39),(133,'25-02-2024T11:02:44AMgia_lai_sub_3.webp','https://firebasestorage.googleapis.com/v0/b/filtro-1aa65.appspot.com/o/coffee%2FFine%20Robusta%20Namyang%2C%20Gia%20Lai%20Whisky%20Barrels%20Aged%2F25-02-2024T11%3A02%3A44AMgia_lai_sub_3.webp?alt=media&token=45b94557-7e75-49c5-8bb5-874120a97397','2024-02-25',NULL,_binary '',39),(134,'25-02-2024T11:02:44AMgia_lai_sub_1.webp','https://firebasestorage.googleapis.com/v0/b/filtro-1aa65.appspot.com/o/coffee%2FFine%20Robusta%20Namyang%2C%20Gia%20Lai%20Whisky%20Barrels%20Aged%2F25-02-2024T11%3A02%3A44AMgia_lai_sub_1.webp?alt=media&token=059dfeda-1469-49ab-be43-61daa8be951c','2024-02-25',NULL,_binary '',39),(135,'25-02-2024T11:02:44AMgia_lai_sub_2.webp','https://firebasestorage.googleapis.com/v0/b/filtro-1aa65.appspot.com/o/coffee%2FFine%20Robusta%20Namyang%2C%20Gia%20Lai%20Whisky%20Barrels%20Aged%2F25-02-2024T11%3A02%3A44AMgia_lai_sub_2.webp?alt=media&token=cf16e7f5-167e-4312-b282-3e97d13ed178','2024-02-25',NULL,_binary '',39),(136,'25-02-2024T11:02:33AMchiffon.webp','https://firebasestorage.googleapis.com/v0/b/filtro-1aa65.appspot.com/o/coffee%2FColombia%20Santa%20Lucia%20Barrel-Aged%20Orange%20Chiffon%2F25-02-2024T11%3A02%3A33AMchiffon.webp?alt=media&token=d385531a-8bef-409c-b0f6-0786d54c400e','2024-02-25',NULL,_binary '',40),(137,'25-02-2024T11:02:93AMchiffon_sub_2.webp','https://firebasestorage.googleapis.com/v0/b/filtro-1aa65.appspot.com/o/coffee%2FColombia%20Santa%20Lucia%20Barrel-Aged%20Orange%20Chiffon%2F25-02-2024T11%3A02%3A93AMchiffon_sub_2.webp?alt=media&token=1a15b8a5-f072-4d00-b4d0-3c8f8e5417b2','2024-02-25',NULL,_binary '',40),(138,'25-02-2024T11:02:93AMchiffon_sub_3.webp','https://firebasestorage.googleapis.com/v0/b/filtro-1aa65.appspot.com/o/coffee%2FColombia%20Santa%20Lucia%20Barrel-Aged%20Orange%20Chiffon%2F25-02-2024T11%3A02%3A93AMchiffon_sub_3.webp?alt=media&token=5cbb45ac-6148-4932-bd58-653dc0c5be0f','2024-02-25',NULL,_binary '',40),(139,'25-02-2024T11:02:93AMchiffon_sub_4.webp','https://firebasestorage.googleapis.com/v0/b/filtro-1aa65.appspot.com/o/coffee%2FColombia%20Santa%20Lucia%20Barrel-Aged%20Orange%20Chiffon%2F25-02-2024T11%3A02%3A93AMchiffon_sub_4.webp?alt=media&token=5826dabd-fdf7-4b8c-8808-2b710ecc69e8','2024-02-25',NULL,_binary '',40),(140,'25-02-2024T11:02:93AMchiffon_sub_1.webp','https://firebasestorage.googleapis.com/v0/b/filtro-1aa65.appspot.com/o/coffee%2FColombia%20Santa%20Lucia%20Barrel-Aged%20Orange%20Chiffon%2F25-02-2024T11%3A02%3A93AMchiffon_sub_1.webp?alt=media&token=8f0665de-5aef-48e0-98b8-5adb0a909a06','2024-02-25',NULL,_binary '',40),(141,'25-02-2024T11:02:93AMchiffon_sub_5.webp','https://firebasestorage.googleapis.com/v0/b/filtro-1aa65.appspot.com/o/coffee%2FColombia%20Santa%20Lucia%20Barrel-Aged%20Orange%20Chiffon%2F25-02-2024T11%3A02%3A93AMchiffon_sub_5.webp?alt=media&token=c78e24f9-3aa0-4477-84df-3bbab29f0ccf','2024-02-25',NULL,_binary '',40),(142,'25-02-2024T12:02:68PMdiablo.webp','https://firebasestorage.googleapis.com/v0/b/filtro-1aa65.appspot.com/o/coffee%2FNicaragua%20Datanli%20El%20Diablo%20Marsellesa%20Honey%2F25-02-2024T12%3A02%3A68PMdiablo.webp?alt=media&token=f2a43712-5e19-48a9-ac30-28ee7ab41462','2024-02-25',NULL,_binary '',41),(143,'25-02-2024T12:02:75PMdiablo_sub_1.webp','https://firebasestorage.googleapis.com/v0/b/filtro-1aa65.appspot.com/o/coffee%2FNicaragua%20Datanli%20El%20Diablo%20Marsellesa%20Honey%2F25-02-2024T12%3A02%3A75PMdiablo_sub_1.webp?alt=media&token=574831df-c5f4-4d81-aed0-1abea0fcb491','2024-02-25',NULL,_binary '',41),(144,'25-02-2024T12:02:75PMdiablo_sub_3.webp','https://firebasestorage.googleapis.com/v0/b/filtro-1aa65.appspot.com/o/coffee%2FNicaragua%20Datanli%20El%20Diablo%20Marsellesa%20Honey%2F25-02-2024T12%3A02%3A75PMdiablo_sub_3.webp?alt=media&token=9740d55c-23e9-46e9-8751-e4dab0909d27','2024-02-25',NULL,_binary '',41),(145,'25-02-2024T12:02:75PMdiablo_sub_2.webp','https://firebasestorage.googleapis.com/v0/b/filtro-1aa65.appspot.com/o/coffee%2FNicaragua%20Datanli%20El%20Diablo%20Marsellesa%20Honey%2F25-02-2024T12%3A02%3A75PMdiablo_sub_2.webp?alt=media&token=4ea6fdff-244a-4c0e-bf31-f8fafe03616e','2024-02-25',NULL,_binary '',41),(146,'03-04-2024T19:04:80PMliberica.png','https://firebasestorage.googleapis.com/v0/b/filtro-1aa65.appspot.com/o/coffee%2FIndonesia%20Liberica%20Central%20java%2C%20Temanggung%20-%20Flower%20Blossom%20-%20Stupiducks%20Specialty%20Coffee%2F03-04-2024T19%3A04%3A80PMliberica.png?alt=media&token=4ddf69a9-1491-452c-8f9a-9d88faa97e99','2024-04-03',NULL,_binary '',42),(147,'03-04-2024T19:04:49PMliberica_sub_1.webp','https://firebasestorage.googleapis.com/v0/b/filtro-1aa65.appspot.com/o/coffee%2FIndonesia%20Liberica%20Central%20java%2C%20Temanggung%20-%20Flower%20Blossom%20-%20Stupiducks%20Specialty%20Coffee%2F03-04-2024T19%3A04%3A49PMliberica_sub_1.webp?alt=media&token=cda161c7-ef02-48d6-ad73-0830d4dd6ac4','2024-04-03',NULL,_binary '',42),(148,'03-04-2024T19:04:49PMliberica_sub_3.webp','https://firebasestorage.googleapis.com/v0/b/filtro-1aa65.appspot.com/o/coffee%2FIndonesia%20Liberica%20Central%20java%2C%20Temanggung%20-%20Flower%20Blossom%20-%20Stupiducks%20Specialty%20Coffee%2F03-04-2024T19%3A04%3A49PMliberica_sub_3.webp?alt=media&token=361a9ebc-843c-4737-8844-75cfa373efb5','2024-04-03',NULL,_binary '',42),(149,'03-04-2024T19:04:49PMliberica_sub_2.webp','https://firebasestorage.googleapis.com/v0/b/filtro-1aa65.appspot.com/o/coffee%2FIndonesia%20Liberica%20Central%20java%2C%20Temanggung%20-%20Flower%20Blossom%20-%20Stupiducks%20Specialty%20Coffee%2F03-04-2024T19%3A04%3A49PMliberica_sub_2.webp?alt=media&token=46f5aba7-cc72-469d-ac06-c4a38f2a29c4','2024-04-03',NULL,_binary '',42),(150,'03-04-2024T20:04:47PMfloral.webp','https://firebasestorage.googleapis.com/v0/b/filtro-1aa65.appspot.com/o/coffee%2FIndonesia%20Central%20Java%20Fine%20Robusta%20Floral%20Jasmine%20-%20Stupiducks%20Specialty%20Coffee%2F03-04-2024T20%3A04%3A47PMfloral.webp?alt=media&token=89d30ebd-0442-4402-9420-0c17512769cd','2024-04-03',NULL,_binary '',43),(151,'03-04-2024T20:04:22PMfloral_sub_3.webp','https://firebasestorage.googleapis.com/v0/b/filtro-1aa65.appspot.com/o/coffee%2FIndonesia%20Central%20Java%20Fine%20Robusta%20Floral%20Jasmine%20-%20Stupiducks%20Specialty%20Coffee%2F03-04-2024T20%3A04%3A22PMfloral_sub_3.webp?alt=media&token=9eaf74e8-3d82-4c81-95c8-50d35cbfac5b','2024-04-03',NULL,_binary '',43),(152,'03-04-2024T20:04:22PMfloral_sub_4.webp','https://firebasestorage.googleapis.com/v0/b/filtro-1aa65.appspot.com/o/coffee%2FIndonesia%20Central%20Java%20Fine%20Robusta%20Floral%20Jasmine%20-%20Stupiducks%20Specialty%20Coffee%2F03-04-2024T20%3A04%3A22PMfloral_sub_4.webp?alt=media&token=483561a3-4a3d-41ff-9ced-b23bac16b785','2024-04-03',NULL,_binary '',43),(153,'03-04-2024T20:04:22PMfloral_sub_1.webp','https://firebasestorage.googleapis.com/v0/b/filtro-1aa65.appspot.com/o/coffee%2FIndonesia%20Central%20Java%20Fine%20Robusta%20Floral%20Jasmine%20-%20Stupiducks%20Specialty%20Coffee%2F03-04-2024T20%3A04%3A22PMfloral_sub_1.webp?alt=media&token=c34affe7-462e-486e-bdc6-a6749eacfac7','2024-04-03',NULL,_binary '',43),(154,'03-04-2024T20:04:22PMfloral_sub_2.webp','https://firebasestorage.googleapis.com/v0/b/filtro-1aa65.appspot.com/o/coffee%2FIndonesia%20Central%20Java%20Fine%20Robusta%20Floral%20Jasmine%20-%20Stupiducks%20Specialty%20Coffee%2F03-04-2024T20%3A04%3A22PMfloral_sub_2.webp?alt=media&token=d8c17c2c-10b4-488d-9fda-50f37549796c','2024-04-03',NULL,_binary '',43),(155,'03-04-2024T20:04:31PMbensa.webp','https://firebasestorage.googleapis.com/v0/b/filtro-1aa65.appspot.com/o/coffee%2FEthiopia%20Bensa%20Sidama%20Della%20Natural%20Grade%201%20-%20Stupiducks%20Specialty%20Coffee%2F03-04-2024T20%3A04%3A31PMbensa.webp?alt=media&token=a88e0c39-7300-46c1-9d6b-b8c07e41199e','2024-04-03',NULL,_binary '',44),(156,'03-04-2024T20:04:70PMbensa_sub_3.webp','https://firebasestorage.googleapis.com/v0/b/filtro-1aa65.appspot.com/o/coffee%2FEthiopia%20Bensa%20Sidama%20Della%20Natural%20Grade%201%20-%20Stupiducks%20Specialty%20Coffee%2F03-04-2024T20%3A04%3A70PMbensa_sub_3.webp?alt=media&token=561a761f-5e06-4b15-8801-7038acd9928c','2024-04-03',NULL,_binary '',44),(157,'03-04-2024T20:04:70PMbensa_sub_2.webp','https://firebasestorage.googleapis.com/v0/b/filtro-1aa65.appspot.com/o/coffee%2FEthiopia%20Bensa%20Sidama%20Della%20Natural%20Grade%201%20-%20Stupiducks%20Specialty%20Coffee%2F03-04-2024T20%3A04%3A70PMbensa_sub_2.webp?alt=media&token=207093fb-f5de-4d91-90d9-4c69eab93fed','2024-04-03',NULL,_binary '',44),(158,'03-04-2024T20:04:70PMbensa_sub_6.webp','https://firebasestorage.googleapis.com/v0/b/filtro-1aa65.appspot.com/o/coffee%2FEthiopia%20Bensa%20Sidama%20Della%20Natural%20Grade%201%20-%20Stupiducks%20Specialty%20Coffee%2F03-04-2024T20%3A04%3A70PMbensa_sub_6.webp?alt=media&token=2b6b5a4e-f154-4f48-a03e-0eea414a77c0','2024-04-03',NULL,_binary '',44),(159,'03-04-2024T20:04:70PMbensa_sub_1.webp','https://firebasestorage.googleapis.com/v0/b/filtro-1aa65.appspot.com/o/coffee%2FEthiopia%20Bensa%20Sidama%20Della%20Natural%20Grade%201%20-%20Stupiducks%20Specialty%20Coffee%2F03-04-2024T20%3A04%3A70PMbensa_sub_1.webp?alt=media&token=b03e1d4b-1ff4-48f8-ad48-f42b1f527419','2024-04-03',NULL,_binary '',44),(160,'03-04-2024T20:04:70PMbensa_sub_4.webp','https://firebasestorage.googleapis.com/v0/b/filtro-1aa65.appspot.com/o/coffee%2FEthiopia%20Bensa%20Sidama%20Della%20Natural%20Grade%201%20-%20Stupiducks%20Specialty%20Coffee%2F03-04-2024T20%3A04%3A70PMbensa_sub_4.webp?alt=media&token=63331c67-e863-4c47-9e41-1b3fce7a23c0','2024-04-03',NULL,_binary '',44),(161,'03-04-2024T20:04:70PMbensa_sub_5.webp','https://firebasestorage.googleapis.com/v0/b/filtro-1aa65.appspot.com/o/coffee%2FEthiopia%20Bensa%20Sidama%20Della%20Natural%20Grade%201%20-%20Stupiducks%20Specialty%20Coffee%2F03-04-2024T20%3A04%3A70PMbensa_sub_5.webp?alt=media&token=38366088-a0c3-45ec-83ab-e20d77787b7a','2024-04-03',NULL,_binary '',44),(162,'03-04-2024T20:04:51PMkenya_blends.webp','https://firebasestorage.googleapis.com/v0/b/filtro-1aa65.appspot.com/o/coffee%2FKenya%20Coffee%20-%20Country%20Blend%20Series%20-%20Stupiducks%20Specialty%20Coffee%2F03-04-2024T20%3A04%3A51PMkenya_blends.webp?alt=media&token=eeacbc34-bdd7-4f7a-b024-4576ad81e639','2024-04-03',NULL,_binary '',45),(163,'03-04-2024T20:04:02PMkenya_blends_sub_1.webp','https://firebasestorage.googleapis.com/v0/b/filtro-1aa65.appspot.com/o/coffee%2FKenya%20Coffee%20-%20Country%20Blend%20Series%20-%20Stupiducks%20Specialty%20Coffee%2F03-04-2024T20%3A04%3A02PMkenya_blends_sub_1.webp?alt=media&token=acec0989-7c88-4820-a6d9-91161cb27dbf','2024-04-03',NULL,_binary '',45),(164,'03-04-2024T20:04:20PMlamdong.webp','https://firebasestorage.googleapis.com/v0/b/filtro-1aa65.appspot.com/o/coffee%2FRobusta%20B%E1%BA%A3o%20L%C3%A2m%2C%20L%C3%A2m%20%C4%90%E1%BB%93ng%20Honey%20Process%20(%20Ch%E1%BA%A5t%20l%C6%B0%E1%BB%A3ng%20cao)%20-%20Stupiducks%20Specialty%20Coffee%2F03-04-2024T20%3A04%3A20PMlamdong.webp?alt=media&token=789cd60c-7c15-4b31-b9d1-790f6a05f4ea','2024-04-03',NULL,_binary '',46),(165,'03-04-2024T20:04:40PMlamdong_sub_1.webp','https://firebasestorage.googleapis.com/v0/b/filtro-1aa65.appspot.com/o/coffee%2FRobusta%20B%E1%BA%A3o%20L%C3%A2m%2C%20L%C3%A2m%20%C4%90%E1%BB%93ng%20Honey%20Process%20(%20Ch%E1%BA%A5t%20l%C6%B0%E1%BB%A3ng%20cao)%20-%20Stupiducks%20Specialty%20Coffee%2F03-04-2024T20%3A04%3A40PMlamdong_sub_1.webp?alt=media&token=340a3b88-ae9d-4c6b-b019-e80e91282e90','2024-04-03',NULL,_binary '',46),(166,'03-04-2024T20:04:40PMlamdong_sub_4.webp','https://firebasestorage.googleapis.com/v0/b/filtro-1aa65.appspot.com/o/coffee%2FRobusta%20B%E1%BA%A3o%20L%C3%A2m%2C%20L%C3%A2m%20%C4%90%E1%BB%93ng%20Honey%20Process%20(%20Ch%E1%BA%A5t%20l%C6%B0%E1%BB%A3ng%20cao)%20-%20Stupiducks%20Specialty%20Coffee%2F03-04-2024T20%3A04%3A40PMlamdong_sub_4.webp?alt=media&token=e9de36b4-412c-40ab-a4ae-5cfc1b1baa9e','2024-04-03',NULL,_binary '',46),(167,'03-04-2024T20:04:40PMlamdong_sub_3.webp','https://firebasestorage.googleapis.com/v0/b/filtro-1aa65.appspot.com/o/coffee%2FRobusta%20B%E1%BA%A3o%20L%C3%A2m%2C%20L%C3%A2m%20%C4%90%E1%BB%93ng%20Honey%20Process%20(%20Ch%E1%BA%A5t%20l%C6%B0%E1%BB%A3ng%20cao)%20-%20Stupiducks%20Specialty%20Coffee%2F03-04-2024T20%3A04%3A40PMlamdong_sub_3.webp?alt=media&token=f732c57a-fb06-46a1-a0cf-70da5426a80b','2024-04-03',NULL,_binary '',46),(168,'03-04-2024T20:04:40PMlamdong_sub_2.webp','https://firebasestorage.googleapis.com/v0/b/filtro-1aa65.appspot.com/o/coffee%2FRobusta%20B%E1%BA%A3o%20L%C3%A2m%2C%20L%C3%A2m%20%C4%90%E1%BB%93ng%20Honey%20Process%20(%20Ch%E1%BA%A5t%20l%C6%B0%E1%BB%A3ng%20cao)%20-%20Stupiducks%20Specialty%20Coffee%2F03-04-2024T20%3A04%3A40PMlamdong_sub_2.webp?alt=media&token=bf19a5c3-dd83-4c58-9421-5aeecc6cb760','2024-04-03',NULL,_binary '',46),(174,'03-04-2024T20:04:41PMyunnan.webp','https://firebasestorage.googleapis.com/v0/b/filtro-1aa65.appspot.com/o/coffee%2FPh%E1%BB%95%20Nh%C4%A9%20V%C3%A2n%20Nam%20Trung%20Qu%E1%BB%91c%20Winey%20Natural%2F03-04-2024T20%3A04%3A41PMyunnan.webp?alt=media&token=5cd20d88-9ec3-4ed2-a935-f72605b65fe0','2024-04-03',NULL,_binary '',47),(175,'03-04-2024T20:04:78PMyunnan_sub_2.webp','https://firebasestorage.googleapis.com/v0/b/filtro-1aa65.appspot.com/o/coffee%2FPh%E1%BB%95%20Nh%C4%A9%20V%C3%A2n%20Nam%20Trung%20Qu%E1%BB%91c%20Winey%20Natural%2F03-04-2024T20%3A04%3A78PMyunnan_sub_2.webp?alt=media&token=4d19b4e6-7681-48e4-bb3b-0dd164559ea6','2024-04-03',NULL,_binary '',47),(176,'03-04-2024T20:04:78PMyunnan_sub_1.webp','https://firebasestorage.googleapis.com/v0/b/filtro-1aa65.appspot.com/o/coffee%2FPh%E1%BB%95%20Nh%C4%A9%20V%C3%A2n%20Nam%20Trung%20Qu%E1%BB%91c%20Winey%20Natural%2F03-04-2024T20%3A04%3A78PMyunnan_sub_1.webp?alt=media&token=0c2cca12-dc88-4f68-8ecc-3a54a075f2e3','2024-04-03',NULL,_binary '',47),(177,'03-04-2024T20:04:78PMyunnan_sub_3.webp','https://firebasestorage.googleapis.com/v0/b/filtro-1aa65.appspot.com/o/coffee%2FPh%E1%BB%95%20Nh%C4%A9%20V%C3%A2n%20Nam%20Trung%20Qu%E1%BB%91c%20Winey%20Natural%2F03-04-2024T20%3A04%3A78PMyunnan_sub_3.webp?alt=media&token=89fbfa4c-1ef5-4dff-b0ab-4937225cdfd5','2024-04-03',NULL,_binary '',47),(178,'03-04-2024T20:04:78PMyunnan_sub_4.webp','https://firebasestorage.googleapis.com/v0/b/filtro-1aa65.appspot.com/o/coffee%2FPh%E1%BB%95%20Nh%C4%A9%20V%C3%A2n%20Nam%20Trung%20Qu%E1%BB%91c%20Winey%20Natural%2F03-04-2024T20%3A04%3A78PMyunnan_sub_4.webp?alt=media&token=3fb91733-a388-42d2-8c90-a587fe878e39','2024-04-03',NULL,_binary '',47),(179,'03-04-2024T20:04:19PMshg.webp','https://firebasestorage.googleapis.com/v0/b/filtro-1aa65.appspot.com/o/coffee%2FVi%E1%BB%87t%20Nam%20Arabica%20%C4%90%C3%A0%20L%E1%BA%A1t%20Fully%20Washed%20SHG%20Lotus%2F03-04-2024T20%3A04%3A19PMshg.webp?alt=media&token=4832b791-e737-48bf-b599-7d42dd615b64','2024-04-03',NULL,_binary '',48),(180,'03-04-2024T20:04:10PMshg_sub_4.webp','https://firebasestorage.googleapis.com/v0/b/filtro-1aa65.appspot.com/o/coffee%2FVi%E1%BB%87t%20Nam%20Arabica%20%C4%90%C3%A0%20L%E1%BA%A1t%20Fully%20Washed%20SHG%20Lotus%2F03-04-2024T20%3A04%3A10PMshg_sub_4.webp?alt=media&token=6ef66ad6-39a8-4c36-a696-1ad18b1abfe5','2024-04-03',NULL,_binary '',48),(181,'03-04-2024T20:04:10PMshg_sub_2.webp','https://firebasestorage.googleapis.com/v0/b/filtro-1aa65.appspot.com/o/coffee%2FVi%E1%BB%87t%20Nam%20Arabica%20%C4%90%C3%A0%20L%E1%BA%A1t%20Fully%20Washed%20SHG%20Lotus%2F03-04-2024T20%3A04%3A10PMshg_sub_2.webp?alt=media&token=451817a8-66bf-48bf-96b5-4aecd3c2d01a','2024-04-03',NULL,_binary '',48),(182,'03-04-2024T20:04:10PMshg_sub_3.webp','https://firebasestorage.googleapis.com/v0/b/filtro-1aa65.appspot.com/o/coffee%2FVi%E1%BB%87t%20Nam%20Arabica%20%C4%90%C3%A0%20L%E1%BA%A1t%20Fully%20Washed%20SHG%20Lotus%2F03-04-2024T20%3A04%3A10PMshg_sub_3.webp?alt=media&token=bce206b0-3167-44f0-8d8c-63c353189681','2024-04-03',NULL,_binary '',48),(183,'03-04-2024T20:04:10PMshg_sub_1.webp','https://firebasestorage.googleapis.com/v0/b/filtro-1aa65.appspot.com/o/coffee%2FVi%E1%BB%87t%20Nam%20Arabica%20%C4%90%C3%A0%20L%E1%BA%A1t%20Fully%20Washed%20SHG%20Lotus%2F03-04-2024T20%3A04%3A10PMshg_sub_1.webp?alt=media&token=6a0df912-381a-480d-8fa7-1aac965b6895','2024-04-03',NULL,_binary '',48),(184,'03-04-2024T20:04:05PMredbull.webp','https://firebasestorage.googleapis.com/v0/b/filtro-1aa65.appspot.com/o/coffee%2FRed%20Bull%20Espresso%20Blend%2F03-04-2024T20%3A04%3A05PMredbull.webp?alt=media&token=9c3efc0f-86f4-43e4-be55-9c14b6977926','2024-04-03',NULL,_binary '',49),(185,'03-04-2024T20:04:64PMredbull_sub_3.webp','https://firebasestorage.googleapis.com/v0/b/filtro-1aa65.appspot.com/o/coffee%2FRed%20Bull%20Espresso%20Blend%2F03-04-2024T20%3A04%3A64PMredbull_sub_3.webp?alt=media&token=2f3be26c-69c9-4986-950b-ac1aa2fd59fd','2024-04-03',NULL,_binary '',49),(186,'03-04-2024T20:04:65PMredbull_sub_1.webp','https://firebasestorage.googleapis.com/v0/b/filtro-1aa65.appspot.com/o/coffee%2FRed%20Bull%20Espresso%20Blend%2F03-04-2024T20%3A04%3A65PMredbull_sub_1.webp?alt=media&token=a5062b19-cac8-4f9c-baed-19952bbf9489','2024-04-03',NULL,_binary '',49),(187,'03-04-2024T20:04:64PMredbull_sub_2.webp','https://firebasestorage.googleapis.com/v0/b/filtro-1aa65.appspot.com/o/coffee%2FRed%20Bull%20Espresso%20Blend%2F03-04-2024T20%3A04%3A64PMredbull_sub_2.webp?alt=media&token=21687d8b-b0b5-4fa8-95b2-e3abac9fb14a','2024-04-03',NULL,_binary '',49),(188,'03-04-2024T20:04:47PMethi_country_blends.webp','https://firebasestorage.googleapis.com/v0/b/filtro-1aa65.appspot.com/o/coffee%2FEthiopia%20Coffee%20-%20Country%20Blend%20Series%2F03-04-2024T20%3A04%3A47PMethi_country_blends.webp?alt=media&token=01a877fb-163e-4e07-9c62-73882a0893d4','2024-04-03',NULL,_binary '',50),(189,'03-04-2024T20:04:59PMethi_country_blends_sub_2.webp','https://firebasestorage.googleapis.com/v0/b/filtro-1aa65.appspot.com/o/coffee%2FEthiopia%20Coffee%20-%20Country%20Blend%20Series%2F03-04-2024T20%3A04%3A59PMethi_country_blends_sub_2.webp?alt=media&token=4e376dc4-dfbb-4ff9-b39f-9d9ff19b912b','2024-04-03',NULL,_binary '',50),(190,'03-04-2024T20:04:59PMethi_country_blends_sub_1.webp','https://firebasestorage.googleapis.com/v0/b/filtro-1aa65.appspot.com/o/coffee%2FEthiopia%20Coffee%20-%20Country%20Blend%20Series%2F03-04-2024T20%3A04%3A59PMethi_country_blends_sub_1.webp?alt=media&token=eeed473f-6aac-40f6-93dd-05bb7e0aca2a','2024-04-03',NULL,_binary '',50),(191,'03-04-2024T20:04:97PMcolombia_blends.webp','https://firebasestorage.googleapis.com/v0/b/filtro-1aa65.appspot.com/o/coffee%2FC%C3%A0%20ph%C3%AA%20h%E1%BA%A1t%20rang%20Specialty%20Coffee%20-%20Colombia%20Coffee%20-%20Country%20Blend%20Series%2F03-04-2024T20%3A04%3A97PMcolombia_blends.webp?alt=media&token=473b12ff-b746-4560-a984-38c616b3ed42','2024-04-03',NULL,_binary '',51),(192,'03-04-2024T20:04:79PMcolombia_blends_sub_3.webp','https://firebasestorage.googleapis.com/v0/b/filtro-1aa65.appspot.com/o/coffee%2FC%C3%A0%20ph%C3%AA%20h%E1%BA%A1t%20rang%20Specialty%20Coffee%20-%20Colombia%20Coffee%20-%20Country%20Blend%20Series%2F03-04-2024T20%3A04%3A79PMcolombia_blends_sub_3.webp?alt=media&token=89e3bd47-9624-411a-9969-55ab46535895','2024-04-03',NULL,_binary '',51),(193,'03-04-2024T20:04:79PMcolombia_blends_sub_1.webp','https://firebasestorage.googleapis.com/v0/b/filtro-1aa65.appspot.com/o/coffee%2FC%C3%A0%20ph%C3%AA%20h%E1%BA%A1t%20rang%20Specialty%20Coffee%20-%20Colombia%20Coffee%20-%20Country%20Blend%20Series%2F03-04-2024T20%3A04%3A79PMcolombia_blends_sub_1.webp?alt=media&token=0186e462-6a00-4195-bb6d-31da779e24dd','2024-04-03',NULL,_binary '',51),(194,'03-04-2024T20:04:79PMcolombia_blends_sub_2.webp','https://firebasestorage.googleapis.com/v0/b/filtro-1aa65.appspot.com/o/coffee%2FC%C3%A0%20ph%C3%AA%20h%E1%BA%A1t%20rang%20Specialty%20Coffee%20-%20Colombia%20Coffee%20-%20Country%20Blend%20Series%2F03-04-2024T20%3A04%3A79PMcolombia_blends_sub_2.webp?alt=media&token=d0d3c3a3-c59a-4a32-a9f5-ff79190eced0','2024-04-03',NULL,_binary '',51),(195,'03-04-2024T21:04:16PMothaya.webp','https://firebasestorage.googleapis.com/v0/b/filtro-1aa65.appspot.com/o/coffee%2FKenya%20Othaya%20FCS%20Kiaguthu%20Factory%20AA%20Natural%2F03-04-2024T21%3A04%3A16PMothaya.webp?alt=media&token=749b97a3-fa0c-48f6-bc01-6047e3d23b01','2024-04-03',NULL,_binary '',52),(196,'03-04-2024T21:04:23PMothaya_sub_4.webp','https://firebasestorage.googleapis.com/v0/b/filtro-1aa65.appspot.com/o/coffee%2FKenya%20Othaya%20FCS%20Kiaguthu%20Factory%20AA%20Natural%2F03-04-2024T21%3A04%3A23PMothaya_sub_4.webp?alt=media&token=49659701-9863-44e4-853f-8efe0aa6f2ec','2024-04-03',NULL,_binary '',52),(197,'03-04-2024T21:04:23PMothaya_sub_2.webp','https://firebasestorage.googleapis.com/v0/b/filtro-1aa65.appspot.com/o/coffee%2FKenya%20Othaya%20FCS%20Kiaguthu%20Factory%20AA%20Natural%2F03-04-2024T21%3A04%3A23PMothaya_sub_2.webp?alt=media&token=799b722a-5ad5-491a-86cf-de47d4c8a926','2024-04-03',NULL,_binary '',52),(198,'03-04-2024T21:04:23PMothaya_sub_1.webp','https://firebasestorage.googleapis.com/v0/b/filtro-1aa65.appspot.com/o/coffee%2FKenya%20Othaya%20FCS%20Kiaguthu%20Factory%20AA%20Natural%2F03-04-2024T21%3A04%3A23PMothaya_sub_1.webp?alt=media&token=32dc1fd3-404f-42f2-bb8a-2e46c3e3cbe3','2024-04-03',NULL,_binary '',52),(199,'03-04-2024T21:04:23PMothaya_sub_5.webp','https://firebasestorage.googleapis.com/v0/b/filtro-1aa65.appspot.com/o/coffee%2FKenya%20Othaya%20FCS%20Kiaguthu%20Factory%20AA%20Natural%2F03-04-2024T21%3A04%3A23PMothaya_sub_5.webp?alt=media&token=a8be4961-f070-4290-a18e-358b060227b5','2024-04-03',NULL,_binary '',52),(200,'03-04-2024T21:04:23PMothaya_sub_3.webp','https://firebasestorage.googleapis.com/v0/b/filtro-1aa65.appspot.com/o/coffee%2FKenya%20Othaya%20FCS%20Kiaguthu%20Factory%20AA%20Natural%2F03-04-2024T21%3A04%3A23PMothaya_sub_3.webp?alt=media&token=5fb3f0b2-6402-4842-bad1-fa3e3fcd78c4','2024-04-03',NULL,_binary '',52),(201,'03-04-2024T22:04:11PMilly_intenso.jpg','https://firebasestorage.googleapis.com/v0/b/filtro-1aa65.appspot.com/o/coffee%2FC%C3%A0%20ph%C3%AA%20h%E1%BA%A1t%20Illy%20Intenso%20Bold%20Roast%20Beans%2F03-04-2024T22%3A04%3A11PMilly_intenso.jpg?alt=media&token=270f1ea1-f4ed-4b27-b90e-78a31f68d905','2024-04-03',NULL,_binary '',53),(202,'03-04-2024T22:04:48PMilly_intenso_sub_3.jpg','https://firebasestorage.googleapis.com/v0/b/filtro-1aa65.appspot.com/o/coffee%2FC%C3%A0%20ph%C3%AA%20h%E1%BA%A1t%20Illy%20Intenso%20Bold%20Roast%20Beans%2F03-04-2024T22%3A04%3A48PMilly_intenso_sub_3.jpg?alt=media&token=b736a1e4-3232-40fe-add3-bb827736d6cf','2024-04-03',NULL,_binary '',53),(203,'03-04-2024T22:04:48PMilly_intenso_sub_4.jpg','https://firebasestorage.googleapis.com/v0/b/filtro-1aa65.appspot.com/o/coffee%2FC%C3%A0%20ph%C3%AA%20h%E1%BA%A1t%20Illy%20Intenso%20Bold%20Roast%20Beans%2F03-04-2024T22%3A04%3A48PMilly_intenso_sub_4.jpg?alt=media&token=5aa9349c-7aea-45d1-8a41-3b54b8f33794','2024-04-03',NULL,_binary '',53),(204,'03-04-2024T22:04:48PMilly_intenso_sub_1.jpg','https://firebasestorage.googleapis.com/v0/b/filtro-1aa65.appspot.com/o/coffee%2FC%C3%A0%20ph%C3%AA%20h%E1%BA%A1t%20Illy%20Intenso%20Bold%20Roast%20Beans%2F03-04-2024T22%3A04%3A48PMilly_intenso_sub_1.jpg?alt=media&token=a6eee115-c0ce-41d8-a06f-e3f74d074d99','2024-04-03',NULL,_binary '',53),(205,'03-04-2024T22:04:48PMilly_intenso_sub_2.jpg','https://firebasestorage.googleapis.com/v0/b/filtro-1aa65.appspot.com/o/coffee%2FC%C3%A0%20ph%C3%AA%20h%E1%BA%A1t%20Illy%20Intenso%20Bold%20Roast%20Beans%2F03-04-2024T22%3A04%3A48PMilly_intenso_sub_2.jpg?alt=media&token=183bd97e-6952-42ef-ba68-b5f09daefbef','2024-04-03',NULL,_binary '',53),(206,'03-04-2024T22:04:48PMilly_intenso_sub_4.jpg','https://firebasestorage.googleapis.com/v0/b/filtro-1aa65.appspot.com/o/coffee%2FC%C3%A0%20ph%C3%AA%20h%E1%BA%A1t%20Illy%20Intenso%20Bold%20Roast%20Beans%2F03-04-2024T22%3A04%3A48PMilly_intenso_sub_4.jpg?alt=media&token=5aa9349c-7aea-45d1-8a41-3b54b8f33794','2024-04-03',NULL,_binary '',53),(207,'03-04-2024T22:04:84PMilly_ground.jpg','https://firebasestorage.googleapis.com/v0/b/filtro-1aa65.appspot.com/o/coffee%2FC%C3%A0%20ph%C3%AA%20b%E1%BB%99t%20illy%20Classico%20Coffee%20Medium%20Roasted%20Espresso%2F03-04-2024T22%3A04%3A84PMilly_ground.jpg?alt=media&token=c507c71a-6633-401e-a6b8-983b79dc9411','2024-04-03',NULL,_binary '',54),(208,'03-04-2024T22:04:59PMilly_ground_sub_2.jpg','https://firebasestorage.googleapis.com/v0/b/filtro-1aa65.appspot.com/o/coffee%2FC%C3%A0%20ph%C3%AA%20b%E1%BB%99t%20illy%20Classico%20Coffee%20Medium%20Roasted%20Espresso%2F03-04-2024T22%3A04%3A59PMilly_ground_sub_2.jpg?alt=media&token=6b08c126-a0b8-4ac6-a936-e2aa23c3ad08','2024-04-03',NULL,_binary '',54),(209,'03-04-2024T22:04:59PMilly_ground_sub_1.jpg','https://firebasestorage.googleapis.com/v0/b/filtro-1aa65.appspot.com/o/coffee%2FC%C3%A0%20ph%C3%AA%20b%E1%BB%99t%20illy%20Classico%20Coffee%20Medium%20Roasted%20Espresso%2F03-04-2024T22%3A04%3A59PMilly_ground_sub_1.jpg?alt=media&token=77c07e9a-c220-42a4-b5ee-7909b1a433e2','2024-04-03',NULL,_binary '',54),(210,'03-04-2024T22:04:15PMilly_brasil.webp','https://firebasestorage.googleapis.com/v0/b/filtro-1aa65.appspot.com/o/coffee%2FC%C3%A0%20ph%C3%AA%20h%E1%BA%A1t%20%C4%91%C3%A3%20rang%20Illy%20Arabica%20Selection%20Brasil%2F03-04-2024T22%3A04%3A15PMilly_brasil.webp?alt=media&token=39fa7c48-574b-41a5-8586-85e9f9264818','2024-04-03',NULL,_binary '',55),(211,'03-04-2024T22:04:73PMilly_brasil_sub_2.webp','https://firebasestorage.googleapis.com/v0/b/filtro-1aa65.appspot.com/o/coffee%2FC%C3%A0%20ph%C3%AA%20h%E1%BA%A1t%20%C4%91%C3%A3%20rang%20Illy%20Arabica%20Selection%20Brasil%2F03-04-2024T22%3A04%3A73PMilly_brasil_sub_2.webp?alt=media&token=13f6603c-925d-4077-bc7f-b56173755de4','2024-04-03',NULL,_binary '',55),(212,'03-04-2024T22:04:73PMilly_brasil_sub_1.webp','https://firebasestorage.googleapis.com/v0/b/filtro-1aa65.appspot.com/o/coffee%2FC%C3%A0%20ph%C3%AA%20h%E1%BA%A1t%20%C4%91%C3%A3%20rang%20Illy%20Arabica%20Selection%20Brasil%2F03-04-2024T22%3A04%3A73PMilly_brasil_sub_1.webp?alt=media&token=3948051e-cf5e-4f74-ba97-0a1579266220','2024-04-03',NULL,_binary '',55),(213,'03-04-2024T22:04:15PMilly_colombia.webp','https://firebasestorage.googleapis.com/v0/b/filtro-1aa65.appspot.com/o/coffee%2FC%C3%A0%20ph%C3%AA%20h%E1%BA%A1t%20%C4%91%C3%A3%20rang%20Illy%20Arabica%20Selection%20Columbia%2F03-04-2024T22%3A04%3A15PMilly_colombia.webp?alt=media&token=9d9e8813-c078-45f9-acf2-f65884f435c1','2024-04-03',NULL,_binary '',56),(214,'03-04-2024T22:04:50PMilly_colombia_sub_2.png','https://firebasestorage.googleapis.com/v0/b/filtro-1aa65.appspot.com/o/coffee%2FC%C3%A0%20ph%C3%AA%20h%E1%BA%A1t%20%C4%91%C3%A3%20rang%20Illy%20Arabica%20Selection%20Columbia%2F03-04-2024T22%3A04%3A50PMilly_colombia_sub_2.png?alt=media&token=89161e48-c70f-4f7d-82e3-e66ff63cba60','2024-04-03',NULL,_binary '',56),(215,'03-04-2024T22:04:50PMilly_colombia_sub_2.png','https://firebasestorage.googleapis.com/v0/b/filtro-1aa65.appspot.com/o/coffee%2FC%C3%A0%20ph%C3%AA%20h%E1%BA%A1t%20%C4%91%C3%A3%20rang%20Illy%20Arabica%20Selection%20Columbia%2F03-04-2024T22%3A04%3A50PMilly_colombia_sub_2.png?alt=media&token=89161e48-c70f-4f7d-82e3-e66ff63cba60','2024-04-03',NULL,_binary '',56),(216,'03-04-2024T22:04:50PMilly_colombia_sub_1.png','https://firebasestorage.googleapis.com/v0/b/filtro-1aa65.appspot.com/o/coffee%2FC%C3%A0%20ph%C3%AA%20h%E1%BA%A1t%20%C4%91%C3%A3%20rang%20Illy%20Arabica%20Selection%20Columbia%2F03-04-2024T22%3A04%3A50PMilly_colombia_sub_1.png?alt=media&token=f054382e-32d2-4237-a960-5db060c89162','2024-04-03',NULL,_binary '',56),(217,'03-04-2024T23:04:67PMilly_decaffeeine_sub_1.jpg','https://firebasestorage.googleapis.com/v0/b/filtro-1aa65.appspot.com/o/coffee%2FC%C3%A0%20ph%C3%AA%20b%E1%BB%99t%20illy%20Coffee%20Decaffeinated%20Medium%20roasted%2F03-04-2024T23%3A04%3A67PMilly_decaffeeine_sub_1.jpg?alt=media&token=761377fe-4d8d-4200-8b19-30cc56896c17','2024-04-03',NULL,_binary '',57),(218,'03-04-2024T23:04:10PMilly_decaffeeine_sub_1.jpg','https://firebasestorage.googleapis.com/v0/b/filtro-1aa65.appspot.com/o/coffee%2FC%C3%A0%20ph%C3%AA%20b%E1%BB%99t%20illy%20Coffee%20Decaffeinated%20Medium%20roasted%2F03-04-2024T23%3A04%3A10PMilly_decaffeeine_sub_1.jpg?alt=media&token=85e8037a-de5c-4a52-80e7-6c69571aafc2','2024-04-03',NULL,_binary '',57),(219,'03-04-2024T23:04:10PMilly_decaffeeine_sub_2.jpg','https://firebasestorage.googleapis.com/v0/b/filtro-1aa65.appspot.com/o/coffee%2FC%C3%A0%20ph%C3%AA%20b%E1%BB%99t%20illy%20Coffee%20Decaffeinated%20Medium%20roasted%2F03-04-2024T23%3A04%3A10PMilly_decaffeeine_sub_2.jpg?alt=media&token=a3b56b6b-d10e-4e16-8988-47849f413902','2024-04-03',NULL,_binary '',57);
/*!40000 ALTER TABLE `product_image` ENABLE KEYS */;
UNLOCK TABLES;

--
-- Table structure for table `product_origin`
--

DROP TABLE IF EXISTS `product_origin`;
/*!40101 SET @saved_cs_client     = @@character_set_client */;
/*!50503 SET character_set_client = utf8mb4 */;
CREATE TABLE `product_origin` (
  `id` int NOT NULL AUTO_INCREMENT,
  `name` varchar(255) DEFAULT NULL,
  `continent` varchar(45) DEFAULT NULL,
  `description` varchar(45) DEFAULT NULL,
  `status` bit(1) DEFAULT NULL,
  PRIMARY KEY (`id`)
) ENGINE=InnoDB AUTO_INCREMENT=16 DEFAULT CHARSET=utf8mb4 COLLATE=utf8mb4_0900_ai_ci;
/*!40101 SET character_set_client = @saved_cs_client */;

--
-- Dumping data for table `product_origin`
--

LOCK TABLES `product_origin` WRITE;
/*!40000 ALTER TABLE `product_origin` DISABLE KEYS */;
INSERT INTO `product_origin` VALUES (1,'Brazil','Châu Mỹ','Xuất xứ từ Brazil',_binary ''),(2,'Colombia','Châu Mỹ','Xuất xứ từ Colombia',_binary ''),(3,'Kenya','Châu Phi','Xuất xứ từ Kenya',_binary ''),(5,'Việt Nam','Châu Á','Xuất xứ từ Việt Nam',_binary ''),(6,'Ethiopia','Châu Phi','Xuất xứ từ Ethiopia',_binary ''),(7,'Honduras','Châu Mỹ','Xuất xứ từ Honduras',_binary ''),(8,'Costa Rica','Châu Mỹ','Xuất xứ từ Costa Rica',_binary ''),(9,'Thái Lan','Châu Á','Xuát xứ từ Thái Lan',_binary ''),(10,'Myanmar','Châu Á','Cà phê được trồng tại Myanmar',_binary ''),(11,'Nicagarua','Châu Mỹ','Cà phê được trồng ở Nicagarua',_binary ''),(12,'Indonesia','Châu Á','Xuất xứ từ Indonesia',_binary ''),(13,'Trung Quốc','Châu Á','Xuất xứ từ Trung Quốc',_binary ''),(14,'Ý','Châu Âu','Xuất xứ từ Ý',_binary '');
/*!40000 ALTER TABLE `product_origin` ENABLE KEYS */;
UNLOCK TABLES;

--
-- Table structure for table `review`
--

DROP TABLE IF EXISTS `review`;
/*!40101 SET @saved_cs_client     = @@character_set_client */;
/*!50503 SET character_set_client = utf8mb4 */;
CREATE TABLE `review` (
  `id` int NOT NULL AUTO_INCREMENT,
  `user_id` int DEFAULT NULL,
  `product_id` int DEFAULT NULL,
  `rating` int DEFAULT NULL,
  `comment` varchar(999) DEFAULT NULL,
  `created_at` datetime DEFAULT NULL,
  `parent_id` int DEFAULT NULL,
  PRIMARY KEY (`id`),
  KEY `FK_REVIEW_USER_idx` (`user_id`),
  KEY `FK_REVIEW_PRODUCT_idx` (`product_id`),
  CONSTRAINT `FK_REVIEW_PRODUCT` FOREIGN KEY (`product_id`) REFERENCES `product` (`id`) ON DELETE SET NULL ON UPDATE CASCADE,
  CONSTRAINT `FK_REVIEW_USER` FOREIGN KEY (`user_id`) REFERENCES `user` (`id`) ON DELETE SET NULL ON UPDATE CASCADE
) ENGINE=InnoDB AUTO_INCREMENT=429 DEFAULT CHARSET=utf8mb4 COLLATE=utf8mb4_0900_ai_ci;
/*!40101 SET character_set_client = @saved_cs_client */;

--
-- Dumping data for table `review`
--

LOCK TABLES `review` WRITE;
/*!40000 ALTER TABLE `review` DISABLE KEYS */;
INSERT INTO `review` VALUES (55,19,7,1,'NGON QUA MA','2023-10-22 00:00:00',NULL),(59,44,32,5,'Ngon ấy chứ','2023-10-22 00:00:00',NULL),(66,19,31,5,'A','2023-10-26 12:24:17',NULL),(68,19,18,5,'5 stars','2023-10-26 20:52:46',NULL),(69,21,31,1,'Abbvc','2023-11-21 21:18:02',NULL),(70,21,1,5,'Rất ngon 5 sao <3','2023-12-01 20:26:54',NULL),(72,19,1,5,'Thơm cực kì luôn á !!! 5 sao!!','2023-12-06 14:05:02',NULL),(77,44,1,3,'Cũng ổn, không như mong đợi','2023-12-06 21:25:42',NULL),(78,44,4,5,'Thơm mùi nho cực kì luôn !!','2023-12-09 13:54:13',NULL),(79,44,8,5,'Rất ngon, đáng mua','2023-12-09 14:09:09',NULL),(80,44,9,5,'Đậm chất Tây Nguyên Việt Nam !!!','2023-12-18 15:38:31',NULL),(81,21,9,4,'Không quá tệ','2023-12-18 15:58:25',NULL),(83,18,1,1,'Xin lỗi nhưng nó không hợp khẩu vị của tôi','2023-12-18 19:38:41',NULL),(95,18,10,5,'Mạnh','2023-12-18 20:19:59',NULL),(96,44,5,5,'Quá mạnh','2023-12-19 16:22:31',NULL),(98,19,11,2,'test lại 2','2023-12-27 23:56:30',NULL),(99,44,11,5,'Tuyệt cú mèo luôn á','2024-02-26 12:55:32',NULL),(102,46,40,5,'Mùi cực kì thơm luôn, có một chút ngọt nhẹ, rất đáng mua !!!','2024-04-02 16:25:05',NULL),(103,46,24,4,'Để lạnh, lắc lên là uống hết nấc <3','2024-04-02 16:26:14',NULL),(104,46,31,2,'Cũng tạm được, không hợp vị lắm','2024-04-02 16:27:42',NULL),(105,46,12,1,'Gói xanh uống không quá bùng vị, còn gói đỏ thì thật sự không thể khen nổi, tệ!!!','2024-04-02 16:31:19',NULL),(106,46,1,1,'Cho xin cảm nhận thêm đi ạ! Mình cũng muốn mua lắm mà không biết vị như thế nào','2024-04-02 16:40:28',70),(107,21,1,1,'Khá dễ uống nha, vị giống nho nhưng nó khá thơm mùi bơ nữa. Mình khuyên bạn nên bỏ 1 ít sữa vào thì sẽ ngon hơn á','2024-04-02 16:47:10',70),(108,46,41,4,'Sản phấm mới khá chất lượng','2024-04-02 16:52:03',NULL),(109,21,16,5,'Khá vừa vặn, không quá mạnh nhưng lại có 1 chút xíu ngọt','2024-04-02 17:08:34',NULL),(110,46,7,5,'Thiết kế bao bì khá đẹp, mùi thơm cực, có 1 chút xíu mùi nhẫn lúc đầu khi uống nhưng sau đó là mùi bạc hà xộc thẳng lên khuôn miệng. Khá độc lạ, khuyến khích các bạn nên mua dùng thử','2024-04-02 17:12:01',NULL),(111,46,7,1,'Xàm quá ông','2024-04-02 17:12:09',55),(112,21,8,5,'Ngon thật á, mùi dâu thêm ít sữa là quá đã !!','2024-04-02 17:14:18',NULL),(113,21,4,4,'Được','2024-04-02 17:17:54',NULL),(114,21,6,2,'Không hợp vị','2024-04-02 17:18:44',NULL),(115,21,15,4,'Hơi nhạt nhưng mà ổn','2024-04-02 17:19:49',NULL),(116,21,17,5,'Đợi quá lâu rồi hahaha','2024-04-02 17:20:20',NULL),(117,21,12,4,'Vị khá lạ nhưng cả 2 uống luân phiên thì nó ngon nha!','2024-04-02 17:21:58',NULL),(118,22,24,3,'Vị nguyên bản, OK','2024-04-02 19:05:45',NULL),(119,22,23,4,'Cũng là nguyên bản nhưng thêm 1 chút mùi hành nhân vào','2024-04-02 19:06:18',NULL),(120,22,22,5,'Rất ưng!','2024-04-02 19:06:39',NULL),(121,22,20,5,'Để lạnh uống ngon cực','2024-04-02 19:07:03',NULL),(122,22,28,2,'Vì là vị từ nhiều loại trái cây nên khá là khó xác định vị chuẩn của loại này','2024-04-02 19:08:07',NULL),(123,22,27,5,'ổn\'t','2024-04-02 19:08:37',NULL),(124,22,29,5,'Được nè','2024-04-02 19:09:06',NULL),(125,22,11,4,'Bộ con vẹt uống ngon phết','2024-04-02 19:11:30',NULL),(126,22,38,5,'Yêu vị nhoooooooo!!!!','2024-04-02 19:12:07',NULL),(127,22,36,5,'Santander đây rùi hehe','2024-04-02 19:13:02',NULL),(128,22,37,5,'Rượu vang !!','2024-04-02 19:13:27',NULL),(129,46,13,5,'Toàn bộ đều đáng thử hết hehehe','2024-04-02 20:21:57',NULL),(130,47,4,5,'Bìa đẹp, cà phê ngon khỏi chê','2024-04-02 20:33:36',NULL),(131,47,31,4,'Ủng họ hàng Việt','2024-04-02 20:34:28',NULL),(132,47,3,5,'Ngon á','2024-04-02 20:34:49',NULL),(133,47,5,4,'Màu rất đẹp, mùi cũng được','2024-04-02 20:36:19',NULL),(134,47,13,1,'Chuẩn luôn bro','2024-04-02 20:36:42',129),(135,47,13,5,'Ngon lắm','2024-04-02 21:48:29',NULL),(136,47,1,2,'Tạm','2024-04-02 21:54:38',NULL),(137,48,25,5,'Ngon!!','2024-04-02 21:57:53',NULL),(138,48,21,5,'Uống lạnh ngon phết ae à','2024-04-02 22:04:21',NULL),(139,48,26,5,'Hàng này thì quá ổn','2024-04-02 22:04:56',NULL),(140,48,36,4,'Okay','2024-04-02 22:05:17',NULL),(141,48,9,3,'Ổn','2024-04-02 22:05:48',NULL),(142,48,39,5,'Ước gì họ làm gói to hơn xíu :D','2024-04-02 22:06:29',NULL),(143,48,32,5,'Hàng Thái thì phải đỉnh rồi','2024-04-02 22:06:50',NULL),(144,48,10,4,'Việt Nam go go','2024-04-02 22:07:10',NULL),(145,49,8,1,'Thật hả?','2024-04-03 13:58:41',112),(146,49,11,3,'Mỗi bịch 1 diểm nha, không hợp vị','2024-04-03 13:59:37',NULL),(147,49,11,1,'LMAO','2024-04-03 13:59:44',125),(148,49,29,5,'Cũng là cold brew nhưng mà lạ lắm','2024-04-03 14:00:23',NULL),(149,49,9,5,'Ngạo nghễ anh em Tây Nguyên','2024-04-03 14:00:50',NULL),(150,49,14,4,'Tạm','2024-04-03 14:01:14',NULL),(151,49,15,5,'Ngon + bìa đẹp','2024-04-03 14:01:39',NULL),(152,49,2,5,'Ngon nhưng hơi đắt :v','2024-04-03 14:02:18',NULL),(153,49,1,4,'Uống cũng được mà anh em','2024-04-03 14:04:14',NULL),(154,49,8,5,'Đáng mua anh em ơi','2024-04-03 14:12:24',NULL),(155,50,4,4,'Cũng tạm ổn','2024-04-03 14:18:02',NULL),(156,50,4,1,'Chuẩn luôn anh','2024-04-03 14:18:11',113),(157,50,6,5,'Thơm mùi dâu nhá','2024-04-03 14:20:03',NULL),(158,50,7,4,'Bìa đẹp vị cũng được','2024-04-03 14:20:33',NULL),(159,50,37,5,'Mê chữ ê kéo dài','2024-04-03 14:20:54',NULL),(160,50,40,5,'Màu vàng kem sữa','2024-04-03 14:21:18',NULL),(161,50,12,2,'Tạm tạm','2024-04-03 14:21:49',NULL),(162,50,14,3,'3 gói 3 sao vậy :>','2024-04-03 14:22:08',NULL),(163,50,5,4,'Được nè','2024-04-03 14:22:34',NULL),(164,50,19,5,'Mùi này hơi lạ nhưng mê nhaaa','2024-04-03 14:22:54',NULL),(165,50,41,4,'So với bịch đỏ thì không ngon bằng','2024-04-03 14:23:23',NULL),(166,50,38,5,'Màu đẹp quá đi','2024-04-03 14:23:44',NULL),(167,51,22,3,'Không quá khác biệt so với nhứng loại khác trên thị trường','2024-04-03 14:30:27',NULL),(168,51,21,4,'Cũng bình thường','2024-04-03 14:30:40',NULL),(169,51,20,3,'Mặc dù ghi X3 nhưng nó không khác biệt là mấy','2024-04-03 14:31:02',NULL),(170,51,17,4,'Đánh giá trước khi nào hàng về sẽ ghi nhận lại','2024-04-03 14:31:31',NULL),(171,51,14,2,'2 gói kia uống được nhưng gói 3 không uống nổi vì nó nặng quá','2024-04-03 14:32:08',NULL),(172,51,18,5,'vì nó rank 11','2024-04-03 14:32:27',NULL),(173,51,37,4,'Mã đẹp, uống cũng okay','2024-04-03 14:32:42',NULL),(174,51,13,4,'Con bò đỏ uống không ỏn còn lại thì ngon','2024-04-03 14:33:10',NULL),(175,51,2,3,'Mới thử 3/6 gói, khi nào thử hết sẽ edit lại','2024-04-03 14:33:44',NULL),(176,51,10,5,'Dark robusta uống nó đã gì đâu, quá mạnh','2024-04-03 14:34:11',NULL),(177,51,36,5,'Yêu','2024-04-03 14:34:34',NULL),(178,52,24,3,'LMAO, uống như cà phê máy vậy :v','2024-04-03 14:40:51',NULL),(179,52,23,4,'Cũng là cà phê máy nhưng có vị hơn 1 chút','2024-04-03 14:41:18',NULL),(180,52,20,1,'Chuẩn thiệt ấy','2024-04-03 14:41:34',169),(181,52,20,4,'Không biết đánh giá như thế nào','2024-04-03 14:41:53',NULL),(182,52,16,5,'Được nè','2024-04-03 14:42:11',NULL),(183,52,28,5,'Uống được, để sau mua chai lớn hơn','2024-04-03 14:42:52',NULL),(184,52,27,1,'Tệ!!!','2024-04-03 14:43:17',NULL),(185,52,25,1,'Không hợp lắm','2024-04-03 14:43:47',NULL),(186,52,31,5,'cà phê Tây Nguyên uống ngon thật','2024-04-03 14:44:26',NULL),(187,52,39,5,'Robustaaaaaa','2024-04-03 14:45:30',NULL),(188,52,39,1,'Chuẩn nà','2024-04-03 14:45:39',142),(189,53,41,3,'Không bắt mùi lắm nên cũng chả rõ vị gì','2024-04-03 14:51:16',NULL),(190,53,40,4,'Bìa đẹp, uống được nha mina','2024-04-03 14:51:50',NULL),(191,53,30,5,'Này rẻ mà uống ngon thật','2024-04-03 14:52:08',NULL),(192,53,2,1,'Chịu ông đấy :))','2024-04-03 14:52:28',175),(193,53,2,5,'Giá hơi chát nhưng uống quá ngon','2024-04-03 14:52:50',NULL),(194,53,12,5,'Uống ngon, 2 gói đều đã','2024-04-03 14:53:27',NULL),(195,53,20,2,'Không ngon lắm','2024-04-03 14:53:55',NULL),(196,53,21,3,'Vị này thì hơi bình thường dù ghi là kem socola','2024-04-03 14:54:18',NULL),(197,53,22,1,'Ai uống thì khen chứ tôi chê nhe, đắt hơn, x3 lần nhưng thật sự là quá tệ','2024-04-03 14:55:12',NULL),(198,53,32,2,'Yêu Thái Lan nhưng không phải sản phẩm này','2024-04-03 14:55:39',NULL),(199,54,36,3,'Tạm nhưng mà hơi đắt','2024-04-03 15:05:17',NULL),(200,54,18,4,'Được','2024-04-03 15:05:30',NULL),(201,54,17,3,'Tạm thôi','2024-04-03 15:05:49',NULL),(202,54,8,4,'Okay luôn','2024-04-03 15:06:08',NULL),(203,54,30,5,'Ngon bổ rẻ là đây','2024-04-03 15:06:32',NULL),(204,54,30,1,'Ê thiệt luôn á','2024-04-03 15:06:40',191),(205,54,25,2,'Chịu, không biết đánh giá sao luôn','2024-04-03 15:07:27',NULL),(206,54,28,5,'Oui oui baguette','2024-04-03 15:09:45',NULL),(207,54,16,4,'Ổn nè','2024-04-03 15:10:12',NULL),(208,54,6,5,'Arabica pink bourbon letgooooooooo','2024-04-03 15:11:00',NULL),(209,54,14,5,'Theo tôi thấy thì 3 gói này giá cũng hợp lý rồi, vị thì tương đương giá nên không chê','2024-04-03 15:11:46',NULL),(210,54,15,5,'Supremo, phải chi có gói 500gr :(','2024-04-03 15:12:27',NULL),(211,55,55,5,'Hết Ý','2024-04-11 20:42:28',NULL),(212,55,56,5,'MÊ lắm','2024-04-11 20:42:53',NULL),(213,55,25,5,'5 sao lun','2024-04-11 20:43:22',NULL),(214,55,27,4,'Được','2024-04-11 20:43:49',NULL),(215,55,28,4,'Vị cũng tạm','2024-04-11 20:44:22',NULL),(216,55,48,5,'Dallas đây rùi, thich lắm','2024-04-11 20:44:39',NULL),(217,56,44,5,'Uống ngọt thanh, thơm ca cao','2024-04-11 20:49:15',NULL),(218,56,45,5,'Cover đẹp 5 sao','2024-04-11 20:49:28',NULL),(219,56,42,5,'Lmao! Cái này uống được thế','2024-04-11 20:49:50',NULL),(220,56,41,5,'Uống được mà mấy cha?','2024-04-11 20:50:11',NULL),(221,56,38,4,'Khá ổn nhưng hơi thiếu gì đó','2024-04-11 20:51:19',NULL),(222,56,37,5,'Thơm nổ mũi','2024-04-11 20:52:07',NULL),(223,56,15,3,'Được thôi','2024-04-11 20:52:26',NULL),(224,57,46,5,'Chất lượng cao thật','2024-04-11 20:56:28',NULL),(225,57,47,3,'Cà phê Trung à ?','2024-04-11 20:57:01',NULL),(226,57,51,5,'Ngon à nha kkkk','2024-04-11 20:57:45',NULL),(227,57,22,4,'Thơm với khá nồng mùi trái cây','2024-04-11 20:58:37',NULL),(228,57,10,3,'Tạm thôiii','2024-04-11 20:58:58',NULL),(229,57,9,1,'Xin chê nha ?','2024-04-11 20:59:33',NULL),(230,57,12,5,'five stars ???','2024-04-11 21:00:05',NULL),(231,58,18,4,'Top notch','2024-04-11 21:04:43',NULL),(232,58,17,5,'Mạnh','2024-04-11 21:04:58',NULL),(233,58,32,4,'Ủng hộ trước','2024-04-11 21:05:18',NULL),(234,58,31,4,'Ước gì học có C4 ?','2024-04-11 21:05:43',NULL),(235,58,43,5,'Nhìn như cỏ bông lao =))','2024-04-11 21:06:06',NULL),(236,58,49,5,'Leipzig?','2024-04-11 21:06:23',NULL),(237,58,50,5,'Ngon như mẹ làm','2024-04-11 21:06:40',NULL),(238,59,7,5,'Được của nó đấy','2024-04-11 21:11:51',NULL),(239,59,8,1,'??','2024-04-11 21:12:37',NULL),(240,59,5,1,'Nhạt toẹt','2024-04-11 21:12:58',NULL),(241,59,1,4,'Fair','2024-04-11 21:13:20',NULL),(242,59,11,1,'GÂU GÂU','2024-04-11 21:13:37',NULL),(243,59,16,1,'BOOMB','2024-04-11 21:13:53',NULL),(244,59,13,1,'tẹt tẹt ga','2024-04-11 21:14:09',NULL),(245,59,24,5,'YAYYYYYY','2024-04-11 21:14:21',NULL),(246,60,52,5,'Đáng kỳ vọng','2024-04-11 21:18:42',NULL),(247,60,29,1,'Không ổn đâu','2024-04-11 21:18:56',NULL),(248,60,27,2,'SIUU','2024-04-11 21:19:13',NULL),(249,60,26,4,'Tạm chấp nhận','2024-04-11 21:19:41',NULL),(250,60,25,3,'Không đã lắm','2024-04-11 21:19:59',NULL),(251,60,36,1,'Ngọt dữ vậy','2024-04-11 21:20:16',NULL),(252,60,14,1,'¿ cầu kì thì chỉ đến thế','2024-04-11 21:20:36',NULL),(253,60,53,5,'Ú òa đáng mong chờ','2024-04-11 21:21:09',NULL),(254,60,54,5,'Nhìn đẹp quá','2024-04-11 21:21:31',NULL),(255,60,57,5,'Quá ok luôn','2024-04-11 21:21:54',NULL),(256,61,3,4,'Yes sir','2024-04-11 22:07:21',NULL),(257,61,4,1,'Tệ quá đi','2024-04-11 22:08:06',NULL),(258,61,5,3,'Vừa tầm','2024-04-11 22:08:19',NULL),(259,61,6,4,'Cuốn phết ae ơi','2024-04-11 22:08:37',NULL),(260,61,7,2,'Thất vọng','2024-04-11 22:16:26',NULL),(261,61,8,2,'Rất hỏi chấm','2024-04-11 22:16:41',NULL),(262,61,11,4,'Được phết','2024-04-11 22:17:01',NULL),(263,61,10,1,'Không biết nói gì luôn','2024-04-11 22:17:32',NULL),(264,61,12,3,'Tạm tạm thôi','2024-04-11 22:17:46',NULL),(265,61,2,4,'Ngon đấy mua thử đi các bạn','2024-04-11 22:18:07',NULL),(266,62,42,5,'Yess sirrr','2024-04-12 22:10:06',NULL),(267,62,41,5,'Quá ngon','2024-04-12 22:10:39',NULL),(268,62,30,3,'Cũng OK','2024-04-12 22:10:53',NULL),(269,62,28,3,'OK đấy','2024-04-12 22:11:06',NULL),(270,62,27,3,'Châu Á','2024-04-12 22:11:22',NULL),(271,62,26,3,'Ổn','2024-04-12 22:11:41',NULL),(272,62,25,4,'Ok đấy','2024-04-12 22:11:57',NULL),(273,63,57,4,'Được đó','2024-04-12 22:26:35',NULL),(274,63,56,5,'Quá được luôn','2024-04-12 22:27:04',NULL),(275,63,55,5,'Brazil anh em ơi','2024-04-12 22:27:18',NULL),(276,63,54,5,'Thơm quá trời ?','2024-04-12 22:27:45',NULL),(277,63,53,4,'Tuyệt','2024-04-12 22:28:09',NULL),(278,63,15,2,'Hype kiểu gì vậy ?','2024-04-12 22:28:26',NULL),(279,63,16,3,'Cũng được nhưng thiếu vị','2024-04-12 22:28:44',NULL),(280,63,13,3,'Bộ 3 tăng lực mỗi bịch 1 điểm','2024-04-12 22:29:18',NULL),(281,63,14,5,'Đã','2024-04-12 22:29:34',NULL),(282,63,17,5,'Ngon lắm','2024-04-12 22:29:48',NULL),(283,63,18,3,'Không muốn chê nhưng mà thôi đành cho 3 sao vậy','2024-04-12 22:30:14',NULL),(284,63,19,5,'Rec bịch này cho anh em','2024-04-12 22:30:29',NULL),(285,64,2,5,'Đắt quá ad ơi :( nhưng ngon','2024-04-13 12:03:51',NULL),(286,64,3,5,'Letttt gooooo','2024-04-13 12:04:06',NULL),(287,64,4,3,'Đen thật','2024-04-13 12:04:19',NULL),(288,64,5,2,'2 sao thôi','2024-04-13 12:04:41',NULL),(289,64,6,3,'Cũng tạm thôi','2024-04-13 12:05:18',NULL),(290,64,20,5,'NGONNNN','2024-04-13 12:05:29',NULL),(291,64,21,1,'Uống tệ hơn cả cái Tradition LMAOOO','2024-04-13 12:06:09',NULL),(292,64,22,2,'X3 đấy LOL','2024-04-13 12:06:34',NULL),(293,64,32,3,'Hồn Thái nhưng xác Việt???','2024-04-13 12:07:01',NULL),(294,65,40,3,'Có gì đó thiếu thiếu','2024-04-13 12:12:30',NULL),(295,65,41,1,'ổn đấy','2024-04-13 12:13:08',NULL),(296,65,43,4,'4 sao thuiii 1 sao còn lại uống thử rồi đánh giá tiếp hêhhee','2024-04-13 12:13:54',NULL),(297,65,50,1,'Xạo quá bro','2024-04-13 12:14:10',237),(298,65,50,4,'Vị bùi nhẹ nhưng phải chi nó mạnh hơn chút là quá đã luôn','2024-04-13 12:14:47',NULL),(299,65,49,5,'Mạnh như redbull','2024-04-13 12:15:16',NULL),(300,65,48,1,'Đà Lạt đây rồi','2024-04-13 12:15:32',NULL),(301,65,36,2,'1+1 = ?','2024-04-13 12:16:09',NULL),(302,65,37,5,'Phê thật','2024-04-13 12:16:27',NULL),(303,65,38,3,'Thơm nhưng phải chi có size lơn hơn thì quá đã','2024-04-13 12:17:14',NULL),(304,65,52,4,'Khá được đấy','2024-04-13 12:17:55',NULL),(305,66,12,5,'Cháy thật','2024-04-13 12:29:39',NULL),(306,66,9,5,'Đậm đặc là rõ','2024-04-13 12:29:54',NULL),(307,66,9,1,'Chê cái gì thế bro?','2024-04-13 12:30:04',229),(308,66,7,5,'Ngon thật','2024-04-13 12:30:38',NULL),(309,66,10,5,'Được phết ý','2024-04-13 12:31:13',NULL),(310,66,16,2,'NAH','2024-04-13 12:31:30',NULL),(311,66,18,5,'Tràn trề năng lượng','2024-04-13 12:31:51',NULL),(312,66,19,4,'Cũng ok phết đấy','2024-04-13 12:32:07',NULL),(313,66,23,5,'Đặc biệt thật đấy ???','2024-04-13 12:32:35',NULL),(314,66,30,4,'Ngon bổ rẻ','2024-04-13 12:33:13',NULL),(315,66,39,5,'GIA LAI FOR REAL','2024-04-13 12:33:34',NULL),(316,66,46,5,'Bìa đẹp thặc','2024-04-13 12:33:51',NULL),(317,66,47,4,'Cũng bình thường mà đắt thế','2024-04-13 12:34:19',NULL),(318,66,44,5,'Bìa đẹp quá trời','2024-04-13 12:34:35',NULL),(319,66,45,5,'Tỉnh táo cực mạnh','2024-04-13 12:35:00',NULL),(320,67,57,5,'Phát huy tiếp nha','2024-04-13 12:55:23',NULL),(321,67,56,5,'Arabicaaaa','2024-04-13 12:55:35',NULL),(322,67,53,3,'Cũng được','2024-04-13 12:56:11',NULL),(323,67,55,4,'Đậm chất Nam Mỹ','2024-04-13 12:56:42',NULL),(324,67,26,5,'Hết nấc','2024-04-13 12:56:54',NULL),(325,67,27,4,'Ngon','2024-04-13 12:57:05',NULL),(326,67,28,4,'Ngon','2024-04-13 12:57:20',NULL),(327,67,29,4,'Cho tí sữa vào là quá đã luôn','2024-04-13 12:57:43',NULL),(328,67,30,5,'Rẻ nhưng ngon','2024-04-13 12:58:08',NULL),(329,67,30,1,'Chuẩn thầy ạ','2024-04-13 12:58:16',314),(330,67,36,5,'Ngon mà nhiều ông chê thế?','2024-04-13 12:58:35',NULL),(331,67,37,4,'Đắt thật :(','2024-04-13 12:58:59',NULL),(332,67,3,5,'Nổ mũi','2024-04-13 12:59:21',NULL),(333,68,1,5,'Ngon mà ae','2024-04-13 13:21:56',NULL),(334,68,2,5,'Không chê được, quá đỉnh','2024-04-13 13:22:29',NULL),(335,68,3,3,'Tạm chấp nhận','2024-04-13 13:22:52',NULL),(336,68,5,5,'Cũng mạnh','2024-04-13 13:23:08',NULL),(337,68,6,5,'Đúng là hàng Exotic','2024-04-13 13:23:34',NULL),(338,68,8,5,'Dâu','2024-04-13 13:23:47',NULL),(339,68,49,4,'Khá ổn nhưng phải chi có vị khác','2024-04-13 13:24:27',NULL),(340,68,48,4,'Thơm quá','2024-04-13 13:24:43',NULL),(341,68,48,1,'? rồi sao cho 1 sao vậy ông','2024-04-13 13:24:55',300),(342,68,50,5,'Được phết nhờ','2024-04-13 13:25:17',NULL),(343,68,51,5,'Cái này cũng ngon','2024-04-13 13:25:31',NULL),(344,68,42,5,'Ngon quá trời quá đất','2024-04-13 13:25:52',NULL),(345,68,43,5,'Robustaaaa','2024-04-13 13:26:03',NULL),(346,68,44,5,'Ổn quá','2024-04-13 13:26:19',NULL),(347,69,11,5,'NGON!!!!','2024-04-14 22:38:18',NULL),(348,69,4,2,'So giá với chất lượng thì tôi không đánh giá cao','2024-04-14 22:38:44',NULL),(349,69,3,5,'Cà phê Trung Mỹ có khác ?','2024-04-14 22:39:15',NULL),(350,69,10,5,'Ngon bổ rẻ, sao lại không ?','2024-04-14 22:39:35',NULL),(351,69,19,5,'Giá này khá canh tranh đấy nhưng chất lượng thì khỏi bàn','2024-04-14 22:40:00',NULL),(352,69,17,5,'Giá hơi chát nhưng quá chất lượng rồi','2024-04-14 22:40:27',NULL),(353,69,39,4,'Không khác mấy các mẫu của bên Trung Nguyên ?','2024-04-14 22:41:03',NULL),(354,69,31,1,'Láo :))','2024-04-14 22:41:16',234),(355,69,31,3,'Tạm được thôi à','2024-04-14 22:41:27',NULL),(356,69,46,2,'Cũng vậy nhưng được cái cover đẹp','2024-04-14 22:41:57',NULL),(357,69,47,4,'Khá chất lượng đấy','2024-04-14 22:42:13',NULL),(358,69,45,3,'So với những mẫu từ Kenya trước thì nó cũng không khác mấy','2024-04-14 22:43:00',NULL),(359,69,44,4,'Cái này uống khá được','2024-04-14 22:43:19',NULL),(360,69,42,5,'Có mùi gỗ thật','2024-04-14 22:43:51',NULL),(361,69,43,5,'Ổn','2024-04-14 22:44:18',NULL),(362,70,48,5,'Cũng ngon phết','2024-04-14 23:20:54',NULL),(363,70,40,5,'Quá tuyệt vời','2024-04-14 23:21:05',NULL),(364,70,41,5,'Thơm mật ong quá trời','2024-04-14 23:21:23',NULL),(365,70,51,4,'Cũng được','2024-04-14 23:21:38',NULL),(366,70,50,3,'Tạm','2024-04-14 23:21:56',NULL),(367,70,52,5,'Uống ngon lắm','2024-04-14 23:22:09',NULL),(368,70,38,5,'+1 cho cover quá đẹp','2024-04-14 23:22:23',NULL),(369,70,32,5,'Rẻ mà thơm ngon nha','2024-04-14 23:22:52',NULL),(370,70,30,5,'Bổ','2024-04-14 23:23:02',NULL),(371,70,29,5,'Đặc biệt thật','2024-04-14 23:23:23',NULL),(372,71,53,5,'Intense baby boizz','2024-04-15 12:27:45',NULL),(373,71,55,5,'Quá đã','2024-04-15 12:28:01',NULL),(374,71,57,3,'Vì nó là decaffein nên hơi nhạt','2024-04-15 12:28:30',NULL),(375,71,49,5,'Mạnh như bò cụng vậy','2024-04-15 12:28:49',NULL),(376,71,48,3,'Cũng tạm tạm','2024-04-15 12:29:03',NULL),(377,71,27,4,'Khá ổn đấy','2024-04-15 12:29:27',NULL),(378,71,25,4,'Khá bình thường','2024-04-15 12:30:04',NULL),(379,71,19,5,'Ngon đấy!!','2024-04-15 12:30:32',NULL),(380,71,24,2,'Quá là bình thường','2024-04-15 12:30:50',NULL),(381,72,8,3,'Chất lượng so với giá thì khá bình thường','2024-04-15 12:35:26',NULL),(382,72,7,5,'Ngon nè','2024-04-15 12:35:37',NULL),(383,72,6,5,'Cái này thì chất lượng quá rồi','2024-04-15 12:35:55',NULL),(384,72,15,5,'NGON THẬT','2024-04-15 12:36:26',NULL),(385,72,16,5,'Thêm size 1kg uống cho nó đã ad ơiiiii','2024-04-15 12:36:51',NULL),(386,72,17,5,'Hàng xịn','2024-04-15 12:37:02',NULL),(387,72,18,5,'Chất lương đi đôi với giá tiền thật :3','2024-04-15 12:37:29',NULL),(388,72,38,1,'Công tâm thì cái giá này quá cao so với những gì được nhận','2024-04-15 12:39:24',NULL),(389,72,31,5,'FIREEEE','2024-04-15 12:39:45',NULL),(390,73,42,4,'Cuốn','2024-04-15 12:46:09',NULL),(391,73,43,4,'Cà phê Indo uống cũng khá hay ho','2024-04-15 12:46:33',NULL),(392,73,46,5,'Vị khá là funky','2024-04-15 12:49:44',NULL),(393,73,47,4,'Uống cũng được mà mấy ní?','2024-04-15 12:50:12',NULL),(394,73,50,5,'Cà phê mẹ làm??','2024-04-15 12:50:32',NULL),(395,73,52,5,'Khá ngon bao bì cũng khá bắt mắt','2024-04-15 12:54:58',NULL),(396,73,14,5,'Chất lượng cả 3','2024-04-15 13:00:05',NULL),(397,73,22,5,'Đậm','2024-04-15 13:00:21',NULL),(398,73,21,5,'Ngon quá','2024-04-15 13:00:34',NULL),(399,73,20,3,'Được nhưng giá hơi cao','2024-04-15 13:01:34',NULL),(400,74,13,5,'Combo này thú vị thật, quá đỉnh','2024-04-15 13:29:53',NULL),(401,74,24,1,'Uống không khác gì cà phê máy thật :v','2024-04-15 13:30:25',NULL),(402,74,28,4,'Vị không rõ ràng','2024-04-15 13:30:50',NULL),(403,74,29,5,'5 sao vì nó đặc biệt','2024-04-15 13:31:05',NULL),(404,74,37,5,'Sao nó có thể thơm thế này, mùi giống cà chua khá thú vị','2024-04-15 13:31:53',NULL),(405,74,36,5,'ĐỈNH','2024-04-15 13:32:09',NULL),(406,74,38,2,'Giá hơi chua','2024-04-15 13:32:34',NULL),(407,74,54,5,'Bột mịn quá','2024-04-15 13:32:54',NULL),(408,74,49,5,'Nhìn nó lực, thề!','2024-04-15 13:33:08',NULL),(409,74,40,5,'Không chê được','2024-04-15 13:33:19',NULL),(410,75,46,4,'Thơm, body ổn với texture chắc nịt','2024-04-15 13:46:45',NULL),(411,75,45,4,'Có vị ngọt hậu khá ổn','2024-04-15 13:47:08',NULL),(412,75,44,5,'Vừa mùi dâu vừa anh đào, thơm nổ mũi','2024-04-15 13:47:32',NULL),(413,75,50,4,'Có mùi quýt, vải với dâu khá hợp lý','2024-04-15 13:48:12',NULL),(414,75,48,5,'Đổ thêm sữa là đúng bài luôn','2024-04-15 13:48:33',NULL),(415,75,55,5,'Hộp nhìn chắc chăn, nhân cà phê màu đẹp quá','2024-04-15 13:48:56',NULL),(416,75,53,5,'Cái này làm latte thì ngon quá','2024-04-15 13:49:38',NULL),(417,75,32,1,'Tệ!','2024-04-15 13:50:33',NULL),(418,75,28,1,'Nó cứ kiểu kiểu gì ấy','2024-04-15 13:51:00',NULL),(419,76,5,5,'Ngon với thơm lắm','2024-04-15 15:45:00',NULL),(420,76,30,3,'Tiền đi đôi với chất lượng','2024-04-15 15:45:33',NULL),(421,76,29,3,'Cũng bình thường','2024-04-15 15:46:03',NULL),(422,76,20,5,'Ngon nè','2024-04-15 15:46:17',NULL),(423,76,23,5,'Quá chất lượng nhưng hơi đắt','2024-04-15 15:46:41',NULL),(424,76,21,2,'Nhạt quá đi','2024-04-15 15:47:18',NULL),(425,76,42,5,'Quá ngon luôn anh em ơi','2024-04-15 15:47:37',NULL),(426,76,51,5,'Sô cô la + trái cây = 5 sao go go go','2024-04-15 15:48:22',NULL),(427,76,47,5,'Tuy mác Trung Quốc nhưng chất lượng đấy ae à','2024-04-15 15:48:56',NULL),(428,76,57,2,'Decaffein :<','2024-04-15 15:49:25',NULL);
/*!40000 ALTER TABLE `review` ENABLE KEYS */;
UNLOCK TABLES;

--
-- Table structure for table `sale`
--

DROP TABLE IF EXISTS `sale`;
/*!40101 SET @saved_cs_client     = @@character_set_client */;
/*!50503 SET character_set_client = utf8mb4 */;
CREATE TABLE `sale` (
  `id` int NOT NULL AUTO_INCREMENT,
  `name` varchar(255) DEFAULT NULL,
  `description` varchar(255) DEFAULT NULL,
  `start` date DEFAULT NULL,
  `end` date DEFAULT NULL,
  `discount` int DEFAULT NULL,
  `status` bit(1) DEFAULT NULL,
  PRIMARY KEY (`id`)
) ENGINE=InnoDB AUTO_INCREMENT=9 DEFAULT CHARSET=utf8mb4 COLLATE=utf8mb4_0900_ai_ci;
/*!40101 SET character_set_client = @saved_cs_client */;

--
-- Dumping data for table `sale`
--

LOCK TABLES `sale` WRITE;
/*!40000 ALTER TABLE `sale` DISABLE KEYS */;
INSERT INTO `sale` VALUES (1,'test','asdasd','2023-09-04','2023-09-30',15,_binary ''),(2,'avx','asdasdasdsdgds','2023-09-12','2023-09-30',1,_binary ''),(3,'vcl','zxc','2023-09-07','2023-09-20',4,_binary ''),(4,'TEST','zxcxzcxz','2023-08-15','2023-09-27',3,_binary ''),(5,'AVC','XXXXX','2023-09-22','2023-09-30',1,_binary ''),(7,'VVX','asdasdasd','2023-09-18','2023-09-30',5,_binary ''),(8,'xcvxcv','xcvxcvxv','2023-09-16','2023-09-30',12,_binary '');
/*!40000 ALTER TABLE `sale` ENABLE KEYS */;
UNLOCK TABLES;

--
-- Table structure for table `shipping_method`
--

DROP TABLE IF EXISTS `shipping_method`;
/*!40101 SET @saved_cs_client     = @@character_set_client */;
/*!50503 SET character_set_client = utf8mb4 */;
CREATE TABLE `shipping_method` (
  `id` int NOT NULL AUTO_INCREMENT,
  `name` varchar(999) DEFAULT NULL,
  `surcharge` int DEFAULT NULL,
  `duration` varchar(99) DEFAULT NULL,
  PRIMARY KEY (`id`)
) ENGINE=InnoDB AUTO_INCREMENT=4 DEFAULT CHARSET=utf8mb4 COLLATE=utf8mb4_0900_ai_ci;
/*!40101 SET character_set_client = @saved_cs_client */;

--
-- Dumping data for table `shipping_method`
--

LOCK TABLES `shipping_method` WRITE;
/*!40000 ALTER TABLE `shipping_method` DISABLE KEYS */;
INSERT INTO `shipping_method` VALUES (1,'Giao hàng tiết kiệm',10000,'cuối tuần'),(2,'Giao hàng chuẩn',20000,'3-5 ngày'),(3,'Giao hàng nhanh',30000,'1-2 ngày');
/*!40000 ALTER TABLE `shipping_method` ENABLE KEYS */;
UNLOCK TABLES;

--
-- Table structure for table `taste_preferences`
--

DROP TABLE IF EXISTS `taste_preferences`;
/*!40101 SET @saved_cs_client     = @@character_set_client */;
/*!50503 SET character_set_client = utf8mb4 */;
CREATE TABLE `taste_preferences` (
  `user_id` bigint NOT NULL,
  `item_id` bigint NOT NULL,
  `preference` float DEFAULT NULL,
  PRIMARY KEY (`user_id`,`item_id`)
) ENGINE=InnoDB DEFAULT CHARSET=utf8mb4 COLLATE=utf8mb4_0900_ai_ci;
/*!40101 SET character_set_client = @saved_cs_client */;

--
-- Dumping data for table `taste_preferences`
--

LOCK TABLES `taste_preferences` WRITE;
/*!40000 ALTER TABLE `taste_preferences` DISABLE KEYS */;
INSERT INTO `taste_preferences` VALUES (7,7,7),(18,1,4),(18,2,5),(18,3,3),(18,4,4),(18,5,3),(18,6,9),(18,7,9),(18,8,7),(18,9,3),(18,10,3),(18,11,1),(18,12,1),(18,15,1),(18,16,1),(18,18,1),(18,20,2),(18,21,3),(18,22,5),(18,23,3),(20,1,3),(20,3,1),(20,5,1),(20,6,1),(20,7,2),(20,8,2),(20,10,1),(20,11,1),(20,21,1),(20,22,2),(20,23,2),(21,1,2),(21,3,5),(21,4,3),(21,6,4),(21,7,6),(21,8,6),(21,9,3),(21,10,2),(21,11,4),(21,12,1),(21,15,4),(21,16,5),(21,17,4),(21,20,6),(21,21,5),(21,22,2),(21,25,1),(21,26,4),(21,27,1),(21,28,1),(21,30,1),(22,11,1),(22,20,1),(22,21,1),(22,22,1),(22,23,1),(22,24,1),(22,27,1),(22,28,1),(22,29,1),(22,36,1),(22,37,1),(22,38,1),(22,39,1),(44,1,1),(44,4,1),(44,6,1),(44,8,1),(44,10,1),(44,11,1),(44,12,1),(44,23,1),(44,39,1),(46,7,1),(46,12,1),(46,13,1),(46,14,1),(46,24,2),(46,31,1),(46,32,1),(46,40,1),(46,41,1),(47,1,1),(47,3,2),(47,4,1),(47,5,1),(47,13,1),(47,31,1),(47,41,1),(48,9,1),(48,10,1),(48,21,1),(48,25,1),(48,26,1),(48,32,1),(48,36,1),(48,39,1),(49,1,1),(49,2,1),(49,8,1),(49,9,1),(49,11,1),(49,14,1),(49,15,1),(49,16,1),(49,29,1),(50,4,1),(50,5,1),(50,6,1),(50,7,1),(50,12,1),(50,14,1),(50,19,1),(50,37,1),(50,38,1),(50,40,1),(50,41,1),(51,2,1),(51,4,1),(51,6,1),(51,10,1),(51,13,1),(51,14,1),(51,17,1),(51,18,1),(51,20,1),(51,21,1),(51,22,1),(51,36,1),(51,37,1),(52,16,1),(52,20,1),(52,23,1),(52,24,1),(52,25,1),(52,26,1),(52,27,1),(52,28,1),(52,30,1),(52,31,1),(52,39,1),(53,2,1),(53,12,1),(53,20,1),(53,21,1),(53,22,1),(53,30,1),(53,32,1),(53,40,1),(53,41,1),(54,6,1),(54,8,1),(54,14,1),(54,15,1),(54,16,1),(54,17,1),(54,18,1),(54,25,1),(54,28,1),(54,30,1),(54,36,1),(55,25,2),(55,27,2),(55,28,2),(55,48,2),(55,55,2),(55,56,2),(56,15,1),(56,37,1),(56,38,1),(56,41,1),(56,42,1),(56,44,1),(56,45,1),(57,9,1),(57,10,1),(57,12,1),(57,21,1),(57,22,1),(57,46,1),(57,47,1),(57,51,1),(58,17,1),(58,18,1),(58,19,1),(58,31,1),(58,32,1),(58,43,1),(58,49,1),(58,50,1),(59,1,1),(59,4,1),(59,5,1),(59,7,1),(59,8,1),(59,11,1),(59,13,1),(59,16,1),(59,24,1),(60,14,1),(60,25,1),(60,26,1),(60,27,1),(60,29,1),(60,30,1),(60,36,1),(60,52,1),(60,53,1),(60,54,1),(60,57,1),(61,2,1),(61,3,1),(61,4,1),(61,5,1),(61,6,1),(61,7,1),(61,8,1),(61,10,1),(61,11,1),(61,12,1),(62,25,1),(62,26,1),(62,27,1),(62,28,1),(62,29,1),(62,30,1),(62,41,1),(62,42,1),(62,43,1),(63,13,1),(63,14,1),(63,15,1),(63,16,1),(63,17,1),(63,18,1),(63,19,1),(63,53,1),(63,54,1),(63,55,1),(63,56,1),(63,57,1),(64,2,1),(64,3,1),(64,4,1),(64,5,1),(64,6,1),(64,20,1),(64,21,1),(64,22,1),(64,32,1),(65,36,1),(65,37,1),(65,38,1),(65,40,1),(65,41,1),(65,42,1),(65,43,1),(65,48,1),(65,49,1),(65,50,1),(65,52,1),(66,7,1),(66,9,1),(66,10,1),(66,12,1),(66,16,1),(66,18,1),(66,19,1),(66,23,1),(66,30,1),(66,39,1),(66,44,1),(66,45,1),(66,46,1),(66,47,1),(67,3,1),(67,26,1),(67,27,1),(67,28,1),(67,29,1),(67,30,1),(67,36,1),(67,37,1),(67,53,1),(67,54,1),(67,55,1),(67,56,1),(67,57,1),(68,1,1),(68,2,1),(68,3,1),(68,5,1),(68,6,1),(68,8,1),(68,42,1),(68,43,1),(68,44,1),(68,48,1),(68,49,1),(68,50,1),(68,51,1),(69,3,1),(69,4,1),(69,10,1),(69,11,1),(69,17,1),(69,19,1),(69,31,1),(69,39,1),(69,42,1),(69,43,1),(69,44,1),(69,45,1),(69,46,1),(69,47,1),(70,29,1),(70,30,1),(70,32,1),(70,38,1),(70,40,1),(70,41,1),(70,48,1),(70,50,1),(70,51,1),(70,52,1),(71,19,1),(71,24,1),(71,25,1),(71,27,1),(71,48,1),(71,49,1),(71,53,1),(71,54,1),(71,55,1),(71,56,1),(71,57,1),(72,6,1),(72,7,1),(72,8,1),(72,15,1),(72,16,1),(72,17,1),(72,18,1),(72,31,1),(72,38,1),(72,39,1),(73,13,1),(73,14,1),(73,20,1),(73,21,1),(73,22,1),(73,42,1),(73,43,1),(73,46,1),(73,47,1),(73,50,1),(73,52,1),(74,13,1),(74,24,1),(74,28,1),(74,29,1),(74,36,1),(74,37,1),(74,38,1),(74,40,1),(74,49,1),(74,54,1),(75,28,1),(75,32,1),(75,44,1),(75,45,1),(75,46,1),(75,48,1),(75,50,1),(75,53,1),(75,55,1),(75,56,1);
/*!40000 ALTER TABLE `taste_preferences` ENABLE KEYS */;
UNLOCK TABLES;

--
-- Table structure for table `token`
--

DROP TABLE IF EXISTS `token`;
/*!40101 SET @saved_cs_client     = @@character_set_client */;
/*!50503 SET character_set_client = utf8mb4 */;
CREATE TABLE `token` (
  `id` int NOT NULL AUTO_INCREMENT,
  `token` varchar(999) DEFAULT NULL,
  `token_type` varchar(45) DEFAULT NULL,
  `expired` bit(1) DEFAULT NULL,
  `revoked` bit(1) DEFAULT NULL,
  `user_id` int DEFAULT NULL,
  PRIMARY KEY (`id`),
  KEY `user_token_idx` (`user_id`),
  CONSTRAINT `user_token` FOREIGN KEY (`user_id`) REFERENCES `user` (`id`) ON DELETE CASCADE ON UPDATE CASCADE
) ENGINE=InnoDB AUTO_INCREMENT=1365 DEFAULT CHARSET=utf8mb4 COLLATE=utf8mb4_0900_ai_ci;
/*!40101 SET character_set_client = @saved_cs_client */;

--
-- Dumping data for table `token`
--

LOCK TABLES `token` WRITE;
/*!40000 ALTER TABLE `token` DISABLE KEYS */;
INSERT INTO `token` VALUES (1351,'eyJhbGciOiJIUzI1NiJ9.eyJyb2xlIjpbInVzZXI6ZGVsZXRlIiwidXNlcjp1cGRhdGUiLCJ1c2VyOnJlYWQiLCJ1c2VyOmNyZWF0ZSIsIlJPTEVfVVNFUiJdLCJ1c2VybmFtZSI6Im9kYWthIiwic3ViIjoib2Rha2EiLCJpYXQiOjE3MTU5MjgyMTAsImV4cCI6MTcxNTk2NDIxMH0.kD_Xgxh50FCKQxnajrFJUZ6-6to7ZZLwixbaUW3JoVs','BEARER',_binary '',_binary '',44),(1352,'eyJhbGciOiJIUzI1NiJ9.eyJyb2xlIjpbInVzZXI6dXBkYXRlIiwidXNlcjpjcmVhdGUiLCJ1c2VyOmRlbGV0ZSIsInVzZXI6cmVhZCIsIlJPTEVfVVNFUiJdLCJ1c2VybmFtZSI6Im9kYWthIiwic3ViIjoib2Rha2EiLCJpYXQiOjE3MTYwMDY0MDUsImV4cCI6MTcxNjA0MjQwNX0.5333FbOQ2QTjyLpsJ_iPKJ3gwPCVv2i4T_uTVS7qN1I','BEARER',_binary '',_binary '',44),(1353,'eyJhbGciOiJIUzI1NiJ9.eyJ1c2VybmFtZSI6Im9kYWthIiwicm9sZSI6WyJ1c2VyOnVwZGF0ZSIsInVzZXI6Y3JlYXRlIiwidXNlcjpkZWxldGUiLCJ1c2VyOnJlYWQiLCJST0xFX1VTRVIiXSwic3ViIjoib2Rha2EiLCJpYXQiOjE3MTYxNzU0NjUsImV4cCI6MTcxNjIxMTQ2NX0.wEF45mB9tjuIDTpSJuLlZlT6gURq58nobIVbByWtZB8','BEARER',_binary '',_binary '',44),(1354,'eyJhbGciOiJIUzI1NiJ9.eyJyb2xlIjpbInVzZXI6ZGVsZXRlIiwidXNlcjp1cGRhdGUiLCJ1c2VyOnJlYWQiLCJ1c2VyOmNyZWF0ZSIsIlJPTEVfVVNFUiJdLCJ1c2VybmFtZSI6Im9kYWthIiwic3ViIjoib2Rha2EiLCJpYXQiOjE3MTYyNjIzMDYsImV4cCI6MTcxNjI5ODMwNn0.tTI109pecROOpuvGstAmO9KsVizgFjRns5YLAafFG8M','BEARER',_binary '',_binary '',44),(1355,'eyJhbGciOiJIUzI1NiJ9.eyJyb2xlIjpbInVzZXI6dXBkYXRlIiwidXNlcjpkZWxldGUiLCJ1c2VyOmNyZWF0ZSIsInVzZXI6cmVhZCIsIlJPTEVfVVNFUiJdLCJ1c2VybmFtZSI6Im9kYWthIiwic3ViIjoib2Rha2EiLCJpYXQiOjE3MTY3Nzg1ODIsImV4cCI6MTcxNjgxNDU4Mn0.ba56dJVKgbT2sPZ7IqcT7Rnjxx1qparAqmkLQqxg5g0','BEARER',_binary '',_binary '',44),(1356,'eyJhbGciOiJIUzI1NiJ9.eyJyb2xlIjpbInVzZXI6cmVhZCIsInVzZXI6Y3JlYXRlIiwidXNlcjpkZWxldGUiLCJ1c2VyOnVwZGF0ZSIsIlJPTEVfVVNFUiJdLCJ1c2VybmFtZSI6Im9kYWthIiwic3ViIjoib2Rha2EiLCJpYXQiOjE3MTY4MTcyNTMsImV4cCI6MTcxNjg1MzI1M30.aopHDR42T1U49XuI-4Eu44kZHaJhNL9nQeUCo4NsSJU','BEARER',_binary '',_binary '',44),(1357,'eyJhbGciOiJIUzI1NiJ9.eyJ1c2VybmFtZSI6Im9kYWthIiwicm9sZSI6WyJ1c2VyOnJlYWQiLCJ1c2VyOnVwZGF0ZSIsInVzZXI6ZGVsZXRlIiwidXNlcjpjcmVhdGUiLCJST0xFX1VTRVIiXSwic3ViIjoib2Rha2EiLCJpYXQiOjE3MTY4MTk0NDgsImV4cCI6MTcxNjg1NTQ0OH0.SLPrrn7uDDwQ5fEphFA9ojyQfMGbGh8-CLhHGrUthbk','BEARER',_binary '',_binary '',44),(1358,'eyJhbGciOiJIUzI1NiJ9.eyJyb2xlIjpbInVzZXI6cmVhZCIsInVzZXI6Y3JlYXRlIiwidXNlcjpkZWxldGUiLCJ1c2VyOnVwZGF0ZSIsIlJPTEVfVVNFUiJdLCJ1c2VybmFtZSI6InRlc3QyIiwic3ViIjoidGVzdDIiLCJpYXQiOjE3MTY4MTk3OTMsImV4cCI6MTcxNjg1NTc5M30.5OpY2ztctDo_LqUjAo79g3JMpbcQWKSMAiXE4D0AL4A','BEARER',_binary '',_binary '',22),(1359,'eyJhbGciOiJIUzI1NiJ9.eyJyb2xlIjpbInVzZXI6cmVhZCIsInVzZXI6ZGVsZXRlIiwidXNlcjpjcmVhdGUiLCJ1c2VyOnVwZGF0ZSIsIlJPTEVfVVNFUiJdLCJ1c2VybmFtZSI6InRlc3QyIiwic3ViIjoidGVzdDIiLCJpYXQiOjE3MTY4NjQyMDEsImV4cCI6MTcxNjkwMDIwMX0.qyjbvOr7EPnq0mphL9hhnY-Rqg1aBLzFXsIwW6yZjAo','BEARER',_binary '',_binary '',22),(1360,'eyJhbGciOiJIUzI1NiJ9.eyJ1c2VybmFtZSI6InRlc3QyIiwicm9sZSI6WyJ1c2VyOmNyZWF0ZSIsInVzZXI6cmVhZCIsInVzZXI6dXBkYXRlIiwidXNlcjpkZWxldGUiLCJST0xFX1VTRVIiXSwic3ViIjoidGVzdDIiLCJpYXQiOjE3MTY5MDM4NjQsImV4cCI6MTcxNjkzOTg2NH0.pgDcGDKFQej_uzm4rZj28J3Ba1Jf-TKCtm9lRj24V_Q','BEARER',_binary '',_binary '',22),(1361,'eyJhbGciOiJIUzI1NiJ9.eyJ1c2VybmFtZSI6InRlc3QyIiwicm9sZSI6WyJ1c2VyOmNyZWF0ZSIsInVzZXI6dXBkYXRlIiwidXNlcjpyZWFkIiwidXNlcjpkZWxldGUiLCJST0xFX1VTRVIiXSwic3ViIjoidGVzdDIiLCJpYXQiOjE3MTY5NTA4ODEsImV4cCI6MTcxNjk4Njg4MX0.1SAFkYkN4TckeWNfTT-BUKpF9hlteB7bsRurKwulIE8','BEARER',_binary '',_binary '',22),(1362,'eyJhbGciOiJIUzI1NiJ9.eyJ1c2VybmFtZSI6InRlc3QyIiwicm9sZSI6WyJ1c2VyOmNyZWF0ZSIsInVzZXI6cmVhZCIsInVzZXI6dXBkYXRlIiwidXNlcjpkZWxldGUiLCJST0xFX1VTRVIiXSwic3ViIjoidGVzdDIiLCJpYXQiOjE3MTY5OTI4NzIsImV4cCI6MTcxNzAyODg3Mn0.EQscpJfYVwouGudE-Yx5nVFhTuWr5wvacjuCNjzMxJA','BEARER',_binary '',_binary '',22),(1363,'eyJhbGciOiJIUzI1NiJ9.eyJ1c2VybmFtZSI6InRlc3QyIiwicm9sZSI6WyJ1c2VyOmNyZWF0ZSIsInVzZXI6cmVhZCIsInVzZXI6dXBkYXRlIiwidXNlcjpkZWxldGUiLCJST0xFX1VTRVIiXSwic3ViIjoidGVzdDIiLCJpYXQiOjE3MTY5OTg2ODEsImV4cCI6MTcxNzAzNDY4MX0.Kyg6gyAlSxlng0jGiwVWOOYbQY-5D1bIgm9fLhPhb4A','BEARER',_binary '',_binary '',22),(1364,'eyJhbGciOiJIUzI1NiJ9.eyJ1c2VybmFtZSI6InRlc3QyIiwicm9sZSI6WyJ1c2VyOnJlYWQiLCJ1c2VyOmRlbGV0ZSIsInVzZXI6dXBkYXRlIiwidXNlcjpjcmVhdGUiLCJST0xFX1VTRVIiXSwic3ViIjoidGVzdDIiLCJpYXQiOjE3MTcwNzc4OTIsImV4cCI6MTcxNzExMzg5Mn0.YpJ2HyFHqSY5THEK56pyZH5UlfwfD0lseWdAzrk2DQI','BEARER',_binary '\0',_binary '\0',22);
/*!40000 ALTER TABLE `token` ENABLE KEYS */;
UNLOCK TABLES;

--
-- Table structure for table `user`
--

DROP TABLE IF EXISTS `user`;
/*!40101 SET @saved_cs_client     = @@character_set_client */;
/*!50503 SET character_set_client = utf8mb4 */;
CREATE TABLE `user` (
  `id` int NOT NULL AUTO_INCREMENT,
  `firstname` varchar(255) DEFAULT NULL,
  `lastname` varchar(45) DEFAULT NULL,
  `username` varchar(45) DEFAULT NULL,
  `email` varchar(45) DEFAULT NULL,
  `password` varchar(255) DEFAULT NULL,
  `dob` date DEFAULT NULL,
  `address` varchar(255) DEFAULT NULL,
  `province` varchar(255) DEFAULT NULL,
  `district` varchar(255) DEFAULT NULL,
  `ward` varchar(255) DEFAULT NULL,
  `phone` varchar(45) DEFAULT NULL,
  `role` varchar(45) DEFAULT NULL,
  `created_date` datetime DEFAULT NULL,
  `updated_date` datetime DEFAULT NULL,
  `enabled` bit(1) DEFAULT NULL,
  PRIMARY KEY (`id`),
  UNIQUE KEY `email_UNIQUE` (`email`),
  UNIQUE KEY `username_UNIQUE` (`username`)
) ENGINE=InnoDB AUTO_INCREMENT=77 DEFAULT CHARSET=utf8mb4 COLLATE=utf8mb4_0900_ai_ci;
/*!40101 SET character_set_client = @saved_cs_client */;

--
-- Dumping data for table `user`
--

LOCK TABLES `user` WRITE;
/*!40000 ALTER TABLE `user` DISABLE KEYS */;
INSERT INTO `user` VALUES (18,'gia','phu','ogp','testing@gmail.com','$2a$10$O6pestverWK429CPNK67Au8KqCgluV6rfdKhTevhtWD3PCjJabhk6','2023-08-30','zxcxzfcz','Hải Dương','Huyện Ninh Giang','Xã Tân Hương','12312321321','USER','2023-09-22 00:00:00',NULL,_binary ''),(19,'Ôn','Gia Phú','admin','admin@gmail.com','$2a$10$s3Lo9bIrFP1JCVslepX3zOB10UCjjJChwe5bCm/onQULr/WFxHIdm','2002-08-15','109 Quang Trung, Khóm 2','Trà Vinh','Thành phố Trà Vinh','Phường 1','1234568780','ADMIN','2024-01-10 20:38:40',NULL,_binary ''),(20,'gia','phu','employee','management@gmail.com','$2a$10$4YYOvJ3wY5W4Q9DAfnUoZO4JS2xRxEeG8jgIR69VrrGKKDyLswuoS','1991-09-03','AAAAAAAASSS','Quảng Ngãi','Huyện Ba Tơ','Xã Ba Thành','1231232131','EMPLOYEE','2023-09-22 00:00:00',NULL,_binary ''),(21,'gia','phu','test1','test1@gmail.com','$2a$10$2LHaU5wglUdWbkJzcIkjF./GCVe.xmHFaPe6fXiispCl7LkMLAUia','1994-11-03','Vĩnh Viễn','Phú Thọ','Huyện Thanh Thủy','Xã Tu Vũ','0999999999','USER','2024-04-02 16:52:33',NULL,_binary ''),(22,'gia','phu','test2','aa@gmail.com','$2a$10$ESyfyWSLyBWLu2IVn3Vw2u9wOWFZ/v0ncYUom9v2AEyWx0Y.67BlO','1992-11-04','Tân Sân','Hồ Chí Minh','Quận Phú Nhuận','Phường 4','0147852369','USER','2024-04-02 19:04:15',NULL,_binary ''),(23,'gia','phu','test3','cannon@gmail.com','$2a$10$jULg2VIDaiIuEpjMScLl5.CLc2u6u7wAUW2PJ0uP7sRwvVCSdxk2i','1987-12-03','Giang Sơn','Long An','Huyện Thạnh Hóa','Xã Thuận Nghĩa Hòa','0123456789','USER','2024-04-02 19:15:20',NULL,_binary ''),(24,'t','t','t','t','$2a$10$6hCki6v/MK76.u6fbNJcv.jEPh6FARJdLkz2eLolXIeBMn6TyYA36','1978-11-03','DASDSAD',NULL,NULL,NULL,'12321321','EMPLOYEE','2023-12-22 00:00:00',NULL,_binary ''),(25,'x','x','x','x@gmail.com','$2a$10$TmjpXRl.LdXbUpy3dhD4Lu/lbJlkPGsV8wWMIgpAmZIvQjMAu9PV2','1992-09-03','ACDC',NULL,NULL,NULL,'0122121212','EMPLOYEE','2023-12-22 00:00:00',NULL,_binary ''),(34,'v','v','v','v@gmail.com','$2a$10$yOVWd1I7qIyVRZ5uDTUUU.ZOuWxbbyIhjC6a5bEUqy0vyTvrk/uki','2023-09-10','zxc',NULL,NULL,NULL,'123435','EMPLOYEE','2023-12-22 00:00:00',NULL,_binary '\0'),(36,'tg','tg','tg','tg@gmail.com','$2a$10$2m3M.y6pqZU2Of9pJHnnK.IcrNcUZPSHwT/OBD7oVPeNBy7UkeZR2','2023-09-11','asdas',NULL,NULL,NULL,'12345613','USER','2023-12-22 00:00:00',NULL,_binary ''),(37,'gia','phu','ggg','12341@gmail.com','$2a$10$96htF8Ae6UfXcwcE9p5l5eCUEGvL/30cdFAeZVxK9jdcKkpyjs4uq','1996-12-29',NULL,NULL,NULL,NULL,NULL,'USER','2023-11-22 00:00:00',NULL,NULL),(39,'T','G','abc','GG@gmail.com','$2a$10$FG3JBLfbKixhHkIMse/ZR.v3nkhbN9QqORKC.e819F3xQBPhmFtzG','1997-11-20','zxcxz',NULL,NULL,NULL,'0123456789','EMPLOYEE','2023-11-22 00:00:00',NULL,_binary ''),(40,'io','io','io','io@gmail.com','$2a$10$RJjFgL1yMIcwi7uyQK6Lm.j7krNEVlkQqHaDOc5UMi7EGH4ZFG0PC','2023-09-06','zxccvbs',NULL,NULL,NULL,'112312313','ADMIN','2023-11-21 00:00:00',NULL,_binary ''),(41,'adasd','cvbcbc','gogo','ssf@gmai.com','$2a$10$0xu9jXHZDCGqKFHV1jmlBeqiCW6CiZzUwzwSAxQJROpg9ZUWk8HIe','2023-09-15','zczxczxv','','','','123123214','USER','2023-11-22 00:00:00',NULL,_binary ''),(42,'xcvxcv','xvcxc','goku','gsdgs@gmail.com','$2a$10$Li.cp8Im/DMPIPxQ1MUyDe9LWL..4G142ONKOk.7hBR9JEzHrM3Ku','1993-10-07','fvxcvxcbxcb','Quảng Bình','Huyện Quảng Trạch','Xã Quảng Châu','1321312','USER','2023-11-22 00:00:00',NULL,_binary '\0'),(43,'Maine','Cais','mcp12','mcp@gmailc.com','$2a$10$pHiWBMA.ThXLJS12VKomTuGJF46/COa36wMxdYko0FfD9XZ3SXHZm',NULL,NULL,NULL,NULL,NULL,NULL,'USER','2023-11-22 00:00:00',NULL,NULL),(44,'NCT','Air','odaka','phutv1990@gmail.com','$2a$10$G1DH6omo70G6OYaWUY/KT.bEj9AIVcdtVkXGkZxzSEI7m10f5IbOq','1992-05-08','Lý Thái Tổ','Cao Bằng','Huyện Bảo Lạc','Xã Sơn Lập','0124785203','USER','2024-03-25 13:52:48',NULL,_binary ''),(46,'Võ','Văn Đức','vvd123','Duc2112002@gmail.com','$2a$10$C53bOp6HIr57VoCw2j1YFe/NfzuLsvCYxhG3clVdnKIdB1l7k4IOa','1994-07-08','xcbvxcvcxvxcv','Ninh Bình','Huyện Hoa Lư','Xã Ninh Thắng','0123456789','USER','2024-04-02 15:46:36',NULL,_binary ''),(47,'Trương','Ký Giả','zaniolo113','tanitalia@gmail.com','$2a$10$hTesi7Boe3JZSTQrkEgfuOQFAQdjxHCUuXLPNOf7XZABdPNN6rFS6','2002-11-08','Ngã 5 chuồng chó','Hồ Chí Minh','Quận Gò Vấp','Phường 10','0123456456','USER','2024-04-02 20:27:26',NULL,_binary ''),(48,'Lý','Tự Thành','nhockentv','samvuong@gmail.com','$2a$10$y.Jt0bBNOu9SWAlN2YlKeuHPR6GihnqCHqSOKpZ.WTL64GzoaTo9K','2001-10-20','Tuệ Tĩnh','Hải Phòng','Huyện Vĩnh Bảo','Xã Vĩnh Long','0941568258','USER','2024-04-02 20:25:07',NULL,_binary ''),(49,'Mạnh','Thường Quân','coleem','mtq123@gmail.com','$2a$10$lWioBqWF9CmXYN/pmDTUtucT9CHk5CE3W.rTV23JTNES75FzYBLdi','1986-06-10','Hồng Giang','Gia Lai','Huyện Kông Chro','Xã Ya Ma','0125346565','USER','2024-04-03 13:57:32',NULL,_binary ''),(50,'Trần','Trí Cường','cuongtc','cuccuhahah@gmail.com','$2a$10$/lq98u8.bEwrAuoBtGTR.OJV45fBFYlP3XZyyl5BccOpxbta1c4OO','1997-10-10','Nghĩa Định','Hà Nội','Huyện Quốc Oai','Xã Tân Phú','0132454565','USER','2024-04-03 14:16:35',NULL,_binary ''),(51,'Lưu','Luyến','lilwuyen','jokermanhme@gmail.com','$2a$10$MJAQPke/.ioq9ALrhqU2Au629HBRL1t2SZiiFG0z0XpdlePH/UaNy','1979-07-28','Giang Đông','Bình Thuận','Huyện Tuy Phong','Xã Phong Phú','0456456645','USER','2024-04-03 14:28:34',NULL,_binary ''),(52,'Nguyễn','Anh Tín','toilai454','bestrong@gmail.com','$2a$10$ky2Y4aI.CELfiZ9WPltpZeUh1pRIzftRkManiFUd1dLtcRWHcbnPC','1991-08-15','Trương Vĩnh Kí','Thái Nguyên','Huyện Phú Bình','Xã Thanh Ninh','0846888888','USER','2024-04-03 14:39:12',NULL,_binary ''),(53,'Trần','Hoài An','anhoaitr','boyalime@gmail.com','$2a$10$etq4fzzW2TiFUHR7DERuTu3BSvfM1GuZA0XXAM0b/3PiQh5noxYgS','2002-06-14','Sơn Ca','Quảng Ngãi','Huyện Ba Tơ','Xã Ba Vì','0564478978','USER','2024-04-03 14:48:55',NULL,_binary ''),(54,'Nguyễn','Duy Cương','ngduycuong','sadboibaby@gmail.com','$2a$10$dCDTqAF6aoFPUGcclhPz7.68xIIVc8RUVBygWPB6Fvv1LSP3OZiC2','1979-11-21','Nghệ Xuân','Hà Nội','Huyện Quốc Oai','Xã Tân Phú','0112531565','USER','2024-04-03 15:03:57',NULL,_binary ''),(55,'Trần','Đông','td1','td1@gmail.com','$2a$10$4.5w1YmaCnMdu5Cy9KXY9uOg7mAg3/wmuarFBBPrnAh1L4k7B5Wu6','1992-07-14','Tây Kì','Thừa Thiên - Huế','Huyện Phong Điền','Xã Điền Môn','0957631246','USER','2024-04-11 20:40:18',NULL,_binary ''),(56,'Lâm','Chấn Phong','riuphong117','lcp@gmail.com','$2a$10$KyTuPVXNwdNIMS21EIWeX.pUVVo7rsDN1TGrnZmhZqtdHP71A4Lty','1998-07-15','Nguyệt Môn','Đắk Nông','Huyện Đắk Mil','Xã Đức Mạnh','0245897414','USER','2024-04-11 20:47:48',NULL,_binary ''),(57,'Trương','Minh Trọng','mttruong','realmt@gmail.com','$2a$10$PoC02J5KM.Z8IFkDOhh3JeHb/0KuXZ7hBDvG3EgOGQ5TwXWqlQ1Uq','1978-06-23','Bùi Thị Xuân','Vĩnh Long','Huyện Trà Ôn','Xã Thuận Thới','0245888992','USER','2024-04-11 20:55:13',NULL,_binary ''),(58,'Nguyễn','Tuân','tuanvippro449','mcnt@gmail.com','$2a$10$7Nkg7.gwwf5MzrxMf0MQJ.yOlIV0upSuKo0SNIHFxyYbgyxPAY5HK','1998-02-19','Trương Vĩnh Ký','Bình Định','Huyện Hoài Ân','Xã Ân Tường Đông','0444559697','USER','2024-04-11 21:02:02',NULL,_binary ''),(59,'Vương','Gia Vệ','fallae94','vgv@gmail.com','$2a$10$ixEStYd06gh5aSGahjcLU.wSg6SA7op//KQhFUKPtBGJ1AHSZJ8.y','1996-10-08','Hồng Trạch','Bình Dương','Huyện Phú Giáo','Xã Tân Long','0366999999','USER','2024-04-11 21:08:04',NULL,_binary ''),(60,'Tăng','Vân Trường','truongbodoi','tvt2@gmail.com','$2a$10$Dzi9MrhkWHWD3OMm3D43xOOn3YBxIim71DOkQN575tUoGbpYgyx5G','1998-07-09','Xuân Sang','Vĩnh Phúc','Huyện Tam Đảo','Xã Tam Quan','0147777858','USER','2024-04-11 21:15:55',NULL,_binary ''),(61,'Đinh','Thanh Nhàn','nhannha','tdn@gmail.com','$2a$10$DK47i5S4jgqPYBzPyFr27ewNyKUh67IDM8lq0nERJntmgxf9B2lUu','1993-10-06','Lý Công Uẩn','Hà Nam','Huyện Kim Bảng','Xã Thi Sơn','0115488999','USER','2024-04-11 22:04:53',NULL,_binary ''),(62,'Dương','Minh Khánh','khanhminh','dmk@gmail.com','$2a$10$.SBZ3PiinmANBeDlEVM.re3f/ex2NYG0P1J31MNIDdmy2UbvBaDPm','1993-06-09','Xuân Diệu','Hà Nội','Huyện Phú Xuyên','Xã Văn Nhân','0987897787','USER','2024-04-12 22:07:02',NULL,_binary ''),(63,'Vũ','Thanh Bình','binhvu98','vtb@gmail.com','$2a$10$0aTyF0GDTJbJdHMfQCfe3eX8zRSVvKbtIvUgQXFafwrH8VrYVFXQy','1992-05-28','Bình Đông','Thái Nguyên','Thành phố Thái Nguyên','Xã Quyết Thắng','0986665555','USER','2024-04-12 22:25:45',NULL,_binary ''),(64,'Trương','Nguyễn Bình Phúc','binfuc','tnbp@gmail.com','$2a$10$esvY3lEOkCmJ0ucKls/Zg.tWH0BIKN3F9wJLGnSc00gQFSO3lD9/y','1994-10-01','Nam Kỳ Khởi Nghĩa','Sóc Trăng','Thành phố Sóc Trăng','Phường 10','0225588886','USER','2024-04-13 11:54:25',NULL,_binary ''),(65,'Trịnh','Thăng Bình','binhtrinh39','ttb@gmail.com','$2a$10$mW.y.zFC0H6wY8cofYD8bOJrQvOR5sbQ31qIRwNpx0sy8tNpJ3ca.','1989-10-16','Tố Hữu','Hậu Giang','Huyện Châu Thành','Xã Phú An','0945883311','USER','2024-04-13 12:11:31',NULL,_binary ''),(66,'Nguyễn','Anh Tuấn','bctm24','nat@gmail.com','$2a$10$yWFwTuE5IN2KfLB5oK71LOUj4V5rR2iqDL2.wd0oy1dA10I4lkiuG','1993-10-30','Trần Đăng Khoa','Thanh Hóa','Huyện Cẩm Thủy','Xã Cẩm Yên','0174568999','USER','2024-04-13 12:27:50',NULL,_binary ''),(67,'Nguyễn','Khánh Vinh','vandinh9','tkv@gmial.com','$2a$10$rVmstTUaqGcHCal4RNq2DeRc8IWYTWL4Q3rkGmsPRHdn7XB9zKe8W','1985-10-24','Nguyễn Du','Hồ Chí Minh','Quận 1','Phường Nguyễn Cư Trinh','0987657324','USER','2024-04-13 12:54:23',NULL,_binary ''),(68,'Châu','Xuân Thủy','charon','cxt@gmail.com','$2a$10$7pRIOsOgYptbZNNXcWbfO.DD1eWejC65rIbzQ8nNrYYnX7e1E67YC','1987-06-16','Vũ Trọng Thủy','Đà Nẵng','Quận Ngũ Hành Sơn','Phường Hoà Hải','0124578888','USER','2024-04-13 13:21:13',NULL,_binary ''),(69,'Đường','Thanh Xuân','xuansmite','dtx@gmail.com','$2a$10$LxOc4KgcpcxN3cEHBo6HAOYdb.YFJ6j.IBtmTfHvSB0y9sVAdCfDO','1991-10-30','Nam Cao','Đồng Nai','Huyện Xuân Lộc','Xã Xuân Tâm','0147778522','USER','2024-04-14 22:37:12',NULL,_binary ''),(70,'Trần','Trung Tín','tinle','ttt@gmail.com','$2a$10$8b0t/v.y1pr2H5/HNWA5Q.xc0/ObsZxwluxW0QbU7aDe.t0SqSEp6','1994-01-18','Huy Cận','Quảng Nam','Huyện Phước Sơn','Xã Phước Mỹ','0124578963','USER','2024-04-14 22:49:58',NULL,_binary ''),(71,'Lê','Tuấn Hải','tuanhai','lth@gmail.com','$2a$10$Zubj87/STBzgAceqbispz.Exvrzub3Gsu15MvfUQkLCtb7f18jcX.','1992-09-18','Tú Mỡ','Hà Nội','Huyện Thạch Thất','Xã Cần Kiệm','0124579852','USER','2024-04-15 12:26:25',NULL,_binary ''),(72,'Dương','Bảo Ninh','ninhdz','dbn@gmail.com','$2a$10$pwLxfinLpcLlJ42deZSDTugH5eh9BiBrZi2YKVKV9rlVOKf9pSWKu','1994-02-02','Tú Xương','Hồ Chí Minh','Quận 6','Phường 10','0121212585','USER','2024-04-15 12:32:28',NULL,_binary ''),(73,'Hoàng','Xuân Vinh','vinhxh','hxv@gmail.com','$2a$10$PEZkD3gemZxryNaftcxsSuPEPk5fSjfdH.QZRWA8V2ijAoduWsGWK','1996-10-09','Thường Xuân','Long An','Huyện Thạnh Hóa','Xã Thuận Nghĩa Hòa','0987666666','USER','2024-04-15 12:42:29',NULL,_binary ''),(74,'Trần','Thu Thủy','thuytran','thuytt@gmail.com','$2a$10$W5p7bpqjYw8F/wv.A.vt.OIKF00W2e6J.z9tOn6D8wN9C0Bj.8cV6','1994-11-23','Lý Chính Thắng','Hồ Chí Minh','Thành Phố Thủ Đức','Phường An Phú','0123456952','USER','2024-04-15 13:08:17',NULL,_binary ''),(75,'Lê','Tiến Thành','thanhacwuy','vjpbro@gmail.com','$2a$10$w7Re6IflI/nbhaXRsxvPWeAruSCcn1nbv8awJOtZoL4yQ3km5PRD.','1994-10-18','Trần Huy Liệu','Hà Nội','Quận Tây Hồ','Phường Bưởi','0147988763','USER','2024-04-15 13:45:02',NULL,_binary ''),(76,'Lý','Công','congly113','lc@gmail.com','$2a$10$jKtfqqMs5nWE1OyMoaWQEOTmUY9wNp/Yr67dOTRkN10VIHIxtmuRq','1997-06-11','Phạm Văn Đồng','Bình Phước','Huyện Bù Đốp','Xã Tân Thành','0166952228','USER','2024-04-15 13:59:42',NULL,_binary '');
/*!40000 ALTER TABLE `user` ENABLE KEYS */;
UNLOCK TABLES;

--
-- Table structure for table `user_voucher`
--

DROP TABLE IF EXISTS `user_voucher`;
/*!40101 SET @saved_cs_client     = @@character_set_client */;
/*!50503 SET character_set_client = utf8mb4 */;
CREATE TABLE `user_voucher` (
  `id` int NOT NULL AUTO_INCREMENT,
  `user_id` int DEFAULT NULL,
  `voucher_id` int DEFAULT NULL,
  `used` bit(1) DEFAULT NULL,
  PRIMARY KEY (`id`),
  KEY `FK_UV_USER_idx` (`user_id`),
  KEY `FK_UV_VOUCHER_idx` (`voucher_id`),
  CONSTRAINT `FK_UV_USER` FOREIGN KEY (`user_id`) REFERENCES `user` (`id`) ON DELETE SET NULL ON UPDATE CASCADE,
  CONSTRAINT `FK_UV_VOUCHER` FOREIGN KEY (`voucher_id`) REFERENCES `voucher` (`id`) ON DELETE SET NULL ON UPDATE CASCADE
) ENGINE=InnoDB AUTO_INCREMENT=39 DEFAULT CHARSET=utf8mb4 COLLATE=utf8mb4_0900_ai_ci;
/*!40101 SET character_set_client = @saved_cs_client */;

--
-- Dumping data for table `user_voucher`
--

LOCK TABLES `user_voucher` WRITE;
/*!40000 ALTER TABLE `user_voucher` DISABLE KEYS */;
INSERT INTO `user_voucher` VALUES (35,46,8,_binary ''),(36,66,8,_binary ''),(37,67,8,_binary ''),(38,68,8,_binary '');
/*!40000 ALTER TABLE `user_voucher` ENABLE KEYS */;
UNLOCK TABLES;

--
-- Table structure for table `vendor`
--

DROP TABLE IF EXISTS `vendor`;
/*!40101 SET @saved_cs_client     = @@character_set_client */;
/*!50503 SET character_set_client = utf8mb4 */;
CREATE TABLE `vendor` (
  `id` int NOT NULL AUTO_INCREMENT,
  `name` varchar(255) DEFAULT NULL,
  `description` varchar(255) DEFAULT NULL,
  `email` varchar(45) DEFAULT NULL,
  `address` varchar(255) DEFAULT NULL,
  `phone` varchar(45) DEFAULT NULL,
  `status` bit(1) DEFAULT NULL,
  PRIMARY KEY (`id`)
) ENGINE=InnoDB AUTO_INCREMENT=6 DEFAULT CHARSET=utf8mb4 COLLATE=utf8mb4_0900_ai_ci;
/*!40101 SET character_set_client = @saved_cs_client */;

--
-- Dumping data for table `vendor`
--

LOCK TABLES `vendor` WRITE;
/*!40000 ALTER TABLE `vendor` DISABLE KEYS */;
INSERT INTO `vendor` VALUES (1,'Khánh An Coffee','Nhà cung cấp cà phê Khánh An tại TPHCM','khanhancoffeecompany@gmail.com','886 Huỳnh Tấn Phát, Phường Tân Phú, Quận 7, Ho Chi Minh City, Vietnam','0362035414',_binary ''),(2,'Blagu Việt Nam','Siêu Thị Cà Phê Viêt Nam được viết tắc là Sieuthicafe.vn, trực thuộc Công Ty TNHH BLAGU Việt Nam có kinh nghiệm trong ngành cà phê và các loại thức uống liên quan đến cà phê từ nhiều vùng miền thế giới.','admin@sieuthicafe.vn','Địa chỉ văn phòng: 108 Trần Hưng Đạo, P. Phạm Ngũ Lão, Quận 1, Tp. Hồ Chí Minh','0869367069 ',_binary ''),(3,'Stupiducks','Nhà cung cấp các loại sản phẩm cà phê tại TPHCM','duckmartvn@gmail.com','số 8 Hoàng Hoa Thám, Phường 7, Quận Bình Thạnh, TPHCM','02866810182',_binary '');
/*!40000 ALTER TABLE `vendor` ENABLE KEYS */;
UNLOCK TABLES;

--
-- Table structure for table `voucher`
--

DROP TABLE IF EXISTS `voucher`;
/*!40101 SET @saved_cs_client     = @@character_set_client */;
/*!50503 SET character_set_client = utf8mb4 */;
CREATE TABLE `voucher` (
  `id` int NOT NULL AUTO_INCREMENT,
  `name` varchar(99) DEFAULT NULL,
  `code` varchar(45) DEFAULT NULL,
  `discount` double DEFAULT NULL,
  `description` varchar(99) DEFAULT NULL,
  `created_at` datetime DEFAULT NULL,
  `expiration_date` datetime DEFAULT NULL,
  `category_id` int DEFAULT NULL,
  PRIMARY KEY (`id`),
  KEY `FK_VOUCHER_CATEGORY_idx` (`category_id`),
  CONSTRAINT `FK_VOUCHER_CATEGORY` FOREIGN KEY (`category_id`) REFERENCES `category` (`id`) ON DELETE SET NULL ON UPDATE CASCADE
) ENGINE=InnoDB AUTO_INCREMENT=15 DEFAULT CHARSET=utf8mb4 COLLATE=utf8mb4_0900_ai_ci;
/*!40101 SET character_set_client = @saved_cs_client */;

--
-- Dumping data for table `voucher`
--

LOCK TABLES `voucher` WRITE;
/*!40000 ALTER TABLE `voucher` DISABLE KEYS */;
INSERT INTO `voucher` VALUES (8,'zxcx','UJtZIZCiqb',12,'czxcxzasdsa','2024-01-10 15:53:56','2024-07-24 00:00:00',NULL),(9,'vbbbbb','FpANifhxeY',2,'123','2024-01-10 15:55:59','2024-02-26 07:00:00',NULL),(10,'czxzxczczxc','vjt2zs3Wbd',12,'dsada','2024-01-10 15:59:52','2024-01-24 07:00:00',3),(11,'65','6SRRNmGzpi',12,'','2024-01-10 16:12:43','2024-01-20 07:00:00',NULL),(12,'123123','DQIXzfR9TV',10,'','2024-01-10 16:24:45','2024-05-20 07:00:00',NULL),(13,'dasdsadsadsad','cd713au0Lq',45,'','2024-01-10 16:49:43','2024-01-31 00:00:00',2);
/*!40000 ALTER TABLE `voucher` ENABLE KEYS */;
UNLOCK TABLES;

--
-- Table structure for table `wishlist`
--

DROP TABLE IF EXISTS `wishlist`;
/*!40101 SET @saved_cs_client     = @@character_set_client */;
/*!50503 SET character_set_client = utf8mb4 */;
CREATE TABLE `wishlist` (
  `id` int NOT NULL AUTO_INCREMENT,
  `user_id` int DEFAULT NULL,
  `created_at` datetime DEFAULT NULL,
  `updated_at` datetime DEFAULT NULL,
  `status` bit(1) DEFAULT NULL,
  PRIMARY KEY (`id`),
  KEY `FK_WL_User_idx` (`user_id`),
  CONSTRAINT `FK_WL_User` FOREIGN KEY (`user_id`) REFERENCES `user` (`id`) ON DELETE SET NULL ON UPDATE CASCADE
) ENGINE=InnoDB AUTO_INCREMENT=39 DEFAULT CHARSET=utf8mb4 COLLATE=utf8mb4_0900_ai_ci;
/*!40101 SET character_set_client = @saved_cs_client */;

--
-- Dumping data for table `wishlist`
--

LOCK TABLES `wishlist` WRITE;
/*!40000 ALTER TABLE `wishlist` DISABLE KEYS */;
INSERT INTO `wishlist` VALUES (1,21,'2023-11-06 13:27:41','2023-11-08 16:44:00',_binary ''),(2,20,'2023-11-07 11:38:47','2023-11-07 11:47:43',_binary ''),(3,18,'2023-11-12 14:18:15',NULL,_binary ''),(4,19,'2023-11-19 22:59:00',NULL,_binary ''),(5,44,'2023-12-03 20:54:03','2024-03-08 13:38:58',_binary ''),(6,46,'2024-03-29 08:53:46',NULL,_binary ''),(7,22,'2024-04-02 19:01:00',NULL,_binary ''),(8,23,'2024-04-02 19:14:46',NULL,_binary ''),(9,47,'2024-04-02 20:17:15',NULL,_binary ''),(10,48,'2024-04-02 20:23:06',NULL,_binary ''),(11,49,'2024-04-03 13:55:08',NULL,_binary ''),(12,50,'2024-04-03 14:15:28',NULL,_binary ''),(13,51,'2024-04-03 14:26:27',NULL,_binary ''),(14,52,'2024-04-03 14:38:24',NULL,_binary ''),(15,53,'2024-04-03 14:47:01',NULL,_binary ''),(16,54,'2024-04-03 15:01:28',NULL,_binary ''),(17,55,'2024-04-11 20:37:44',NULL,_binary ''),(18,56,'2024-04-11 20:46:02',NULL,_binary ''),(19,57,'2024-04-11 20:53:29',NULL,_binary ''),(20,58,'2024-04-11 21:01:11',NULL,_binary ''),(21,59,'2024-04-11 21:07:30',NULL,_binary ''),(22,60,'2024-04-11 21:15:33',NULL,_binary ''),(23,61,'2024-04-11 22:04:17',NULL,_binary ''),(24,62,'2024-04-12 22:01:55',NULL,_binary ''),(25,63,'2024-04-12 22:23:02',NULL,_binary ''),(26,64,'2024-04-13 11:53:42',NULL,_binary ''),(27,65,'2024-04-13 12:09:59',NULL,_binary ''),(28,66,'2024-04-13 12:24:48',NULL,_binary ''),(29,67,'2024-04-13 12:46:34',NULL,_binary ''),(30,68,'2024-04-13 13:17:44',NULL,_binary ''),(31,69,'2024-04-14 22:33:00',NULL,_binary ''),(32,70,'2024-04-14 22:49:20',NULL,_binary ''),(33,71,'2024-04-15 12:24:52',NULL,_binary ''),(34,72,'2024-04-15 12:32:00',NULL,_binary ''),(35,73,'2024-04-15 12:40:21',NULL,_binary ''),(36,74,'2024-04-15 13:07:30',NULL,_binary ''),(37,75,'2024-04-15 13:44:16',NULL,_binary ''),(38,76,'2024-04-15 13:59:04',NULL,_binary '');
/*!40000 ALTER TABLE `wishlist` ENABLE KEYS */;
UNLOCK TABLES;

--
-- Table structure for table `wishlist_item`
--

DROP TABLE IF EXISTS `wishlist_item`;
/*!40101 SET @saved_cs_client     = @@character_set_client */;
/*!50503 SET character_set_client = utf8mb4 */;
CREATE TABLE `wishlist_item` (
  `id` int NOT NULL AUTO_INCREMENT,
  `wishlist_id` int DEFAULT NULL,
  `product_id` int DEFAULT NULL,
  `add_date` datetime DEFAULT NULL,
  PRIMARY KEY (`id`),
  KEY `FK_WLI_WL_idx` (`wishlist_id`),
  KEY `FK_WLI_PD_idx` (`product_id`),
  CONSTRAINT `FK_WLI_PD` FOREIGN KEY (`product_id`) REFERENCES `product` (`id`) ON DELETE SET NULL ON UPDATE CASCADE,
  CONSTRAINT `FK_WLI_WL` FOREIGN KEY (`wishlist_id`) REFERENCES `wishlist` (`id`)
) ENGINE=InnoDB AUTO_INCREMENT=72 DEFAULT CHARSET=utf8mb4 COLLATE=utf8mb4_0900_ai_ci;
/*!40101 SET character_set_client = @saved_cs_client */;

--
-- Dumping data for table `wishlist_item`
--

LOCK TABLES `wishlist_item` WRITE;
/*!40000 ALTER TABLE `wishlist_item` DISABLE KEYS */;
INSERT INTO `wishlist_item` VALUES (11,2,3,'2023-11-07 11:38:50'),(12,2,4,'2023-11-07 11:38:51'),(14,2,23,'2023-11-07 11:38:58'),(15,2,22,'2023-11-07 11:47:35'),(16,2,24,'2023-11-07 11:47:43'),(44,1,2,'2023-11-07 12:53:18'),(45,1,4,'2023-11-07 21:59:08'),(51,1,26,'2023-11-07 22:22:09'),(63,1,15,'2023-11-08 16:33:14');
/*!40000 ALTER TABLE `wishlist_item` ENABLE KEYS */;
UNLOCK TABLES;
/*!40103 SET TIME_ZONE=@OLD_TIME_ZONE */;

/*!40101 SET SQL_MODE=@OLD_SQL_MODE */;
/*!40014 SET FOREIGN_KEY_CHECKS=@OLD_FOREIGN_KEY_CHECKS */;
/*!40014 SET UNIQUE_CHECKS=@OLD_UNIQUE_CHECKS */;
/*!40101 SET CHARACTER_SET_CLIENT=@OLD_CHARACTER_SET_CLIENT */;
/*!40101 SET CHARACTER_SET_RESULTS=@OLD_CHARACTER_SET_RESULTS */;
/*!40101 SET COLLATION_CONNECTION=@OLD_COLLATION_CONNECTION */;
/*!40111 SET SQL_NOTES=@OLD_SQL_NOTES */;

-- Dump completed on 2024-05-30 22:49:32
