CREATE DATABASE  IF NOT EXISTS `filtro_jwt` /*!40100 DEFAULT CHARACTER SET utf8mb4 COLLATE utf8mb4_0900_ai_ci */ /*!80016 DEFAULT ENCRYPTION='N' */;
USE `filtro_jwt`;
-- MySQL dump 10.13  Distrib 8.0.31, for Win64 (x86_64)
--
-- Host: 127.0.0.1    Database: filtro_jwt
-- ------------------------------------------------------
-- Server version	8.0.35

/*!40101 SET @OLD_CHARACTER_SET_CLIENT=@@CHARACTER_SET_CLIENT */;
/*!40101 SET @OLD_CHARACTER_SET_RESULTS=@@CHARACTER_SET_RESULTS */;
/*!40101 SET @OLD_COLLATION_CONNECTION=@@COLLATION_CONNECTION */;
/*!50503 SET NAMES utf8 */;
/*!40103 SET @OLD_TIME_ZONE=@@TIME_ZONE */;
/*!40103 SET TIME_ZONE='+00:00' */;
/*!40014 SET @OLD_UNIQUE_CHECKS=@@UNIQUE_CHECKS, UNIQUE_CHECKS=0 */;
/*!40014 SET @OLD_FOREIGN_KEY_CHECKS=@@FOREIGN_KEY_CHECKS, FOREIGN_KEY_CHECKS=0 */;
/*!40101 SET @OLD_SQL_MODE=@@SQL_MODE, SQL_MODE='NO_AUTO_VALUE_ON_ZERO' */;
/*!40111 SET @OLD_SQL_NOTES=@@SQL_NOTES, SQL_NOTES=0 */;

--
-- Table structure for table `brand`
--

DROP TABLE IF EXISTS `brand`;
/*!40101 SET @saved_cs_client     = @@character_set_client */;
/*!50503 SET character_set_client = utf8mb4 */;
CREATE TABLE `brand` (
  `id` int NOT NULL AUTO_INCREMENT,
  `name` varchar(255) DEFAULT NULL,
  `description` varchar(9999) DEFAULT NULL,
  `status` int DEFAULT NULL,
  PRIMARY KEY (`id`)
) ENGINE=InnoDB AUTO_INCREMENT=5 DEFAULT CHARSET=utf8mb4 COLLATE=utf8mb4_0900_ai_ci;
/*!40101 SET character_set_client = @saved_cs_client */;

--
-- Dumping data for table `brand`
--

LOCK TABLES `brand` WRITE;
/*!40000 ALTER TABLE `brand` DISABLE KEYS */;
INSERT INTO `brand` VALUES (1,'Artic Fox','Thương hiệu Arctic Fox Cold Brew là nhà máy sản xuất cà phê cold brew với máy móc công nghệ hiện đại nhất tại Việt Nam hiện nay. Cùng với đó là đội ngũ chuyên gia về cà phê luôn tìm kiếm nguồn cà phê nguyên liệu cao cấp nhất và đạt chuẩn cà phê specialty. Arctic Fox Cold Brew hiện hoạt động tại Thái Lan, Việt Nam và Malaysia.',1),(2,'Green Bean Intertrade','Loạt cà phê nhân xanh được trồng khép kín, trải dài từ các nước ĐNA cho tới khu vực Trung-Nam Mỹ và các nước Châu Phi',1),(3,'KACC','Mặt hàng cà phê dược nhập chủ yếu từ Khánh An Coffee Company',1),(4,'Stupiducks','Các mặt hàng về cà phê được công ty Stupiducks nhập về',1);
/*!40000 ALTER TABLE `brand` ENABLE KEYS */;
UNLOCK TABLES;

--
-- Table structure for table `cart`
--

DROP TABLE IF EXISTS `cart`;
/*!40101 SET @saved_cs_client     = @@character_set_client */;
/*!50503 SET character_set_client = utf8mb4 */;
CREATE TABLE `cart` (
  `id` int NOT NULL AUTO_INCREMENT,
  `user_id` int DEFAULT NULL,
  `created_at` datetime DEFAULT NULL,
  `updated_at` datetime DEFAULT NULL,
  `total` int DEFAULT '0',
  `status` bit(1) DEFAULT NULL,
  PRIMARY KEY (`id`),
  KEY `FK_Cart_User_idx` (`user_id`),
  CONSTRAINT `FK_Cart_User` FOREIGN KEY (`user_id`) REFERENCES `user` (`id`) ON DELETE CASCADE ON UPDATE CASCADE
) ENGINE=InnoDB AUTO_INCREMENT=117 DEFAULT CHARSET=utf8mb4 COLLATE=utf8mb4_0900_ai_ci;
/*!40101 SET character_set_client = @saved_cs_client */;

--
-- Dumping data for table `cart`
--

LOCK TABLES `cart` WRITE;
/*!40000 ALTER TABLE `cart` DISABLE KEYS */;
INSERT INTO `cart` VALUES (1,44,'2023-10-29 21:21:18','2023-10-31 20:23:04',2480000,_binary '\0'),(2,19,'2023-10-29 22:02:21','2023-10-31 12:27:46',1375000,_binary ''),(4,22,'2023-10-29 22:28:50','2023-10-29 22:28:53',0,_binary ''),(7,20,'2023-11-03 22:41:51','2023-11-07 22:12:31',230000,_binary '\0'),(8,21,'2023-11-07 12:48:59','2023-11-10 12:50:35',700000,_binary '\0'),(10,21,'2023-11-11 17:39:17','2023-11-11 20:34:33',1110000,_binary '\0'),(11,21,'2023-11-11 20:34:55','2023-11-11 20:36:38',1680000,_binary '\0'),(12,21,'2023-11-11 20:37:04','2023-11-14 14:27:00',620000,_binary '\0'),(13,20,'2023-11-11 20:38:35','2023-11-13 15:10:15',3840000,_binary '\0'),(14,18,'2023-11-12 14:18:15','2023-11-12 14:18:21',800000,_binary '\0'),(15,18,'2023-11-12 14:19:00','2023-11-12 14:21:19',620000,_binary '\0'),(16,18,'2023-11-12 14:21:32','2023-11-12 14:24:49',160000,_binary '\0'),(17,18,'2023-11-12 14:30:13','2023-11-12 14:32:39',170000,_binary '\0'),(18,18,'2023-11-12 14:34:02','2023-11-12 14:34:13',640000,_binary '\0'),(19,18,'2023-11-12 14:34:23','2023-11-12 14:40:42',405000,_binary '\0'),(20,18,'2023-11-12 14:40:57','2023-11-12 14:44:22',230000,_binary '\0'),(21,18,'2023-11-12 14:44:35','2023-11-12 14:46:31',325000,_binary '\0'),(22,18,'2023-11-12 14:46:48','2023-11-12 14:49:51',455000,_binary '\0'),(23,18,'2023-11-12 14:50:08','2023-11-12 14:55:13',810000,_binary '\0'),(24,18,'2023-11-12 15:08:34','2023-11-12 15:08:51',325000,_binary '\0'),(25,18,'2023-11-12 15:09:01','2023-11-12 15:35:37',160000,_binary '\0'),(26,18,'2023-11-12 15:36:42','2023-11-13 08:34:41',640000,_binary '\0'),(27,18,'2023-11-13 08:35:06','2023-11-13 08:56:48',1350000,_binary '\0'),(28,18,'2023-11-13 08:57:04','2023-11-13 08:58:13',165000,_binary '\0'),(29,18,'2023-11-13 08:58:29','2023-11-13 09:01:29',325000,_binary '\0'),(30,18,'2023-11-13 09:01:49','2023-11-13 10:10:37',160000,_binary '\0'),(31,18,'2023-11-13 10:10:51','2023-11-13 10:12:16',650000,_binary '\0'),(32,18,'2023-11-13 10:12:46','2023-11-13 10:18:33',205000,_binary '\0'),(33,18,'2023-11-13 10:18:54','2023-11-13 10:21:46',260000,_binary '\0'),(34,18,'2023-11-13 10:22:00','2023-11-13 10:26:20',190000,_binary '\0'),(35,18,'2023-11-13 10:26:34','2023-11-13 10:31:17',410000,_binary '\0'),(36,18,'2023-11-13 10:31:32','2023-11-13 10:34:06',735000,_binary '\0'),(37,18,'2023-11-13 10:34:22','2023-11-13 10:41:26',230000,_binary '\0'),(38,18,'2023-11-13 10:41:42','2023-11-13 10:49:34',1350000,_binary '\0'),(39,18,'2023-11-13 10:49:49','2023-11-13 10:53:16',230000,_binary '\0'),(40,18,'2023-11-13 10:53:36','2023-11-13 13:08:39',205000,_binary '\0'),(41,18,'2023-11-13 13:09:04','2023-11-13 13:14:43',1350000,_binary '\0'),(42,18,'2023-11-13 13:14:57','2023-11-13 13:38:31',895000,_binary '\0'),(43,18,'2023-11-13 13:38:51','2023-11-13 13:42:59',170000,_binary '\0'),(44,18,'2023-11-13 13:43:13','2023-11-13 13:47:58',325000,_binary '\0'),(45,18,'2023-11-13 13:48:14','2023-11-13 13:50:45',1350000,_binary '\0'),(46,18,'2023-11-13 13:51:01','2023-11-13 13:53:27',160000,_binary '\0'),(47,18,'2023-11-13 13:53:42','2023-11-13 13:59:46',490000,_binary '\0'),(48,18,'2023-11-13 13:59:57','2023-11-13 14:12:47',230000,_binary '\0'),(49,18,'2023-11-13 14:12:59','2023-11-13 14:25:14',260000,_binary '\0'),(50,18,'2023-11-13 14:26:18','2023-11-13 14:32:54',260000,_binary '\0'),(51,18,'2023-11-13 14:33:14','2023-11-13 14:57:47',325000,_binary '\0'),(52,18,'2023-11-13 14:58:16','2023-11-13 15:01:34',230000,_binary '\0'),(53,18,'2023-11-13 15:02:00','2023-11-17 11:40:40',620000,_binary '\0'),(54,20,'2023-11-13 15:10:32','2023-11-13 15:41:57',160000,_binary '\0'),(55,20,'2023-11-13 15:42:50','2023-11-13 15:44:22',165000,_binary '\0'),(56,20,'2023-11-13 15:45:02','2023-11-13 15:58:10',160000,_binary '\0'),(57,20,'2023-11-13 15:58:27','2023-11-13 16:10:15',250000,_binary '\0'),(58,20,'2023-11-13 16:10:31',NULL,0,_binary '\0'),(59,20,'2023-11-13 16:10:59','2023-11-13 16:15:04',205000,_binary '\0'),(60,20,'2023-11-13 16:15:21','2023-11-13 16:26:49',410000,_binary '\0'),(61,20,'2023-11-13 16:27:03','2023-11-13 16:36:28',160000,_binary '\0'),(62,20,'2023-11-13 16:36:45','2023-11-13 16:43:42',90000,_binary '\0'),(63,20,'2023-11-13 16:43:58','2023-11-13 19:51:28',230000,_binary '\0'),(64,20,'2023-11-13 19:51:37','2023-11-13 20:01:36',170000,_binary '\0'),(65,20,'2023-11-13 20:01:43','2023-11-13 20:05:52',325000,_binary '\0'),(66,20,'2023-11-13 20:06:00','2023-11-13 20:15:42',205000,_binary '\0'),(67,20,'2023-11-13 20:15:51','2023-11-13 20:25:48',410000,_binary '\0'),(68,20,'2023-11-13 20:25:57','2023-11-13 20:27:08',230000,_binary '\0'),(69,20,'2023-11-13 20:27:18','2023-11-13 20:29:00',250000,_binary '\0'),(70,20,'2023-11-13 20:29:08','2023-11-14 09:57:19',230000,_binary ''),(71,21,'2023-11-14 14:27:21','2023-11-14 21:12:16',160000,_binary '\0'),(72,21,'2023-11-14 21:21:05','2023-11-14 22:18:30',190000,_binary '\0'),(73,21,'2023-11-14 22:19:07','2023-11-14 22:26:55',410000,_binary '\0'),(74,21,'2023-11-14 22:27:09','2023-11-14 22:32:11',410000,_binary '\0'),(75,21,'2023-11-14 22:32:23','2023-11-15 08:59:59',620000,_binary '\0'),(76,21,'2023-11-15 09:00:26','2023-11-15 09:16:39',325000,_binary '\0'),(77,21,'2023-11-15 09:16:57','2023-11-15 10:32:32',260000,_binary '\0'),(78,21,'2023-11-15 10:34:07','2023-11-15 10:34:14',170000,_binary '\0'),(79,21,'2023-11-15 10:34:56','2023-11-15 10:42:54',190000,_binary '\0'),(80,21,'2023-11-15 10:43:44','2023-11-15 14:08:11',230000,_binary '\0'),(81,21,'2023-11-15 14:08:38','2023-11-15 14:14:48',190000,_binary '\0'),(82,21,'2023-11-15 14:15:11','2023-11-15 14:21:15',165000,_binary '\0'),(83,21,'2023-11-15 14:21:54','2023-11-15 14:28:31',410000,_binary '\0'),(84,21,'2023-11-15 14:29:02','2023-11-15 14:37:23',675000,_binary '\0'),(85,21,'2023-11-15 14:37:51','2023-11-15 14:57:56',80000,_binary '\0'),(86,21,'2023-11-15 14:58:19','2023-11-15 15:06:53',325000,_binary '\0'),(87,21,'2023-11-15 15:07:13','2023-11-15 15:16:27',160000,_binary '\0'),(88,21,'2023-11-15 15:16:50','2023-11-15 15:18:22',200000,_binary '\0'),(89,21,'2023-11-15 15:18:42','2023-11-15 15:20:05',1280000,_binary '\0'),(90,21,'2023-11-15 15:20:29','2023-11-15 15:24:10',170000,_binary '\0'),(91,21,'2023-11-15 15:24:36','2023-11-15 15:28:44',410000,_binary '\0'),(92,21,'2023-11-15 15:29:07','2023-11-15 15:31:44',235000,_binary '\0'),(93,21,'2023-11-15 15:32:03','2023-11-15 15:34:45',80000,_binary '\0'),(94,21,'2023-11-15 15:35:06','2023-11-15 15:47:24',115000,_binary '\0'),(95,21,'2023-11-15 15:47:53','2023-11-16 13:24:39',230000,_binary '\0'),(96,21,'2023-11-16 13:24:59','2023-11-16 13:26:15',170000,_binary '\0'),(97,21,'2023-11-16 13:26:30','2023-11-16 13:28:50',90000,_binary '\0'),(98,21,'2023-11-16 13:28:59','2023-11-16 13:32:25',165000,_binary '\0'),(99,21,'2023-11-16 13:32:38','2023-11-16 16:14:20',230000,_binary '\0'),(100,21,'2023-11-16 16:14:36','2023-11-17 11:25:16',230000,_binary '\0'),(101,21,'2023-11-17 11:25:26','2023-11-28 21:02:48',705000,_binary '\0'),(102,18,'2023-11-17 11:40:52','2023-11-17 12:12:16',170000,_binary '\0'),(103,18,'2023-11-17 12:12:27','2023-11-17 12:13:47',1350000,_binary '\0'),(104,18,'2023-11-17 12:13:56','2023-11-17 12:16:44',160000,_binary '\0'),(105,18,'2023-11-17 12:16:52','2023-11-17 12:17:59',205000,_binary '\0'),(106,18,'2023-11-17 12:18:16','2023-11-17 12:19:05',410000,_binary '\0'),(107,18,'2023-11-17 12:19:15','2023-11-17 12:20:47',325000,_binary '\0'),(108,18,'2023-11-17 12:20:57','2023-11-17 13:58:13',165000,_binary '\0'),(109,18,'2023-11-17 13:58:31','2023-11-17 14:06:47',410000,_binary '\0'),(110,18,'2023-11-17 15:06:35','2023-11-17 15:12:21',325000,_binary '\0'),(111,18,'2023-11-17 15:13:45','2023-11-17 15:45:00',3610000,_binary '\0'),(112,18,'2023-11-17 15:45:49','2023-11-17 20:21:35',250000,_binary '\0'),(113,18,'2023-11-17 20:21:48','2023-11-17 20:30:37',190000,_binary '\0'),(114,18,'2023-11-17 20:30:46','2023-12-19 21:40:25',160000,_binary ''),(115,21,'2023-11-29 20:33:54',NULL,0,_binary ''),(116,44,'2023-12-03 21:18:45',NULL,0,_binary '');
/*!40000 ALTER TABLE `cart` ENABLE KEYS */;
UNLOCK TABLES;

--
-- Table structure for table `cart_item`
--

DROP TABLE IF EXISTS `cart_item`;
/*!40101 SET @saved_cs_client     = @@character_set_client */;
/*!50503 SET character_set_client = utf8mb4 */;
CREATE TABLE `cart_item` (
  `id` int NOT NULL AUTO_INCREMENT,
  `cart_id` int DEFAULT NULL,
  `product_detail_id` int DEFAULT NULL,
  `quantity` int DEFAULT NULL,
  `price` int DEFAULT NULL,
  `total` varchar(45) DEFAULT '0',
  `purchase_date` datetime DEFAULT NULL,
  PRIMARY KEY (`id`),
  KEY `FK_CI_Cart_idx` (`cart_id`),
  KEY `FK_CI_Product_idx` (`product_detail_id`),
  CONSTRAINT `FK_CI_Cart` FOREIGN KEY (`cart_id`) REFERENCES `cart` (`id`) ON DELETE CASCADE ON UPDATE CASCADE,
  CONSTRAINT `FK_CI_Product` FOREIGN KEY (`product_detail_id`) REFERENCES `product_detail` (`id`) ON DELETE SET NULL ON UPDATE CASCADE
) ENGINE=InnoDB AUTO_INCREMENT=281 DEFAULT CHARSET=utf8mb4 COLLATE=utf8mb4_0900_ai_ci;
/*!40101 SET character_set_client = @saved_cs_client */;

--
-- Dumping data for table `cart_item`
--

LOCK TABLES `cart_item` WRITE;
/*!40000 ALTER TABLE `cart_item` DISABLE KEYS */;
INSERT INTO `cart_item` VALUES (10,4,73,1,65000,'0','2023-10-29 22:28:50'),(11,4,70,1,115000,'0','2023-10-29 22:28:52'),(12,4,66,1,65000,'0','2023-10-29 22:28:52'),(13,4,62,1,80000,'0','2023-10-29 22:28:52'),(14,4,58,1,80000,'0','2023-10-29 22:28:53'),(23,1,23,4,620000,'2480000','2023-10-31 20:23:04'),(148,8,50,1,370000,'370000','2023-11-07 21:59:08'),(149,7,10,1,230000,'230000','2023-11-07 22:12:31'),(150,8,1,1,160000,'160000','2023-11-10 12:50:33'),(151,8,5,1,170000,'170000','2023-11-10 12:50:34'),(153,10,8,1,260000,'260000','2023-11-11 20:34:32'),(154,10,16,1,230000,'230000','2023-11-11 20:34:32'),(155,10,23,1,620000,'620000','2023-11-11 20:34:33'),(156,11,46,2,165000,'330000','2023-11-11 20:36:30'),(157,11,43,2,190000,'380000','2023-11-11 20:36:34'),(158,11,49,2,205000,'410000','2023-11-11 20:36:38'),(159,14,16,1,230000,'230000','2023-11-12 14:18:19'),(160,14,14,1,410000,'410000','2023-11-12 14:18:20'),(161,14,18,1,160000,'160000','2023-11-12 14:18:21'),(162,15,46,1,165000,'165000','2023-11-12 14:21:19'),(163,15,49,1,205000,'205000','2023-11-12 14:21:19'),(164,15,52,1,250000,'250000','2023-11-12 14:21:19'),(165,16,1,1,160000,'160000','2023-11-12 14:24:49'),(166,17,5,1,170000,'170000','2023-11-12 14:32:39'),(167,18,14,1,410000,'410000','2023-11-12 14:34:12'),(168,18,16,1,230000,'230000','2023-11-12 14:34:13'),(169,19,33,1,235000,'235000','2023-11-12 14:40:42'),(170,19,31,1,170000,'170000','2023-11-12 14:40:42'),(171,20,16,1,230000,'230000','2023-11-12 14:44:22'),(172,21,12,1,325000,'325000','2023-11-12 14:46:31'),(173,22,49,1,205000,'205000','2023-11-12 14:49:50'),(174,22,52,1,250000,'250000','2023-11-12 14:49:51'),(175,23,38,1,810000,'810000','2023-11-12 14:55:13'),(176,24,12,1,325000,'325000','2023-11-12 15:08:51'),(178,25,1,1,160000,'160000','2023-11-12 15:35:37'),(179,26,14,1,410000,'410000','2023-11-13 08:34:40'),(180,26,16,1,230000,'230000','2023-11-13 08:34:41'),(181,27,3,1,1350000,'1350000','2023-11-13 08:56:48'),(182,28,46,1,165000,'165000','2023-11-13 08:58:13'),(183,29,12,1,325000,'325000','2023-11-13 09:01:29'),(184,30,18,1,160000,'160000','2023-11-13 10:10:37'),(185,31,28,1,650000,'650000','2023-11-13 10:12:16'),(186,32,49,1,205000,'205000','2023-11-13 10:18:33'),(187,33,8,1,260000,'260000','2023-11-13 10:21:46'),(188,34,43,1,190000,'190000','2023-11-13 10:26:20'),(189,35,14,1,410000,'410000','2023-11-13 10:31:17'),(190,36,14,1,410000,'410000','2023-11-13 10:34:05'),(191,36,12,1,325000,'325000','2023-11-13 10:34:06'),(192,37,16,1,230000,'230000','2023-11-13 10:41:26'),(193,38,3,1,1350000,'1350000','2023-11-13 10:49:34'),(194,39,16,1,230000,'230000','2023-11-13 10:53:16'),(195,40,49,1,205000,'205000','2023-11-13 13:08:39'),(196,41,3,1,1350000,'1350000','2023-11-13 13:14:43'),(197,42,12,1,325000,'325000','2023-11-13 13:38:27'),(198,42,14,1,410000,'410000','2023-11-13 13:38:28'),(199,42,18,1,160000,'160000','2023-11-13 13:38:31'),(200,43,5,1,170000,'170000','2023-11-13 13:42:59'),(201,44,12,1,325000,'325000','2023-11-13 13:47:58'),(202,45,3,1,1350000,'1350000','2023-11-13 13:50:45'),(203,46,1,1,160000,'160000','2023-11-13 13:53:27'),(204,47,8,1,260000,'260000','2023-11-13 13:59:44'),(205,47,10,1,230000,'230000','2023-11-13 13:59:46'),(206,48,10,1,230000,'230000','2023-11-13 14:12:47'),(207,49,8,1,260000,'260000','2023-11-13 14:25:14'),(208,50,8,1,260000,'260000','2023-11-13 14:32:54'),(209,51,12,1,325000,'325000','2023-11-13 14:57:47'),(210,52,10,1,230000,'230000','2023-11-13 15:01:34'),(211,13,24,3,1280000,'3840000','2023-11-13 15:10:15'),(212,54,1,1,160000,'160000','2023-11-13 15:41:57'),(213,55,46,1,165000,'165000','2023-11-13 15:44:22'),(214,56,1,1,160000,'160000','2023-11-13 15:58:10'),(215,57,52,1,250000,'250000','2023-11-13 16:10:15'),(216,59,49,1,205000,'205000','2023-11-13 16:15:04'),(217,60,14,1,410000,'410000','2023-11-13 16:26:49'),(218,61,1,1,160000,'160000','2023-11-13 16:36:28'),(219,62,21,1,90000,'90000','2023-11-13 16:43:42'),(220,63,16,1,230000,'230000','2023-11-13 19:51:28'),(221,64,5,1,170000,'170000','2023-11-13 20:01:36'),(222,65,12,1,325000,'325000','2023-11-13 20:05:52'),(223,66,49,1,205000,'205000','2023-11-13 20:15:42'),(224,67,14,1,410000,'410000','2023-11-13 20:25:48'),(225,68,16,1,230000,'230000','2023-11-13 20:27:08'),(226,69,52,1,250000,'250000','2023-11-13 20:29:00'),(227,70,16,1,230000,'230000','2023-11-14 09:57:19'),(228,12,23,1,620000,'620000','2023-11-14 14:27:00'),(229,71,18,1,160000,'160000','2023-11-14 21:12:16'),(230,72,43,1,190000,'190000','2023-11-14 22:18:30'),(231,73,14,1,410000,'410000','2023-11-14 22:26:55'),(232,74,14,1,410000,'410000','2023-11-14 22:32:11'),(233,75,23,1,620000,'620000','2023-11-15 08:59:59'),(234,76,12,1,325000,'325000','2023-11-15 09:16:39'),(235,77,8,1,260000,'260000','2023-11-15 10:32:32'),(236,78,5,1,170000,'170000','2023-11-15 10:34:14'),(237,79,43,1,190000,'190000','2023-11-15 10:42:54'),(238,80,16,1,230000,'230000','2023-11-15 14:08:11'),(239,81,43,1,190000,'190000','2023-11-15 14:14:48'),(240,82,46,1,165000,'165000','2023-11-15 14:21:14'),(241,83,14,1,410000,'410000','2023-11-15 14:28:31'),(242,84,13,1,675000,'675000','2023-11-15 14:37:23'),(243,85,62,1,80000,'80000','2023-11-15 14:57:56'),(244,86,12,1,325000,'325000','2023-11-15 15:06:53'),(245,87,18,1,160000,'160000','2023-11-15 15:16:27'),(246,88,80,1,200000,'200000','2023-11-15 15:18:22'),(247,89,24,1,1280000,'1280000','2023-11-15 15:20:05'),(248,90,5,1,170000,'170000','2023-11-15 15:24:10'),(249,91,14,1,410000,'410000','2023-11-15 15:28:44'),(250,92,33,1,235000,'235000','2023-11-15 15:31:44'),(251,93,58,1,80000,'80000','2023-11-15 15:34:45'),(252,94,70,1,115000,'115000','2023-11-15 15:47:24'),(253,95,16,1,230000,'230000','2023-11-16 13:24:39'),(254,96,5,1,170000,'170000','2023-11-16 13:26:15'),(255,97,21,1,90000,'90000','2023-11-16 13:28:50'),(256,98,46,1,165000,'165000','2023-11-16 13:32:25'),(257,99,16,1,230000,'230000','2023-11-16 16:14:20'),(258,100,16,1,230000,'230000','2023-11-17 11:25:16'),(259,53,23,1,620000,'620000','2023-11-17 11:40:40'),(260,102,5,1,170000,'170000','2023-11-17 12:12:16'),(261,103,3,1,1350000,'1350000','2023-11-17 12:13:47'),(262,104,1,1,160000,'160000','2023-11-17 12:16:44'),(263,105,49,1,205000,'205000','2023-11-17 12:17:59'),(264,106,14,1,410000,'410000','2023-11-17 12:19:05'),(265,107,12,1,325000,'325000','2023-11-17 12:20:46'),(266,108,46,1,165000,'165000','2023-11-17 13:58:13'),(267,109,14,1,410000,'410000','2023-11-17 14:06:47'),(268,110,12,1,325000,'325000','2023-11-17 15:12:21'),(274,111,16,5,230000,'1150000','2023-11-17 15:45:00'),(275,111,14,6,410000,'2460000','2023-11-17 15:45:00'),(276,112,52,1,250000,'250000','2023-11-17 20:21:35'),(277,113,43,1,190000,'190000','2023-11-17 20:30:37'),(278,101,14,1,410000,'410000','2023-11-28 16:08:25'),(279,101,69,1,295000,'295000','2023-11-28 21:02:48'),(280,114,18,1,160000,'160000','2023-12-19 21:40:25');
/*!40000 ALTER TABLE `cart_item` ENABLE KEYS */;
UNLOCK TABLES;

--
-- Table structure for table `category`
--

DROP TABLE IF EXISTS `category`;
/*!40101 SET @saved_cs_client     = @@character_set_client */;
/*!50503 SET character_set_client = utf8mb4 */;
CREATE TABLE `category` (
  `id` int NOT NULL AUTO_INCREMENT,
  `name` varchar(255) DEFAULT NULL,
  `status` bit(1) DEFAULT NULL,
  PRIMARY KEY (`id`),
  UNIQUE KEY `name_UNIQUE` (`name`)
) ENGINE=InnoDB AUTO_INCREMENT=29 DEFAULT CHARSET=utf8mb4 COLLATE=utf8mb4_0900_ai_ci;
/*!40101 SET character_set_client = @saved_cs_client */;

--
-- Dumping data for table `category`
--

LOCK TABLES `category` WRITE;
/*!40000 ALTER TABLE `category` DISABLE KEYS */;
INSERT INTO `category` VALUES (1,'Cà phê bột',_binary ''),(2,'Cà phê hạt đã rang',_binary ''),(3,'Cà phê hạt nén',_binary ''),(4,'Cà phê đóng chai',_binary '');
/*!40000 ALTER TABLE `category` ENABLE KEYS */;
UNLOCK TABLES;

--
-- Table structure for table `employee`
--

DROP TABLE IF EXISTS `employee`;
/*!40101 SET @saved_cs_client     = @@character_set_client */;
/*!50503 SET character_set_client = utf8mb4 */;
CREATE TABLE `employee` (
  `id` int NOT NULL AUTO_INCREMENT,
  `start_on` date DEFAULT NULL,
  `user_id` int DEFAULT NULL,
  PRIMARY KEY (`id`),
  KEY `FK_Emp_User_idx` (`user_id`),
  CONSTRAINT `FK_Emp_User` FOREIGN KEY (`user_id`) REFERENCES `user` (`id`) ON DELETE CASCADE ON UPDATE CASCADE
) ENGINE=InnoDB AUTO_INCREMENT=13 DEFAULT CHARSET=utf8mb4 COLLATE=utf8mb4_0900_ai_ci;
/*!40101 SET character_set_client = @saved_cs_client */;

--
-- Dumping data for table `employee`
--

LOCK TABLES `employee` WRITE;
/*!40000 ALTER TABLE `employee` DISABLE KEYS */;
INSERT INTO `employee` VALUES (1,'2023-08-25',20),(2,'2021-10-15',24),(7,'2023-09-14',34),(8,NULL,38),(9,'2022-07-22',39),(10,'2023-09-05',40),(11,NULL,19),(12,NULL,25);
/*!40000 ALTER TABLE `employee` ENABLE KEYS */;
UNLOCK TABLES;

--
-- Table structure for table `flavor`
--

DROP TABLE IF EXISTS `flavor`;
/*!40101 SET @saved_cs_client     = @@character_set_client */;
/*!50503 SET character_set_client = utf8mb4 */;
CREATE TABLE `flavor` (
  `id` int NOT NULL AUTO_INCREMENT,
  `name` varchar(225) DEFAULT NULL,
  `description` varchar(255) DEFAULT NULL,
  `status` bit(1) DEFAULT NULL,
  PRIMARY KEY (`id`),
  UNIQUE KEY `name_UNIQUE` (`name`)
) ENGINE=InnoDB AUTO_INCREMENT=10 DEFAULT CHARSET=utf8mb4 COLLATE=utf8mb4_0900_ai_ci;
/*!40101 SET character_set_client = @saved_cs_client */;

--
-- Dumping data for table `flavor`
--

LOCK TABLES `flavor` WRITE;
/*!40000 ALTER TABLE `flavor` DISABLE KEYS */;
INSERT INTO `flavor` VALUES (1,'Trái cây','Hương vị trái cây nhiệt đới',_binary ''),(2,'Kem socola','Hương thơm kem sô cô la',_binary ''),(3,'Trái mơ','Hương thơm mùi quả mơ',_binary ''),(5,'Rượu nho','Hương thơm mùi rượu rum nho',_binary ''),(6,'Trung tính','Hương vị cân bằng, vừa ngọt vừa chua nhẹ',_binary ''),(7,'Whiskey','Hương thơm nhẹ mùi rượu tây Whiskey',_binary ''),(8,'Củ quả','Hương vị thơm nhẹ của mùi củ quả',_binary ''),(9,'Hỗn hợp','Hương vị được tổng hòa từ nhiều thành phần có kết cấu mềm mượt, thơm hương hoa,  mọng nước với hậu vị ngọt ngào kéo dài và  mượt mà siêu sạch.',_binary '');
/*!40000 ALTER TABLE `flavor` ENABLE KEYS */;
UNLOCK TABLES;

--
-- Table structure for table `invoice`
--

DROP TABLE IF EXISTS `invoice`;
/*!40101 SET @saved_cs_client     = @@character_set_client */;
/*!50503 SET character_set_client = utf8mb4 */;
CREATE TABLE `invoice` (
  `id` int NOT NULL AUTO_INCREMENT,
  `user_id` int DEFAULT NULL,
  `invoice_date` datetime DEFAULT NULL,
  `total` int DEFAULT NULL,
  PRIMARY KEY (`id`),
  KEY `FK_Invoice_User_idx` (`user_id`),
  CONSTRAINT `FK_Invoice_User` FOREIGN KEY (`user_id`) REFERENCES `user` (`id`) ON DELETE CASCADE ON UPDATE CASCADE
) ENGINE=InnoDB DEFAULT CHARSET=utf8mb4 COLLATE=utf8mb4_0900_ai_ci;
/*!40101 SET character_set_client = @saved_cs_client */;

--
-- Dumping data for table `invoice`
--

LOCK TABLES `invoice` WRITE;
/*!40000 ALTER TABLE `invoice` DISABLE KEYS */;
/*!40000 ALTER TABLE `invoice` ENABLE KEYS */;
UNLOCK TABLES;

--
-- Table structure for table `order`
--

DROP TABLE IF EXISTS `order`;
/*!40101 SET @saved_cs_client     = @@character_set_client */;
/*!50503 SET character_set_client = utf8mb4 */;
CREATE TABLE `order` (
  `id` int NOT NULL AUTO_INCREMENT,
  `order_code` varchar(255) DEFAULT NULL,
  `user_id` int DEFAULT NULL,
  `full_name` varchar(255) DEFAULT NULL,
  `email` varchar(255) DEFAULT NULL,
  `phone` varchar(45) DEFAULT NULL,
  `address` varchar(255) DEFAULT NULL,
  `province` varchar(255) DEFAULT NULL,
  `district` varchar(255) DEFAULT NULL,
  `ward` varchar(255) DEFAULT NULL,
  `payment_method` varchar(45) DEFAULT NULL,
  `shipping_method_id` int DEFAULT NULL,
  `shipping_fee` int DEFAULT NULL,
  `notes` varchar(999) DEFAULT NULL,
  `total` int DEFAULT NULL,
  `order_date` datetime DEFAULT NULL,
  `status` varchar(255) DEFAULT NULL,
  PRIMARY KEY (`id`),
  KEY `FK_Order_User_idx` (`user_id`),
  KEY `FK_Order_ShippingMethod_idx` (`shipping_method_id`),
  CONSTRAINT `FK_Order_ShippingMethod` FOREIGN KEY (`shipping_method_id`) REFERENCES `shipping_method` (`id`) ON DELETE SET NULL ON UPDATE CASCADE,
  CONSTRAINT `FK_Order_User` FOREIGN KEY (`user_id`) REFERENCES `user` (`id`) ON DELETE CASCADE ON UPDATE CASCADE
) ENGINE=InnoDB AUTO_INCREMENT=107 DEFAULT CHARSET=utf8mb4 COLLATE=utf8mb4_0900_ai_ci;
/*!40101 SET character_set_client = @saved_cs_client */;

--
-- Dumping data for table `order`
--

LOCK TABLES `order` WRITE;
/*!40000 ALTER TABLE `order` DISABLE KEYS */;
INSERT INTO `order` VALUES (1,NULL,21,'gia phu','test1@gmail.com','123345345','ASSSSS','Tỉnh Hoà Bình','Huyện Kim Bôi','Xã Tú Sơn','COD',NULL,NULL,'',735000,'2023-11-11 17:39:17','CANCELED'),(2,NULL,21,'gia phu','test1@gmail.com','123123123','abc xyz','Tỉnh Hoà Bình','Huyện Kim Bôi','Xã Tú Sơn','COD',NULL,NULL,'zxczxczx',1145000,'2023-11-11 20:34:55','PENDING'),(3,NULL,21,'gia phu','test1@gmail.com','12312321','zxcxzcxz','Tỉnh Hoà Bình','Huyện Kim Bôi','Xã Tú Sơn','COD',NULL,NULL,'vcxvcxvxc',1730000,'2023-11-11 20:37:04','PENDING'),(4,NULL,20,'gia phu','management@gmail.com','1231232131','AAAAAAAASSS','Tỉnh Quảng Ngãi','Huyện Ba Tơ','Xã Ba Thành','COD',NULL,NULL,'',280000,'2023-11-11 20:38:35','PENDING'),(5,NULL,18,'gia phu','testing@gmail.com','12312321321','zxcxzfcz','Tỉnh Hải Dương','Huyện Ninh Giang','Xã Tân Hương','COD',NULL,NULL,'',850000,'2023-11-12 14:19:00','PENDING'),(6,NULL,18,'gia phu','testing@gmail.com','12312321321','zxcxzfcz','Tỉnh Hải Dương','Huyện Ninh Giang','Xã Tân Hương','MOMO',NULL,NULL,'',655000,'2023-11-12 14:21:32','PENDING'),(7,NULL,18,'gia phu','testing@gmail.com','12312321321','zxcxzfcz','Tỉnh Hải Dương','Huyện Ninh Giang','Xã Tân Hương','MOMO',NULL,NULL,'',195000,'2023-11-12 14:25:03','PENDING'),(8,NULL,18,'gia phu','testing@gmail.com','12312321321','zxcxzfcz','Tỉnh Hải Dương','Huyện Ninh Giang','Xã Tân Hương','MOMO',NULL,NULL,'',205000,'2023-11-12 14:32:55','PENDING'),(9,NULL,18,'gia phu','testing@gmail.com','12312321321','zxcxzfcz','Tỉnh Hải Dương','Huyện Ninh Giang','Xã Tân Hương','COD',NULL,NULL,'',690000,'2023-11-12 14:34:23','PENDING'),(10,NULL,18,'gia phu','testing@gmail.com','12312321321','zxcxzfcz','Tỉnh Hải Dương','Huyện Ninh Giang','Xã Tân Hương','MOMO',NULL,NULL,'',440000,'2023-11-12 14:40:57','PENDING'),(11,NULL,18,'gia phu','testing@gmail.com','12312321321','zxcxzfcz','Tỉnh Hải Dương','Huyện Ninh Giang','Xã Tân Hương','MOMO',NULL,NULL,'',280000,'2023-11-12 14:44:35','PENDING'),(12,NULL,18,'gia phu','testing@gmail.com','12312321321','zxcxzfcz','Tỉnh Hải Dương','Huyện Ninh Giang','Xã Tân Hương','MOMO',NULL,NULL,'',375000,'2023-11-12 14:46:48','PENDING'),(13,NULL,18,'gia phu','testing@gmail.com','12312321321','zxcxzfcz','Tỉnh Hải Dương','Huyện Ninh Giang','Xã Tân Hương','MOMO',NULL,NULL,'',505000,'2023-11-12 14:50:08','PENDING'),(14,NULL,18,'gia phu','testing@gmail.com','12312321321','zxcxzfcz','Tỉnh Hải Dương','Huyện Ninh Giang','Xã Tân Hương','MOMO',NULL,NULL,'',860000,'2023-11-12 14:55:23','PENDING'),(15,NULL,18,'gia phu','testing@gmail.com','12312321321','zxcxzfcz','Tỉnh Hải Dương','Huyện Ninh Giang','Xã Tân Hương','MOMO',NULL,NULL,'',375000,'2023-11-12 15:09:00','PENDING'),(16,NULL,18,'gia phu','testing@gmail.com','12312321321','zxcxzfcz','Tỉnh Hải Dương','Huyện Ninh Giang','Xã Tân Hương','MOMO',NULL,NULL,'',195000,'2023-11-12 15:36:42','PENDING'),(17,'u2ZlFFkRjC',18,'gia phu','testing@gmail.com','12312321321','zxcxzfcz','Tỉnh Hải Dương','Huyện Ninh Giang','Xã Tân Hương','MOMO',NULL,NULL,'',675000,'2023-11-13 08:35:06','PENDING'),(18,'5Psr3wnzzA',18,'gia phu','testing@gmail.com','12312321321','zxcxzfcz','Tỉnh Hải Dương','Huyện Ninh Giang','Xã Tân Hương','MOMO',NULL,NULL,'',1400000,'2023-11-13 08:57:03','PENDING'),(19,'vF4bPdmygr',18,'gia phu','testing@gmail.com','12312321321','zxcxzfcz','Tỉnh Hải Dương','Huyện Ninh Giang','Xã Tân Hương','MOMO',NULL,NULL,'',200000,'2023-11-13 08:58:29','PENDING'),(20,'GG9LCHRwgN',18,'gia phu','testing@gmail.com','12312321321','zxcxzfcz','Tỉnh Hải Dương','Huyện Ninh Giang','Xã Tân Hương','MOMO',NULL,NULL,'',375000,'2023-11-13 09:01:49','PENDING'),(21,'Nd84VeAGAU',18,'gia phu','testing@gmail.com','12312321321','zxcxzfcz','Tỉnh Hải Dương','Huyện Ninh Giang','Xã Tân Hương','MOMO',NULL,NULL,'',210000,'2023-11-13 10:10:51','PENDING'),(22,'PJUvHNsCjn',18,'gia phu','testing@gmail.com','12312321321','zxcxzfcz','Tỉnh Hải Dương','Huyện Ninh Giang','Xã Tân Hương','MOMO',NULL,NULL,'',700000,'2023-11-13 10:12:46','PENDING'),(23,'owtJdHrIgc',18,'gia phu','testing@gmail.com','12312321321','zxcxzfcz','Tỉnh Hải Dương','Huyện Ninh Giang','Xã Tân Hương','MOMO',NULL,NULL,'',255000,'2023-11-13 10:18:53','PENDING'),(24,'996f9IYOfD',18,'gia phu','testing@gmail.com','12312321321','zxcxzfcz','Tỉnh Hải Dương','Huyện Ninh Giang','Xã Tân Hương','MOMO',NULL,NULL,'',310000,'2023-11-13 10:21:59','PENDING'),(25,'FVwoZg3r7H',18,'gia phu','testing@gmail.com','12312321321','zxcxzfcz','Tỉnh Hải Dương','Huyện Ninh Giang','Xã Tân Hương','MOMO',NULL,NULL,'',240000,'2023-11-13 10:26:34','PENDING'),(26,'JJJQIpemHm',18,'gia phu','testing@gmail.com','12312321321','zxcxzfcz','Tỉnh Hải Dương','Huyện Ninh Giang','Xã Tân Hương','MOMO',NULL,NULL,'',460000,'2023-11-13 10:31:32','PENDING'),(27,'CxudHrQ7Fg',18,'gia phu','testing@gmail.com','12312321321','zxcxzfcz','Tỉnh Hải Dương','Huyện Ninh Giang','Xã Tân Hương','MOMO',NULL,NULL,'',785000,'2023-11-13 10:34:22','PENDING'),(28,'gZJvUims2z',18,'gia phu','testing@gmail.com','12312321321','zxcxzfcz','Tỉnh Hải Dương','Huyện Ninh Giang','Xã Tân Hương','MOMO',NULL,NULL,'',280000,'2023-11-13 10:41:41','PENDING'),(29,'eG8js0Ppg5',18,'gia phu','testing@gmail.com','12312321321','zxcxzfcz','Tỉnh Hải Dương','Huyện Ninh Giang','Xã Tân Hương','MOMO',NULL,NULL,'',1400000,'2023-11-13 10:49:49','PENDING'),(30,'4tolEn77W1',18,'gia phu','testing@gmail.com','12312321321','zxcxzfcz','Tỉnh Hải Dương','Huyện Ninh Giang','Xã Tân Hương','MOMO',NULL,NULL,'',265000,'2023-11-13 10:53:35','PENDING'),(31,'axKLy5WWbu',18,'gia phu','testing@gmail.com','12312321321','zxcxzfcz','Tỉnh Hải Dương','Huyện Ninh Giang','Xã Tân Hương','MOMO',NULL,NULL,'',255000,'2023-11-13 13:09:03','PENDING'),(32,'6KlCkbyz0C',18,'gia phu','testing@gmail.com','12312321321','zxcxzfcz','Tỉnh Hải Dương','Huyện Ninh Giang','Xã Tân Hương','MOMO',NULL,NULL,'',1400000,'2023-11-13 13:14:57','PENDING'),(33,'9TJQ4CxHtw',18,'gia phu','testing@gmail.com','12312321321','zxcxzfcz','Tỉnh Hải Dương','Huyện Ninh Giang','Xã Tân Hương','MOMO',NULL,NULL,'',945000,'2023-11-13 13:38:51','PENDING'),(34,'6xuRHA89MX',18,'gia phu','testing@gmail.com','12312321321','zxcxzfcz','Tỉnh Hải Dương','Huyện Ninh Giang','Xã Tân Hương','MOMO',NULL,NULL,'',220000,'2023-11-13 13:43:13','PENDING'),(35,'gfbqskmlji',18,'gia phu','testing@gmail.com','12312321321','zxcxzfcz','Tỉnh Hải Dương','Huyện Ninh Giang','Xã Tân Hương','MOMO',NULL,NULL,'',375000,'2023-11-13 13:48:14','PENDING'),(36,'KoonPP99M4',18,'gia phu','testing@gmail.com','12312321321','zxcxzfcz','Tỉnh Hải Dương','Huyện Ninh Giang','Xã Tân Hương','MOMO',NULL,NULL,'',1400000,'2023-11-13 13:51:01','PENDING'),(37,'v6ck162eY8',18,'gia phu','testing@gmail.com','12312321321','zxcxzfcz','Tỉnh Hải Dương','Huyện Ninh Giang','Xã Tân Hương','MOMO',NULL,NULL,'',210000,'2023-11-13 13:53:42','PENDING'),(38,'vd9dxmqGl4',18,'gia phu','testing@gmail.com','12312321321','zxcxzfcz','Tỉnh Hải Dương','Huyện Ninh Giang','Xã Tân Hương','MOMO',NULL,NULL,'',540000,'2023-11-13 13:59:57','PENDING'),(39,'SXNaJgBRz0',18,'gia phu','testing@gmail.com','12312321321','zxcxzfcz','Tỉnh Hải Dương','Huyện Ninh Giang','Xã Tân Hương','MOMO',NULL,NULL,'',280000,'2023-11-13 14:12:58','PENDING'),(40,'qLFFxfoEL2',18,'gia phu','testing@gmail.com','12312321321','zxcxzfcz','Tỉnh Hải Dương','Huyện Ninh Giang','Xã Tân Hương','MOMO',NULL,NULL,'',310000,'2023-11-13 14:26:18','PENDING'),(41,'3yZY8taoG6',18,'gia phu','testing@gmail.com','12312321321','zxcxzfcz','Tỉnh Hải Dương','Huyện Ninh Giang','Xã Tân Hương','MOMO',NULL,NULL,'',310000,'2023-11-13 14:33:14','PENDING'),(42,'XTSG9qmfEV',18,'gia phu','testing@gmail.com','12312321321','zxcxzfcz','Tỉnh Hải Dương','Huyện Ninh Giang','Xã Tân Hương','MOMO',NULL,NULL,'',375000,'2023-11-13 14:58:15','PENDING'),(43,'JDf3pHgcNl',18,'gia phu','testing@gmail.com','12312321321','zxcxzfcz','Tỉnh Hải Dương','Huyện Ninh Giang','Xã Tân Hương','MOMO',NULL,NULL,'',280000,'2023-11-13 15:02:00','PENDING'),(44,'tb1GoT0iqV',20,'gia phu','management@gmail.com','1231232131','AAAAAAAASSS','Tỉnh Quảng Ngãi','Huyện Ba Tơ','Xã Ba Thành','MOMO',NULL,NULL,'',3890000,'2023-11-13 15:10:32','PENDING'),(45,'6RbTvK3G9e',20,'gia phu','management@gmail.com','1231232131','AAAAAAAASSS','Tỉnh Quảng Ngãi','Huyện Ba Tơ','Xã Ba Thành','MOMO',NULL,NULL,'',210000,'2023-11-13 15:42:49','PENDING'),(46,'2JlwMwux93',20,'gia phu','management@gmail.com','1231232131','AAAAAAAASSS','Tỉnh Quảng Ngãi','Huyện Ba Tơ','Xã Ba Thành','MOMO',NULL,NULL,'',215000,'2023-11-13 15:45:02','PENDING'),(47,'49txwi8TvC',20,'gia phu','management@gmail.com','1231232131','AAAAAAAASSS','Tỉnh Quảng Ngãi','Huyện Ba Tơ','Xã Ba Thành','MOMO',NULL,NULL,'',210000,'2023-11-13 15:58:27','PENDING'),(48,'L9wHMsqM58',20,'gia phu','management@gmail.com','1231232131','AAAAAAAASSS','Tỉnh Quảng Ngãi','Huyện Ba Tơ','Xã Ba Thành','MOMO',NULL,NULL,'',300000,'2023-11-13 16:10:31','PENDING'),(49,'ay0GxZRqwO',20,'gia phu','management@gmail.com','1231232131','AAAAAAAASSS','Tỉnh Quảng Ngãi','Huyện Ba Tơ','Xã Ba Thành','MOMO',NULL,NULL,'',300000,'2023-11-13 16:10:31','PENDING'),(50,'jTFRJVqY5L',20,'gia phu','management@gmail.com','1231232131','AAAAAAAASSS','Tỉnh Quảng Ngãi','Huyện Ba Tơ','Xã Ba Thành','MOMO',NULL,NULL,'',255000,'2023-11-13 16:15:19','PENDING'),(51,'6aRbGdylfx',20,'gia phu','management@gmail.com','1231232131','AAAAAAAASSS','Tỉnh Quảng Ngãi','Huyện Ba Tơ','Xã Ba Thành','MOMO',NULL,NULL,'',460000,'2023-11-13 16:27:03','PENDING'),(52,'kiWfW9kebO',20,'gia phu','management@gmail.com','1231232131','AAAAAAAASSS','Tỉnh Quảng Ngãi','Huyện Ba Tơ','Xã Ba Thành','MOMO',NULL,NULL,'',210000,'2023-11-13 16:36:45','PENDING'),(53,'MyWhY8Itkx',20,'gia phu','management@gmail.com','1231232131','AAAAAAAASSS','Tỉnh Quảng Ngãi','Huyện Ba Tơ','Xã Ba Thành','MOMO',NULL,NULL,'',140000,'2023-11-13 16:43:58','PENDING'),(54,'rRjjuJDBYD',20,'gia phu','management@gmail.com','1231232131','AAAAAAAASSS','Tỉnh Quảng Ngãi','Huyện Ba Tơ','Xã Ba Thành','MOMO',NULL,NULL,'',280000,'2023-11-13 19:51:37','PENDING'),(55,'OLJRfGrAKj',20,'gia phu','management@gmail.com','1231232131','AAAAAAAASSS','Tỉnh Quảng Ngãi','Huyện Ba Tơ','Xã Ba Thành','MOMO',NULL,NULL,'',220000,'2023-11-13 20:01:43','PENDING'),(56,'ZVjLvV1tCG',20,'gia phu','management@gmail.com','1231232131','AAAAAAAASSS','Tỉnh Quảng Ngãi','Huyện Ba Tơ','Xã Ba Thành','MOMO',NULL,NULL,'',375000,'2023-11-13 20:06:00','PENDING'),(57,'MyuAbH9r91',20,'gia phu','management@gmail.com','1231232131','AAAAAAAASSS','Tỉnh Quảng Ngãi','Huyện Ba Tơ','Xã Ba Thành','MOMO',NULL,NULL,'',255000,'2023-11-13 20:15:51','PENDING'),(58,'dkgeNsbh7j',20,'gia phu','management@gmail.com','1231232131','AAAAAAAASSS','Tỉnh Quảng Ngãi','Huyện Ba Tơ','Xã Ba Thành','MOMO',NULL,NULL,'',460000,'2023-11-13 20:25:56','PENDING'),(59,'tp9FxAXZJ3',20,'gia phu','management@gmail.com','1231232131','AAAAAAAASSS','Tỉnh Quảng Ngãi','Huyện Ba Tơ','Xã Ba Thành','MOMO',NULL,NULL,'',280000,'2023-11-13 20:27:17','PENDING'),(60,'iaKtDaiAAA',20,'gia phu','management@gmail.com','1231232131','AAAAAAAASSS','Tỉnh Quảng Ngãi','Huyện Ba Tơ','Xã Ba Thành','MOMO',NULL,NULL,'',300000,'2023-11-13 20:29:07','PENDING'),(61,'2uD1amHvRL',21,'gia phu','test1@gmail.com','123456685','ABCXYZ','Tỉnh Hoà Bình','Huyện Kim Bôi','Xã Tú Sơn','MOMO',NULL,NULL,'zxczxczxcxz',670000,'2023-11-14 14:27:21','PENDING'),(62,'9L3hngAnK8',21,'gia phu','test1@gmail.com','123213','2312312312','Tỉnh Hoà Bình','Huyện Kim Bôi','Xã Tú Sơn','VNPAY',NULL,NULL,'zxcxzcxzczx',210000,'2023-11-14 21:21:05','PENDING'),(63,'SP98osGujP',21,'gia phu','test1@gmail.com','12321321','1232132132132','Tỉnh Hoà Bình','Huyện Kim Bôi','Xã Tú Sơn','VNPAY',NULL,NULL,'',240000,'2023-11-14 22:19:07','PENDING'),(64,'urschBeVBN',21,'gia phu','test1@gmail.com','123123','123123','Tỉnh Hoà Bình','Huyện Kim Bôi','Xã Tú Sơn','VNPAY',NULL,NULL,'12312321',460000,'2023-11-14 22:27:09','PENDING'),(65,'XZXXGVthSv',21,'gia phu','test1@gmail.com','123213','12321321312','Tỉnh Hoà Bình','Huyện Kim Bôi','Xã Tú Sơn','VNPAY',NULL,NULL,'',460000,'2023-11-14 22:32:23','PENDING'),(66,'zZOVUtJWoj',21,'gia phu','test1@gmail.com','1331212312','12312321321','Tỉnh Hoà Bình','Huyện Kim Bôi','Xã Tú Sơn','VNPAY',NULL,NULL,'',670000,'2023-11-15 09:00:26','PENDING'),(67,'tyhm6wOaPj',21,'gia phu','test1@gmail.com','13213123','1232132131','Tỉnh Hoà Bình','Huyện Kim Bôi','Xã Tú Sơn','VNPAY',NULL,NULL,'',375000,'2023-11-15 09:16:57','PENDING'),(68,'GfBD9EqENs',21,'gia phu','test1@gmail.com','1232132112321','12321321','Tỉnh Hoà Bình','Huyện Kim Bôi','Xã Tú Sơn','VNPAY',NULL,NULL,'',310000,'2023-11-15 10:32:58','PENDING'),(69,'MiVuWuiTac',21,'gia phu','test1@gmail.com','123213','123123','Tỉnh Hoà Bình','Huyện Kim Bôi','Xã Tú Sơn','VNPAY',NULL,NULL,'',220000,'2023-11-15 10:34:56','PAID_VNPAY'),(70,'aebLXiU2EW',21,'gia phu','test1@gmail.com','123432','12312','Tỉnh Hoà Bình','Huyện Kim Bôi','Xã Tú Sơn','VNPAY',NULL,NULL,'',240000,'2023-11-15 10:43:44','FAILED'),(71,'Qh9lXS3Na0',21,'gia phu','test1@gmail.com','12312321','12312321','Tỉnh Hoà Bình','Huyện Kim Bôi','Xã Tú Sơn','MOMO',NULL,NULL,'',280000,'2023-11-15 14:08:37','PENDING'),(72,'TjxPeH9M2g',21,'gia phu','test1@gmail.com','asdas','123123','Tỉnh Hoà Bình','Huyện Kim Bôi','Xã Tú Sơn','MOMO',NULL,NULL,'',240000,'2023-11-15 14:15:11','PENDING'),(73,'9aQKa7yiCX',21,'gia phu','test1@gmail.com','1231231','xzxxzx','Tỉnh Hoà Bình','Huyện Kim Bôi','Xã Tú Sơn','MOMO',NULL,NULL,'',215000,'2023-11-15 14:21:53','PENDING'),(74,'D4eWgfKixx',21,'gia phu','test1@gmail.com','123123','asdas','Tỉnh Hoà Bình','Huyện Kim Bôi','Xã Tú Sơn','MOMO',NULL,NULL,'',460000,'2023-11-15 14:29:02','PENDING'),(75,'TNsKqnMvii',21,'gia phu','test1@gmail.com','12313213','12312312','Tỉnh Hoà Bình','Huyện Kim Bôi','Xã Tú Sơn','MOMO',NULL,NULL,'',725000,'2023-11-15 14:37:50','PENDING'),(76,'0M7fiz3SrF',21,'gia phu','test1@gmail.com','2313123','xcz','Tỉnh Hoà Bình','Huyện Kim Bôi','Xã Tú Sơn','MOMO',NULL,NULL,'',130000,'2023-11-15 14:58:19','PENDING'),(77,'e7PVuof9yc',21,'gia phu','test1@gmail.com','123213','123123','Tỉnh Hoà Bình','Huyện Kim Bôi','Xã Tú Sơn','MOMO',NULL,NULL,'',375000,'2023-11-15 15:07:12','PENDING'),(78,'tgsN0gesbE',21,'gia phu','test1@gmail.com','123123','12321','Tỉnh Hoà Bình','Huyện Kim Bôi','Xã Tú Sơn','MOMO',NULL,NULL,'',195000,'2023-11-15 15:16:50','PENDING'),(79,'LSSskGgCNZ',21,'gia phu','test1@gmail.com','132123','zxcxcz','Tỉnh Hoà Bình','Huyện Kim Bôi','Xã Tú Sơn','MOMO',NULL,NULL,'',250000,'2023-11-15 15:18:42','PENDING'),(80,'z6BWj2ytqg',21,'gia phu','test1@gmail.com','123123','123','Tỉnh Hoà Bình','Huyện Kim Bôi','Xã Tú Sơn','MOMO',NULL,NULL,'',1315000,'2023-11-15 15:20:28','PENDING'),(81,'VY9bzgfL0p',21,'gia phu','test1@gmail.com','123123123','sadasdasd','Tỉnh Hoà Bình','Huyện Kim Bôi','Xã Tú Sơn','MOMO',NULL,NULL,'',220000,'2023-11-15 15:24:35','PENDING'),(82,'k1qL2PhvyK',21,'gia phu','test1@gmail.com','12321','12312','Tỉnh Hoà Bình','Huyện Kim Bôi','Xã Tú Sơn','MOMO',NULL,NULL,'',460000,'2023-11-15 15:29:07','PENDING'),(83,'UplR3Zp2nr',21,'gia phu','test1@gmail.com','12321','1232132','Tỉnh Hoà Bình','Huyện Kim Bôi','Xã Tú Sơn','MOMO',NULL,NULL,'',270000,'2023-11-15 15:32:03','PENDING'),(84,'6DaSPRvdzz',21,'gia phu','test1@gmail.com','31231','123213','Tỉnh Hoà Bình','Huyện Kim Bôi','Xã Tú Sơn','MOMO',NULL,NULL,'',130000,'2023-11-15 15:35:06','PENDING'),(85,'X4LyW4xUdF',21,'gia phu','test1@gmail.com','123','123','Tỉnh Hoà Bình','Huyện Kim Bôi','Xã Tú Sơn','MOMO',NULL,NULL,'',165000,'2023-11-15 15:47:52','PENDING'),(86,'Rr4ZUxnpX0',21,'gia phu','test1@gmail.com','1231','13123','Tỉnh Hoà Bình','Huyện Kim Bôi','Xã Tú Sơn','MOMO',NULL,NULL,'zxczx',280000,'2023-11-16 13:24:58','CONFIRMED'),(87,'l4rNP4K7Lm',21,'gia phu','test1@gmail.com','312312','12313','Tỉnh Hoà Bình','Huyện Kim Bôi','Xã Tú Sơn','MOMO',NULL,NULL,'',220000,'2023-11-16 13:26:30','CANCELED'),(88,'dEqCmAlLdR',21,'gia phu','test1@gmail.com','123123','12312312','Tỉnh Hoà Bình','Huyện Kim Bôi','Xã Tú Sơn','VNPAY',NULL,NULL,'',140000,'2023-11-16 13:28:59','CONFIRMED'),(89,'g3fUIKS9Us',21,'gia phu','test1@gmail.com','123123','132123213','Tỉnh Hoà Bình','Huyện Kim Bôi','Xã Tú Sơn','VNPAY',NULL,NULL,'',200000,'2023-11-16 13:32:38','CANCELED'),(90,'m7yVB7V6Kw',21,'gia phu','test1@gmail.com','123','123','Tỉnh Hoà Bình','Huyện Kim Bôi','Xã Tú Sơn','MOMO',NULL,NULL,'',265000,'2023-11-16 16:14:36','CANCELED'),(91,'WGPnPwFZUi',21,'gia phu','test1@gmail.com','12','12','Tỉnh Hoà Bình','Huyện Kim Bôi','Xã Tú Sơn','COD',NULL,NULL,'12',280000,'2023-11-17 11:25:26','PENDING'),(92,'VCE8tTJ1Re',18,'gia phu','testing@gmail.com','12312321321','zxcxzfcz','Tỉnh Hải Dương','Huyện Ninh Giang','Xã Tân Hương','COD',NULL,NULL,'',670000,'2023-11-17 11:40:52','PENDING'),(93,'64MII2yf3G',18,'gia phu','testing@gmail.com','12312321321','zxcxzfcz','Tỉnh Hải Dương','Huyện Ninh Giang','Xã Tân Hương','COD',NULL,NULL,'',205000,'2023-11-17 12:12:27','PENDING'),(94,'n8N13X4LUS',18,'gia phu','testing@gmail.com','12312321321','zxcxzfcz','Tỉnh Hải Dương','Huyện Ninh Giang','Xã Tân Hương','COD',NULL,NULL,'',1400000,'2023-11-17 12:13:56','PENDING'),(95,'gzqVIKaKw9',18,'gia phu','testing@gmail.com','12312321321','zxcxzfcz','Tỉnh Hải Dương','Huyện Ninh Giang','Xã Tân Hương','COD',NULL,NULL,'',210000,'2023-11-17 12:16:52','PENDING'),(96,'UHi7szNRIF',18,'gia phu','testing@gmail.com','12312321321','zxcxzfcz','Tỉnh Hải Dương','Huyện Ninh Giang','Xã Tân Hương','COD',NULL,NULL,'',255000,'2023-11-17 12:18:16','PENDING'),(97,'x3qlWmyiU3',18,'gia phu','testing@gmail.com','12312321321','zxcxzfcz','Tỉnh Hải Dương','Huyện Ninh Giang','Xã Tân Hương','COD',NULL,NULL,'',460000,'2023-11-17 12:19:15','PENDING'),(98,'aQ6wgdeRDj',18,'gia phu','testing@gmail.com','12312321321','zxcxzfcz','Tỉnh Hải Dương','Huyện Ninh Giang','Xã Tân Hương','COD',NULL,NULL,'',375000,'2023-11-17 12:20:57','PENDING'),(99,'lPtkAqeOqY',18,'gia phu','testing@gmail.com','12312321321','zxcxzfcz','Tỉnh Hải Dương','Huyện Ninh Giang','Xã Tân Hương','COD',NULL,NULL,'',215000,'2023-11-17 13:58:31','PENDING'),(100,'VnMlgIcMzu',18,'gia phu','testing@gmail.com','12312321321','zxcxzfcz','Tỉnh Hải Dương','Huyện Ninh Giang','Xã Tân Hương','COD',1,NULL,'',410000,'2023-11-17 15:06:35','CONFIRMED'),(101,'MlBd6yJNvg',18,'gia phu','testing@gmail.com','12312321321','zxcxzfcz','Tỉnh Hải Dương','Huyện Ninh Giang','Xã Tân Hương','MOMO',1,NULL,'',325000,'2023-11-17 15:13:45','CONFIRMED'),(102,'Z6N9FtMW13',18,'gia phu','testing@gmail.com','12312321321','zxcxzfcz','Tỉnh Hải Dương','Huyện Ninh Giang','Xã Tân Hương','MOMO',3,NULL,'',3660000,'2023-11-17 15:45:48','CONFIRMED'),(103,'ZNjTBc55Nv',18,'gia phu','testing@gmail.com','12312321321','zxcxzfcz','Tỉnh Hải Dương','Huyện Ninh Giang','Xã Tân Hương','VNPAY',3,NULL,'',300000,'2023-11-17 20:21:48','CONFIRMED'),(104,'7qyQSqKJZt',18,'gia phu','testing@gmail.com','12312321321','zxcxzfcz','Tỉnh Hải Dương','Huyện Ninh Giang','Xã Tân Hương','VNPAY',3,NULL,'',240000,'2023-11-17 20:30:46','CONFIRMED'),(105,'WynQHTA1aE',21,'gia phu','test1@gmail.com','1234','1234','Tỉnh Vĩnh Long','Huyện Vũng Liêm','Xã Trung Chánh','COD',3,79000,'',754000,'2023-11-29 20:33:54','CONFIRMED'),(106,'KCHrqR3BE1',44,'NCT Air','phutv1990@gmail.com','072185452','2331','Thành phố Hà Nội','Quận Long Biên','Phường Việt Hưng','COD',3,60000,'',2510000,'2023-12-03 21:18:44','CONFIRMED');
/*!40000 ALTER TABLE `order` ENABLE KEYS */;
UNLOCK TABLES;

--
-- Table structure for table `order_detail`
--

DROP TABLE IF EXISTS `order_detail`;
/*!40101 SET @saved_cs_client     = @@character_set_client */;
/*!50503 SET character_set_client = utf8mb4 */;
CREATE TABLE `order_detail` (
  `id` int NOT NULL AUTO_INCREMENT,
  `order_id` int DEFAULT NULL,
  `product_detail_id` int DEFAULT NULL,
  `quantity` int DEFAULT NULL,
  `price` int DEFAULT NULL,
  `total` int DEFAULT NULL,
  `order_date` datetime DEFAULT NULL,
  PRIMARY KEY (`id`),
  KEY `FK_OI_Order_idx` (`order_id`),
  KEY `FK_OI_ProductDetail_idx` (`product_detail_id`),
  CONSTRAINT `FK_OI_Order` FOREIGN KEY (`order_id`) REFERENCES `order` (`id`) ON DELETE CASCADE ON UPDATE CASCADE,
  CONSTRAINT `FK_OI_ProductDetail` FOREIGN KEY (`product_detail_id`) REFERENCES `product_detail` (`id`) ON DELETE SET NULL ON UPDATE CASCADE
) ENGINE=InnoDB AUTO_INCREMENT=130 DEFAULT CHARSET=utf8mb4 COLLATE=utf8mb4_0900_ai_ci;
/*!40101 SET character_set_client = @saved_cs_client */;

--
-- Dumping data for table `order_detail`
--

LOCK TABLES `order_detail` WRITE;
/*!40000 ALTER TABLE `order_detail` DISABLE KEYS */;
INSERT INTO `order_detail` VALUES (5,1,50,1,370000,370000,'2023-11-11 17:39:17'),(6,1,1,1,160000,160000,'2023-11-11 17:39:17'),(7,1,5,1,170000,170000,'2023-11-11 17:39:17'),(8,2,8,1,260000,260000,'2023-11-11 20:34:55'),(9,2,16,1,230000,230000,'2023-11-11 20:34:55'),(10,2,23,1,620000,620000,'2023-11-11 20:34:55'),(11,3,46,2,165000,330000,'2023-11-11 20:37:04'),(12,3,43,2,190000,380000,'2023-11-11 20:37:04'),(13,3,49,2,205000,410000,'2023-11-11 20:37:04'),(14,4,10,1,230000,230000,'2023-11-11 20:38:35'),(15,5,16,1,230000,230000,'2023-11-12 14:19:00'),(16,5,14,1,410000,410000,'2023-11-12 14:19:00'),(17,5,18,1,160000,160000,'2023-11-12 14:19:00'),(18,6,46,1,165000,165000,'2023-11-12 14:21:32'),(19,6,49,1,205000,205000,'2023-11-12 14:21:32'),(20,6,52,1,250000,250000,'2023-11-12 14:21:32'),(21,7,1,1,160000,160000,'2023-11-12 14:25:03'),(22,8,5,1,170000,170000,'2023-11-12 14:32:55'),(23,9,14,1,410000,410000,'2023-11-12 14:34:23'),(24,9,16,1,230000,230000,'2023-11-12 14:34:23'),(25,10,33,1,235000,235000,'2023-11-12 14:40:57'),(26,10,31,1,170000,170000,'2023-11-12 14:40:57'),(27,11,16,1,230000,230000,'2023-11-12 14:44:35'),(28,12,12,1,325000,325000,'2023-11-12 14:46:48'),(29,13,49,1,205000,205000,'2023-11-12 14:50:08'),(30,13,52,1,250000,250000,'2023-11-12 14:50:08'),(31,14,38,1,810000,810000,'2023-11-12 14:55:23'),(32,15,12,1,325000,325000,'2023-11-12 15:09:00'),(33,16,1,1,160000,160000,'2023-11-12 15:36:42'),(34,17,14,1,410000,410000,'2023-11-13 08:35:06'),(35,17,16,1,230000,230000,'2023-11-13 08:35:06'),(36,18,3,1,1350000,1350000,'2023-11-13 08:57:03'),(37,19,46,1,165000,165000,'2023-11-13 08:58:29'),(38,20,12,1,325000,325000,'2023-11-13 09:01:49'),(39,21,18,1,160000,160000,'2023-11-13 10:10:51'),(40,22,28,1,650000,650000,'2023-11-13 10:12:46'),(41,23,49,1,205000,205000,'2023-11-13 10:18:53'),(42,24,8,1,260000,260000,'2023-11-13 10:21:59'),(43,25,43,1,190000,190000,'2023-11-13 10:26:34'),(44,26,14,1,410000,410000,'2023-11-13 10:31:32'),(45,27,14,1,410000,410000,'2023-11-13 10:34:22'),(46,27,12,1,325000,325000,'2023-11-13 10:34:22'),(47,28,16,1,230000,230000,'2023-11-13 10:41:41'),(48,29,3,1,1350000,1350000,'2023-11-13 10:49:49'),(49,30,16,1,230000,230000,'2023-11-13 10:53:35'),(50,31,49,1,205000,205000,'2023-11-13 13:09:03'),(51,32,3,1,1350000,1350000,'2023-11-13 13:14:57'),(52,33,12,1,325000,325000,'2023-11-13 13:38:51'),(53,33,14,1,410000,410000,'2023-11-13 13:38:51'),(54,33,18,1,160000,160000,'2023-11-13 13:38:51'),(55,34,5,1,170000,170000,'2023-11-13 13:43:13'),(56,35,12,1,325000,325000,'2023-11-13 13:48:14'),(57,36,3,1,1350000,1350000,'2023-11-13 13:51:01'),(58,37,1,1,160000,160000,'2023-11-13 13:53:42'),(59,38,8,1,260000,260000,'2023-11-13 13:59:57'),(60,38,10,1,230000,230000,'2023-11-13 13:59:57'),(61,39,10,1,230000,230000,'2023-11-13 14:12:58'),(62,40,8,1,260000,260000,'2023-11-13 14:26:18'),(63,41,8,1,260000,260000,'2023-11-13 14:33:14'),(64,42,12,1,325000,325000,'2023-11-13 14:58:15'),(65,43,10,1,230000,230000,'2023-11-13 15:02:00'),(66,44,24,3,1280000,3840000,'2023-11-13 15:10:32'),(67,45,1,1,160000,160000,'2023-11-13 15:42:49'),(68,46,46,1,165000,165000,'2023-11-13 15:45:02'),(69,47,1,1,160000,160000,'2023-11-13 15:58:27'),(70,48,52,1,250000,250000,'2023-11-13 16:10:31'),(71,50,49,1,205000,205000,'2023-11-13 16:15:19'),(72,51,14,1,410000,410000,'2023-11-13 16:27:03'),(73,52,1,1,160000,160000,'2023-11-13 16:36:45'),(74,53,21,1,90000,90000,'2023-11-13 16:43:58'),(75,54,16,1,230000,230000,'2023-11-13 19:51:37'),(76,55,5,1,170000,170000,'2023-11-13 20:01:43'),(77,56,12,1,325000,325000,'2023-11-13 20:06:00'),(78,57,49,1,205000,205000,'2023-11-13 20:15:51'),(79,58,14,1,410000,410000,'2023-11-13 20:25:56'),(80,59,16,1,230000,230000,'2023-11-13 20:27:17'),(81,60,52,1,250000,250000,'2023-11-13 20:29:07'),(82,61,23,1,620000,620000,'2023-11-14 14:27:21'),(83,62,18,1,160000,160000,'2023-11-14 21:21:05'),(84,63,43,1,190000,190000,'2023-11-14 22:19:07'),(85,64,14,1,410000,410000,'2023-11-14 22:27:09'),(86,65,14,1,410000,410000,'2023-11-14 22:32:23'),(87,66,23,1,620000,620000,'2023-11-15 09:00:26'),(88,67,12,1,325000,325000,'2023-11-15 09:16:57'),(89,68,8,1,260000,260000,'2023-11-15 10:32:58'),(90,69,5,1,170000,170000,'2023-11-15 10:34:56'),(91,70,43,1,190000,190000,'2023-11-15 10:43:44'),(92,71,16,1,230000,230000,'2023-11-15 14:08:37'),(93,72,43,1,190000,190000,'2023-11-15 14:15:11'),(94,73,46,1,165000,165000,'2023-11-15 14:21:53'),(95,74,14,1,410000,410000,'2023-11-15 14:29:02'),(96,75,13,1,675000,675000,'2023-11-15 14:37:50'),(97,76,62,1,80000,80000,'2023-11-15 14:58:19'),(98,77,12,1,325000,325000,'2023-11-15 15:07:12'),(99,78,18,1,160000,160000,'2023-11-15 15:16:50'),(100,79,80,1,200000,200000,'2023-11-15 15:18:42'),(101,80,24,1,1280000,1280000,'2023-11-15 15:20:28'),(102,81,5,1,170000,170000,'2023-11-15 15:24:35'),(103,82,14,1,410000,410000,'2023-11-15 15:29:07'),(104,83,33,1,235000,235000,'2023-11-15 15:32:03'),(105,84,58,1,80000,80000,'2023-11-15 15:35:06'),(106,85,70,1,115000,115000,'2023-11-15 15:47:52'),(107,86,16,1,230000,230000,'2023-11-16 13:24:58'),(108,87,5,1,170000,170000,'2023-11-16 13:26:30'),(109,88,21,1,90000,90000,'2023-11-16 13:28:59'),(110,89,46,1,165000,165000,'2023-11-16 13:32:38'),(111,90,16,1,230000,230000,'2023-11-16 16:14:36'),(112,91,16,1,230000,230000,'2023-11-17 11:25:26'),(113,92,23,1,620000,620000,'2023-11-17 11:40:52'),(114,93,5,1,170000,170000,'2023-11-17 12:12:27'),(115,94,3,1,1350000,1350000,'2023-11-17 12:13:56'),(116,95,1,1,160000,160000,'2023-11-17 12:16:52'),(117,96,49,1,205000,205000,'2023-11-17 12:18:16'),(118,97,14,1,410000,410000,'2023-11-17 12:19:15'),(119,98,12,1,325000,325000,'2023-11-17 12:20:57'),(120,99,46,1,165000,165000,'2023-11-17 13:58:31'),(121,100,14,1,410000,410000,'2023-11-17 15:06:35'),(122,101,12,1,325000,325000,'2023-11-17 15:13:45'),(123,102,16,5,230000,1150000,'2023-11-17 15:45:48'),(124,102,14,6,410000,2460000,'2023-11-17 15:45:48'),(125,103,52,1,250000,250000,'2023-11-17 20:21:48'),(126,104,43,1,190000,190000,'2023-11-17 20:30:46'),(127,105,14,1,410000,410000,'2023-11-29 20:33:54'),(128,105,69,1,295000,295000,'2023-11-29 20:33:54'),(129,106,23,4,620000,2480000,'2023-12-03 21:18:44');
/*!40000 ALTER TABLE `order_detail` ENABLE KEYS */;
UNLOCK TABLES;

--
-- Table structure for table `product`
--

DROP TABLE IF EXISTS `product`;
/*!40101 SET @saved_cs_client     = @@character_set_client */;
/*!50503 SET character_set_client = utf8mb4 */;
CREATE TABLE `product` (
  `id` int NOT NULL AUTO_INCREMENT,
  `name` varchar(255) DEFAULT NULL,
  `slug` varchar(999) DEFAULT NULL,
  `brand_id` int DEFAULT NULL,
  `sold` int DEFAULT '0',
  `rating` double DEFAULT '0',
  `flavor_id` int DEFAULT NULL,
  `description` varchar(9999) DEFAULT NULL,
  `created_at` datetime DEFAULT NULL,
  `updated_at` datetime DEFAULT NULL,
  `is_special` bit(1) DEFAULT NULL,
  `is_limited` bit(1) DEFAULT NULL,
  `status` bit(1) DEFAULT NULL,
  `sale_id` int DEFAULT NULL,
  `category_id` int DEFAULT NULL,
  `product_origin_id` int DEFAULT NULL,
  `vendor_id` int DEFAULT NULL,
  PRIMARY KEY (`id`),
  UNIQUE KEY `name_UNIQUE` (`name`),
  KEY `FK_Product_Category_idx` (`category_id`),
  KEY `FK_Product_Flavor_idx` (`flavor_id`),
  KEY `FK_Product_Event_idx` (`sale_id`),
  KEY `FK_Product_PO_idx` (`product_origin_id`),
  KEY `FK_Product_Vendor_idx` (`vendor_id`),
  KEY `FK_Product_Brand_idx` (`brand_id`),
  CONSTRAINT `FK_Product_Brand` FOREIGN KEY (`brand_id`) REFERENCES `brand` (`id`) ON DELETE SET NULL ON UPDATE CASCADE,
  CONSTRAINT `FK_Product_Category` FOREIGN KEY (`category_id`) REFERENCES `category` (`id`) ON DELETE SET NULL ON UPDATE CASCADE,
  CONSTRAINT `FK_Product_Flavor` FOREIGN KEY (`flavor_id`) REFERENCES `flavor` (`id`) ON DELETE SET NULL ON UPDATE CASCADE,
  CONSTRAINT `FK_Product_PO` FOREIGN KEY (`product_origin_id`) REFERENCES `product_origin` (`id`) ON DELETE SET NULL ON UPDATE CASCADE,
  CONSTRAINT `FK_Product_Sale` FOREIGN KEY (`sale_id`) REFERENCES `sale` (`id`) ON DELETE SET NULL ON UPDATE CASCADE,
  CONSTRAINT `FK_Product_Vendor` FOREIGN KEY (`vendor_id`) REFERENCES `vendor` (`id`) ON DELETE SET NULL ON UPDATE CASCADE
) ENGINE=InnoDB AUTO_INCREMENT=36 DEFAULT CHARSET=utf8mb4 COLLATE=utf8mb4_0900_ai_ci;
/*!40101 SET character_set_client = @saved_cs_client */;

--
-- Dumping data for table `product`
--

LOCK TABLES `product` WRITE;
/*!40000 ALTER TABLE `product` DISABLE KEYS */;
INSERT INTO `product` VALUES (1,'Sahara Espresso Blend','sahara-espresso-blend',4,18,3.5,1,'Cà phê hạt rang Sahara Espresso Blend được được rang phù hợp với phương pháp pha chế Espresso, Aeropress, Moka pot, Protarfiler, Nanopresso, Cold brew, Cold drip, Vietnam Phin...','2023-09-16 13:24:14','2023-10-14 22:14:27',_binary '\0',_binary '',_binary '',NULL,2,1,3),(2,'Cà phê hạt rang Specialty Coffee - \"COFFEE JOURNEY\"','ca-phe-hat-rang-specialty-coffee-coffee-journey',4,69,0,6,'Bao gồm 6 hoặc 12 gói cà phê 100gr được sơ chế đặc biệt mang lại hương vị bùng nổ từ các nông trại nổi tiếng.','2023-09-10 20:07:54','2023-10-06 20:39:25',_binary '',NULL,_binary '',NULL,2,1,3),(3,'Costa Rica SHB EP Hacienda San Ignacio Marsellesa Anaerobic Natural','costa-rica-shb-ep-hacienda-san-ignacio-marsellesa-anaerobic-natural',4,10,0,1,'Hacienda San Ignacio được thành lập vào năm 2009, vào thời điểm đó nông trại có các giống truyền thống như; caturra và catuaí, đối mặt với những thách thức giống như nhiều trang trại cà phê khác trong khu vực, mục tiêu chính đã và đang đạt được sản lượng tốt theo cách bền vững nhằm đảm bảo có một nông trại cà phê được chuẩn bị cho tương lai, sử dụng các giống và giống lai mới cũng như đầu tư vào nghiên cứu và công nghệ . Niềm đam mê và hạnh phúc mà Hacienda San Ignacio cảm thấy xung quanh cà phê là tạo ra nhiều dự án và sáng kiến mà ngày nay cho phép cung cấp nhiều loại cà phê tuyệt vời, với hình nền đặc biệt trên mỗi túi.\n\nHacienda San Ignacio nằm ở Palmichal, Acosta, nơi cà phê là hoạt động thương mại chính. Vị trí, khí hậu và độ cao của vùng đất ảnh hưởng trực tiếp đến chất lượng cà phê.','2023-09-10 20:07:37','2023-10-12 11:05:07',_binary '\0',NULL,_binary '',NULL,2,8,3),(4,'Colombia El Paraiso Midnight Jasmine','colombia-el-paraiso-midnight-jasmine',4,13,5,1,'Nếu bạn có tò mò về cái tên có vẻ kì lạ \"Midnight Jasmine\" của hạt cà đến từ nông trại nổi tiếng El Paraiso Colombia này thì cũng đừng ngạc nhiên vì chính tụi mình khi cupping lần đầu cũng hào hứng lắm, pha lẫn sự thích thú và đặt ra nhiều câu hỏi hóc búa về cái tên này.\n\nChúng mình tin rằng hương thơm của hoa nhài, cùng quả đào chín mọng hoà quyện bùng nổ trong cốc Cà phê hạt rang Colombia El Paraiso Midnight Jasmine này sẽ khiến bạn ấn tượng mãi.','2023-09-10 20:07:29','2023-10-12 11:05:15',_binary '\0',NULL,_binary '',NULL,2,2,3),(5,'Honduras Finca Moka Whisky-Aged','honduras-finca-moka-whiskyaged',4,25,5,5,'Đổi mới và cải tiến là cần thiết trong tất cả các ngành công nghiệp bao gồm cả cà phê. Do đó, các nhà sản xuất cà phê không ngừng tìm các phương pháp mới mang tính đột phá trong canh tác và chế biến hạt cà phê, tập trung vào chất lượng cao hơn và nhận được nhiều giá trị hơn.  Các nhà sản xuất phá vỡ ranh giới có thể gặp rủi ro, thực hiện nhiều nghiên cứu và không phải cải tiến nào cũng hiệu quả, có thể mất nhiều năm thử nghiệm và sai để rồi tạo ra thứ gì đó đặc biệt, ngon và có thể nhân rộng.\n\nWhiskey barrels aged là một thành công trong nỗ lực tìm kiếm điều mới lạ trong ngành cà phê. Sử dụng thùng gỗ rượu whisky sau khi đã lấy hết rượu ra ngoài. Phần xót lại của thùng này là một lớp rượu whisky đã ngấm vào phần gỗ, thường được gọi là Devil’s Cut. Đây chính là thứ mà hạt cà phê tươi sẽ hấp thụ!\n\nQuy trình ủ cà phê trong thùng gỗ sồi là một phương pháp cái tiến và nâng cao. Nó làm nổi bật thuộc tính nội tại của giống cà phê cộng hưởng với sự phức tạp của hương vị trong quá trình lên men mà không làm hỏng cấu trúc của nó.\n\nNghe quá trình này có vẻ khá đơn giản, cho một mẻ cà phê tươi vào thùng rượu whiskey đã qua sử dụng và để thời gian cho ta kết quả. Tuy nhiên sự thật không hẳn như vậy, để có được kết quả hoàn hảo nhất, nhà sản xuất cần phải vừa cởi mở nhưng phải vừa thông minh trong việc đo lường các thông số để kiểm soát việc lên men. Giống cà phê nào phù hợp để sử dụng theo cấu hình hương vị mục tiêu, tỉ lệ phần trăm độ ẩm, loại thùng nào sẽ được sử dụng, rượu whiskey ảnh hưởng như thế nào đến lượng đường của hạt trước khi rang và thời gian ủ cà phê là bao lâu thì tối ưu?\n\nCà phê tươi có đặc tính hút ẩm, do đó rất dễ nhiễm mùi từ môi trường xung quanh. Khi chúng được ủ trong thùng, thời gian là yếu tố quan trọng cần được xác định chuẩn xác. Nếu như quá nhanh hay chưa đủ tuổi, chúng không thể hấp thụ những nốt hương vị gỗ thơm ngon, mật ong hay whiskey từ thùng gỗ. Ở mặt khác, để hạt cà phê tươi trong thùng ẩm ướt quá lâu sẽ dẫn đến mùi vị khó chịu.\n\nSau khi cà phê tươi và thùng được chọn, các lô cà phê sẽ được pha trộn và cho vào thùng rượu whisky. Vỏ lụa cà phê vẫn còn trong quá trình này, nó thường được loại bỏ sau khi làm khô trong quá trình bóc vỏ trước khi cà phê được vận chuyển. Thông thường cà phê sẽ được ủ trong thùng whiskey từ 4-8 tuần và 12-18 tuần cho một số loại rất đặc biệt, điều này thường sẽ phụ thuộc vào loại cà phê đầu vào được phân loại. Khoảng thời gian này tạo nên loại cà phê phức tạp mà chúng ta có ở đây, ngọt ngào, nồng nàn và thoả mãn sâu sắc.\n\nVới sự thành công của dự án này, ngành công nghiệp chế biến cà phê tiến thêm một bước và mở ra một cảnh cửa rộng lớn hơn, tạo thêm một lối đi mới để mọi người tìm kiếm và khám phá.','2023-09-10 20:07:19','2023-09-30 14:18:56',_binary '\0',NULL,_binary '',NULL,2,7,3),(6,'Colombia Jairo Arcila Pink Bourbon Eucalyptus Honey - Exotics Cofinet','colombia-jairo-arcila-pink-bourbon-eucalyptus-honey-exotics-cofinet',4,79,0,1,'Mẫu đến từ Colombia với phương pháp sơ chế đặc biệt của nhóm Cofinet vời giống Pink Bourbon\n\nĐầu tiên là Colombia Jairo Arcila Pink Bourbon Eucalyptus Honey. Chắc các bạn còn nhớ mẫu cà phê cùng farm mang tên Jairo Arcila Cinnanmon với nốt hương Quế bùng nổ, se cay và ngọt vị mật ong. Dù bạn có thích loại cà phê lên men yếm khí với các loại thảo mộc không thì đó vẫn là một loại cà phê thực sự đặc biệt.\n\nCùng với phương pháp sơ chế này, Pink Bourbon Eucalyptus mang lại trải nghiệm tươi mới hơn với nốt hương cây bạch đàn cùng bạc hà mạnh mẽ, nghe có vẻ thú vị phải không nào.\n\nDưới đây là lời giải thích từ nhà sản xuất:\n\nChỉ những quả anh đào chín đỏ được hái bằng tay và vận chuyển đến trung tâm chế biến \"La Pradera\" trong cùng một ngày.\n\nCherry được cho vào túi Grain Pro, hàn kín để tạo môi trường yếm khí và cho vào thùng nước để ổn định nhiệt độ trong suốt quá trình lên men.\n\nChúng tôi lên men cà phê trong môi trường kỵ khí trong 8 giờ, sau đó lá bạch đàn/khuynh diệp được thêm vào và trộn nhẹ nhàng để tránh làm hỏng quả cà phê.\n\nSau 20 giờ lên men, chúng tôi đã thêm axit Tartaric để đẩy nhanh quá trình lên men và góp phần truyền hương vị khuynh diệp vào hạt cà phê.\n\nHết 48 giờ đem tách vỏ và phơi trên giàn phơi đến khi đạt độ ẩm lý tưởng 11%','2023-09-10 15:41:25','2023-09-30 14:19:10',_binary '\0',NULL,_binary '',NULL,2,2,3),(7,'Colombia Granja Paraiso 92 Gesha Nuruk','colombia-granja-paraiso-92-gesha-nuruk',4,41,1,1,'Có thể gần đây, trong cộng đồng cà phê đã biết nhiều đến các phương pháp lên men hay sơ chế cà phê độc đáo đến từ nhiều quốc gia bằng việc sử dụng các nguyên liệu tự nhiên cùng kỹ thuật tiên tiến. Từ khoá lên men Koji đang được sự quan tâm của rất nhiều người trong cộng đồng cà phê đặc sản thế giới từ người nông dân, nhà sản xuất nhà rang hay chính người tiêu dùng muốn biết về phương pháp sơ chế cà phê thú vị này.\n\nTương tự Koji đến từ Nhật Bản, Nuruk là loại chất khởi động lên men tự nhiên từ lúa mì hay ngũ cốc được làm ẩm, dùng trong sản xuất rượu Soju truyền thống tại Hàn Quốc. Mục đích của Koji và Nuruk là cơ bản giống nhau nhưng khác biệt ở thành phần, cách thức sản xuất từ đó khác nhau ở hương vị và mùi thơm ở kết quả cuối cùng. Những khác biệt này phản ảnh truyền thống sản xuất và văn hoá độc đáo của Nhật Bản và Hàn Quốc.\n\nNếu như trước đây bạn đã từng sử dụng một loại cà phê được cấy men Koji rồi thì chắc chắn không thể bỏ lỡ mẫu cà phê Gesha được cấy men Nuruk được sản xuất bởi Granja Paraiso 92 và trồng tại Colombia này.','2023-09-10 15:34:30','2023-09-30 14:21:32',_binary '\0',NULL,_binary '',NULL,2,2,3),(8,'Colombia Finca Santa Lucia Barrel-aged Strawberry','colombia-finca-santa-lucia-barrelaged-strawberry',4,48,5,1,'Finca Santa Lucia nằm ở thị trấn La Plata, ở chân đồi của Trung tâm Cordillera. Đây là một thị trấn và đô thị thuộc vùng Huila của Colombia, có dân số 57.000 người bao gồm cả khu vực nông thôn. Nó nằm cách Neiva, thủ phủ của Huila, 122 km.\n\nTrang trại nằm ở độ cao 1650 masl và tổng cộng là 6,3 ha, theo tiêu chuẩn của các trang trại cà phê Huila là trung bình đến lớn. Trong số này có 4,33 ha được trồng cà phê do bảo tồn các suối nước, các khoảnh rừng bản địa và các khu vực khó tiếp cận trong trang trại không thích hợp cho việc trồng cà phê.\n\nCác giống cà phê có 60% Castillo là dòng cà phê kháng bệnh gỉ sắt (Roya); 20% Caturra và 20% của một giống có tên Colombia, là một trong những chủng kháng bệnh gỉ sắt.\n\nFinca Santa Lucia được sở hữu và điều hành bởi Yiver Vargas Perdomo, con gái của bà là Marolling và hai con trai Cristian và Juan David. Gia đình giàu nghị lực này đã trồng cà phê được 18 năm. Gia đình tự hào về cà phê của họ và cố gắng tạo ra một sản phẩm nổi bật không chỉ về chất lượng, mà còn ở các hoạt động có trách nhiệm với xã hội và sinh thái được sử dụng để tạo ra nó. Yiver mô tả trang trại là “thiên đường dân gian” vì vẻ đẹp tự nhiên và di sản văn hóa phong phú của khu vực. Một trong những dự án của cô là chia sẻ năng lượng tích cực và lối sống thân thiện với môi trường bằng cách đưa du lịch xứ cà phê đến Finca Santa Lucia.','2023-09-10 15:30:22','2023-09-30 14:21:28',_binary '\0',NULL,_binary '',NULL,2,2,3),(9,'Robusta Chư Prông Kefir Natural','robusta-chu-prong-kefir-natural',4,16,4.6667,8,'Chư Prông Kefir Natural là mẫu cà phê được trồng và sơ chế tại Mori Coffee Farm, nơi này không quá lớn về mặt quy mô nhưng chất lượng có thể là một trong những nơi tận tâm nhất trong những nông trại chúng mình đi qua.','2023-09-10 20:22:52','2023-09-30 14:21:22',_binary '\0',NULL,_binary '',NULL,2,5,3),(10,'Epresso House Blend - You Rock','epresso-house-blend-you-rock',4,19,5,6,'Sự pha trộn này kết hợp cà phê đặc sản của Colombia với một loại cà phê Robusta chất lượng cao của Việt Nam. Gói cà này sẽ mang đến sự \"Wow\" cho bạn và nó đang dần trở thành món pha chế phổ biến tại nhà của chúng mình, phù hợp nhất với đồ uống làm từ cà phê espresso mặc dù nó cũng thú vị với các phương pháp pha cà phê khác. Sự pha trộn này là cơ sở của sự pha trộn tùy chỉnh của chúng mình cho các khách hàng hướng tới sự mới mẻ, cần một loại cà phê mạnh mẽ, nồng nàn hơn.','2023-09-13 10:09:08','2023-09-30 14:19:50',_binary '\0',NULL,_binary '',NULL,2,5,3),(11,'Juicy Summer Collection - 3 packs','juicy-summer-collection-3-packs',4,36,0,6,'Lựa chọn siêu cool cho những chuyến đi ngày hè 2023!\n\nChắc hẳn những gói cà phê hạt trong bộ sưu tập Juicy Summer này không còn quá xa lạ với cộng đồng yêu thích cà phê đặc sản specialty nói chung và các khách hàng thân quen nói riêng.\n\nBộ sưu tập này dường như là lựa chọn không thể thiếu vào những ngày hè rực rỡ. Juicy Summer bao gồm 3 gói cà phê hạt rang đặc biệt là Orange Chiffon, Straberry Natural và Anaerobic Peachy, cả 3 đều được trồng và sơ chế tại nông trại Santa Lucia ở Colombia.\n\nCùng Travel With Coffee nhé!','2023-09-13 10:32:20','2023-09-30 14:21:17',_binary '',NULL,_binary '',NULL,2,2,3),(12,'Basic Pick Combo: Kenya AA Plus Mount Kenya & Ethiopia Oromia Buku Abel G1 Natural','basic-pick-combo:-kenya-aa-plus-mount-kenya-&-ethiopia-oromia-buku-abel-g1-natural',4,26,0,1,'Cặp sản phẩm chất lượng cao, ổn định phù hợp với người sử dụng cà phê hàng ngày với yêu cầu tiêu chuẩn cao về cà phê.\n\nKenya Washed & Ethiopia Natural đang trên bàn thử nếm, nếu bạn cần một bình cà phê ngon ổn định hàng ngày thì không thể bỏ qua 2 mẫu cà phê đến từ 2 vùng cà phê nổi tiếng Kenya & Ethiopia.\n\nMẫu Kenya nổi bật về độ chua sáng đi kèm với vị ngọt mọng nước còn Ethiopia mang đến sự ngọt ngào hơn với phương pháp sơ chế Natural cùng với các nốt hương hoa phong phú.\n\nCùng thử 2 mẫu này với các dụng cụ pha chế tại nhà có sẵn tại nhà để tìm ra nhiều sự mới mẻ hơn vì mỗi bình cà phê là khác biệt','2023-09-13 10:33:07','2023-09-30 14:21:04',_binary '',NULL,_binary '',NULL,2,3,3),(13,'ESPRESSO SIGNATURE SET - 3 packs','espresso-signature-set-3-packs',4,10,0,6,'Combo 3 gói cà phê blends đặc biệt thuộc dòng Espresso Series sẽ mang lại những shot espresso khác biệt mỗi ngày với từng nốt hương vị đặc trưng của mỗi gói. 3 mẫu cà phê được rang từ mức Medium cho tới Dark.\n\nCà phê hạt rang ESPRESSO signature SET Tổng cộng có 3 món cà phê espresso thú vị từ 3 profile hương vị đặc trưng nổi tiếng được đảm bảo nguồn gốc bới bởi đội ngũ GREEN BEAN INTERTRADE:\n\n- Red Bull Espresso Blend mức rang MEDIUM+ với acid thấp, nồng hương vị chocolate và caramel nổi trội, với body dày, creamy, ngọt hậu kéo dài, gói 250gr x 1.\n\n- Sahara Espresso Blend mức rang MEDIUM cũng là một tuỳ chọn ESPRESSO nhưng với SAHARA, người dùng sẽ cảm nhận rõ hương vị trái cây nhiệt đới, acid sáng, ngọt sâu và hương hoa ngào ngạt, gói 250gr x 1\n\n- Office Espresso Blends mức rang DARK với nốt ca cao đậm, quả ngọt, mật ong, hương vị truyền thống được cấu thành từ ROBUSTA và hàm lượng ARABICA thấp hơn cho mức acid cực thấp, dường như không chua, , gói 250gr x 1','2023-09-14 09:10:56','2023-09-30 14:22:57',_binary '',NULL,_binary '',NULL,2,1,3),(14,'Combo 3 gói cà phê thuộc dòng Country Blends Series','combo-3-goi-ca-phe-thuoc-dong-country-blends-series',4,53,0,1,'Combo 3 gói cà phê thuộc dòng Country Blends Series sẽ mang lại trải nghiệm mới lạ mỗi ngày với hương vị cà phê thuần tuý từ Colombia, Ethiopia và Kenya.\n\nCà phê hạt rang Combo 3 gói cà phê thuộc dòng Country Blends Series có 3 món cà phê thú vị từ 3 vùng trồng cà phê nổi tiếng trên thế giới:\n\n- Colombia Coffee mức rang Light+ với nốt trái cây chín nổi trội, gói 250grx 1\n\n- Ethiopia Coffee mức rang Light+ với nốt vị chua trái cây và hương hoa nhài, gói 250grx 1\n\n- Kenya Coffee mức rang Light+ với nốt hương chua sáng của các lại trái berries, gói 250grx 1','2023-09-14 12:48:27','2023-09-30 14:23:24',_binary '',NULL,_binary '',NULL,2,3,3),(15,'Colombia Huila Volcano Supremo Sc 17/18','colombia-huila-volcano-supremo-sc-17-18',4,46,0,1,'Được trồng và thu hoạch ở Huila, Colombia, nguồn gốc của loại cà phê này nằm gần núi lửa Nevado de Huila ––đất giàu khoáng chất và vi khí hậu hoàn hảo để tạo ra loại cà phê phức tạp, chất lượng cao. Các nhà sản xuất sử dụng máy xay thủ công, quay tay để tách vỏ quả cà phê và sử dụng các luống phơi cao để làm khô cà phê đều. Hạt cà phê được xử lý một cách chuyên nghiệp ở mọi công đoạn sơ chế.\n\nThe Original Origins là danh mục sản phẩm cà phê hạt rang có nguồn gốc từ những vùng nguyên liệu lớn, nổi tiếng trên thế giới. Từng loại cà phê sẽ đại diện cho mỗi vùng nói lên hương vị đặc trưng, thuần tuý và đạt giá trị sản xuất cao ở sản lượng cũng như chất lượng. Đây là những dòng cà phê rất phổ biến trên thế giới và có mặt ở hầu hết các quốc gia tiêu thụ cà phê. Từng loại cà phê trong danh mục The Original Origins sẽ được sơ chế theo phương pháp phổ biến nhất tại vùng nguyên liệu đó. Ví dụ như Kenya sẽ là Washed, Ethiopia là Natural, Việt Nam có thể là Honey, Brazil Natural, Colombia Washed,...','2023-09-15 13:29:33','2023-09-30 14:23:37',_binary '\0',NULL,_binary '',NULL,2,2,3),(16,'Colombia Bourbon Sidra Finca La Gallera','colombia-bourbon-sidra-finca-la-gallera',4,63,0,6,'Finca La Gallera nằm ở phía nam của vùng Tolima, cách thủ đô Bogota của Colombia khoảng 180 km.\n\nSidra là giống cà phê lai mới, được tạo ra từ Bourbon và Typica, là sự kết hợp đặc tính của hai giống này. Nó đã có được lượng đường đậm đặc và trọng lượng của Red Bourbon và tính axit của Typica. Tại trang trại, bạn có thể phân biệt chúng bằng cách nhìn thấy những cái cây trông mạnh mẽ, tự tin với những chiếc lá màu xanh đậm và những chùm quả anh đào chặt chẽ\n\nMô tả quá trình sơ chế\n\nQuá trình lên men cherry trong 12 giờ trước khi đưa vào máy nghiền ướt, sau đó lên men thêm 12 giờ nữa trong thùng, quá trình rửa được thực hiện sau cả hai quá trình lên men, sau cùng, hạt cà phê phải được phơi nắng trong 15 ngày.','2023-09-17 15:44:32','2023-09-30 14:23:42',_binary '\0',NULL,_binary '',NULL,2,2,3),(17,'Colombia Puerto Alegre JAVA Natural','colombia-puerto-alegre-java-natural',4,76,0,1,'Java là giống cà phê tương đối hiếm thấy, chất lượng cao ở Trung Mỹ. Chịu được các bệnh chính, với nhu cầu phân bón thấp. Sự lựa chọn tốt cho nông dân sản xuất nhỏ. Đây là giống có nguồn gốc di chuyền từ Ethiopia.\n\nJava có lịch sử canh tác lâu đời. Như tên gọi, giống này được người Hà Lan đưa trực tiếp đến đảo Java, Indonesia từ Ethiopia vào đầu thế kỷ 19.\n\nJava được mang đi khắp nơi trồng trọt thử nghiệm. Bắt đầu thử nghiệm từ giữa thế kỷ 20 ở Cameroon và đến 20 năm sau mới phát hành rộng rãi để canh tác. Hay đến năm 2016, Panama mới chính thức công nhận Java, cũng là quốc gia đầu tiên tại Trung Mỹ.\n\nChất lượng của Java được đánh giá rất cao, là đại diện thú vị được công nhận để thay thế Gesha phù hợp với những nông trại cà phê nhỏ, có khả năng chống bệnh gỉ sắt trên lá cà phê.\n\nNông trại cung cấp nhân xanh cho Stupiducks lần này là Puerto Alegre.','2023-09-17 16:17:00','2023-09-30 14:23:48',_binary '\0',NULL,_binary '',NULL,2,2,3),(18,'COLOMBIA GESHA SAN JOSE HONEY - Cup of Excellence Rank 11 Colombia','colombia-gesha-san-jose-honey-cup-of-excellence-rank-11-colombia',4,91,3,9,'Consuelo đã làm việc trong lĩnh vực cà phê 20 năm, sau khi chồng cô qua đời, cô ấy tiếp tục các dự án đổi mới cùng với cậu con trai của mình. Tại trang trại San Jose, họ trồng các giống cà phê như Gesha, Yellow Bourbon và Pink Bourbon, mong muốn cải tiến mỗi ngày về mặt cơ sở hạ tầng cũng như kiến thức trong công cuộc đổi mới phương pháp sơ chế của họ.\n\nConsuelo Maria Garcia Marin hiện đang điều hành nông trại San Jose\nLô cà phê được tham gia đấu giá tại Cup Of Excellence Colombia 2021 đạt được số điểm 87.93 và nằm trong top 11 loại cà phê được đánh giá cao trong cuộc thi.','2023-09-23 20:58:02','2023-09-30 14:23:54',_binary '\0',NULL,_binary '',NULL,2,2,3),(19,'Ethiopia Yirgacheffee Suke Shade Slow Drying G1','ethiopia-yirgacheffee-suke-shade-slow-drying-g1',4,39,0,3,' Cà phê hạt rang Specialty Coffee Yirgacheffe, Ethiopia là một trong những loại cà phê được tìm kiếm nhiều nhất trên thế giới bởi đặc trưng về hương vị tinh tế, giống cà phê nguyên bản, điều kiện địa lý lý tưởng để phát triển cà phê cao cấp. Loại cà phê được Stupiducks giới thiệu lần này được sơ chế tại Haru Suke, sử dụng phương pháp rửa sạch và phơi trong bóng râm tạo ra nhiều nốt hương phức tạp và độ ngọt cao','2023-09-23 21:02:31','2023-09-30 14:24:00',_binary '\0',NULL,_binary '',NULL,2,6,3),(20,'Happy Fox - Cold Drip Đậm Đặc x3 - Arctic Fox Cold Drip','happy-fox-cold-drip-dam-dac-x3-arctic-fox-cold-drip',1,92,0,6,'Happy Fox 3/5- Hương vị: trái cây lên men, Dâu tây, Táo, Nho, Mật ong\n100% hạt cà phê đặc sản Myanmar và Costa Rica Musician.\nVới 100% hạt cà phê arabica hảo hạn, có độ rang hoàn hảo và hoàn toàn hữu cơ. Bằng phương pháp ủ lạnh chiết xuất cùng hệ thống máy móc công nghệ cao, khử khuẩn UV tạo ra cà phê đậm đặc có hương vị mượt mà sóng sánh thơm đượm hương hoa, chút đắng nhẹ, hậu vị ngọt của các loại trái cây nhiệt đới, caramel...và độ acid rất thấp.','2023-09-24 10:35:11','2023-09-30 14:24:16',_binary '\0',NULL,_binary '',NULL,4,5,3),(21,'Clever Fox - Cold Drip Đậm Đặc x3','clever-fox-cold-drip-dam-dac-x3',1,62,0,2,'Với 100% hạt cà phê arabica hảo hạn, có độ rang hoàn hảo và hoàn toàn hữu cơ. Bằng phương pháp ủ lạnh chiết xuất cùng hệ thống máy móc công nghệ cao, khử khuẩn UV tạo ra cà phê đậm đặc có hương vị mượt mà sóng sánh thơm đượm hương hoa, chút đắng nhẹ, hậu vị ngọt của các loại trái cây nhiệt đới, caramel...và độ acid rất thấp.\n\nClever Fox 4,5/5- Hương vị: Hạnh nhân, Hương các loại hạt, Hương hoa, Vị caramel\n\n100% hạt cà phê đặc sản Myanmar và Colombia Red Plum.','2023-09-24 10:38:14','2023-09-30 14:24:22',_binary '\0',NULL,_binary '',NULL,4,5,3),(22,'Ethiopian Fox - Cold Drip Đậm Đặc x3','ethiopian-fox-cold-drip-dam-dac-x3',1,26,0,1,'Đối với những tín đồ yêu Cold Brew, chúng mình biết rằng các bạn đang tìm kiếm một loại cà phê Cold Brew tuyệt vời trong những ngày hè oi bức. Cà phê Africa Cold Brew được phục vụ tại các trạm Arctic Fox trên toàn quốc, đây là lựa chọn số một của chúng mình cho các mẻ Cold Brew đầy hương hoa trái.\n\nKhi thêm sữa vào món Cold Brew này, phần body sẽ dậy lên nốt béo ngậy, sô cô la gần như rất nổi bật tạo nên một món đồ uống vô cùng hâp dẫn. Hãy tự tin thưởng thức theo bất kỳ cách nào bạn muốn.\n\nEthiopian Fox 2/5- Hương vị: Hoa mộc lan, Dâu tây, Dâu tằm, Jammy Cream body.','2023-09-24 10:40:08','2023-09-30 14:24:29',_binary '\0',NULL,_binary '',NULL,4,5,3),(23,'Specialty Fox - Cold Drip Đậm Đặc x3','specialty-fox-cold-drip-dam-dac-x3',1,23,0,1,'Với 100% hạt cà phê arabica specialty, có độ rang hoàn hảo và hoàn toàn hữu cơ.\n\nTất cả các loại cà phê trong danh sách sử dụng đều vượt quá tiêu chuẩn specialty. Cà phê specialty phải đạt từ 80 điểm trở lên trên thang điểm 100. Chúng mình chỉ sử dụng các loại cà phê specialty có đăng ký 84 trở lên. Bằng phương pháp ủ lạnh chiết xuất cùng hệ thống máy móc công nghệ cao, khử khuẩn UV tạo ra cà phê đậm đặc có hương vị mượt mà sóng sánh thơm đượm hương hoa, chút đắng nhẹ, hậu vị ngọt của các loại trái cây nhiệt đới, caramel...và độ acid rất thấp.\n\nSpecialty Fox 3/5- Hương vị: Cam, body tốt, Bưởi, Hoa nhài, Chanh, Thảo mộc ngọt, Gia vị ngọt ngào đã khi kết thúc\n100% hạt cà phê specialty','2023-09-24 10:42:27','2023-09-30 14:24:35',_binary '\0',NULL,_binary '',NULL,4,5,3),(24,'Tradional Fox - Cold Drip Đậm Đặc x3','tradional-fox-cold-drip-dam-dac-x3',1,30,0,2,'Cà phê organic 100% hạt Robusta chất lượng cao, 0% đường\n\nTaste note: chocolate, caramel, tobaco, strong body\n\nVới 100% hạt cà phê robusta chất lượng cao tại Gia Lai, có độ rang đậm và hoàn toàn hữu cơ. Bằng phương pháp ủ lạnh chiết xuất cùng hệ thống máy móc công nghệ cao, khử khuẩn UV tạo ra cà phê đậm đặc có hương vị mượt mà sóng sánh thơm đượm hương chocolate, chút đắng nhẹ, hậu vị ngọt của các loại ngũ cốc, caramel...và độ acid rất thấp.\n\n100% hạt cà phê robusta.\n\nCà phê specialty coffee Traditional Robusta Artic Fox Cold Brew - Ready to drink được pha chế bởi Arctic Fox ngon hơn khi uống với đá, sữa hạt hoặc kết hợp với các loại nước ép trái cây khác','2023-09-24 10:43:57','2023-09-30 14:24:42',_binary '\0',NULL,_binary '',NULL,4,5,3),(25,'Africa Cold Brew','africa-cold-brew',1,69,0,2,'Đối với những tín đồ yêu Cold Brew, chúng mình biết rằng các bạn đang tìm kiếm một loại cà phê Cold Brew tuyệt vời trong những ngày hè oi bức. Cà phê Africa Cold Brew được phục vụ tại các trạm Arctic Fox trên toàn quốc, đây là lựa chọn số một của chúng mình cho các mẻ Cold Brew đầy hương hoa trái.\n\nKhi thêm sữa vào món Cold Brew này, phần body sẽ dậy lên nốt béo ngậy, sô cô la gần như rất nổi bật tạo nên một món đồ uống vô cùng hâp dẫn. Hãy tự tin thưởng thức theo bất kỳ cách nào bạn muốn.','2023-09-24 10:46:33','2023-09-30 14:24:49',_binary '\0',NULL,_binary '',NULL,4,5,3),(26,'Americas Cold Brew','americas-cold-brew',1,64,0,9,'Americas Arctic Fox Cold Brew - Ready to drink\n\nCà phê organic 100% hạt Arabica cao cấp, 0% đường\n\nTaste note: Honey aroma, fruit note, winey, black cherry, sweet & balance\n\nVới 100% hạt cà phê arabica hảo hạn, có độ rang hoàn hảo và hoàn toàn hữu cơ. Bằng phương pháp ủ lạnh chiết xuất cùng hệ thống máy móc công nghệ cao, khử khuẩn UV tạo ra cà phê đậm đặc có hương vị mượt mà sóng sánh thơm đượm hương hoa, chút đắng nhẹ, hậu vị ngọt của các loại trái cây nhiệt đới, caramel...và độ acid rất thấp.\n\n100% hạt cà phê đặc sản từ châu Mỹ.\n\nCà phê specialty coffee Americas Arctic Fox Cold Brew - Ready to drink được pha chế bởi Arctic Fox ngon hơn khi uống với đá, sữa hạt hoặc kết hợp với các loại nước ép trái cây khác','2023-09-24 10:48:06','2023-09-30 14:24:58',_binary '\0',NULL,_binary '',NULL,4,5,3),(27,'Asia Cold Brew','asia-cold-brew',1,17,0,8,'Asia Arctic Fox Cold Brew - Ready to drink\n\nCà phê organic 100% hạt Arabica cao cấp, 0% đường.\n\nTaste note: Hạnh nhân, Hương các loại hạt, Hương hoa, Vị caramel.\n\nVới 100% hạt cà phê arabica hảo hạn, có độ rang hoàn hảo và hoàn toàn hữu cơ. Bằng phương pháp ủ lạnh chiết xuất cùng hệ thống máy móc công nghệ cao, khử khuẩn UV tạo ra cà phê đậm đặc có hương vị mượt mà sóng sánh thơm đượm hương hoa, chút đắng nhẹ, hậu vị ngọt của các loại trái cây nhiệt đới, caramel...và độ acid rất thấp.\n\n100% hạt cà phê đặc sản từ Châu Á.\n\nCà phê specialty coffee Asia Arctic Fox Cold Brew - Ready to drink được pha chế bởi Arctic Fox ngon hơn khi uống với đá, sữa hạt hoặc kết hợp với các loại nước ép trái cây khác','2023-09-24 10:49:52','2023-09-30 14:25:04',_binary '\0',NULL,_binary '',NULL,4,5,3),(28,'Gourmet Cold Brew','gourmet-cold-brew',1,60,0,9,'100% Panama Gesha Coffee Bean','2023-09-24 10:51:10','2023-09-30 14:25:14',_binary '\0',NULL,_binary '',NULL,4,5,3),(29,'Special Blends Cold Brew','special-blends-cold-brew',1,63,0,8,'Cà phê organic 100% hạt Arabica cao cấp, 0% đường\n\nTaste note: Tropical fruits, grape, strawberry, floral aroma\n\nVới 100% hạt cà phê arabica hảo hạn, có độ rang hoàn hảo và hoàn toàn hữu cơ. Bằng phương pháp ủ lạnh chiết xuất cùng hệ thống máy móc công nghệ cao, khử khuẩn UV tạo ra cà phê đậm đặc có hương vị mượt mà sóng sánh thơm đượm hương hoa, chút đắng nhẹ, hậu vị ngọt của các loại trái cây nhiệt đới, caramel...và độ acid rất thấp.\n\n100% hạt cà phê đặc sản.\n\nCà phê specialty coffee Special Blend Artic Fox Cold Brew - Ready to drink được pha chế bởi Arctic Fox ngon hơn khi uống với đá, sữa hạt hoặc kết hợp với các loại nước ép trái cây khác','2023-09-24 10:51:59','2023-09-30 14:25:21',_binary '\0',NULL,_binary '',NULL,4,5,3),(30,'Traditional Robusta Cold Brew','traditional-robusta-cold-brew',1,34,0,9,'Cà phê organic 100% hạt Robusta chất lượng cao, 0% đường\n\nTaste note: chocolate, caramel, tobaco, strong body\n\nVới 100% hạt cà phê robusta chất lượng cao tại Gia Lai, có độ rang đậm và hoàn toàn hữu cơ. Bằng phương pháp ủ lạnh chiết xuất cùng hệ thống máy móc công nghệ cao, khử khuẩn UV tạo ra cà phê đậm đặc có hương vị mượt mà sóng sánh thơm đượm hương chocolate, chút đắng nhẹ, hậu vị ngọt của các loại ngũ cốc, caramel...và độ acid rất thấp.\n\n100% hạt cà phê robusta.\n\nCà phê specialty coffee Traditional Robusta Artic Fox Cold Brew - Ready to drink được pha chế bởi Arctic Fox ngon hơn khi uống với đá, sữa hạt hoặc kết hợp với các loại nước ép trái cây khác','2023-09-24 11:06:20','2023-09-30 14:25:28',_binary '\0',NULL,_binary '',NULL,4,5,3),(31,'Fine Robusta Anaerobic Pleiku Việt Nam - C5 Coffee Farm & Roasters','fine-robusta-anaerobic-pleiku-viet-nam-c5-coffee-farm-&-roasters',4,62,3,1,'Thật tuyệt khi Coffee Store được hợp tác cùng nông trại cà phê C5. Đây là một nông trại cà phê phát triển các dòng cà phê chất lượng cao, nổi bật trong năm 2023 là các loại cà phê Liberica sơ chế tiên tiến với nhiều phương pháp khác nhau, mang lại hương vị vô cùng thú vị.\n\nKhi các bạn đặt chân C5 COFFEE, các bạn cũng đang bắt đầu một cuộc hành trình tìm hiểu và cảm xúc về nguồn gốc của những hạt cà phê thơm ngon mà C5 tự hào mang đến rồi đó. Chúng mình không chỉ đơn thuần là một quán cà phê, mà còn là người kể chuyện về cuộc hành trình từ cây cà phê đến tách cà phê thơm ngon đậm đà đó nhe !!!!\n\nChúng mình đã học hỏi và trau dồi kinh nghiệm để tìm hiểu kĩ càng về nguồn gốc, quá trình trồng trọt và chế biến của từng loại hạt cà phê, để mang đến cho các bạn những ly cà phê chất lượng nhất với sức của chúng mình. Để đảm bảo chất lượng tốt nhất, C5 đã phải “ tự cung, tự cấp” để đảm bảo rằng từng hạt cà phê đều được chăm sóc kỹ lưỡng và xử lý một cách tốt nhất.\n\nViệc lựa chọn cà phê chất lượng cao không chỉ giúp chúng mình tạo ra những thức uống ngon miệng, mà còn góp phần vào việc bảo vệ môi trường và cộng đồng sản xuất cà phê nữa. Nên là C5 chúng mình hy vọng rằng mỗi ly cà phê mà mình mang đến cho các bạn không chỉ là những tách cà phê tốt nhất mà còn là những trải nghiệm thưởng thức thú vị - một chặng đường kết nối với vùng đất xa xôi nơi những hạt cà phê được sinh ra và trưởng thành.','2023-09-24 12:09:22','2023-09-30 14:25:37',_binary '\0',NULL,_binary '',NULL,2,5,3),(32,'Fine Robusta Whisky Barrels Aged, The Limited Edition dành cho sự kiện Thailand Coffee Hub 2023','fine-robusta-whisky-barrels-aged-the-limited-edition-danh-cho-su-kien-thailand-coffee-hub-2023',4,16,3.75,2,'Để Mang lại tinh thần đặc biệt đến từ Việt Nam cho sự kiện Thailand Coffee Hub 2023, Stupiducks mang mẫu cà phê đã cất giữ trong kho lạnh rất lâu ra để cho ra 2 mẻ rang duy nhất vô cùng hấp dẫn mà khó có thể tìm thấy ở bất kỳ đâu. Một phần trong số đó sẽ được bày bán tại Coffee Store để mang lại trải nghiệm mới cho cộng đồng yêu cà phê specialty tại Việt Nam.\n\nMẫu cà phê lần này là Robusta đến từ Gia Lai, được sơ chế đặc biệt với hương nồng whiskey, một chút thảo mộc cùng với hơi nồng ấm của khói và vị ngọt hậu kéo dài.','2023-09-30 14:32:08',NULL,_binary '\0',NULL,_binary '',NULL,2,9,3);
/*!40000 ALTER TABLE `product` ENABLE KEYS */;
UNLOCK TABLES;

--
-- Table structure for table `product_detail`
--

DROP TABLE IF EXISTS `product_detail`;
/*!40101 SET @saved_cs_client     = @@character_set_client */;
/*!50503 SET character_set_client = utf8mb4 */;
CREATE TABLE `product_detail` (
  `id` int NOT NULL AUTO_INCREMENT,
  `product_id` int DEFAULT NULL,
  `weight` int DEFAULT NULL,
  `stock` int DEFAULT NULL,
  `price` int DEFAULT NULL,
  `status` bit(1) DEFAULT NULL,
  PRIMARY KEY (`id`),
  KEY `FK_PD_Product_idx` (`product_id`),
  CONSTRAINT `FK_PD_Product` FOREIGN KEY (`product_id`) REFERENCES `product` (`id`) ON DELETE CASCADE ON UPDATE CASCADE
) ENGINE=InnoDB AUTO_INCREMENT=83 DEFAULT CHARSET=utf8mb4 COLLATE=utf8mb4_0900_ai_ci;
/*!40101 SET character_set_client = @saved_cs_client */;

--
-- Dumping data for table `product_detail`
--

LOCK TABLES `product_detail` WRITE;
/*!40000 ALTER TABLE `product_detail` DISABLE KEYS */;
INSERT INTO `product_detail` VALUES (1,1,100,70,160000,_binary ''),(2,1,200,120,337000,_binary ''),(3,2,100,50,1350000,_binary ''),(4,2,250,40,2600000,_binary ''),(5,3,100,80,170000,_binary ''),(6,3,250,100,350000,_binary ''),(7,3,1000,45,1120000,_binary ''),(8,4,100,170,260000,_binary ''),(9,4,250,65,540000,_binary ''),(10,5,100,110,230000,_binary ''),(11,5,250,55,490000,_binary ''),(12,6,100,70,325000,_binary ''),(13,6,250,40,675000,_binary ''),(14,7,100,75,410000,_binary ''),(15,7,250,30,860000,_binary ''),(16,8,100,70,230000,_binary ''),(17,8,250,65,475000,_binary ''),(18,9,250,130,160000,_binary ''),(19,9,500,90,280000,_binary ''),(20,9,1000,80,510000,_binary ''),(21,10,100,150,90000,_binary ''),(22,10,250,95,190000,_binary ''),(23,11,100,50,620000,_binary ''),(24,11,250,40,1280000,_binary ''),(25,14,100,75,320000,_binary ''),(26,14,250,35,720000,_binary ''),(27,12,100,45,300000,_binary ''),(28,12,250,25,650000,_binary ''),(29,13,100,75,290000,_binary ''),(30,13,250,40,650000,_binary ''),(31,15,250,65,170000,_binary ''),(32,15,1000,55,540000,_binary ''),(33,16,100,50,235000,_binary ''),(34,16,250,40,490000,_binary ''),(35,17,100,70,370000,_binary ''),(36,17,250,50,765000,_binary ''),(38,18,100,35,810000,_binary ''),(39,18,250,45,1700000,_binary ''),(40,19,100,75,110000,_binary ''),(41,19,250,55,250000,_binary ''),(42,31,250,95,95000,_binary ''),(43,20,250,70,190000,_binary ''),(44,20,500,50,340000,_binary ''),(45,20,1000,45,610000,_binary ''),(46,21,250,75,165000,_binary ''),(47,21,500,75,300000,_binary ''),(48,21,1000,55,530000,_binary ''),(49,22,250,85,205000,_binary ''),(50,22,500,50,370000,_binary ''),(51,22,1000,35,660000,_binary ''),(52,23,250,50,250000,_binary ''),(53,23,500,45,450000,_binary ''),(54,23,1000,35,800000,_binary ''),(55,24,250,70,70000,_binary ''),(56,24,500,50,125000,_binary ''),(57,24,1000,50,225000,_binary ''),(58,25,250,45,80000,_binary ''),(59,25,500,50,120000,_binary ''),(60,25,1000,50,220000,_binary ''),(61,25,2000,40,375000,_binary ''),(62,26,250,50,80000,_binary ''),(63,26,500,50,120000,_binary ''),(64,26,1000,50,220000,_binary ''),(65,26,2000,50,375000,_binary ''),(66,27,250,70,65000,_binary ''),(67,27,500,95,95000,_binary ''),(68,27,1000,75,175000,_binary ''),(69,27,2000,65,295000,_binary ''),(70,28,250,110,115000,_binary ''),(71,28,500,75,215000,_binary ''),(72,28,1000,45,400000,_binary ''),(73,29,250,70,65000,_binary ''),(74,29,500,95,95000,_binary ''),(75,29,1000,70,175000,_binary ''),(76,29,2000,60,295000,_binary ''),(77,30,250,110,45000,_binary ''),(78,30,500,110,65000,_binary ''),(79,30,1000,110,110000,_binary ''),(80,30,2000,80,200000,_binary ''),(81,32,100,0,125000,_binary ''),(82,32,250,80,260000,_binary '');
/*!40000 ALTER TABLE `product_detail` ENABLE KEYS */;
UNLOCK TABLES;

--
-- Table structure for table `product_image`
--

DROP TABLE IF EXISTS `product_image`;
/*!40101 SET @saved_cs_client     = @@character_set_client */;
/*!50503 SET character_set_client = utf8mb4 */;
CREATE TABLE `product_image` (
  `id` int NOT NULL AUTO_INCREMENT,
  `image_name` varchar(999) DEFAULT NULL,
  `url` varchar(9999) DEFAULT NULL,
  `created_at` date DEFAULT NULL,
  `updated_at` date DEFAULT NULL,
  `status` bit(1) DEFAULT NULL,
  `product_id` int DEFAULT NULL,
  PRIMARY KEY (`id`),
  KEY `FK_ProductImage_Product_idx` (`product_id`),
  CONSTRAINT `FK_ProductImage_Product` FOREIGN KEY (`product_id`) REFERENCES `product` (`id`) ON DELETE CASCADE ON UPDATE CASCADE
) ENGINE=InnoDB AUTO_INCREMENT=118 DEFAULT CHARSET=utf8mb4 COLLATE=utf8mb4_0900_ai_ci;
/*!40101 SET character_set_client = @saved_cs_client */;

--
-- Dumping data for table `product_image`
--

LOCK TABLES `product_image` WRITE;
/*!40000 ALTER TABLE `product_image` DISABLE KEYS */;
INSERT INTO `product_image` VALUES (1,'23-09-2023T19:09:11PMsahara_blend.webp','https://firebasestorage.googleapis.com/v0/b/filtro-1aa65.appspot.com/o/coffee%2FSahara%20Espresso%20Blend%2F23-09-2023T19%3A09%3A11PMsahara_blend.webp?alt=media&token=1708a009-4cf5-4f6b-8431-09172b26885c','2023-09-23',NULL,_binary '',1),(2,'24-09-2023T12:09:45PMcoffee_journey.webp','https://firebasestorage.googleapis.com/v0/b/filtro-1aa65.appspot.com/o/coffee%2FC%C3%A0%20ph%C3%AA%20h%E1%BA%A1t%20rang%20Specialty%20Coffee%20-%20%22COFFEE%20JOURNEY%22%2F24-09-2023T12%3A09%3A45PMcoffee_journey.webp?alt=media&token=a847caaf-69c7-446b-8770-fe2afd7a7d9f','2023-09-23','2023-09-24',_binary '',2),(3,'24-09-2023T12:09:56PMcoffee_journey_sub_1.webp','https://firebasestorage.googleapis.com/v0/b/filtro-1aa65.appspot.com/o/coffee%2FC%C3%A0%20ph%C3%AA%20h%E1%BA%A1t%20rang%20Specialty%20Coffee%20-%20%22COFFEE%20JOURNEY%22%2F24-09-2023T12%3A09%3A56PMcoffee_journey_sub_1.webp?alt=media&token=7efdd136-e1c9-48a7-9b82-32844214ffb1','2023-09-23','2023-09-24',_binary '',2),(4,'24-09-2023T12:09:45PMcoffee_journey_sub_2.webp','https://firebasestorage.googleapis.com/v0/b/filtro-1aa65.appspot.com/o/coffee%2FC%C3%A0%20ph%C3%AA%20h%E1%BA%A1t%20rang%20Specialty%20Coffee%20-%20%22COFFEE%20JOURNEY%22%2F24-09-2023T12%3A09%3A45PMcoffee_journey_sub_2.webp?alt=media&token=0f513b5d-8e2f-430d-9a72-1c2c618d1a37','2023-09-23','2023-09-24',_binary '',2),(5,'24-09-2023T12:09:65PMcoffee_journey_sub_3.webp','https://firebasestorage.googleapis.com/v0/b/filtro-1aa65.appspot.com/o/coffee%2FC%C3%A0%20ph%C3%AA%20h%E1%BA%A1t%20rang%20Specialty%20Coffee%20-%20%22COFFEE%20JOURNEY%22%2F24-09-2023T12%3A09%3A65PMcoffee_journey_sub_3.webp?alt=media&token=f66c7627-a45b-4269-97cf-70d6928e4679','2023-09-23','2023-09-24',_binary '',2),(6,'24-09-2023T12:09:09PMmarsellesa.webp','https://firebasestorage.googleapis.com/v0/b/filtro-1aa65.appspot.com/o/coffee%2FCosta%20Rica%20SHB%20EP%20Hacienda%20San%20Ignacio%20Marsellesa%20Anaerobic%20Natural%2F24-09-2023T12%3A09%3A09PMmarsellesa.webp?alt=media&token=b226a19f-2171-48d5-8e3a-e7aebd487043','2023-09-23','2023-09-24',_binary '',3),(7,'24-09-2023T12:09:47PMmarsellesa_sub_1.webp','https://firebasestorage.googleapis.com/v0/b/filtro-1aa65.appspot.com/o/coffee%2FCosta%20Rica%20SHB%20EP%20Hacienda%20San%20Ignacio%20Marsellesa%20Anaerobic%20Natural%2F24-09-2023T12%3A09%3A47PMmarsellesa_sub_1.webp?alt=media&token=67ac2ec9-9f6f-4b66-b637-e36e75004ad0','2023-09-23','2023-09-24',_binary '',3),(8,'24-09-2023T12:09:12PMmarsellesa_sub_2.webp','https://firebasestorage.googleapis.com/v0/b/filtro-1aa65.appspot.com/o/coffee%2FCosta%20Rica%20SHB%20EP%20Hacienda%20San%20Ignacio%20Marsellesa%20Anaerobic%20Natural%2F24-09-2023T12%3A09%3A12PMmarsellesa_sub_2.webp?alt=media&token=3fbd9224-d540-4ae9-9c16-1e3ebd8f052e','2023-09-23','2023-09-24',_binary '',3),(9,'24-09-2023T12:09:40PMmarsellesa_sub_3.webp','https://firebasestorage.googleapis.com/v0/b/filtro-1aa65.appspot.com/o/coffee%2FCosta%20Rica%20SHB%20EP%20Hacienda%20San%20Ignacio%20Marsellesa%20Anaerobic%20Natural%2F24-09-2023T12%3A09%3A40PMmarsellesa_sub_3.webp?alt=media&token=9ae67033-ae43-42a3-b0f7-04d2e61b306d','2023-09-23','2023-09-24',_binary '',3),(10,'24-09-2023T12:09:91PMmarsellesa_sub_4.webp','https://firebasestorage.googleapis.com/v0/b/filtro-1aa65.appspot.com/o/coffee%2FCosta%20Rica%20SHB%20EP%20Hacienda%20San%20Ignacio%20Marsellesa%20Anaerobic%20Natural%2F24-09-2023T12%3A09%3A91PMmarsellesa_sub_4.webp?alt=media&token=bfdeef6b-caa9-4d23-b671-6b1cd0afc0c4','2023-09-23','2023-09-24',_binary '',3),(11,'24-09-2023T12:09:15PMjasmine.webp','https://firebasestorage.googleapis.com/v0/b/filtro-1aa65.appspot.com/o/coffee%2FColombia%20El%20Paraiso%20Midnight%20Jasmine%2F24-09-2023T12%3A09%3A15PMjasmine.webp?alt=media&token=fad49214-0792-486a-8b4e-8e760fa4ed02','2023-09-23','2023-09-24',_binary '',4),(12,'24-09-2023T12:09:16PMjasmine_sub_1.webp','https://firebasestorage.googleapis.com/v0/b/filtro-1aa65.appspot.com/o/coffee%2FColombia%20El%20Paraiso%20Midnight%20Jasmine%2F24-09-2023T12%3A09%3A16PMjasmine_sub_1.webp?alt=media&token=c2b01d31-69b9-4f53-9e10-17ce6a3b9827','2023-09-23','2023-09-24',_binary '',4),(13,'24-09-2023T12:09:80PMjasmine_sub_2.webp','https://firebasestorage.googleapis.com/v0/b/filtro-1aa65.appspot.com/o/coffee%2FColombia%20El%20Paraiso%20Midnight%20Jasmine%2F24-09-2023T12%3A09%3A80PMjasmine_sub_2.webp?alt=media&token=957b4307-17ee-4cec-9731-f6929b110de7','2023-09-23','2023-09-24',_binary '',4),(14,'24-09-2023T12:09:10PMjasmine_sub_3.webp','https://firebasestorage.googleapis.com/v0/b/filtro-1aa65.appspot.com/o/coffee%2FColombia%20El%20Paraiso%20Midnight%20Jasmine%2F24-09-2023T12%3A09%3A10PMjasmine_sub_3.webp?alt=media&token=041beac6-f32f-4122-8e7e-93c5485182e2','2023-09-23','2023-09-24',_binary '',4),(15,'24-09-2023T12:09:05PMjasmin_sub_4.webp','https://firebasestorage.googleapis.com/v0/b/filtro-1aa65.appspot.com/o/coffee%2FColombia%20El%20Paraiso%20Midnight%20Jasmine%2F24-09-2023T12%3A09%3A05PMjasmin_sub_4.webp?alt=media&token=5c0d0dbb-4b0b-4aa3-abad-9f70c6594f19','2023-09-23','2023-09-24',_binary '',4),(16,'24-09-2023T12:09:87PMhonduras_moka_whisky.webp','https://firebasestorage.googleapis.com/v0/b/filtro-1aa65.appspot.com/o/coffee%2FHonduras%20Finca%20Moka%20Whisky-Aged%2F24-09-2023T12%3A09%3A87PMhonduras_moka_whisky.webp?alt=media&token=fb64d30f-b37f-48e2-9aa6-759a4a04b2f5','2023-09-23','2023-09-24',_binary '',5),(17,'24-09-2023T12:09:07PMhonduras_moka_whisky_sub_1.webp','https://firebasestorage.googleapis.com/v0/b/filtro-1aa65.appspot.com/o/coffee%2FHonduras%20Finca%20Moka%20Whisky-Aged%2F24-09-2023T12%3A09%3A07PMhonduras_moka_whisky_sub_1.webp?alt=media&token=5853cbe0-dc82-43f7-8079-80c25575980e','2023-09-23','2023-09-24',_binary '',5),(18,'24-09-2023T12:09:32PMhonduras_moka_whisky_sub_2.webp','https://firebasestorage.googleapis.com/v0/b/filtro-1aa65.appspot.com/o/coffee%2FHonduras%20Finca%20Moka%20Whisky-Aged%2F24-09-2023T12%3A09%3A32PMhonduras_moka_whisky_sub_2.webp?alt=media&token=a73a5dbf-205d-40f9-a429-bee274c53be7','2023-09-23','2023-09-24',_binary '',5),(19,'24-09-2023T12:09:00PMpink_bourbon.webp','https://firebasestorage.googleapis.com/v0/b/filtro-1aa65.appspot.com/o/coffee%2FColombia%20Jairo%20Arcila%20Pink%20Bourbon%20Eucalyptus%20Honey%20-%20Exotics%20Cofinet%2F24-09-2023T12%3A09%3A00PMpink_bourbon.webp?alt=media&token=a22e874b-32d1-44eb-a4d0-8f35e2534404','2023-09-23','2023-09-24',_binary '',6),(20,'24-09-2023T12:09:36PMpink_bourbon_sub_1.webp','https://firebasestorage.googleapis.com/v0/b/filtro-1aa65.appspot.com/o/coffee%2FColombia%20Jairo%20Arcila%20Pink%20Bourbon%20Eucalyptus%20Honey%20-%20Exotics%20Cofinet%2F24-09-2023T12%3A09%3A36PMpink_bourbon_sub_1.webp?alt=media&token=70d640f1-6c54-49d7-b763-be0111834704','2023-09-23','2023-09-24',_binary '',6),(21,'24-09-2023T12:09:47PMpink_bourbon_sub_2.webp','https://firebasestorage.googleapis.com/v0/b/filtro-1aa65.appspot.com/o/coffee%2FColombia%20Jairo%20Arcila%20Pink%20Bourbon%20Eucalyptus%20Honey%20-%20Exotics%20Cofinet%2F24-09-2023T12%3A09%3A47PMpink_bourbon_sub_2.webp?alt=media&token=f20a66fc-26ea-474c-994e-a1717b47dda3','2023-09-23','2023-09-24',_binary '',6),(22,'24-09-2023T12:09:06PMpink_bourbon_sub_3.webp','https://firebasestorage.googleapis.com/v0/b/filtro-1aa65.appspot.com/o/coffee%2FColombia%20Jairo%20Arcila%20Pink%20Bourbon%20Eucalyptus%20Honey%20-%20Exotics%20Cofinet%2F24-09-2023T12%3A09%3A06PMpink_bourbon_sub_3.webp?alt=media&token=13e8dc64-995c-445e-9539-6f84c58dd11b','2023-09-23','2023-09-24',_binary '',6),(23,'24-09-2023T12:09:62PMgesha-nuruk.webp','https://firebasestorage.googleapis.com/v0/b/filtro-1aa65.appspot.com/o/coffee%2FColombia%20Granja%20Paraiso%2092%20Gesha%20Nuruk%20-%20250gr%2F24-09-2023T12%3A09%3A62PMgesha-nuruk.webp?alt=media&token=03fe0c4e-6e12-4190-bf94-35316923440f','2023-09-23','2023-09-24',_binary '',7),(24,'24-09-2023T12:09:01PMgesha-nuruk_sub_1.webp','https://firebasestorage.googleapis.com/v0/b/filtro-1aa65.appspot.com/o/coffee%2FColombia%20Granja%20Paraiso%2092%20Gesha%20Nuruk%20-%20250gr%2F24-09-2023T12%3A09%3A01PMgesha-nuruk_sub_1.webp?alt=media&token=fbc577fe-09d8-4a2f-a601-59f7bf70eaa1','2023-09-23','2023-09-24',_binary '',7),(25,'24-09-2023T12:09:89PMgesha-nuruk_sub_2.webp','https://firebasestorage.googleapis.com/v0/b/filtro-1aa65.appspot.com/o/coffee%2FColombia%20Granja%20Paraiso%2092%20Gesha%20Nuruk%20-%20250gr%2F24-09-2023T12%3A09%3A89PMgesha-nuruk_sub_2.webp?alt=media&token=11f28a5f-902a-428d-9245-d499da9267fe','2023-09-23','2023-09-24',_binary '',7),(26,'24-09-2023T12:09:06PMgesha-nuruk_sub_3.webp','https://firebasestorage.googleapis.com/v0/b/filtro-1aa65.appspot.com/o/coffee%2FColombia%20Granja%20Paraiso%2092%20Gesha%20Nuruk%20-%20250gr%2F24-09-2023T12%3A09%3A06PMgesha-nuruk_sub_3.webp?alt=media&token=481c69b6-6318-4575-b7a2-918b98ab3f2c','2023-09-23','2023-09-24',_binary '',7),(27,'24-09-2023T12:09:95PMgesha-nuruk_sub_4.webp','https://firebasestorage.googleapis.com/v0/b/filtro-1aa65.appspot.com/o/coffee%2FColombia%20Granja%20Paraiso%2092%20Gesha%20Nuruk%20-%20250gr%2F24-09-2023T12%3A09%3A95PMgesha-nuruk_sub_4.webp?alt=media&token=fbc3391b-8433-4f92-ae33-7d4e4474ac93','2023-09-23','2023-09-24',_binary '',7),(28,'24-09-2023T12:09:30PMgesha-nuruk_sub_5.webp','https://firebasestorage.googleapis.com/v0/b/filtro-1aa65.appspot.com/o/coffee%2FColombia%20Granja%20Paraiso%2092%20Gesha%20Nuruk%20-%20250gr%2F24-09-2023T12%3A09%3A30PMgesha-nuruk_sub_5.webp?alt=media&token=fd526883-9e87-4d8a-a5ae-f24a0ffe895d','2023-09-23','2023-09-24',_binary '',7),(29,'23-09-2023T19:09:65PMlucia_barrel.webp','https://firebasestorage.googleapis.com/v0/b/filtro-1aa65.appspot.com/o/coffee%2FColombia%20Finca%20Santa%20Lucia%20Barrel-aged%20Strawberry%20-%20250gr%2F23-09-2023T19%3A09%3A65PMlucia_barrel.webp?alt=media&token=ad5888d0-d95f-4d47-bc98-7f899cbd6a08','2023-09-23',NULL,_binary '',8),(30,'24-09-2023T12:09:46PMchu_prong.webp','https://firebasestorage.googleapis.com/v0/b/filtro-1aa65.appspot.com/o/coffee%2FRobusta%20Ch%C6%B0%20Pr%C3%B4ng%20Kefir%20Natural%20-%20250gr%2F24-09-2023T12%3A09%3A46PMchu_prong.webp?alt=media&token=386f1042-db81-4216-b695-0d810c711bda','2023-09-23','2023-09-24',_binary '',9),(31,'24-09-2023T12:09:28PMchu_prong_sub_1.webp','https://firebasestorage.googleapis.com/v0/b/filtro-1aa65.appspot.com/o/coffee%2FRobusta%20Ch%C6%B0%20Pr%C3%B4ng%20Kefir%20Natural%20-%20250gr%2F24-09-2023T12%3A09%3A28PMchu_prong_sub_1.webp?alt=media&token=dc305a80-ab40-4496-a7f3-17445ebd6d01','2023-09-23','2023-09-24',_binary '',9),(32,'24-09-2023T12:09:81PMchu_prong_sub_2.webp','https://firebasestorage.googleapis.com/v0/b/filtro-1aa65.appspot.com/o/coffee%2FRobusta%20Ch%C6%B0%20Pr%C3%B4ng%20Kefir%20Natural%20-%20250gr%2F24-09-2023T12%3A09%3A81PMchu_prong_sub_2.webp?alt=media&token=9bafe1e0-7cfb-438a-a7b5-f3444992ba20','2023-09-23','2023-09-24',_binary '',9),(33,'24-09-2023T12:09:41PMchu_prong_sub_3.webp','https://firebasestorage.googleapis.com/v0/b/filtro-1aa65.appspot.com/o/coffee%2FRobusta%20Ch%C6%B0%20Pr%C3%B4ng%20Kefir%20Natural%20-%20250gr%2F24-09-2023T12%3A09%3A41PMchu_prong_sub_3.webp?alt=media&token=4874a4a3-2ef1-44cf-b8e7-32fa0f23b2f6','2023-09-23','2023-09-24',_binary '',9),(34,'24-09-2023T12:09:23PMyou_rock.webp','https://firebasestorage.googleapis.com/v0/b/filtro-1aa65.appspot.com/o/coffee%2FEpresso%20House%20Blend%20-%20You%20Rock%2F24-09-2023T12%3A09%3A23PMyou_rock.webp?alt=media&token=fce73696-91ac-4448-a0f3-04d3ce6e65a1','2023-09-23','2023-09-24',_binary '',10),(35,'24-09-2023T12:09:20PMyou_rock_sub_1.webp','https://firebasestorage.googleapis.com/v0/b/filtro-1aa65.appspot.com/o/coffee%2FEpresso%20House%20Blend%20-%20You%20Rock%2F24-09-2023T12%3A09%3A20PMyou_rock_sub_1.webp?alt=media&token=26dd3a41-881b-48b2-bce7-f2c32d8e7ff2','2023-09-23','2023-09-24',_binary '',10),(36,'24-09-2023T12:09:85PMjuicy_summer.webp','https://firebasestorage.googleapis.com/v0/b/filtro-1aa65.appspot.com/o/coffee%2FJuicy%20Summer%20Collection%20-%203%20packs%20of%20250gr%2F24-09-2023T12%3A09%3A85PMjuicy_summer.webp?alt=media&token=aaba53c0-b505-436c-8d99-88c777142a4e','2023-09-24','2023-09-24',_binary '',11),(37,'24-09-2023T12:09:28PMjuicy_summer_sub_1.webp','https://firebasestorage.googleapis.com/v0/b/filtro-1aa65.appspot.com/o/coffee%2FJuicy%20Summer%20Collection%20-%203%20packs%20of%20250gr%2F24-09-2023T12%3A09%3A28PMjuicy_summer_sub_1.webp?alt=media&token=dccb1eec-48c1-44e5-86c1-1265f7e4f053','2023-09-24','2023-09-24',_binary '',11),(38,'24-09-2023T12:09:82PMjuicy_summer_sub_2.webp','https://firebasestorage.googleapis.com/v0/b/filtro-1aa65.appspot.com/o/coffee%2FJuicy%20Summer%20Collection%20-%203%20packs%20of%20250gr%2F24-09-2023T12%3A09%3A82PMjuicy_summer_sub_2.webp?alt=media&token=28b505ef-66f1-47e3-8a73-63b99d758d4c','2023-09-24','2023-09-24',_binary '',11),(39,'24-09-2023T12:09:18PMjuicy_summer_sub_3.webp','https://firebasestorage.googleapis.com/v0/b/filtro-1aa65.appspot.com/o/coffee%2FJuicy%20Summer%20Collection%20-%203%20packs%20of%20250gr%2F24-09-2023T12%3A09%3A18PMjuicy_summer_sub_3.webp?alt=media&token=33dba7f7-ad69-498d-bb43-69730a441a86','2023-09-24','2023-09-24',_binary '',11),(40,'24-09-2023T12:09:54PMkenya.webp','https://firebasestorage.googleapis.com/v0/b/filtro-1aa65.appspot.com/o/coffee%2FBasic%20Pick%20Combo%3A%20Kenya%20AA%20Plus%20Mount%20Kenya%20%26%20Ethiopia%20Oromia%20Buku%20Abel%20G1%20Natural%2F24-09-2023T12%3A09%3A54PMkenya.webp?alt=media&token=52b8ceee-ac84-44b2-b66f-8e0a09eae44e','2023-09-24','2023-09-24',_binary '',12),(41,'24-09-2023T12:09:20PMkenya_sub_1.webp','https://firebasestorage.googleapis.com/v0/b/filtro-1aa65.appspot.com/o/coffee%2FBasic%20Pick%20Combo%3A%20Kenya%20AA%20Plus%20Mount%20Kenya%20%26%20Ethiopia%20Oromia%20Buku%20Abel%20G1%20Natural%2F24-09-2023T12%3A09%3A20PMkenya_sub_1.webp?alt=media&token=60a54f2a-c6da-4e81-8704-7cf607ca354c','2023-09-24','2023-09-24',_binary '',12),(42,'24-09-2023T12:09:92PMkenya_sub_2.webp','https://firebasestorage.googleapis.com/v0/b/filtro-1aa65.appspot.com/o/coffee%2FBasic%20Pick%20Combo%3A%20Kenya%20AA%20Plus%20Mount%20Kenya%20%26%20Ethiopia%20Oromia%20Buku%20Abel%20G1%20Natural%2F24-09-2023T12%3A09%3A92PMkenya_sub_2.webp?alt=media&token=e8bff631-f64d-4d1c-beaf-d286fe200f1b','2023-09-24','2023-09-24',_binary '',12),(43,'24-09-2023T12:09:90PMkenya_sub_3.webp','https://firebasestorage.googleapis.com/v0/b/filtro-1aa65.appspot.com/o/coffee%2FBasic%20Pick%20Combo%3A%20Kenya%20AA%20Plus%20Mount%20Kenya%20%26%20Ethiopia%20Oromia%20Buku%20Abel%20G1%20Natural%2F24-09-2023T12%3A09%3A90PMkenya_sub_3.webp?alt=media&token=70db2a91-9e4f-41cd-88b3-5e07a9566360','2023-09-24','2023-09-24',_binary '',12),(44,'24-09-2023T12:09:79PMkenya_sub_4.webp','https://firebasestorage.googleapis.com/v0/b/filtro-1aa65.appspot.com/o/coffee%2FBasic%20Pick%20Combo%3A%20Kenya%20AA%20Plus%20Mount%20Kenya%20%26%20Ethiopia%20Oromia%20Buku%20Abel%20G1%20Natural%2F24-09-2023T12%3A09%3A79PMkenya_sub_4.webp?alt=media&token=e8f302d9-6565-4bd3-a415-43cd3af3442a','2023-09-24','2023-09-24',_binary '',12),(45,'24-09-2023T12:09:99PMespresso.webp','https://firebasestorage.googleapis.com/v0/b/filtro-1aa65.appspot.com/o/coffee%2FESPRESSO%20signature%20SET%20-%203%20packs%20of%20250gr%2F24-09-2023T12%3A09%3A99PMespresso.webp?alt=media&token=88210e73-b4b7-4b64-a9bb-9b47d0c81072','2023-09-24','2023-09-24',_binary '',13),(46,'24-09-2023T12:09:62PMespresso_sub_1.webp','https://firebasestorage.googleapis.com/v0/b/filtro-1aa65.appspot.com/o/coffee%2FESPRESSO%20signature%20SET%20-%203%20packs%20of%20250gr%2F24-09-2023T12%3A09%3A62PMespresso_sub_1.webp?alt=media&token=9442589c-7143-4057-bbf2-622312df6ce2','2023-09-24','2023-09-24',_binary '',13),(47,'24-09-2023T12:09:55PMespresso_sub_2.webp','https://firebasestorage.googleapis.com/v0/b/filtro-1aa65.appspot.com/o/coffee%2FESPRESSO%20signature%20SET%20-%203%20packs%20of%20250gr%2F24-09-2023T12%3A09%3A55PMespresso_sub_2.webp?alt=media&token=802dea42-fe4e-4840-bd55-b12ce076e6bf','2023-09-24','2023-09-24',_binary '',13),(48,'24-09-2023T12:09:84PMespresso_sub_3.webp','https://firebasestorage.googleapis.com/v0/b/filtro-1aa65.appspot.com/o/coffee%2FESPRESSO%20signature%20SET%20-%203%20packs%20of%20250gr%2F24-09-2023T12%3A09%3A84PMespresso_sub_3.webp?alt=media&token=4eaef8dc-acd8-4587-8092-b5736a5c8b17','2023-09-24','2023-09-24',_binary '',13),(49,'24-09-2023T12:09:27PMespresso_sub_4.webp','https://firebasestorage.googleapis.com/v0/b/filtro-1aa65.appspot.com/o/coffee%2FESPRESSO%20signature%20SET%20-%203%20packs%20of%20250gr%2F24-09-2023T12%3A09%3A27PMespresso_sub_4.webp?alt=media&token=81f37ff0-37e4-48f3-bb54-99fe95fa77a3','2023-09-24','2023-09-24',_binary '',13),(50,'24-09-2023T12:09:25PMespresso_sub_5.webp','https://firebasestorage.googleapis.com/v0/b/filtro-1aa65.appspot.com/o/coffee%2FESPRESSO%20signature%20SET%20-%203%20packs%20of%20250gr%2F24-09-2023T12%3A09%3A25PMespresso_sub_5.webp?alt=media&token=cf3aa18c-db40-4a6c-9fb8-f0ca2cfa43a3','2023-09-24','2023-09-24',_binary '',13),(51,'24-09-2023T12:09:73PMespresso_sub_6.webp','https://firebasestorage.googleapis.com/v0/b/filtro-1aa65.appspot.com/o/coffee%2FESPRESSO%20signature%20SET%20-%203%20packs%20of%20250gr%2F24-09-2023T12%3A09%3A73PMespresso_sub_6.webp?alt=media&token=e565b1fa-706f-4d16-bbd4-6b61c3d08f56','2023-09-24','2023-09-24',_binary '',13),(52,'24-09-2023T12:09:18PMcountry-blends.webp','https://firebasestorage.googleapis.com/v0/b/filtro-1aa65.appspot.com/o/coffee%2FCombo%203%20g%C3%B3i%20c%C3%A0%20ph%C3%AA%20thu%E1%BB%99c%20d%C3%B2ng%20Country%20Blends%20Series%20-%20250gr%2F24-09-2023T12%3A09%3A18PMcountry-blends.webp?alt=media&token=7d3d9109-7a85-4134-8445-96628515195e','2023-09-24','2023-09-24',_binary '',14),(53,'24-09-2023T12:09:03PMcountry-blends_sub_1.webp','https://firebasestorage.googleapis.com/v0/b/filtro-1aa65.appspot.com/o/coffee%2FCombo%203%20g%C3%B3i%20c%C3%A0%20ph%C3%AA%20thu%E1%BB%99c%20d%C3%B2ng%20Country%20Blends%20Series%20-%20250gr%2F24-09-2023T12%3A09%3A03PMcountry-blends_sub_1.webp?alt=media&token=3006a132-6c54-418a-8156-3de7c9c1b10d','2023-09-24','2023-09-24',_binary '',14),(54,'24-09-2023T12:09:90PMcountry-blends_sub_2.webp','https://firebasestorage.googleapis.com/v0/b/filtro-1aa65.appspot.com/o/coffee%2FCombo%203%20g%C3%B3i%20c%C3%A0%20ph%C3%AA%20thu%E1%BB%99c%20d%C3%B2ng%20Country%20Blends%20Series%20-%20250gr%2F24-09-2023T12%3A09%3A90PMcountry-blends_sub_2.webp?alt=media&token=6edc5fc8-f895-48cc-b6df-5baf9d6b9ade','2023-09-24','2023-09-24',_binary '',14),(55,'24-09-2023T12:09:34PMcountry-blends_sub_3.webp','https://firebasestorage.googleapis.com/v0/b/filtro-1aa65.appspot.com/o/coffee%2FCombo%203%20g%C3%B3i%20c%C3%A0%20ph%C3%AA%20thu%E1%BB%99c%20d%C3%B2ng%20Country%20Blends%20Series%20-%20250gr%2F24-09-2023T12%3A09%3A34PMcountry-blends_sub_3.webp?alt=media&token=b883ded7-8841-496c-b8d3-aaa765781770','2023-09-24','2023-09-24',_binary '',14),(56,'24-09-2023T12:09:35PMhulia.webp','https://firebasestorage.googleapis.com/v0/b/filtro-1aa65.appspot.com/o/coffee%2FColombia%20Huila%20Volcano%20Supremo%20Sc%2017%2F18%2F24-09-2023T12%3A09%3A35PMhulia.webp?alt=media&token=23f6f824-3b60-41cd-968d-12fadfac4942','2023-09-24','2023-09-24',_binary '',15),(57,'24-09-2023T12:09:86PMhulia_sub_1.webp','https://firebasestorage.googleapis.com/v0/b/filtro-1aa65.appspot.com/o/coffee%2FColombia%20Huila%20Volcano%20Supremo%20Sc%2017%2F18%2F24-09-2023T12%3A09%3A86PMhulia_sub_1.webp?alt=media&token=fb70e651-e174-4e4d-9c30-fa5b15b5c0f9','2023-09-24','2023-09-24',_binary '',15),(58,'24-09-2023T12:09:17PMsidra.webp','https://firebasestorage.googleapis.com/v0/b/filtro-1aa65.appspot.com/o/coffee%2FColombia%20Bourbon%20Sidra%20Finca%20La%20Gallera%2F24-09-2023T12%3A09%3A17PMsidra.webp?alt=media&token=8a3f4e13-1861-4b73-830a-2f7050fc58ca','2023-09-24','2023-09-24',_binary '',16),(59,'24-09-2023T12:09:55PMsidra_sub_1.webp','https://firebasestorage.googleapis.com/v0/b/filtro-1aa65.appspot.com/o/coffee%2FColombia%20Bourbon%20Sidra%20Finca%20La%20Gallera%2F24-09-2023T12%3A09%3A55PMsidra_sub_1.webp?alt=media&token=7b09f216-ab07-4815-82cf-d19e108b1dec','2023-09-24','2023-09-24',_binary '',16),(60,'24-09-2023T12:09:60PMjava.webp','https://firebasestorage.googleapis.com/v0/b/filtro-1aa65.appspot.com/o/coffee%2FColombia%20Puerto%20Alegre%20JAVA%20Natural%2F24-09-2023T12%3A09%3A60PMjava.webp?alt=media&token=6ab21987-74da-4d11-9833-e144d66da0c6','2023-09-24','2023-09-24',_binary '',17),(61,'24-09-2023T12:09:18PMjava_sub_1.webp','https://firebasestorage.googleapis.com/v0/b/filtro-1aa65.appspot.com/o/coffee%2FColombia%20Puerto%20Alegre%20JAVA%20Natural%2F24-09-2023T12%3A09%3A18PMjava_sub_1.webp?alt=media&token=aed0edc6-65a2-40bf-8952-2fe089d11d35','2023-09-24','2023-09-24',_binary '',17),(62,'24-09-2023T12:09:16PMjava_sub_2.webp','https://firebasestorage.googleapis.com/v0/b/filtro-1aa65.appspot.com/o/coffee%2FColombia%20Puerto%20Alegre%20JAVA%20Natural%2F24-09-2023T12%3A09%3A16PMjava_sub_2.webp?alt=media&token=a6d0a78c-4a71-4257-8d7f-64274c0d8d51','2023-09-24','2023-09-24',_binary '',17),(63,'24-09-2023T12:09:68PMjava_sub_3.webp','https://firebasestorage.googleapis.com/v0/b/filtro-1aa65.appspot.com/o/coffee%2FColombia%20Puerto%20Alegre%20JAVA%20Natural%2F24-09-2023T12%3A09%3A68PMjava_sub_3.webp?alt=media&token=8fbb5044-7ddb-4dc3-9ec0-97f1b7d7904e','2023-09-24','2023-09-24',_binary '',17),(64,'24-09-2023T12:09:13PMjava_sub_4.webp','https://firebasestorage.googleapis.com/v0/b/filtro-1aa65.appspot.com/o/coffee%2FColombia%20Puerto%20Alegre%20JAVA%20Natural%2F24-09-2023T12%3A09%3A13PMjava_sub_4.webp?alt=media&token=b85b6fa0-c870-4bf2-a81b-64ba05a1250d','2023-09-24','2023-09-24',_binary '',17),(65,'24-09-2023T12:09:57PMgesha.webp','https://firebasestorage.googleapis.com/v0/b/filtro-1aa65.appspot.com/o/coffee%2FCOLOMBIA%20GESHA%20SAN%20JOSE%20HONEY%20-%20Cup%20of%20Excellence%20Rank%2011%20Colombia%2F24-09-2023T12%3A09%3A57PMgesha.webp?alt=media&token=06de6d8b-09b4-48fe-8000-a9f50c8fe9b8','2023-09-24','2023-09-24',_binary '',18),(66,'24-09-2023T12:09:20PMgesha_sub_1.webp','https://firebasestorage.googleapis.com/v0/b/filtro-1aa65.appspot.com/o/coffee%2FCOLOMBIA%20GESHA%20SAN%20JOSE%20HONEY%20-%20Cup%20of%20Excellence%20Rank%2011%20Colombia%2F24-09-2023T12%3A09%3A20PMgesha_sub_1.webp?alt=media&token=5ad4058a-7f2a-481d-8b71-5267dd9441e0','2023-09-24','2023-09-24',_binary '',18),(67,'24-09-2023T12:09:62PMgesha_sub_2.webp','https://firebasestorage.googleapis.com/v0/b/filtro-1aa65.appspot.com/o/coffee%2FCOLOMBIA%20GESHA%20SAN%20JOSE%20HONEY%20-%20Cup%20of%20Excellence%20Rank%2011%20Colombia%2F24-09-2023T12%3A09%3A62PMgesha_sub_2.webp?alt=media&token=e80d67cb-cc8a-473e-a924-0cfb650f12a5','2023-09-24','2023-09-24',_binary '',18),(68,'24-09-2023T12:09:68PMgesha_sub_3.webp','https://firebasestorage.googleapis.com/v0/b/filtro-1aa65.appspot.com/o/coffee%2FCOLOMBIA%20GESHA%20SAN%20JOSE%20HONEY%20-%20Cup%20of%20Excellence%20Rank%2011%20Colombia%2F24-09-2023T12%3A09%3A68PMgesha_sub_3.webp?alt=media&token=86f1a65d-582a-4819-a2c5-651a1fdacc12','2023-09-24','2023-09-24',_binary '',18),(69,'24-09-2023T12:09:39PMgesha_sub_4.webp','https://firebasestorage.googleapis.com/v0/b/filtro-1aa65.appspot.com/o/coffee%2FCOLOMBIA%20GESHA%20SAN%20JOSE%20HONEY%20-%20Cup%20of%20Excellence%20Rank%2011%20Colombia%2F24-09-2023T12%3A09%3A39PMgesha_sub_4.webp?alt=media&token=10504731-93b3-490a-bb95-d0d23e6cabc4','2023-09-24','2023-09-24',_binary '',18),(70,'24-09-2023T12:09:71PMsuke.webp','https://firebasestorage.googleapis.com/v0/b/filtro-1aa65.appspot.com/o/coffee%2FEthiopia%20Yirgacheffee%20Suke%20Shade%20Slow%20Drying%20G1%2F24-09-2023T12%3A09%3A71PMsuke.webp?alt=media&token=20fb42b7-369f-4efb-b4b1-96e47624a131','2023-09-24','2023-09-24',_binary '',19),(71,'24-09-2023T12:09:15PMsuke_sub_1.webp','https://firebasestorage.googleapis.com/v0/b/filtro-1aa65.appspot.com/o/coffee%2FEthiopia%20Yirgacheffee%20Suke%20Shade%20Slow%20Drying%20G1%2F24-09-2023T12%3A09%3A15PMsuke_sub_1.webp?alt=media&token=9805a11d-74d0-4503-b8f4-e105b171ac25','2023-09-24','2023-09-24',_binary '',19),(72,'24-09-2023T12:09:75PMsuke_sub_2.webp','https://firebasestorage.googleapis.com/v0/b/filtro-1aa65.appspot.com/o/coffee%2FEthiopia%20Yirgacheffee%20Suke%20Shade%20Slow%20Drying%20G1%2F24-09-2023T12%3A09%3A75PMsuke_sub_2.webp?alt=media&token=b0b6242b-44c6-4ac3-9997-a0ae92bb75d3','2023-09-24','2023-09-24',_binary '',19),(73,'24-09-2023T12:09:11PMsuke_sub_3.webp','https://firebasestorage.googleapis.com/v0/b/filtro-1aa65.appspot.com/o/coffee%2FEthiopia%20Yirgacheffee%20Suke%20Shade%20Slow%20Drying%20G1%2F24-09-2023T12%3A09%3A11PMsuke_sub_3.webp?alt=media&token=6afd2560-3195-4286-b28f-6ec6117f5907','2023-09-24','2023-09-24',_binary '',19),(74,'24-09-2023T12:09:77PMhappy_fox.webp','https://firebasestorage.googleapis.com/v0/b/filtro-1aa65.appspot.com/o/coffee%2FHappy%20Fox%20-%20Cold%20Drip%20%C4%90%E1%BA%ADm%20%C4%90%E1%BA%B7c%20x3%20-%20Arctic%20Fox%20Cold%20Drip%20-%20250ml%2F24-09-2023T12%3A09%3A77PMhappy_fox.webp?alt=media&token=3ce575b2-a24f-482b-9b09-f72870767482','2023-09-24','2023-09-24',_binary '',20),(75,'24-09-2023T12:09:27PMhappy_fox_sub_1.jpg','https://firebasestorage.googleapis.com/v0/b/filtro-1aa65.appspot.com/o/coffee%2FHappy%20Fox%20-%20Cold%20Drip%20%C4%90%E1%BA%ADm%20%C4%90%E1%BA%B7c%20x3%20-%20Arctic%20Fox%20Cold%20Drip%20-%20250ml%2F24-09-2023T12%3A09%3A27PMhappy_fox_sub_1.jpg?alt=media&token=755597d1-f637-4ad2-8a8e-76f62b0d972d','2023-09-24','2023-09-24',_binary '',20),(76,'24-09-2023T12:09:70PMhappy_fox_sub_2.webp','https://firebasestorage.googleapis.com/v0/b/filtro-1aa65.appspot.com/o/coffee%2FHappy%20Fox%20-%20Cold%20Drip%20%C4%90%E1%BA%ADm%20%C4%90%E1%BA%B7c%20x3%20-%20Arctic%20Fox%20Cold%20Drip%20-%20250ml%2F24-09-2023T12%3A09%3A70PMhappy_fox_sub_2.webp?alt=media&token=d216913c-0e3b-4c30-adbd-b762612ca67b','2023-09-24','2023-09-24',_binary '',20),(77,'24-09-2023T12:09:26PMhappy_fox_sub_3.webp','https://firebasestorage.googleapis.com/v0/b/filtro-1aa65.appspot.com/o/coffee%2FHappy%20Fox%20-%20Cold%20Drip%20%C4%90%E1%BA%ADm%20%C4%90%E1%BA%B7c%20x3%20-%20Arctic%20Fox%20Cold%20Drip%20-%20250ml%2F24-09-2023T12%3A09%3A26PMhappy_fox_sub_3.webp?alt=media&token=2a9f11ed-9756-4713-9734-0cc3f5a06259','2023-09-24','2023-09-24',_binary '',20),(78,'24-09-2023T12:09:60PMhappy_fox_sub_4.webp','https://firebasestorage.googleapis.com/v0/b/filtro-1aa65.appspot.com/o/coffee%2FHappy%20Fox%20-%20Cold%20Drip%20%C4%90%E1%BA%ADm%20%C4%90%E1%BA%B7c%20x3%20-%20Arctic%20Fox%20Cold%20Drip%20-%20250ml%2F24-09-2023T12%3A09%3A60PMhappy_fox_sub_4.webp?alt=media&token=4761a3fe-3733-4d7b-9520-a49fc3c0215c','2023-09-24','2023-09-24',_binary '',20),(79,'24-09-2023T12:09:15PMhappy_fox_sub_5.webp','https://firebasestorage.googleapis.com/v0/b/filtro-1aa65.appspot.com/o/coffee%2FHappy%20Fox%20-%20Cold%20Drip%20%C4%90%E1%BA%ADm%20%C4%90%E1%BA%B7c%20x3%20-%20Arctic%20Fox%20Cold%20Drip%20-%20250ml%2F24-09-2023T12%3A09%3A15PMhappy_fox_sub_5.webp?alt=media&token=877ba0c9-e153-447b-889b-5be9c0f9cfcc','2023-09-24','2023-09-24',_binary '',20),(80,'24-09-2023T12:09:69PMclever_fox.webp','https://firebasestorage.googleapis.com/v0/b/filtro-1aa65.appspot.com/o/coffee%2FClever%20Fox%20-%20Cold%20Drip%20%C4%90%E1%BA%ADm%20%C4%90%E1%BA%B7c%20x3%20-%20250ml%2F24-09-2023T12%3A09%3A69PMclever_fox.webp?alt=media&token=f5dff0d9-06bd-4fc2-9276-59be31f6b87b','2023-09-24','2023-09-24',_binary '',21),(81,'24-09-2023T12:09:09PMclever_fox_sub_1.webp','https://firebasestorage.googleapis.com/v0/b/filtro-1aa65.appspot.com/o/coffee%2FClever%20Fox%20-%20Cold%20Drip%20%C4%90%E1%BA%ADm%20%C4%90%E1%BA%B7c%20x3%20-%20250ml%2F24-09-2023T12%3A09%3A09PMclever_fox_sub_1.webp?alt=media&token=7deb0d22-b8e6-4cee-9151-76275044f9ac','2023-09-24','2023-09-24',_binary '',21),(82,'24-09-2023T12:09:57PMclever_fox_sub_2.webp','https://firebasestorage.googleapis.com/v0/b/filtro-1aa65.appspot.com/o/coffee%2FClever%20Fox%20-%20Cold%20Drip%20%C4%90%E1%BA%ADm%20%C4%90%E1%BA%B7c%20x3%20-%20250ml%2F24-09-2023T12%3A09%3A57PMclever_fox_sub_2.webp?alt=media&token=e8f477bf-ab77-4982-831c-b252bdbd383d','2023-09-24','2023-09-24',_binary '',21),(83,'24-09-2023T12:09:11PMethi_fox.webp','https://firebasestorage.googleapis.com/v0/b/filtro-1aa65.appspot.com/o/coffee%2FEthiopian%20Fox%20-%20Cold%20Drip%20%C4%90%E1%BA%ADm%20%C4%90%E1%BA%B7c%20x3%20-%20250ml%2F24-09-2023T12%3A09%3A11PMethi_fox.webp?alt=media&token=39028e0b-c673-4406-bc3c-a0d25e7512b1','2023-09-24','2023-09-24',_binary '',22),(84,'24-09-2023T12:09:68PMethi_fox_sub_1.webp','https://firebasestorage.googleapis.com/v0/b/filtro-1aa65.appspot.com/o/coffee%2FEthiopian%20Fox%20-%20Cold%20Drip%20%C4%90%E1%BA%ADm%20%C4%90%E1%BA%B7c%20x3%20-%20250ml%2F24-09-2023T12%3A09%3A68PMethi_fox_sub_1.webp?alt=media&token=51d1e1eb-3dd2-473e-a475-0823445acfe6','2023-09-24','2023-09-24',_binary '',22),(85,'24-09-2023T12:09:76PMethi_fox_sub_2.webp','https://firebasestorage.googleapis.com/v0/b/filtro-1aa65.appspot.com/o/coffee%2FEthiopian%20Fox%20-%20Cold%20Drip%20%C4%90%E1%BA%ADm%20%C4%90%E1%BA%B7c%20x3%20-%20250ml%2F24-09-2023T12%3A09%3A76PMethi_fox_sub_2.webp?alt=media&token=f06f7abe-fc1b-4365-a336-46b63ce0ac0c','2023-09-24','2023-09-24',_binary '',22),(86,'24-09-2023T11:09:22AMspecail_fox.webp','https://firebasestorage.googleapis.com/v0/b/filtro-1aa65.appspot.com/o/coffee%2FSpecialty%20Fox%20-%20Cold%20Drip%20%C4%90%E1%BA%ADm%20%C4%90%E1%BA%B7c%20x3%20-%20250ml%2F24-09-2023T11%3A09%3A22AMspecail_fox.webp?alt=media&token=aa2e22af-6b6d-47e0-8981-22971b18ec38','2023-09-24',NULL,_binary '',23),(87,'24-09-2023T12:09:28PMtraditional_fox.webp','https://firebasestorage.googleapis.com/v0/b/filtro-1aa65.appspot.com/o/coffee%2FTradional%20Fox%20-%20Cold%20Drip%20%C4%90%E1%BA%ADm%20%C4%90%E1%BA%B7c%20x3%20-%20250ml%2F24-09-2023T12%3A09%3A28PMtraditional_fox.webp?alt=media&token=08807b6c-a773-40b7-9abf-512660770ff5','2023-09-24','2023-09-24',_binary '',24),(88,'24-09-2023T12:09:07PMtraditional_fox_sub_1.webp','https://firebasestorage.googleapis.com/v0/b/filtro-1aa65.appspot.com/o/coffee%2FTradional%20Fox%20-%20Cold%20Drip%20%C4%90%E1%BA%ADm%20%C4%90%E1%BA%B7c%20x3%20-%20250ml%2F24-09-2023T12%3A09%3A07PMtraditional_fox_sub_1.webp?alt=media&token=2186562b-b3db-43f9-8676-064378b5369c','2023-09-24','2023-09-24',_binary '',24),(89,'24-09-2023T12:09:31PMafrica_fox.webp','https://firebasestorage.googleapis.com/v0/b/filtro-1aa65.appspot.com/o/coffee%2FAfrica%20Cold%20Brew%20-%20250ml%2F24-09-2023T12%3A09%3A31PMafrica_fox.webp?alt=media&token=dd3ae0dd-4006-48a8-8d78-578c86f363c8','2023-09-24',NULL,_binary '',25),(90,'24-09-2023T12:09:08PMamericas_cold_brew.webp','https://firebasestorage.googleapis.com/v0/b/filtro-1aa65.appspot.com/o/coffee%2FAmericas%20Cold%20Brew%20-%20250ml%2F24-09-2023T12%3A09%3A08PMamericas_cold_brew.webp?alt=media&token=3fd05bc6-ce0b-406b-a427-c28d571ca584','2023-09-24',NULL,_binary '',26),(91,'24-09-2023T12:09:30PMasia_cold_brew.webp','https://firebasestorage.googleapis.com/v0/b/filtro-1aa65.appspot.com/o/coffee%2FAsia%20Cold%20Brew%20-%20250ml%2F24-09-2023T12%3A09%3A30PMasia_cold_brew.webp?alt=media&token=a95991f5-2674-4703-9fc3-35e712bf5f4a','2023-09-24',NULL,_binary '',27),(92,'24-09-2023T12:09:24PMgourmet.webp','https://firebasestorage.googleapis.com/v0/b/filtro-1aa65.appspot.com/o/coffee%2FGourmet%20Cold%20Brew%20-%20250ml%2F24-09-2023T12%3A09%3A24PMgourmet.webp?alt=media&token=1e3ec60a-bd4f-4e9c-a45f-f808931a3fa3','2023-09-24',NULL,_binary '',28),(93,'24-09-2023T12:09:30PMspecial_blends.webp','https://firebasestorage.googleapis.com/v0/b/filtro-1aa65.appspot.com/o/coffee%2FSpecial%20Blends%20Cold%20Brew%20-%20250ml%2F24-09-2023T12%3A09%3A30PMspecial_blends.webp?alt=media&token=f0cd90be-20d8-453c-afc6-e853b66e6dc9','2023-09-24',NULL,_binary '',29),(94,'24-09-2023T12:09:33PMtraditional_robusta.webp','https://firebasestorage.googleapis.com/v0/b/filtro-1aa65.appspot.com/o/coffee%2FTraditional%20Robusta%20Cold%20Brew%20-%20250ml%2F24-09-2023T12%3A09%3A33PMtraditional_robusta.webp?alt=media&token=fe31ff1e-cef7-4aad-87c2-b49d481fad4a','2023-09-24',NULL,_binary '',30),(95,'24-09-2023T12:09:88PMfine_robusta.webp','https://firebasestorage.googleapis.com/v0/b/filtro-1aa65.appspot.com/o/coffee%2FFine%20Robusta%20Anaerobic%20Pleiku%20Vi%E1%BB%87t%20Nam%20-%20C5%20Coffee%20Farm%20%26%20Roasters%2F24-09-2023T12%3A09%3A88PMfine_robusta.webp?alt=media&token=f7698e00-9f91-415d-8254-ff9ec591f881','2023-09-24','2023-09-24',_binary '',31),(96,'24-09-2023T12:09:56PMfine_robusta_sub_1.webp','https://firebasestorage.googleapis.com/v0/b/filtro-1aa65.appspot.com/o/coffee%2FFine%20Robusta%20Anaerobic%20Pleiku%20Vi%E1%BB%87t%20Nam%20-%20C5%20Coffee%20Farm%20%26%20Roasters%2F24-09-2023T12%3A09%3A56PMfine_robusta_sub_1.webp?alt=media&token=659c8468-7ad6-4adf-a933-b2cc037a5661','2023-09-24','2023-09-24',_binary '',31),(101,'30-09-2023T15:09:58PMthailand_coffee_hub.webp','https://firebasestorage.googleapis.com/v0/b/filtro-1aa65.appspot.com/o/coffee%2FFine%20Robusta%20Whisky%20Barrels%20Aged%2C%20The%20Limited%20Edition%20d%C3%A0nh%20cho%20s%E1%BB%B1%20ki%E1%BB%87n%20Thailand%20Coffee%20Hub%202023%2F30-09-2023T15%3A09%3A58PMthailand_coffee_hub.webp?alt=media&token=3a9e0675-5fb1-4642-81f8-9a34146a36d5','2023-09-30',NULL,_binary '',32),(102,'30-09-2023T15:09:21PMthailand_coffee_hub_sub_1.webp','https://firebasestorage.googleapis.com/v0/b/filtro-1aa65.appspot.com/o/coffee%2FFine%20Robusta%20Whisky%20Barrels%20Aged%2C%20The%20Limited%20Edition%20d%C3%A0nh%20cho%20s%E1%BB%B1%20ki%E1%BB%87n%20Thailand%20Coffee%20Hub%202023%2F30-09-2023T15%3A09%3A21PMthailand_coffee_hub_sub_1.webp?alt=media&token=2251cef0-84d0-40db-9846-b8daeb308513','2023-09-30',NULL,_binary '',32),(103,'30-09-2023T15:09:86PMthailand_coffee_hub_sub_3.webp','https://firebasestorage.googleapis.com/v0/b/filtro-1aa65.appspot.com/o/coffee%2FFine%20Robusta%20Whisky%20Barrels%20Aged%2C%20The%20Limited%20Edition%20d%C3%A0nh%20cho%20s%E1%BB%B1%20ki%E1%BB%87n%20Thailand%20Coffee%20Hub%202023%2F30-09-2023T15%3A09%3A86PMthailand_coffee_hub_sub_3.webp?alt=media&token=b66fc6d6-5fc0-491f-b909-b272d09030e7','2023-09-30',NULL,_binary '',32),(104,'30-09-2023T15:09:86PMthailand_coffee_hub_sub_2.webp','https://firebasestorage.googleapis.com/v0/b/filtro-1aa65.appspot.com/o/coffee%2FFine%20Robusta%20Whisky%20Barrels%20Aged%2C%20The%20Limited%20Edition%20d%C3%A0nh%20cho%20s%E1%BB%B1%20ki%E1%BB%87n%20Thailand%20Coffee%20Hub%202023%2F30-09-2023T15%3A09%3A86PMthailand_coffee_hub_sub_2.webp?alt=media&token=dff705a8-945e-433e-acde-2d7dfe33118b','2023-09-30',NULL,_binary '',32);
/*!40000 ALTER TABLE `product_image` ENABLE KEYS */;
UNLOCK TABLES;

--
-- Table structure for table `product_origin`
--

DROP TABLE IF EXISTS `product_origin`;
/*!40101 SET @saved_cs_client     = @@character_set_client */;
/*!50503 SET character_set_client = utf8mb4 */;
CREATE TABLE `product_origin` (
  `id` int NOT NULL AUTO_INCREMENT,
  `name` varchar(255) DEFAULT NULL,
  `continent` varchar(45) DEFAULT NULL,
  `description` varchar(45) DEFAULT NULL,
  `status` bit(1) DEFAULT NULL,
  PRIMARY KEY (`id`)
) ENGINE=InnoDB AUTO_INCREMENT=10 DEFAULT CHARSET=utf8mb4 COLLATE=utf8mb4_0900_ai_ci;
/*!40101 SET character_set_client = @saved_cs_client */;

--
-- Dumping data for table `product_origin`
--

LOCK TABLES `product_origin` WRITE;
/*!40000 ALTER TABLE `product_origin` DISABLE KEYS */;
INSERT INTO `product_origin` VALUES (1,'Brazil','Châu Mỹ','Xuất xứ từ Brazil',_binary ''),(2,'Colombia','Châu Mỹ','Xuất xứ từ Colombia',_binary ''),(3,'Kenya','Châu Phi','Xuất xứ từ Kenya',_binary ''),(5,'Việt Nam','Châu Á','Xuất xứ từ Việt Nam',_binary ''),(6,'Ethiopia','Châu Phi','Xuất xứ từ Ethiopia',_binary ''),(7,'Honduras','Châu Mỹ','Xuất xứ từ Honduras',_binary ''),(8,'Costa Rica','Châu Mỹ','Xuất xứ từ Costa Rica',_binary ''),(9,'Thái Lan','Châu Á','Xuát xứ từ Thái Lan',_binary '');
/*!40000 ALTER TABLE `product_origin` ENABLE KEYS */;
UNLOCK TABLES;

--
-- Table structure for table `review`
--

DROP TABLE IF EXISTS `review`;
/*!40101 SET @saved_cs_client     = @@character_set_client */;
/*!50503 SET character_set_client = utf8mb4 */;
CREATE TABLE `review` (
  `id` int NOT NULL AUTO_INCREMENT,
  `user_id` int DEFAULT NULL,
  `product_id` int DEFAULT NULL,
  `rating` int DEFAULT NULL,
  `comment` varchar(999) DEFAULT NULL,
  `created_at` datetime DEFAULT NULL,
  `parent_id` int DEFAULT NULL,
  PRIMARY KEY (`id`),
  KEY `FK_REVIEW_USER_idx` (`user_id`),
  KEY `FK_REVIEW_PRODUCT_idx` (`product_id`),
  CONSTRAINT `FK_REVIEW_PRODUCT` FOREIGN KEY (`product_id`) REFERENCES `product` (`id`) ON DELETE SET NULL ON UPDATE CASCADE,
  CONSTRAINT `FK_REVIEW_USER` FOREIGN KEY (`user_id`) REFERENCES `user` (`id`) ON DELETE SET NULL ON UPDATE CASCADE
) ENGINE=InnoDB AUTO_INCREMENT=97 DEFAULT CHARSET=utf8mb4 COLLATE=utf8mb4_0900_ai_ci;
/*!40101 SET character_set_client = @saved_cs_client */;

--
-- Dumping data for table `review`
--

LOCK TABLES `review` WRITE;
/*!40000 ALTER TABLE `review` DISABLE KEYS */;
INSERT INTO `review` VALUES (54,19,7,1,'X','2023-10-22 00:00:00',NULL),(55,19,7,1,'NGON QUA MA','2023-10-22 00:00:00',NULL),(56,19,7,1,'ASD','2023-10-22 00:00:00',NULL),(57,19,7,1,'XZXC','2023-10-22 00:00:00',56),(58,19,7,1,'VVVVV','2023-10-22 00:00:00',54),(59,44,32,5,'Ngon ấy chứ','2023-10-22 00:00:00',NULL),(60,44,32,1,'EDF','2023-10-23 00:00:00',59),(61,44,32,1,'KLDJSAKL','2023-10-23 00:00:00',59),(62,44,32,4,'BBD','2023-10-23 00:00:00',NULL),(63,44,32,1,'KKT','2023-10-23 00:00:00',62),(64,44,32,5,'5 stars','2023-10-23 00:00:00',NULL),(65,44,32,1,'THAILAND GO PRO','2023-10-23 15:48:43',NULL),(66,19,31,5,'A','2023-10-26 12:24:17',NULL),(67,19,18,1,'TT','2023-10-26 20:52:41',NULL),(68,19,18,5,'5 stars','2023-10-26 20:52:46',NULL),(69,21,31,1,'Abbvc','2023-11-21 21:18:02',NULL),(70,21,1,5,'Rất ngon 5 sao <3','2023-12-01 20:26:54',NULL),(71,21,1,1,'Chính xác!!!','2023-12-01 20:27:39',70),(72,19,1,5,'Thơm cực kì luôn á !!! 5 sao!!','2023-12-06 14:05:02',NULL),(75,19,1,1,'ALO ạ','2023-12-06 15:06:45',72),(76,19,1,1,'OK bạn ơi','2023-12-06 15:06:51',72),(77,44,1,3,'Cũng ổn, không như mong đợi','2023-12-06 21:25:42',NULL),(78,44,4,5,'Thơm mùi nho cực kì luôn !!','2023-12-09 13:54:13',NULL),(79,44,8,5,'Rất ngon, đáng mua','2023-12-09 14:09:09',NULL),(80,44,9,5,'Đậm chất Tây Nguyên Việt Nam !!!','2023-12-18 15:38:31',NULL),(81,21,9,4,'Không quá tệ','2023-12-18 15:58:25',NULL),(83,18,1,1,'Xin lỗi nhưng nó không hợp khẩu vị của tôi','2023-12-18 19:38:41',NULL),(95,18,10,5,'Mạnh','2023-12-18 20:19:59',NULL),(96,44,5,5,'Quá mạnh','2023-12-19 16:22:31',NULL);
/*!40000 ALTER TABLE `review` ENABLE KEYS */;
UNLOCK TABLES;

--
-- Table structure for table `sale`
--

DROP TABLE IF EXISTS `sale`;
/*!40101 SET @saved_cs_client     = @@character_set_client */;
/*!50503 SET character_set_client = utf8mb4 */;
CREATE TABLE `sale` (
  `id` int NOT NULL AUTO_INCREMENT,
  `name` varchar(255) DEFAULT NULL,
  `description` varchar(255) DEFAULT NULL,
  `start` date DEFAULT NULL,
  `end` date DEFAULT NULL,
  `discount` int DEFAULT NULL,
  `status` bit(1) DEFAULT NULL,
  PRIMARY KEY (`id`)
) ENGINE=InnoDB AUTO_INCREMENT=9 DEFAULT CHARSET=utf8mb4 COLLATE=utf8mb4_0900_ai_ci;
/*!40101 SET character_set_client = @saved_cs_client */;

--
-- Dumping data for table `sale`
--

LOCK TABLES `sale` WRITE;
/*!40000 ALTER TABLE `sale` DISABLE KEYS */;
INSERT INTO `sale` VALUES (1,'test','asdasd','2023-09-04','2023-09-30',15,_binary ''),(2,'avx','asdasdasdsdgds','2023-09-12','2023-09-30',1,_binary ''),(3,'vcl','zxc','2023-09-07','2023-09-20',4,_binary ''),(4,'TEST','zxcxzcxz','2023-08-15','2023-09-27',3,_binary ''),(5,'AVC','XXXXX','2023-09-22','2023-09-30',1,_binary ''),(7,'VVX','asdasdasd','2023-09-18','2023-09-30',5,_binary ''),(8,'xcvxcv','xcvxcvxv','2023-09-16','2023-09-30',12,_binary '');
/*!40000 ALTER TABLE `sale` ENABLE KEYS */;
UNLOCK TABLES;

--
-- Table structure for table `shipping_method`
--

DROP TABLE IF EXISTS `shipping_method`;
/*!40101 SET @saved_cs_client     = @@character_set_client */;
/*!50503 SET character_set_client = utf8mb4 */;
CREATE TABLE `shipping_method` (
  `id` int NOT NULL AUTO_INCREMENT,
  `name` varchar(999) DEFAULT NULL,
  `surcharge` int DEFAULT NULL,
  `duration` varchar(99) DEFAULT NULL,
  PRIMARY KEY (`id`)
) ENGINE=InnoDB AUTO_INCREMENT=4 DEFAULT CHARSET=utf8mb4 COLLATE=utf8mb4_0900_ai_ci;
/*!40101 SET character_set_client = @saved_cs_client */;

--
-- Dumping data for table `shipping_method`
--

LOCK TABLES `shipping_method` WRITE;
/*!40000 ALTER TABLE `shipping_method` DISABLE KEYS */;
INSERT INTO `shipping_method` VALUES (1,'Giao hàng tiết kiệm',10000,'cuối tuần'),(2,'Giao hàng chuẩn',20000,'3-5 ngày'),(3,'Giao hàng nhanh',30000,'1-2 ngày');
/*!40000 ALTER TABLE `shipping_method` ENABLE KEYS */;
UNLOCK TABLES;

--
-- Table structure for table `token`
--

DROP TABLE IF EXISTS `token`;
/*!40101 SET @saved_cs_client     = @@character_set_client */;
/*!50503 SET character_set_client = utf8mb4 */;
CREATE TABLE `token` (
  `id` int NOT NULL AUTO_INCREMENT,
  `token` varchar(999) DEFAULT NULL,
  `token_type` varchar(45) DEFAULT NULL,
  `expired` bit(1) DEFAULT NULL,
  `revoked` bit(1) DEFAULT NULL,
  `user_id` int DEFAULT NULL,
  PRIMARY KEY (`id`),
  KEY `user_token_idx` (`user_id`),
  CONSTRAINT `user_token` FOREIGN KEY (`user_id`) REFERENCES `user` (`id`) ON DELETE CASCADE ON UPDATE CASCADE
) ENGINE=InnoDB AUTO_INCREMENT=1167 DEFAULT CHARSET=utf8mb4 COLLATE=utf8mb4_0900_ai_ci;
/*!40101 SET character_set_client = @saved_cs_client */;

--
-- Dumping data for table `token`
--

LOCK TABLES `token` WRITE;
/*!40000 ALTER TABLE `token` DISABLE KEYS */;
INSERT INTO `token` VALUES (1132,'eyJhbGciOiJIUzI1NiJ9.eyJ1c2VybmFtZSI6ImFkbWluIiwicm9sZSI6WyJlbXBsb3llZTpjcmVhdGUiLCJhZG1pbjpjcmVhdGUiLCJlbXBsb3llZTpyZWFkIiwiYWRtaW46ZGVsZXRlIiwiYWRtaW46dXBkYXRlIiwiYWRtaW46cmVhZCIsImVtcGxveWVlOnVwZGF0ZSIsImVtcGxveWVlOmRlbGV0ZSIsIlJPTEVfQURNSU4iXSwic3ViIjoiYWRtaW4iLCJpYXQiOjE3MDI4ODU4ODIsImV4cCI6MTcwMjkyMTg4Mn0.dFRhTyMPI2z2VZM1IyVCOUcU4ufdjTjcgfWtpiXtkHY','BEARER',_binary '',_binary '',19),(1133,'eyJhbGciOiJIUzI1NiJ9.eyJyb2xlIjpbInVzZXI6Y3JlYXRlIiwidXNlcjpyZWFkIiwidXNlcjp1cGRhdGUiLCJ1c2VyOmRlbGV0ZSIsIlJPTEVfVVNFUiJdLCJ1c2VybmFtZSI6Im9kYWthIiwic3ViIjoib2Rha2EiLCJpYXQiOjE3MDI4ODgzODcsImV4cCI6MTcwMjkyNDM4N30.kwEBPcoJ9aoBYvXmUSLLjdYKlLFXUJLDg5un-DEI3_o','BEARER',_binary '',_binary '',44),(1134,'eyJhbGciOiJIUzI1NiJ9.eyJyb2xlIjpbInVzZXI6Y3JlYXRlIiwidXNlcjpyZWFkIiwidXNlcjp1cGRhdGUiLCJ1c2VyOmRlbGV0ZSIsIlJPTEVfVVNFUiJdLCJ1c2VybmFtZSI6InRlc3QxIiwic3ViIjoidGVzdDEiLCJpYXQiOjE3MDI4ODk4ODUsImV4cCI6MTcwMjkyNTg4NX0.9P8HO-iy8ZZiMZkSMGm3iSGe9p_9RSv6sctZkdXTfm4','BEARER',_binary '',_binary '',21),(1135,'eyJhbGciOiJIUzI1NiJ9.eyJyb2xlIjpbInVzZXI6Y3JlYXRlIiwidXNlcjpyZWFkIiwidXNlcjp1cGRhdGUiLCJ1c2VyOmRlbGV0ZSIsIlJPTEVfVVNFUiJdLCJ1c2VybmFtZSI6Im9ncCIsInN1YiI6Im9ncCIsImlhdCI6MTcwMjg5MDE0NiwiZXhwIjoxNzAyOTI2MTQ2fQ.j0qnCUt840oB_Me_jkZ4rqcE4xts-vxwZK7S9nwb5ik','BEARER',_binary '',_binary '',18),(1138,'eyJhbGciOiJIUzI1NiJ9.eyJyb2xlIjpbInVzZXI6ZGVsZXRlIiwidXNlcjpjcmVhdGUiLCJ1c2VyOnVwZGF0ZSIsInVzZXI6cmVhZCIsIlJPTEVfVVNFUiJdLCJ1c2VybmFtZSI6Im9ncCIsInN1YiI6Im9ncCIsImlhdCI6MTcwMjkwMzA0NiwiZXhwIjoxNzAyOTM5MDQ2fQ.tGu9PEle3CJ_W9sU-KLSirLxVI98moQtrdXe-yadzP4','BEARER',_binary '',_binary '',18),(1139,'eyJhbGciOiJIUzI1NiJ9.eyJ1c2VybmFtZSI6Im9ncCIsInJvbGUiOlsidXNlcjpkZWxldGUiLCJ1c2VyOnJlYWQiLCJ1c2VyOmNyZWF0ZSIsInVzZXI6dXBkYXRlIiwiUk9MRV9VU0VSIl0sInN1YiI6Im9ncCIsImlhdCI6MTcwMjk1MTc3NSwiZXhwIjoxNzAyOTg3Nzc1fQ.RFt31ES3dphpTmtSJTBW4E5ooA0KTvAYnlNLyxiGCj0','BEARER',_binary '',_binary '',18),(1140,'eyJhbGciOiJIUzI1NiJ9.eyJ1c2VybmFtZSI6InRlc3QxIiwicm9sZSI6WyJ1c2VyOmRlbGV0ZSIsInVzZXI6cmVhZCIsInVzZXI6Y3JlYXRlIiwidXNlcjp1cGRhdGUiLCJST0xFX1VTRVIiXSwic3ViIjoidGVzdDEiLCJpYXQiOjE3MDI5NTE5OTEsImV4cCI6MTcwMjk4Nzk5MX0.XGxs0aWhP8ilW48FhyW4ifm5YMtqIQlJbyVM8InGVZ0','BEARER',_binary '',_binary '',21),(1141,'eyJhbGciOiJIUzI1NiJ9.eyJ1c2VybmFtZSI6ImFkbWluIiwicm9sZSI6WyJlbXBsb3llZTp1cGRhdGUiLCJlbXBsb3llZTpjcmVhdGUiLCJhZG1pbjpkZWxldGUiLCJhZG1pbjp1cGRhdGUiLCJlbXBsb3llZTpyZWFkIiwiYWRtaW46Y3JlYXRlIiwiYWRtaW46cmVhZCIsImVtcGxveWVlOmRlbGV0ZSIsIlJPTEVfQURNSU4iXSwic3ViIjoiYWRtaW4iLCJpYXQiOjE3MDI5NTIyMzksImV4cCI6MTcwMjk4ODIzOX0.9gIt5q7t_XWx8TzqjtSiNOsVgg2dnZL_AXgoXd4VVgg','BEARER',_binary '',_binary '',19),(1142,'eyJhbGciOiJIUzI1NiJ9.eyJyb2xlIjpbImVtcGxveWVlOnVwZGF0ZSIsImVtcGxveWVlOmNyZWF0ZSIsImFkbWluOmRlbGV0ZSIsImFkbWluOnJlYWQiLCJhZG1pbjpjcmVhdGUiLCJlbXBsb3llZTpkZWxldGUiLCJlbXBsb3llZTpyZWFkIiwiYWRtaW46dXBkYXRlIiwiUk9MRV9BRE1JTiJdLCJ1c2VybmFtZSI6ImFkbWluIiwic3ViIjoiYWRtaW4iLCJpYXQiOjE3MDI5NTQzMTQsImV4cCI6MTcwMjk5MDMxNH0.E6U4Pf7xubnzmsdaA1DIaYee8Poh9PRlZYWZ8eTiv_c','BEARER',_binary '',_binary '',19),(1143,'eyJhbGciOiJIUzI1NiJ9.eyJyb2xlIjpbImVtcGxveWVlOnVwZGF0ZSIsImVtcGxveWVlOmNyZWF0ZSIsImFkbWluOmRlbGV0ZSIsImFkbWluOnJlYWQiLCJhZG1pbjpjcmVhdGUiLCJlbXBsb3llZTpkZWxldGUiLCJlbXBsb3llZTpyZWFkIiwiYWRtaW46dXBkYXRlIiwiUk9MRV9BRE1JTiJdLCJ1c2VybmFtZSI6ImFkbWluIiwic3ViIjoiYWRtaW4iLCJpYXQiOjE3MDI5NTcyMzUsImV4cCI6MTcwMjk5MzIzNX0.RSVmAPrhCDvZZ_kFNbfVmddeF37Xyfvc-tcbrjf5AJA','BEARER',_binary '',_binary '',19),(1144,'eyJhbGciOiJIUzI1NiJ9.eyJ1c2VybmFtZSI6ImFkbWluIiwicm9sZSI6WyJhZG1pbjp1cGRhdGUiLCJlbXBsb3llZTp1cGRhdGUiLCJlbXBsb3llZTpkZWxldGUiLCJhZG1pbjpyZWFkIiwiZW1wbG95ZWU6Y3JlYXRlIiwiYWRtaW46ZGVsZXRlIiwiYWRtaW46Y3JlYXRlIiwiZW1wbG95ZWU6cmVhZCIsIlJPTEVfQURNSU4iXSwic3ViIjoiYWRtaW4iLCJpYXQiOjE3MDI5NTgzMDksImV4cCI6MTcwMjk5NDMwOX0.OGf7kWahmwbN0aMjiTXgyWAsM3GgGZsAejVgOfJSADA','BEARER',_binary '',_binary '',19),(1145,'eyJhbGciOiJIUzI1NiJ9.eyJ1c2VybmFtZSI6ImFkbWluIiwicm9sZSI6WyJhZG1pbjp1cGRhdGUiLCJlbXBsb3llZTpyZWFkIiwiYWRtaW46Y3JlYXRlIiwiZW1wbG95ZWU6Y3JlYXRlIiwiYWRtaW46cmVhZCIsImVtcGxveWVlOnVwZGF0ZSIsImFkbWluOmRlbGV0ZSIsImVtcGxveWVlOmRlbGV0ZSIsIlJPTEVfQURNSU4iXSwic3ViIjoiYWRtaW4iLCJpYXQiOjE3MDI5NTg3MDQsImV4cCI6MTcwMjk5NDcwNH0.YmXDukFRxTJ2STschH9JRAx48EsbzMOJxVviRhKJI9U','BEARER',_binary '',_binary '',19),(1146,'eyJhbGciOiJIUzI1NiJ9.eyJyb2xlIjpbInVzZXI6dXBkYXRlIiwidXNlcjpyZWFkIiwidXNlcjpjcmVhdGUiLCJ1c2VyOmRlbGV0ZSIsIlJPTEVfVVNFUiJdLCJ1c2VybmFtZSI6Im9kYWthIiwic3ViIjoib2Rha2EiLCJpYXQiOjE3MDI5NzU4ODMsImV4cCI6MTcwMzAxMTg4M30.CaACyhGBZnM2cdkql_yBVZwQ6Ny1u0YjWI8KNqbWhdE','BEARER',_binary '',_binary '',44),(1147,'eyJhbGciOiJIUzI1NiJ9.eyJ1c2VybmFtZSI6Im9kYWthIiwicm9sZSI6WyJ1c2VyOnVwZGF0ZSIsInVzZXI6ZGVsZXRlIiwidXNlcjpjcmVhdGUiLCJ1c2VyOnJlYWQiLCJST0xFX1VTRVIiXSwic3ViIjoib2Rha2EiLCJpYXQiOjE3MDI5ODE5NTEsImV4cCI6MTcwMzAxNzk1MX0.T4w_7RW_Q0hkOBTmZwNrXI7_O6gvf_FoSIMcpe-03fM','BEARER',_binary '',_binary '',44),(1148,'eyJhbGciOiJIUzI1NiJ9.eyJ1c2VybmFtZSI6Im9kYWthIiwicm9sZSI6WyJ1c2VyOnVwZGF0ZSIsInVzZXI6ZGVsZXRlIiwidXNlcjpjcmVhdGUiLCJ1c2VyOnJlYWQiLCJST0xFX1VTRVIiXSwic3ViIjoib2Rha2EiLCJpYXQiOjE3MDI5ODIwNDcsImV4cCI6MTcwMzAxODA0N30.QBgaHlb0qj6ZCHeSGwMBuaT9JlASCfJ1Q_U4azFSXEw','BEARER',_binary '',_binary '',44),(1149,'eyJhbGciOiJIUzI1NiJ9.eyJ1c2VybmFtZSI6Im9kYWthIiwicm9sZSI6WyJ1c2VyOnVwZGF0ZSIsInVzZXI6ZGVsZXRlIiwidXNlcjpjcmVhdGUiLCJ1c2VyOnJlYWQiLCJST0xFX1VTRVIiXSwic3ViIjoib2Rha2EiLCJpYXQiOjE3MDI5ODIwNDcsImV4cCI6MTcwMzAxODA0N30.QBgaHlb0qj6ZCHeSGwMBuaT9JlASCfJ1Q_U4azFSXEw','BEARER',_binary '',_binary '',44),(1150,'eyJhbGciOiJIUzI1NiJ9.eyJyb2xlIjpbInVzZXI6ZGVsZXRlIiwidXNlcjp1cGRhdGUiLCJ1c2VyOmNyZWF0ZSIsInVzZXI6cmVhZCIsIlJPTEVfVVNFUiJdLCJ1c2VybmFtZSI6InRlc3QxIiwic3ViIjoidGVzdDEiLCJpYXQiOjE3MDI5ODIxMTYsImV4cCI6MTcwMzAxODExNn0.FlbwSfm6xMH49VXsEy4H3TONZCsZsRkMsiUbTT7Eo4M','BEARER',_binary '',_binary '',21),(1151,'eyJhbGciOiJIUzI1NiJ9.eyJyb2xlIjpbInVzZXI6ZGVsZXRlIiwidXNlcjp1cGRhdGUiLCJ1c2VyOmNyZWF0ZSIsInVzZXI6cmVhZCIsIlJPTEVfVVNFUiJdLCJ1c2VybmFtZSI6InRlc3QxIiwic3ViIjoidGVzdDEiLCJpYXQiOjE3MDI5ODIxMTYsImV4cCI6MTcwMzAxODExNn0.FlbwSfm6xMH49VXsEy4H3TONZCsZsRkMsiUbTT7Eo4M','BEARER',_binary '',_binary '',21),(1152,'eyJhbGciOiJIUzI1NiJ9.eyJyb2xlIjpbInVzZXI6ZGVsZXRlIiwidXNlcjpyZWFkIiwidXNlcjpjcmVhdGUiLCJ1c2VyOnVwZGF0ZSIsIlJPTEVfVVNFUiJdLCJ1c2VybmFtZSI6InRlc3QxIiwic3ViIjoidGVzdDEiLCJpYXQiOjE3MDI5ODIyNzgsImV4cCI6MTcwMzAxODI3OH0.B3086IzH7JBqCDLs1g9urMmrKqDwqQ880A6upHmpOhk','BEARER',_binary '',_binary '',21),(1153,'eyJhbGciOiJIUzI1NiJ9.eyJ1c2VybmFtZSI6ImFkbWluIiwicm9sZSI6WyJhZG1pbjp1cGRhdGUiLCJhZG1pbjpjcmVhdGUiLCJlbXBsb3llZTpjcmVhdGUiLCJlbXBsb3llZTpyZWFkIiwiYWRtaW46cmVhZCIsImFkbWluOmRlbGV0ZSIsImVtcGxveWVlOnVwZGF0ZSIsImVtcGxveWVlOmRlbGV0ZSIsIlJPTEVfQURNSU4iXSwic3ViIjoiYWRtaW4iLCJpYXQiOjE3MDI5ODMyNjAsImV4cCI6MTcwMzAxOTI2MH0.exeZ5ySb2q_LtzU3jvJQ1dNNQWLy-tBzSrGVWjECht4','BEARER',_binary '',_binary '',19),(1154,'eyJhbGciOiJIUzI1NiJ9.eyJ1c2VybmFtZSI6ImFkbWluIiwicm9sZSI6WyJhZG1pbjp1cGRhdGUiLCJhZG1pbjpjcmVhdGUiLCJlbXBsb3llZTpjcmVhdGUiLCJlbXBsb3llZTpyZWFkIiwiYWRtaW46cmVhZCIsImFkbWluOmRlbGV0ZSIsImVtcGxveWVlOnVwZGF0ZSIsImVtcGxveWVlOmRlbGV0ZSIsIlJPTEVfQURNSU4iXSwic3ViIjoiYWRtaW4iLCJpYXQiOjE3MDI5ODg3NjQsImV4cCI6MTcwMzAyNDc2NH0.MIgNSd6NVNiUZfXNwWqvkenuatpdGSNCyGYuT6yNYwA','BEARER',_binary '',_binary '',19),(1155,'eyJhbGciOiJIUzI1NiJ9.eyJ1c2VybmFtZSI6ImFkbWluIiwicm9sZSI6WyJhZG1pbjp1cGRhdGUiLCJhZG1pbjpyZWFkIiwiYWRtaW46Y3JlYXRlIiwiYWRtaW46ZGVsZXRlIiwiZW1wbG95ZWU6cmVhZCIsImVtcGxveWVlOmRlbGV0ZSIsImVtcGxveWVlOnVwZGF0ZSIsImVtcGxveWVlOmNyZWF0ZSIsIlJPTEVfQURNSU4iXSwic3ViIjoiYWRtaW4iLCJpYXQiOjE3MDI5OTM2MzYsImV4cCI6MTcwMzAyOTYzNn0.3U601_mc1nnCGJhTAoivrd1um7xfhDzMkAseCuqC0R4','BEARER',_binary '',_binary '',19),(1156,'eyJhbGciOiJIUzI1NiJ9.eyJ1c2VybmFtZSI6ImFkbWluIiwicm9sZSI6WyJhZG1pbjp1cGRhdGUiLCJhZG1pbjpyZWFkIiwiYWRtaW46Y3JlYXRlIiwiYWRtaW46ZGVsZXRlIiwiZW1wbG95ZWU6cmVhZCIsImVtcGxveWVlOmRlbGV0ZSIsImVtcGxveWVlOnVwZGF0ZSIsImVtcGxveWVlOmNyZWF0ZSIsIlJPTEVfQURNSU4iXSwic3ViIjoiYWRtaW4iLCJpYXQiOjE3MDI5OTM2MzksImV4cCI6MTcwMzAyOTYzOX0.DmUHJlYWSq_QrYG-ExyaVshrro-rNLkfIK21PgUv_ms','BEARER',_binary '',_binary '',19),(1157,'eyJhbGciOiJIUzI1NiJ9.eyJ1c2VybmFtZSI6ImFkbWluIiwicm9sZSI6WyJhZG1pbjp1cGRhdGUiLCJhZG1pbjpjcmVhdGUiLCJhZG1pbjpyZWFkIiwiZW1wbG95ZWU6dXBkYXRlIiwiZW1wbG95ZWU6ZGVsZXRlIiwiYWRtaW46ZGVsZXRlIiwiZW1wbG95ZWU6cmVhZCIsImVtcGxveWVlOmNyZWF0ZSIsIlJPTEVfQURNSU4iXSwic3ViIjoiYWRtaW4iLCJpYXQiOjE3MDI5OTQwMTQsImV4cCI6MTcwMzAzMDAxNH0.o9JmC8EPaMXLNjDVUgQlRbwqbL0AOXlvwiWS0jqTQDw','BEARER',_binary '',_binary '',19),(1158,'eyJhbGciOiJIUzI1NiJ9.eyJyb2xlIjpbInVzZXI6dXBkYXRlIiwidXNlcjpyZWFkIiwidXNlcjpjcmVhdGUiLCJ1c2VyOmRlbGV0ZSIsIlJPTEVfVVNFUiJdLCJ1c2VybmFtZSI6Im9kYWthIiwic3ViIjoib2Rha2EiLCJpYXQiOjE3MDI5OTQ5NDgsImV4cCI6MTcwMzAzMDk0OH0.BHbzIWwmYm5ZS5SYE_5bWhTldFTREhegYg9gOgErQi0','BEARER',_binary '',_binary '',44),(1159,'eyJhbGciOiJIUzI1NiJ9.eyJyb2xlIjpbInVzZXI6dXBkYXRlIiwidXNlcjpyZWFkIiwidXNlcjpjcmVhdGUiLCJ1c2VyOmRlbGV0ZSIsIlJPTEVfVVNFUiJdLCJ1c2VybmFtZSI6Im9kYWthIiwic3ViIjoib2Rha2EiLCJpYXQiOjE3MDI5OTQ5OTEsImV4cCI6MTcwMzAzMDk5MX0.w9V4TYh5mR8q_QAk_3TRqAlAsJHqJ1w3u4akcmBNDck','BEARER',_binary '',_binary '',44),(1160,'eyJhbGciOiJIUzI1NiJ9.eyJyb2xlIjpbImFkbWluOnJlYWQiLCJlbXBsb3llZTpjcmVhdGUiLCJhZG1pbjpkZWxldGUiLCJlbXBsb3llZTpyZWFkIiwiYWRtaW46dXBkYXRlIiwiZW1wbG95ZWU6ZGVsZXRlIiwiYWRtaW46Y3JlYXRlIiwiZW1wbG95ZWU6dXBkYXRlIiwiUk9MRV9BRE1JTiJdLCJ1c2VybmFtZSI6ImFkbWluIiwic3ViIjoiYWRtaW4iLCJpYXQiOjE3MDI5OTUwOTQsImV4cCI6MTcwMzAzMTA5NH0.H-_H2Gl6Hwm6JtczHeOfDf3zsC74gBbEGYc-nBe_zRw','BEARER',_binary '',_binary '',19),(1161,'eyJhbGciOiJIUzI1NiJ9.eyJyb2xlIjpbImFkbWluOnJlYWQiLCJlbXBsb3llZTpjcmVhdGUiLCJhZG1pbjpkZWxldGUiLCJlbXBsb3llZTpyZWFkIiwiYWRtaW46dXBkYXRlIiwiZW1wbG95ZWU6ZGVsZXRlIiwiYWRtaW46Y3JlYXRlIiwiZW1wbG95ZWU6dXBkYXRlIiwiUk9MRV9BRE1JTiJdLCJ1c2VybmFtZSI6ImFkbWluIiwic3ViIjoiYWRtaW4iLCJpYXQiOjE3MDI5OTUzNTMsImV4cCI6MTcwMzAzMTM1M30.js4BHoqTJpQtXiHw_M2JhtcjArFWYmI2D95L6scnfG8','BEARER',_binary '',_binary '',19),(1162,'eyJhbGciOiJIUzI1NiJ9.eyJyb2xlIjpbImFkbWluOnJlYWQiLCJlbXBsb3llZTpjcmVhdGUiLCJhZG1pbjpkZWxldGUiLCJlbXBsb3llZTpyZWFkIiwiYWRtaW46dXBkYXRlIiwiZW1wbG95ZWU6ZGVsZXRlIiwiYWRtaW46Y3JlYXRlIiwiZW1wbG95ZWU6dXBkYXRlIiwiUk9MRV9BRE1JTiJdLCJ1c2VybmFtZSI6ImFkbWluIiwic3ViIjoiYWRtaW4iLCJpYXQiOjE3MDI5OTU0NjUsImV4cCI6MTcwMzAzMTQ2NX0.kOwdOUjyfpyqaFlPOLgC2EY7qd796Rz-TTuhGsg0d_U','BEARER',_binary '',_binary '',19),(1163,'eyJhbGciOiJIUzI1NiJ9.eyJyb2xlIjpbInVzZXI6ZGVsZXRlIiwidXNlcjpjcmVhdGUiLCJ1c2VyOnJlYWQiLCJ1c2VyOnVwZGF0ZSIsIlJPTEVfVVNFUiJdLCJ1c2VybmFtZSI6Im9ncCIsInN1YiI6Im9ncCIsImlhdCI6MTcwMjk5NjgxNywiZXhwIjoxNzAzMDMyODE3fQ.6bvoEgN_EgRS9K74ertHrGhPV7PgtPLWZP96HuQsc8k','BEARER',_binary '',_binary '',18),(1164,'eyJhbGciOiJIUzI1NiJ9.eyJyb2xlIjpbInVzZXI6ZGVsZXRlIiwidXNlcjpjcmVhdGUiLCJ1c2VyOnJlYWQiLCJ1c2VyOnVwZGF0ZSIsIlJPTEVfVVNFUiJdLCJ1c2VybmFtZSI6Im9ncCIsInN1YiI6Im9ncCIsImlhdCI6MTcwMjk5Njg0MCwiZXhwIjoxNzAzMDMyODQwfQ.BtSRNelTbORd0e4lwdDcE9_quirCzPFgb3NLyDuFlpw','BEARER',_binary '',_binary '',18),(1165,'eyJhbGciOiJIUzI1NiJ9.eyJyb2xlIjpbInVzZXI6ZGVsZXRlIiwidXNlcjpjcmVhdGUiLCJ1c2VyOnJlYWQiLCJ1c2VyOnVwZGF0ZSIsIlJPTEVfVVNFUiJdLCJ1c2VybmFtZSI6Im9ncCIsInN1YiI6Im9ncCIsImlhdCI6MTcwMjk5Njg0MCwiZXhwIjoxNzAzMDMyODQwfQ.BtSRNelTbORd0e4lwdDcE9_quirCzPFgb3NLyDuFlpw','BEARER',_binary '',_binary '',18),(1166,'eyJhbGciOiJIUzI1NiJ9.eyJyb2xlIjpbInVzZXI6cmVhZCIsInVzZXI6dXBkYXRlIiwidXNlcjpkZWxldGUiLCJ1c2VyOmNyZWF0ZSIsIlJPTEVfVVNFUiJdLCJ1c2VybmFtZSI6Im9ncCIsInN1YiI6Im9ncCIsImlhdCI6MTcwMjk5Njk2MCwiZXhwIjoxNzAzMDMyOTYwfQ.qFmv2YbvPPZELcIIxz6EsF_oopchzNqNBmsE2pT9nvg','BEARER',_binary '',_binary '',18);
/*!40000 ALTER TABLE `token` ENABLE KEYS */;
UNLOCK TABLES;

--
-- Table structure for table `user`
--

DROP TABLE IF EXISTS `user`;
/*!40101 SET @saved_cs_client     = @@character_set_client */;
/*!50503 SET character_set_client = utf8mb4 */;
CREATE TABLE `user` (
  `id` int NOT NULL AUTO_INCREMENT,
  `firstname` varchar(255) DEFAULT NULL,
  `lastname` varchar(45) DEFAULT NULL,
  `username` varchar(45) DEFAULT NULL,
  `email` varchar(45) DEFAULT NULL,
  `password` varchar(255) DEFAULT NULL,
  `dob` date DEFAULT NULL,
  `address` varchar(255) DEFAULT NULL,
  `province` varchar(255) DEFAULT NULL,
  `district` varchar(255) DEFAULT NULL,
  `ward` varchar(255) DEFAULT NULL,
  `phone` varchar(45) DEFAULT NULL,
  `role` varchar(45) DEFAULT NULL,
  `created_date` datetime DEFAULT NULL,
  `updated_date` datetime DEFAULT NULL,
  `enabled` bit(1) DEFAULT NULL,
  PRIMARY KEY (`id`),
  UNIQUE KEY `email_UNIQUE` (`email`),
  UNIQUE KEY `username_UNIQUE` (`username`)
) ENGINE=InnoDB AUTO_INCREMENT=45 DEFAULT CHARSET=utf8mb4 COLLATE=utf8mb4_0900_ai_ci;
/*!40101 SET character_set_client = @saved_cs_client */;

--
-- Dumping data for table `user`
--

LOCK TABLES `user` WRITE;
/*!40000 ALTER TABLE `user` DISABLE KEYS */;
INSERT INTO `user` VALUES (18,'gia','phu','ogp','kingkong@gmail.com','$2a$10$O6pestverWK429CPNK67Au8KqCgluV6rfdKhTevhtWD3PCjJabhk6','1991-08-23','zxcxzfcz','Tỉnh Hải Dương','Huyện Ninh Giang','Xã Tân Hương','0123456789','USER','2023-12-19 21:25:53',NULL,_binary ''),(19,'gia','phu','admin','admin@gmail.com','$2a$10$s3Lo9bIrFP1JCVslepX3zOB10UCjjJChwe5bCm/onQULr/WFxHIdm','2000-07-03','abcdsa','Tỉnh Bình Thuận','Huyện Tuy Phong','Xã Phan Dũng','1234568780','ADMIN','2023-12-19 21:08:33',NULL,_binary ''),(20,'gia','phu','employee','management@gmail.com','$2a$10$4YYOvJ3wY5W4Q9DAfnUoZO4JS2xRxEeG8jgIR69VrrGKKDyLswuoS','2023-08-04','AAAAAAAASSS','Tỉnh Quảng Ngãi','Huyện Ba Tơ','Xã Ba Thành','1231232131','EMPLOYEE','2023-09-22 00:00:00',NULL,_binary ''),(21,'gia','phu','test1','test1@gmail.com','$2a$10$2LHaU5wglUdWbkJzcIkjF./GCVe.xmHFaPe6fXiispCl7LkMLAUia','2023-09-05',NULL,'Tỉnh Hoà Bình','Huyện Kim Bôi','Xã Tú Sơn',NULL,'USER','2023-09-22 00:00:00',NULL,_binary ''),(22,'gia','phu','test2','aa@gmail.com','$2a$10$ESyfyWSLyBWLu2IVn3Vw2u9wOWFZ/v0ncYUom9v2AEyWx0Y.67BlO','1992-11-04',NULL,NULL,NULL,NULL,NULL,'USER','2023-12-22 00:00:00',NULL,_binary ''),(23,'gia','phu','test3','@gmail.com','$2a$10$jULg2VIDaiIuEpjMScLl5.CLc2u6u7wAUW2PJ0uP7sRwvVCSdxk2i','1987-12-03',NULL,NULL,NULL,NULL,NULL,'USER','2023-11-22 00:00:00',NULL,_binary ''),(24,'t','t','t','t','$2a$10$6hCki6v/MK76.u6fbNJcv.jEPh6FARJdLkz2eLolXIeBMn6TyYA36','1978-11-03','DASDSAD',NULL,NULL,NULL,'12321321','EMPLOYEE','2023-12-22 00:00:00',NULL,_binary ''),(25,'x','x','x','x','$2a$10$TmjpXRl.LdXbUpy3dhD4Lu/lbJlkPGsV8wWMIgpAmZIvQjMAu9PV2',NULL,NULL,NULL,NULL,NULL,NULL,'EMPLOYEE','2023-12-22 00:00:00',NULL,_binary ''),(34,'v','v','v','v@gmail.com','$2a$10$yOVWd1I7qIyVRZ5uDTUUU.ZOuWxbbyIhjC6a5bEUqy0vyTvrk/uki','2023-09-10','zxc',NULL,NULL,NULL,'123435','EMPLOYEE','2023-12-22 00:00:00',NULL,_binary '\0'),(36,'tg','tg','tg','tg@gmail.com','$2a$10$2m3M.y6pqZU2Of9pJHnnK.IcrNcUZPSHwT/OBD7oVPeNBy7UkeZR2','2023-09-11','asdas',NULL,NULL,NULL,'12345613','USER','2023-12-22 00:00:00',NULL,_binary ''),(37,'gia','phu','ggg','12341@gmail.com','$2a$10$96htF8Ae6UfXcwcE9p5l5eCUEGvL/30cdFAeZVxK9jdcKkpyjs4uq','1996-12-29',NULL,NULL,NULL,NULL,NULL,'USER','2023-11-22 00:00:00',NULL,NULL),(38,'b','b','','b@gmail.com','$2a$10$O1sOh5UyDRW20Dgtm0g6oubiufXQh2uZ07I13IQCh8nnW3Uk9Oz/q','1973-03-16','zxc',NULL,NULL,NULL,'123345567','EMPLOYEE','2023-11-22 00:00:00',NULL,_binary ''),(39,'T','G','abc','GG@gmail.com','$2a$10$FG3JBLfbKixhHkIMse/ZR.v3nkhbN9QqORKC.e819F3xQBPhmFtzG','1996-06-07','zxcxz',NULL,NULL,NULL,'1231231','EMPLOYEE','2023-11-22 00:00:00',NULL,_binary ''),(40,'io','io','io','io@gmail.com','$2a$10$RJjFgL1yMIcwi7uyQK6Lm.j7krNEVlkQqHaDOc5UMi7EGH4ZFG0PC','2023-09-06','zxccvbs',NULL,NULL,NULL,'112312313','ADMIN','2023-11-21 00:00:00',NULL,_binary ''),(41,'adasd','cvbcbc','gogo','ssf@gmai.com','$2a$10$0xu9jXHZDCGqKFHV1jmlBeqiCW6CiZzUwzwSAxQJROpg9ZUWk8HIe','2023-09-15','zczxczxv','','','','123123214','USER','2023-11-22 00:00:00',NULL,_binary ''),(42,'xcvxcv','xvcxc','goku','gsdgs@gmail.com','$2a$10$Li.cp8Im/DMPIPxQ1MUyDe9LWL..4G142ONKOk.7hBR9JEzHrM3Ku','1993-10-07','fvxcvxcbxcb','Tỉnh Quảng Bình','Huyện Quảng Trạch','Xã Quảng Châu','1321312','USER','2023-11-22 00:00:00',NULL,_binary '\0'),(43,'Maine','Cais','mcp12','mcp@gmailc.com','$2a$10$pHiWBMA.ThXLJS12VKomTuGJF46/COa36wMxdYko0FfD9XZ3SXHZm',NULL,NULL,NULL,NULL,NULL,NULL,'USER','2023-11-22 00:00:00',NULL,NULL),(44,'NCT','Air','odaka','phutv1990@gmail.com','$2a$10$G1DH6omo70G6OYaWUY/KT.bEj9AIVcdtVkXGkZxzSEI7m10f5IbOq','2002-08-15','Quang Trung','Thành phố Hồ Chí Minh','Quận Gò Vấp','Phường 11','0772113120','USER','2023-12-19 21:11:19',NULL,_binary '');
/*!40000 ALTER TABLE `user` ENABLE KEYS */;
UNLOCK TABLES;

--
-- Table structure for table `vendor`
--

DROP TABLE IF EXISTS `vendor`;
/*!40101 SET @saved_cs_client     = @@character_set_client */;
/*!50503 SET character_set_client = utf8mb4 */;
CREATE TABLE `vendor` (
  `id` int NOT NULL AUTO_INCREMENT,
  `name` varchar(255) DEFAULT NULL,
  `description` varchar(255) DEFAULT NULL,
  `email` varchar(45) DEFAULT NULL,
  `address` varchar(255) DEFAULT NULL,
  `phone` varchar(45) DEFAULT NULL,
  `status` bit(1) DEFAULT NULL,
  PRIMARY KEY (`id`)
) ENGINE=InnoDB AUTO_INCREMENT=6 DEFAULT CHARSET=utf8mb4 COLLATE=utf8mb4_0900_ai_ci;
/*!40101 SET character_set_client = @saved_cs_client */;

--
-- Dumping data for table `vendor`
--

LOCK TABLES `vendor` WRITE;
/*!40000 ALTER TABLE `vendor` DISABLE KEYS */;
INSERT INTO `vendor` VALUES (1,'Khánh An Coffee','Nhà cung cấp cà phê Khánh An tại TPHCM','khanhancoffeecompany@gmail.com','886 Huỳnh Tấn Phát, Phường Tân Phú, Quận 7, Ho Chi Minh City, Vietnam','0362035414',_binary ''),(2,'Blagu Việt Nam','Siêu Thị Cà Phê Viêt Nam được viết tắc là Sieuthicafe.vn, trực thuộc Công Ty TNHH BLAGU Việt Nam có kinh nghiệm trong ngành cà phê và các loại thức uống liên quan đến cà phê từ nhiều vùng miền thế giới.','admin@sieuthicafe.vn','Địa chỉ văn phòng: 108 Trần Hưng Đạo, P. Phạm Ngũ Lão, Quận 1, Tp. Hồ Chí Minh','0869367069 ',_binary ''),(3,'Stupiducks','Nhà cung cấp các loại sản phẩm cà phê tại TPHCM','duckmartvn@gmail.com','số 8 Hoàng Hoa Thám, Phường 7, Quận Bình Thạnh, TPHCM','02866810182',_binary '');
/*!40000 ALTER TABLE `vendor` ENABLE KEYS */;
UNLOCK TABLES;

--
-- Table structure for table `wishlist`
--

DROP TABLE IF EXISTS `wishlist`;
/*!40101 SET @saved_cs_client     = @@character_set_client */;
/*!50503 SET character_set_client = utf8mb4 */;
CREATE TABLE `wishlist` (
  `id` int NOT NULL AUTO_INCREMENT,
  `user_id` int DEFAULT NULL,
  `created_at` datetime DEFAULT NULL,
  `updated_at` datetime DEFAULT NULL,
  `status` bit(1) DEFAULT NULL,
  PRIMARY KEY (`id`),
  KEY `FK_WL_User_idx` (`user_id`),
  CONSTRAINT `FK_WL_User` FOREIGN KEY (`user_id`) REFERENCES `user` (`id`) ON DELETE SET NULL ON UPDATE CASCADE
) ENGINE=InnoDB AUTO_INCREMENT=6 DEFAULT CHARSET=utf8mb4 COLLATE=utf8mb4_0900_ai_ci;
/*!40101 SET character_set_client = @saved_cs_client */;

--
-- Dumping data for table `wishlist`
--

LOCK TABLES `wishlist` WRITE;
/*!40000 ALTER TABLE `wishlist` DISABLE KEYS */;
INSERT INTO `wishlist` VALUES (1,21,'2023-11-06 13:27:41','2023-11-08 16:44:00',_binary ''),(2,20,'2023-11-07 11:38:47','2023-11-07 11:47:43',_binary ''),(3,18,'2023-11-12 14:18:15','2023-12-19 21:42:52',_binary ''),(4,19,'2023-11-19 22:59:00',NULL,_binary ''),(5,44,'2023-12-03 20:54:03',NULL,_binary '');
/*!40000 ALTER TABLE `wishlist` ENABLE KEYS */;
UNLOCK TABLES;

--
-- Table structure for table `wishlist_item`
--

DROP TABLE IF EXISTS `wishlist_item`;
/*!40101 SET @saved_cs_client     = @@character_set_client */;
/*!50503 SET character_set_client = utf8mb4 */;
CREATE TABLE `wishlist_item` (
  `id` int NOT NULL AUTO_INCREMENT,
  `wishlist_id` int DEFAULT NULL,
  `product_id` int DEFAULT NULL,
  `add_date` datetime DEFAULT NULL,
  PRIMARY KEY (`id`),
  KEY `FK_WLI_WL_idx` (`wishlist_id`),
  KEY `FK_WLI_PD_idx` (`product_id`),
  CONSTRAINT `FK_WLI_PD` FOREIGN KEY (`product_id`) REFERENCES `product` (`id`) ON DELETE SET NULL ON UPDATE CASCADE,
  CONSTRAINT `FK_WLI_WL` FOREIGN KEY (`wishlist_id`) REFERENCES `wishlist` (`id`)
) ENGINE=InnoDB AUTO_INCREMENT=68 DEFAULT CHARSET=utf8mb4 COLLATE=utf8mb4_0900_ai_ci;
/*!40101 SET character_set_client = @saved_cs_client */;

--
-- Dumping data for table `wishlist_item`
--

LOCK TABLES `wishlist_item` WRITE;
/*!40000 ALTER TABLE `wishlist_item` DISABLE KEYS */;
INSERT INTO `wishlist_item` VALUES (11,2,3,'2023-11-07 11:38:50'),(12,2,4,'2023-11-07 11:38:51'),(14,2,23,'2023-11-07 11:38:58'),(15,2,22,'2023-11-07 11:47:35'),(16,2,24,'2023-11-07 11:47:43'),(44,1,2,'2023-11-07 12:53:18'),(45,1,4,'2023-11-07 21:59:08'),(51,1,26,'2023-11-07 22:22:09'),(63,1,15,'2023-11-08 16:33:14');
/*!40000 ALTER TABLE `wishlist_item` ENABLE KEYS */;
UNLOCK TABLES;
/*!40103 SET TIME_ZONE=@OLD_TIME_ZONE */;

/*!40101 SET SQL_MODE=@OLD_SQL_MODE */;
/*!40014 SET FOREIGN_KEY_CHECKS=@OLD_FOREIGN_KEY_CHECKS */;
/*!40014 SET UNIQUE_CHECKS=@OLD_UNIQUE_CHECKS */;
/*!40101 SET CHARACTER_SET_CLIENT=@OLD_CHARACTER_SET_CLIENT */;
/*!40101 SET CHARACTER_SET_RESULTS=@OLD_CHARACTER_SET_RESULTS */;
/*!40101 SET COLLATION_CONNECTION=@OLD_COLLATION_CONNECTION */;
/*!40111 SET SQL_NOTES=@OLD_SQL_NOTES */;

-- Dump completed on 2023-12-19 21:48:08
